timestamp,motor_id,position,velocity,torque
1784159145.214671,1,-0.165091,0.000000,0.000000
1784159145.224586,1,-0.164970,0.015509,0.003906
1784159145.234582,1,-0.164788,-0.034896,0.019531
1784159145.244585,1,-0.164425,0.031019,0.027344
1784159145.254575,1,-0.164001,0.015509,0.039062
1784159145.264585,1,-0.163364,0.100812,0.050781
1784159145.274556,1,-0.162244,0.143463,0.070312
1784159145.284590,1,-0.160699,0.135708,0.058594
1784159145.294587,1,-0.159517,-0.023264,0.085938
1784159145.304558,1,-0.159305,0.000000,0.093750
1784159145.314559,1,-0.159093,0.019387,0.121094
1784159145.324579,1,-0.158124,0.104689,0.121094
1784159145.334559,1,-0.155973,0.178359,0.125000
1784159145.344558,1,-0.153762,0.139585,0.125000
1784159145.354572,1,-0.151975,0.069793,0.148438
1784159145.364557,1,-0.151127,0.011632,0.152344
1784159145.374557,1,-0.150309,0.038774,0.171875
1784159145.384557,1,-0.148309,0.236520,0.175781
1784159145.394558,1,-0.146734,0.054283,0.191406
1784159145.404555,1,-0.146159,-0.015509,0.203125
1784159145.414557,1,-0.145250,0.120198,0.207031
1784159145.424559,1,-0.143675,0.131831,0.218750
1784159145.434560,1,-0.142039,0.193868,0.234375
1784159145.444558,1,-0.140282,0.073670,0.250000
1784159145.454572,1,-0.139373,-0.046528,0.257812
1784159145.464562,1,-0.139101,0.000000,0.265625
1784159145.474559,1,-0.137828,0.166727,0.269531
1784159145.484560,1,-0.135132,0.271416,0.269531
1784159145.494558,1,-0.131649,0.356718,0.289062
1784159145.504562,1,-0.128044,0.325699,0.281250
1784159145.514618,1,-0.124136,0.383860,0.285156
1784159145.524637,1,-0.120047,0.333454,0.285156
1784159145.534677,1,-0.116836,0.209378,0.304688
1784159145.544647,1,-0.114292,0.286925,0.304688
1784159145.554542,1,-0.112111,0.209378,0.316406
1784159145.564541,1,-0.110444,0.178359,0.328125
1784159145.574540,1,-0.108385,0.143463,0.335938
1784159145.584543,1,-0.105689,0.302435,0.335938
1784159145.594541,1,-0.102054,0.434265,0.328125
1784159145.604540,1,-0.097449,0.496303,0.332031
1784159145.614541,1,-0.092724,0.442020,0.351562
1784159145.624540,1,-0.088907,0.395492,0.351562
1784159145.634541,1,-0.085181,0.345086,0.339844
1784159145.644541,1,-0.080516,0.476916,0.335938
1784159145.654547,1,-0.074064,0.651398,0.332031
1784159145.664543,1,-0.066794,0.771597,0.335938
1784159145.674541,1,-0.060281,0.585483,0.339844
1784159145.684544,1,-0.054011,0.670785,0.328125
1784159145.694541,1,-0.046347,0.810370,0.316406
1784159145.704554,1,-0.037562,0.872408,0.304688
1784159145.714539,1,-0.028838,0.783229,0.312500
1784159145.724542,1,-0.021204,0.694049,0.312500
1784159145.734543,1,-0.014419,0.705681,0.296875
1784159145.744542,1,-0.007179,0.814248,0.281250
1784159145.754543,1,0.000666,0.756087,0.281250
1784159145.764541,1,0.008149,0.694049,0.265625
1784159145.774543,1,0.016630,0.853021,0.253906
1784159145.784543,1,0.026081,0.829757,0.257812
1784159145.794546,1,0.034200,0.740578,0.253906
1784159145.804543,1,0.041500,0.639766,0.250000
1784159145.814542,1,0.048164,0.612624,0.238281
1784159145.824544,1,0.053586,0.465284,0.238281
1784159145.834543,1,0.058736,0.562219,0.238281
1784159145.844522,1,0.065643,0.787106,0.230469
1784159145.854520,1,0.073791,0.721191,0.230469
1784159145.864522,1,0.080153,0.515690,0.234375
1784159145.874522,1,0.084302,0.345086,0.238281
1784159145.884526,1,0.089028,0.515690,0.234375
1784159145.894522,1,0.095389,0.678540,0.230469
1784159145.904523,1,0.101781,0.531200,0.234375
1784159145.914528,1,0.106719,0.500181,0.234375
1784159145.924525,1,0.110444,0.333454,0.234375
1784159145.934522,1,0.115200,0.566096,0.222656
1784159145.944523,1,0.121047,0.554464,0.234375
1784159145.954522,1,0.127590,0.647521,0.230469
1784159145.964521,1,0.133557,0.589360,0.222656
1784159145.974521,1,0.139131,0.538954,0.218750
1784159145.984524,1,0.144796,0.554464,0.222656
1784159145.994523,1,0.151429,0.790983,0.203125
1784159146.004523,1,0.159154,0.740578,0.203125
1784159146.014523,1,0.166454,0.639766,0.207031
1784159146.024525,1,0.172149,0.504058,0.214844
1784159146.034523,1,0.177632,0.573851,0.199219
1784159146.044647,1,0.185175,0.790983,0.191406
1784159146.055529,1,0.193656,0.670785,0.183594
1784159146.064533,1,0.199685,0.632011,0.191406
1784159146.074530,1,0.206682,0.686294,0.183594
1784159146.084533,1,0.214800,0.759964,0.175781
1784159146.094530,1,0.221737,0.511813,0.171875
1784159146.104530,1,0.227765,0.550587,0.167969
1784159146.114532,1,0.234611,0.670785,0.156250
1784159146.124510,1,0.241487,0.678540,0.156250
1784159146.134509,1,0.247273,0.484671,0.167969
1784159146.144515,1,0.252635,0.531200,0.156250
1784159146.154510,1,0.259148,0.682417,0.148438
1784159146.164510,1,0.266175,0.635889,0.148438
1784159146.174513,1,0.271961,0.484671,0.152344
1784159146.184513,1,0.276505,0.379982,0.156250
1784159146.194517,1,0.281140,0.473039,0.148438
1784159146.204512,1,0.286713,0.488549,0.152344
1784159146.214511,1,0.292893,0.635889,0.148438
1784159146.224510,1,0.299194,0.589360,0.148438
1784159146.234511,1,0.305161,0.523445,0.148438
1784159146.244513,1,0.310190,0.469162,0.164062
1784159146.254513,1,0.315097,0.507935,0.148438
1784159146.264530,1,0.321246,0.585483,0.136719
1784159146.274512,1,0.327819,0.620379,0.140625
1784159146.284511,1,0.333302,0.473039,0.148438
1784159146.294512,1,0.337846,0.465284,0.136719
1784159146.304534,1,0.343511,0.663030,0.125000
1784159146.314503,1,0.351144,0.779351,0.121094
1784159146.324552,1,0.358778,0.566096,0.125000
1784159146.334513,1,0.364382,0.562219,0.132812
1784159146.344561,1,0.369471,0.492426,0.121094
1784159146.354584,1,0.375923,0.682417,0.121094
1784159146.364497,1,0.381981,0.515690,0.125000
1784159146.374502,1,0.386919,0.391614,0.125000
1784159146.384511,1,0.391705,0.550587,0.121094
1784159146.394485,1,0.398006,0.752210,0.109375
1784159146.404705,1,0.405700,0.666908,0.117188
1784159146.414615,1,0.411849,0.480794,0.121094
1784159146.424558,1,0.416060,0.290803,0.125000
1784159146.434487,1,0.420028,0.461407,0.121094
1784159146.444485,1,0.425238,0.566096,0.121094
1784159146.455488,1,0.431630,0.577728,0.109375
1784159146.464489,1,0.436022,0.434265,0.132812
1784159146.474488,1,0.439991,0.298557,0.136719
1784159146.484488,1,0.443595,0.329576,0.125000
1784159146.494486,1,0.448018,0.430388,0.125000
1784159146.504493,1,0.453137,0.476916,0.125000
1784159146.514493,1,0.458348,0.538954,0.125000
1784159146.524490,1,0.462770,0.372227,0.136719
1784159146.534487,1,0.466950,0.376105,0.148438
1784159146.544489,1,0.470676,0.383860,0.136719
1784159146.554487,1,0.474796,0.426511,0.140625
1784159146.564492,1,0.479340,0.418756,0.148438
1784159146.574489,1,0.484641,0.566096,0.136719
1784159146.584488,1,0.490245,0.577728,0.136719
1784159146.594492,1,0.495425,0.422633,0.152344
1784159146.604489,1,0.499363,0.286925,0.152344
1784159146.614489,1,0.502846,0.286925,0.156250
1784159146.624487,1,0.506996,0.453652,0.164062
1784159146.634488,1,0.512722,0.593238,0.140625
1784159146.644489,1,0.519083,0.612624,0.148438
1784159146.654489,1,0.523930,0.364473,0.156250
1784159146.664495,1,0.527050,0.259784,0.167969
1784159146.674471,1,0.530776,0.387737,0.164062
1784159146.684474,1,0.536077,0.616502,0.148438
1784159146.694473,1,0.542862,0.697927,0.148438
1784159146.704471,1,0.548739,0.430388,0.152344
1784159146.714474,1,0.553040,0.383860,0.164062
1784159146.724474,1,0.557220,0.403246,0.156250
1784159146.734473,1,0.562522,0.639766,0.152344
1784159146.744474,1,0.569155,0.651398,0.156250
1784159146.754481,1,0.574881,0.554464,0.148438
1784159146.764473,1,0.579879,0.457530,0.152344
1784159146.774476,1,0.585059,0.616502,0.152344
1784159146.784475,1,0.591602,0.736700,0.140625
1784159146.794475,1,0.598993,0.678540,0.132812
1784159146.804475,1,0.605839,0.507935,0.140625
1784159146.814472,1,0.611867,0.554464,0.136719
1784159146.824476,1,0.617774,0.554464,0.132812
1784159146.834473,1,0.624347,0.628134,0.132812
1784159146.844473,1,0.631103,0.663030,0.125000
1784159146.854472,1,0.637494,0.608747,0.121094
1784159146.864604,1,0.643462,0.538954,0.117188
1784159146.875479,1,0.649884,0.566096,0.109375
1784159146.884469,1,0.655397,0.635889,0.121094
1784159146.894477,1,0.660879,0.496303,0.125000
1784159146.904460,1,0.665211,0.399369,0.121094
1784159146.914485,1,0.669937,0.461407,0.109375
1784159146.924459,1,0.676268,0.732823,0.105469
1784159146.934460,1,0.684083,0.790983,0.105469
1784159146.944459,1,0.691232,0.593238,0.109375
1784159146.954462,1,0.697200,0.538954,0.105469
1784159146.964462,1,0.702955,0.600992,0.101562
1784159146.974461,1,0.709407,0.593238,0.101562
1784159146.984460,1,0.715344,0.476916,0.101562
1784159146.994457,1,0.720433,0.469162,0.101562
1784159147.004454,1,0.726037,0.616502,0.093750
1784159147.014454,1,0.732944,0.604870,0.089844
1784159147.024454,1,0.739457,0.504058,0.089844
1784159147.034453,1,0.744909,0.469162,0.089844
1784159147.044456,1,0.749908,0.566096,0.085938
1784159147.054453,1,0.755663,0.604870,0.085938
1784159147.064453,1,0.762267,0.616502,0.074219
1784159147.074457,1,0.768749,0.651398,0.085938
1784159147.084456,1,0.775413,0.740578,0.074219
1784159147.094454,1,0.782471,0.705681,0.070312
1784159147.104453,1,0.789832,0.728945,0.066406
1784159147.114455,1,0.797163,0.767719,0.058594
1784159147.124455,1,0.803403,0.496303,0.058594
1784159147.134454,1,0.808795,0.414879,0.066406
1784159147.144456,1,0.813581,0.492426,0.058594
1784159147.154455,1,0.819155,0.562219,0.054688
1784159147.164453,1,0.825334,0.581605,0.054688
1784159147.174460,1,0.830211,0.360595,0.066406
1784159147.184456,1,0.833937,0.267539,0.074219
1784159147.194456,1,0.837421,0.379982,0.070312
1784159147.204453,1,0.842207,0.469162,0.058594
1784159147.214433,1,0.847690,0.504058,0.070312
1784159147.224433,1,0.852325,0.348963,0.085938
1784159147.234434,1,0.854384,0.085302,0.085938
1784159147.244434,1,0.856081,0.174482,0.089844
1784159147.254434,1,0.858292,0.290803,0.101562
1784159147.264434,1,0.862745,0.573851,0.089844
1784159147.274435,1,0.868773,0.678540,0.089844
1784159147.284435,1,0.875013,0.600992,0.093750
1784159147.294438,1,0.880011,0.356718,0.105469
1784159147.304438,1,0.882526,0.236520,0.109375
1784159147.314438,1,0.884828,0.232642,0.117188
1784159147.324435,1,0.888281,0.411001,0.105469
1784159147.334438,1,0.894218,0.736700,0.101562
1784159147.344435,1,0.901125,0.616502,0.109375
1784159147.354527,1,0.906547,0.434265,0.109375
1784159147.365443,1,0.909758,0.197746,0.121094
1784159147.375443,1,0.911969,0.240397,0.121094
1784159147.385442,1,0.915604,0.442020,0.125000
1784159147.394443,1,0.920269,0.519568,0.121094
1784159147.404445,1,0.926661,0.697927,0.109375
1784159147.414444,1,0.932083,0.469162,0.125000
1784159147.424442,1,0.936506,0.306312,0.132812
1784159147.434443,1,0.939687,0.263661,0.136719
1784159147.444443,1,0.943413,0.368350,0.136719
1784159147.454444,1,0.947260,0.411001,0.148438
1784159147.464435,1,0.951228,0.407124,0.140625
1784159147.474442,1,0.955348,0.403246,0.148438
1784159147.484426,1,0.958861,0.294680,0.152344
1784159147.494422,1,0.962072,0.298557,0.156250
1784159147.504422,1,0.964829,0.221010,0.164062
1784159147.514424,1,0.967919,0.255906,0.167969
1784159147.524424,1,0.971887,0.399369,0.171875
1784159147.534423,1,0.976582,0.527322,0.164062
1784159147.544422,1,0.982368,0.558341,0.167969
1784159147.554423,1,0.987669,0.519568,0.175781
1784159147.564424,1,0.991546,0.286925,0.183594
1784159147.574425,1,0.994515,0.317944,0.187500
1784159147.584424,1,0.997847,0.329576,0.175781
1784159147.595422,1,1.003179,0.523445,0.171875
1784159147.604524,1,1.009934,0.763842,0.175781
1784159147.615426,1,1.018355,0.705681,0.183594
1784159147.625425,1,1.024110,0.566096,0.171875
1784159147.635425,1,1.028169,0.368350,0.175781
1784159147.645424,1,1.032441,0.504058,0.164062
1784159147.655423,1,1.038438,0.589360,0.171875
1784159147.665426,1,1.044224,0.600992,0.164062
1784159147.675426,1,1.049101,0.438143,0.183594
1784159147.685427,1,1.054523,0.531200,0.164062
1784159147.695424,1,1.061521,0.783229,0.152344
1784159147.704426,1,1.068458,0.721191,0.156250
1784159147.715426,1,1.076031,0.600992,0.156250
1784159147.725423,1,1.081241,0.457530,0.164062
1784159147.735424,1,1.085936,0.430388,0.164062
1784159147.745425,1,1.090631,0.414879,0.164062
1784159147.755425,1,1.094539,0.403246,0.171875
1784159147.765404,1,1.099234,0.453652,0.167969
1784159147.775405,1,1.104445,0.461407,0.167969
1784159147.785404,1,1.110685,0.608747,0.156250
1784159147.795408,1,1.117712,0.713436,0.148438
1784159147.805407,1,1.125558,0.756087,0.140625
1784159147.815405,1,1.133010,0.581605,0.148438
1784159147.825407,1,1.138856,0.600992,0.140625
1784159147.835407,1,1.144612,0.519568,0.140625
1784159147.845402,1,1.150670,0.511813,0.136719
1784159147.855406,1,1.157274,0.612624,0.136719
1784159147.865405,1,1.163605,0.538954,0.132812
1784159147.875406,1,1.169481,0.663030,0.125000
1784159147.885407,1,1.176570,0.639766,0.125000
1784159147.895404,1,1.182780,0.531200,0.121094
1784159147.905404,1,1.187747,0.376105,0.125000
1784159147.915407,1,1.192382,0.480794,0.132812
1784159147.925407,1,1.197168,0.507935,0.121094
1784159147.935408,1,1.203742,0.697927,0.117188
1784159147.945408,1,1.209861,0.581605,0.121094
1784159147.955410,1,1.214253,0.403246,0.132812
1784159147.965408,1,1.218009,0.403246,0.125000
1784159147.975407,1,1.222644,0.550587,0.125000
1784159147.985408,1,1.228278,0.585483,0.125000
1784159147.995410,1,1.233731,0.515690,0.132812
1784159148.005408,1,1.237850,0.302435,0.148438
1784159148.015406,1,1.241001,0.267539,0.132812
1784159148.025386,1,1.245181,0.445898,0.132812
1784159148.035387,1,1.251300,0.632011,0.132812
1784159148.045389,1,1.258540,0.725068,0.121094
1784159148.055387,1,1.265537,0.697927,0.125000
1784159148.065379,1,1.271444,0.523445,0.125000
1784159148.075388,1,1.277442,0.581605,0.125000
1784159148.085387,1,1.283319,0.639766,0.117188
1784159148.095390,1,1.288983,0.546709,0.109375
1784159148.105389,1,1.294405,0.473039,0.125000
1784159148.115412,1,1.298889,0.356718,0.125000
1784159148.125389,1,1.302917,0.430388,0.132812
1784159148.135388,1,1.307219,0.414879,0.132812
1784159148.145389,1,1.312762,0.597115,0.125000
1784159148.155392,1,1.318881,0.608747,0.125000
1784159148.165390,1,1.324515,0.445898,0.132812
1784159148.175392,1,1.328817,0.352841,0.125000
1784159148.185387,1,1.332937,0.403246,0.125000
1784159148.195390,1,1.338147,0.542832,0.121094
1784159148.205391,1,1.344478,0.608747,0.121094
1784159148.215380,1,1.350870,0.597115,0.125000
1784159148.225391,1,1.356231,0.488549,0.121094
1784159148.235393,1,1.361623,0.546709,0.109375
1784159148.245389,1,1.367773,0.632011,0.121094
1784159148.255389,1,1.373255,0.515690,0.132812
1784159148.265390,1,1.377738,0.310190,0.125000
1784159148.275371,1,1.381343,0.279171,0.132812
1784159148.285376,1,1.385948,0.515690,0.117188
1784159148.295388,1,1.392642,0.748332,0.109375
1784159148.305390,1,1.400306,0.771597,0.105469
1784159148.315377,1,1.407515,0.678540,0.109375
1784159148.325370,1,1.414331,0.690172,0.105469
1784159148.335369,1,1.420753,0.523445,0.117188
1784159148.345371,1,1.426236,0.430388,0.105469
1784159148.355375,1,1.431204,0.438143,0.105469
1784159148.365375,1,1.435748,0.461407,0.109375
1784159148.375370,1,1.440867,0.519568,0.105469
1784159148.385371,1,1.446986,0.620379,0.089844
1784159148.395370,1,1.454074,0.736700,0.089844
1784159148.405367,1,1.461344,0.624257,0.101562
1784159148.415371,1,1.467857,0.608747,0.089844
1784159148.425372,1,1.474037,0.632011,0.085938
1784159148.435374,1,1.480610,0.620379,0.082031
1784159148.445370,1,1.486911,0.620379,0.085938
1784159148.455369,1,1.492151,0.403246,0.082031
1784159148.465376,1,1.497573,0.500181,0.082031
1784159148.475371,1,1.503662,0.562219,0.074219
1784159148.485371,1,1.510841,0.628134,0.074219
1784159148.495370,1,1.517354,0.566096,0.070312
1784159148.505378,1,1.522897,0.507935,0.070312
1784159148.515375,1,1.528623,0.566096,0.058594
1784159148.525371,1,1.536105,0.748332,0.054688
1784159148.535375,1,1.543981,0.651398,0.042969
1784159148.545353,1,1.551220,0.643643,0.050781
1784159148.555355,1,1.558400,0.663030,0.050781
1784159148.565372,1,1.565155,0.651398,0.035156
1784159148.575354,1,1.571122,0.535077,0.039062
1784159148.585354,1,1.576333,0.488549,0.035156
1784159148.595356,1,1.582724,0.663030,0.035156
1784159148.605352,1,1.590358,0.756087,0.023438
1784159148.615356,1,1.597809,0.721191,0.019531
1784159148.625354,1,1.604565,0.589360,0.023438
1784159148.635352,1,1.610593,0.535077,0.019531
1784159148.645355,1,1.617196,0.643643,0.003906
1784159148.655349,1,1.623770,0.690172,0.007812
1784159148.665353,1,1.629556,0.473039,0.011719
1784159148.675353,1,1.634766,0.480794,0.007812
1784159148.685355,1,1.640309,0.663030,0.003906
1784159148.695342,1,1.646549,0.647521,0.003906
1784159148.705355,1,1.652911,0.542832,0.007812
1784159148.715368,1,1.658484,0.566096,0.003906
1784159148.725356,1,1.663998,0.535077,0.003906
1784159148.735354,1,1.670874,0.752210,-0.011719
1784159148.745356,1,1.678962,0.825880,-0.007812
1784159148.755358,1,1.686232,0.678540,-0.007812
1784159148.765355,1,1.693381,0.682417,-0.023438
1784159148.775355,1,1.700378,0.659153,-0.011719
1784159148.785358,1,1.706406,0.531200,-0.023438
1784159148.795355,1,1.711192,0.442020,-0.011719
1784159148.805357,1,1.715645,0.438143,-0.035156
1784159148.815357,1,1.721189,0.600992,-0.050781
1784159148.825336,1,1.727308,0.496303,-0.058594
1784159148.835356,1,1.731579,0.302435,-0.066406
1784159148.845335,1,1.734457,0.259784,-0.070312
1784159148.855333,1,1.735941,0.077547,-0.082031
1784159148.865336,1,1.737849,0.286925,-0.089844
1784159148.875337,1,1.740848,0.333454,-0.093750
1784159148.885333,1,1.744241,0.259784,-0.101562
1784159148.895338,1,1.747331,0.271416,-0.105469
1784159148.905334,1,1.749875,0.248152,-0.121094
1784159148.915335,1,1.752450,0.186114,-0.121094
1784159148.925335,1,1.754692,0.104689,-0.125000
1784159148.935335,1,1.755934,0.096934,-0.125000
1784159148.945335,1,1.757115,0.069793,-0.125000
1784159148.955339,1,1.757842,0.054283,-0.136719
1784159148.965336,1,1.757963,-0.042651,-0.125000
1784159148.975339,1,1.758145,0.031019,-0.132812
1784159148.985336,1,1.758115,0.007755,-0.136719
1784159148.995335,1,1.758115,0.027142,-0.132812
1784159149.005336,1,1.758084,-0.042651,-0.132812
1784159149.015337,1,1.758054,-0.050406,-0.132812
1784159149.025399,1,1.758054,-0.038774,-0.125000
1784159149.035334,1,1.758024,-0.038774,-0.132812
1784159149.045336,1,1.757933,-0.062038,-0.125000
1784159149.055338,1,1.757751,0.007755,-0.125000
1784159149.065339,1,1.757600,-0.015509,-0.132812
1784159149.075336,1,1.757388,-0.073670,-0.125000
1784159149.085320,1,1.757145,-0.069793,-0.125000
1784159149.095337,1,1.756721,-0.085302,-0.132812
1784159149.105317,1,1.755964,-0.104689,-0.117188
1784159149.115337,1,1.754510,-0.166727,-0.117188
1784159149.125318,1,1.753298,-0.085302,-0.117188
1784159149.135316,1,1.753268,0.027142,-0.109375
1784159149.145316,1,1.753268,0.000000,-0.117188
1784159149.155318,1,1.753238,0.000000,-0.121094
1784159149.165318,1,1.753177,-0.069793,-0.117188
1784159149.175318,1,1.753207,-0.038774,-0.117188
1784159149.185320,1,1.753207,-0.031019,-0.117188
1784159149.195319,1,1.753177,-0.058161,-0.117188
1784159149.205317,1,1.753238,-0.003877,-0.117188
1784159149.215316,1,1.753238,-0.027142,-0.121094
1784159149.225318,1,1.753238,-0.042651,-0.121094
1784159149.235319,1,1.753298,-0.007755,-0.121094
1784159149.245320,1,1.753419,-0.003877,-0.109375
1784159149.255319,1,1.753480,0.019387,-0.117188
1784159149.265317,1,1.753540,0.019387,-0.121094
1784159149.275318,1,1.753662,-0.027142,-0.109375
1784159149.285321,1,1.753753,-0.023264,-0.121094
1784159149.295319,1,1.753783,-0.050406,-0.121094
1784159149.305319,1,1.753843,-0.038774,-0.121094
1784159149.315316,1,1.753874,0.000000,-0.117188
1784159149.325321,1,1.753874,-0.034896,-0.117188
1784159149.335318,1,1.753843,-0.062038,-0.109375
1784159149.345318,1,1.753874,-0.011632,-0.117188
1784159149.355311,1,1.753843,-0.031019,-0.121094
1784159149.365321,1,1.753813,-0.077547,-0.117188
1784159149.375318,1,1.753843,0.031019,-0.109375
1784159149.385321,1,1.753753,-0.050406,-0.117188
1784159149.395323,1,1.753753,-0.019387,-0.117188
1784159149.405289,1,1.753722,-0.031019,-0.109375
1784159149.415298,1,1.753692,0.000000,-0.121094
1784159149.425393,1,1.753601,-0.081425,-0.109375
1784159149.435296,1,1.753631,0.000000,-0.121094
1784159149.445296,1,1.753571,-0.058161,-0.117188
1784159149.455296,1,1.753571,0.000000,-0.117188
1784159149.465297,1,1.753540,-0.007755,-0.117188
1784159149.475301,1,1.753540,-0.019387,-0.117188
1784159149.485297,1,1.753540,-0.027142,-0.109375
1784159149.495295,1,1.753540,-0.031019,-0.109375
1784159149.505305,1,1.753540,-0.019387,-0.117188
1784159149.515298,1,1.753540,-0.034896,-0.121094
1784159149.525299,1,1.753571,0.038774,-0.125000
1784159149.535296,1,1.753601,-0.073670,-0.117188
1784159149.545296,1,1.753571,-0.046528,-0.125000
1784159149.555298,1,1.753601,-0.003877,-0.109375
1784159149.565297,1,1.753631,0.015509,-0.117188
1784159149.575297,1,1.753601,-0.054283,-0.109375
1784159149.585303,1,1.753662,0.019387,-0.117188
1784159149.595297,1,1.753662,-0.031019,-0.121094
1784159149.605298,1,1.753662,-0.038774,-0.117188
1784159149.615305,1,1.753692,-0.015509,-0.109375
1784159149.625302,1,1.753692,-0.015509,-0.117188
1784159149.635300,1,1.753692,-0.038774,-0.121094
1784159149.645303,1,1.753662,-0.085302,-0.117188
1784159149.655300,1,1.753692,-0.019387,-0.125000
1784159149.665298,1,1.753662,-0.054283,-0.117188
1784159149.675282,1,1.753662,-0.038774,-0.117188
1784159149.685270,1,1.753631,-0.058161,-0.117188
1784159149.695279,1,1.753631,-0.046528,-0.117188
1784159149.705278,1,1.753631,-0.027142,-0.109375
1784159149.715277,1,1.753601,-0.046528,-0.121094
1784159149.725284,1,1.753571,-0.081425,-0.109375
1784159149.735279,1,1.753571,-0.023264,-0.117188
1784159149.745282,1,1.753571,0.003877,-0.117188
1784159149.755277,1,1.753540,-0.019387,-0.117188
1784159149.765281,1,1.753540,-0.015509,-0.109375
1784159149.775284,1,1.753510,-0.089180,-0.117188
1784159149.785280,1,1.753540,-0.023264,-0.117188
1784159149.795285,1,1.753540,0.015509,-0.125000
1784159149.805277,1,1.753510,-0.096934,-0.117188
1784159149.815279,1,1.753571,-0.007755,-0.109375
1784159149.825279,1,1.753571,-0.023264,-0.117188
1784159149.835282,1,1.753571,-0.058161,-0.117188
1784159149.845280,1,1.753601,-0.034896,-0.121094
1784159149.855337,1,1.753601,-0.046528,-0.121094
1784159149.865384,1,1.753601,-0.058161,-0.117188
1784159149.875290,1,1.753631,0.000000,-0.121094
1784159149.885284,1,1.753631,-0.034896,-0.117188
1784159149.895267,1,1.753662,-0.093057,-0.117188
1784159149.905284,1,1.753631,-0.031019,-0.117188
1784159149.915286,1,1.753631,-0.038774,-0.117188
1784159149.925282,1,1.753662,0.015509,-0.117188
1784159149.935283,1,1.753631,-0.031019,-0.117188
1784159149.945284,1,1.753631,-0.019387,-0.121094
1784159149.955263,1,1.753631,-0.011632,-0.125000
1784159149.965263,1,1.753631,0.000000,-0.121094
1784159149.975267,1,1.753601,-0.050406,-0.117188
1784159149.985265,1,1.753601,-0.027142,-0.117188
1784159149.995269,1,1.753601,-0.038774,-0.121094
1784159150.005267,1,1.753631,0.015509,-0.117188
1784159150.015257,1,1.753601,0.038774,-0.117188
1784159150.025264,1,1.753540,-0.096934,-0.117188
1784159150.035263,1,1.753571,-0.038774,-0.121094
1784159150.045336,1,1.753571,0.007755,-0.125000
1784159150.055330,1,1.753571,-0.031019,-0.117188
1784159150.065266,1,1.753540,-0.077547,-0.117188
1784159150.075262,1,1.753571,-0.038774,-0.117188
1784159150.085263,1,1.753571,-0.062038,-0.121094
1784159150.095262,1,1.753601,-0.038774,-0.117188
1784159150.105263,1,1.753601,0.015509,-0.125000
1784159150.115264,1,1.753601,0.015509,-0.117188
1784159150.125265,1,1.753601,0.000000,-0.117188
1784159150.135261,1,1.753601,-0.003877,-0.109375
1784159150.145262,1,1.753601,-0.019387,-0.117188
1784159150.155262,1,1.753631,-0.031019,-0.121094
1784159150.165262,1,1.753601,-0.038774,-0.109375
1784159150.175263,1,1.753631,0.011632,-0.117188
1784159150.185263,1,1.753631,-0.031019,-0.109375
1784159150.195263,1,1.753631,-0.038774,-0.117188
1784159150.205263,1,1.753631,-0.027142,-0.117188
1784159150.215250,1,1.753662,0.050406,-0.117188
1784159150.225245,1,1.753601,-0.054283,-0.117188
1784159150.235251,1,1.753601,-0.058161,-0.121094
1784159150.245241,1,1.753601,-0.038774,-0.109375
1784159150.255247,1,1.753631,0.003877,-0.117188
1784159150.265243,1,1.753601,-0.019387,-0.109375
1784159150.275248,1,1.753601,-0.023264,-0.121094
1784159150.285244,1,1.753601,-0.015509,-0.117188
1784159150.295243,1,1.753601,0.000000,-0.117188
1784159150.305242,1,1.753601,0.019387,-0.109375
1784159150.315243,1,1.753571,-0.031019,-0.121094
1784159150.325245,1,1.753571,-0.042651,-0.117188
1784159150.335248,1,1.753540,-0.104689,-0.117188
1784159150.345241,1,1.753571,-0.038774,-0.117188
1784159150.355245,1,1.753601,0.007755,-0.117188
1784159150.365246,1,1.753571,-0.058161,-0.117188
1784159150.375243,1,1.753601,-0.011632,-0.109375
1784159150.385248,1,1.753571,-0.077547,-0.117188
1784159150.395245,1,1.753601,-0.011632,-0.117188
1784159150.405244,1,1.753631,0.027142,-0.109375
1784159150.415246,1,1.753571,-0.085302,-0.117188
1784159150.425244,1,1.753601,-0.034896,-0.117188
1784159150.435247,1,1.753631,0.015509,-0.117188
1784159150.445246,1,1.753601,-0.038774,-0.125000
1784159150.455251,1,1.753601,-0.038774,-0.109375
1784159150.465238,1,1.753601,-0.034896,-0.105469
1784159150.475225,1,1.753601,-0.038774,-0.117188
1784159150.485226,1,1.753601,-0.038774,-0.109375
1784159150.495232,1,1.753631,0.019387,-0.109375
1784159150.505225,1,1.753631,0.034896,-0.117188
1784159150.515225,1,1.753601,-0.038774,-0.125000
1784159150.525224,1,1.753601,-0.034896,-0.117188
1784159150.535234,1,1.753631,0.019387,-0.109375
1784159150.545229,1,1.753601,-0.038774,-0.109375
1784159150.555232,1,1.753601,-0.011632,-0.121094
1784159150.565227,1,1.753601,0.000000,-0.125000
1784159150.575223,1,1.753571,-0.058161,-0.117188
1784159150.585226,1,1.753571,-0.058161,-0.117188
1784159150.595226,1,1.753601,0.000000,-0.125000
1784159150.605226,1,1.753571,-0.015509,-0.117188
1784159150.615226,1,1.753571,-0.038774,-0.121094
1784159150.625227,1,1.753601,0.015509,-0.117188
1784159150.635227,1,1.753601,0.027142,-0.117188
1784159150.645227,1,1.753601,0.007755,-0.121094
1784159150.655226,1,1.753571,-0.038774,-0.125000
1784159150.665226,1,1.753571,-0.062038,-0.109375
1784159150.675220,1,1.753571,-0.058161,-0.117188
1784159150.685227,1,1.753571,-0.065915,-0.117188
1784159150.695227,1,1.753571,-0.069793,-0.117188
1784159150.705228,1,1.753601,-0.023264,-0.117188
1784159150.715234,1,1.753601,-0.027142,-0.117188
1784159150.725231,1,1.753601,-0.015509,-0.117188
1784159150.735227,1,1.753601,-0.034896,-0.117188
1784159150.745226,1,1.753631,0.011632,-0.105469
1784159150.755229,1,1.753601,-0.034896,-0.109375
1784159150.765206,1,1.753601,-0.046528,-0.125000
1784159150.775209,1,1.753601,-0.011632,-0.109375
1784159150.785211,1,1.753571,-0.073670,-0.109375
1784159150.795207,1,1.753631,0.031019,-0.117188
1784159150.805206,1,1.753601,-0.003877,-0.117188
1784159150.815207,1,1.753601,-0.003877,-0.117188
1784159150.825207,1,1.753601,0.003877,-0.117188
1784159150.835207,1,1.753601,0.015509,-0.125000
1784159150.845208,1,1.753571,-0.058161,-0.117188
1784159150.855206,1,1.753601,0.003877,-0.121094
1784159150.865201,1,1.753571,0.011632,-0.117188
1784159150.875205,1,1.753601,0.000000,-0.117188
1784159150.885200,1,1.753571,-0.038774,-0.117188
1784159150.895200,1,1.753601,0.007755,-0.125000
1784159150.905201,1,1.753601,-0.007755,-0.125000
1784159150.915202,1,1.753571,0.019387,-0.109375
1784159150.925201,1,1.753571,-0.062038,-0.117188
1784159150.935203,1,1.753601,0.003877,-0.117188
1784159150.945203,1,1.753601,-0.054283,-0.117188
1784159150.955216,1,1.753601,0.000000,-0.117188
1784159150.965204,1,1.753601,-0.003877,-0.125000
1784159150.975202,1,1.753601,-0.015509,-0.117188
1784159150.985214,1,1.753601,-0.038774,-0.117188
1784159150.995202,1,1.753571,-0.062038,-0.125000
1784159151.005203,1,1.753631,0.042651,-0.125000
1784159151.015203,1,1.753571,-0.073670,-0.109375
1784159151.025203,1,1.753601,-0.011632,-0.109375
1784159151.035205,1,1.753601,-0.019387,-0.117188
1784159151.045180,1,1.753571,-0.065915,-0.109375
1784159151.055180,1,1.753601,-0.031019,-0.117188
1784159151.065192,1,1.753571,-0.077547,-0.125000
1784159151.075181,1,1.753601,0.000000,-0.121094
1784159151.085187,1,1.753601,0.000000,-0.121094
1784159151.095186,1,1.753571,-0.054283,-0.117188
1784159151.105192,1,1.753601,0.000000,-0.125000
1784159151.115183,1,1.753571,-0.038774,-0.117188
1784159151.125185,1,1.753571,-0.042651,-0.117188
1784159151.135185,1,1.753571,-0.042651,-0.109375
1784159151.145189,1,1.753571,-0.038774,-0.121094
1784159151.155198,1,1.753571,-0.054283,-0.117188
1784159151.165188,1,1.753601,0.011632,-0.117188
1784159151.175189,1,1.753571,-0.023264,-0.117188
1784159151.185185,1,1.753571,-0.054283,-0.121094
1784159151.195189,1,1.753601,0.007755,-0.117188
1784159151.205209,1,1.753601,0.000000,-0.117188
1784159151.215184,1,1.753601,0.011632,-0.121094
1784159151.225182,1,1.753601,0.000000,-0.117188
1784159151.235183,1,1.753601,-0.003877,-0.117188
1784159151.245184,1,1.753571,-0.050406,-0.109375
1784159151.255292,1,1.753601,-0.015509,-0.117188
1784159151.265249,1,1.753601,-0.019387,-0.109375
1784159151.275187,1,1.753601,-0.019387,-0.121094
1784159151.285192,1,1.753571,-0.058161,-0.109375
1784159151.295191,1,1.753601,-0.038774,-0.121094
1784159151.305188,1,1.753601,-0.007755,-0.125000
1784159151.315168,1,1.753601,-0.015509,-0.117188
1784159151.325167,1,1.753571,-0.054283,-0.117188
1784159151.335168,1,1.753601,0.000000,-0.117188
1784159151.345169,1,1.753571,-0.050406,-0.117188
1784159151.355168,1,1.753601,-0.011632,-0.109375
1784159151.365166,1,1.753601,0.000000,-0.117188
1784159151.375167,1,1.753601,0.007755,-0.117188
1784159151.385167,1,1.753571,-0.038774,-0.117188
1784159151.395165,1,1.753571,-0.038774,-0.117188
1784159151.405166,1,1.753540,-0.054283,-0.125000
1784159151.415168,1,1.753571,-0.046528,-0.121094
1784159151.425166,1,1.753571,-0.038774,-0.117188
1784159151.435167,1,1.753571,-0.042651,-0.117188
1784159151.445172,1,1.753571,-0.042651,-0.117188
1784159151.455171,1,1.753571,-0.038774,-0.109375
1784159151.465249,1,1.753601,0.007755,-0.117188
1784159151.475240,1,1.753601,0.007755,-0.109375
1784159151.485253,1,1.753601,0.019387,-0.117188
1784159151.495169,1,1.753601,0.015509,-0.121094
1784159151.505169,1,1.753571,-0.038774,-0.117188
1784159151.515174,1,1.753571,-0.054283,-0.125000
1784159151.525172,1,1.753540,-0.096934,-0.117188
1784159151.535167,1,1.753571,-0.046528,-0.117188
1784159151.545168,1,1.753601,-0.015509,-0.117188
1784159151.555177,1,1.753571,-0.038774,-0.117188
1784159151.565167,1,1.753571,-0.058161,-0.121094
1784159151.575171,1,1.753601,-0.003877,-0.117188
1784159151.585150,1,1.753601,0.000000,-0.117188
1784159151.595147,1,1.753571,-0.062038,-0.121094
1784159151.605151,1,1.753601,0.000000,-0.125000
1784159151.615155,1,1.753601,0.007755,-0.117188
1784159151.625151,1,1.753540,-0.108566,-0.117188
1784159151.635158,1,1.753601,0.011632,-0.117188
1784159151.645158,1,1.753601,-0.054283,-0.117188
1784159151.655151,1,1.753601,0.007755,-0.117188
1784159151.665157,1,1.753601,0.011632,-0.125000
1784159151.675149,1,1.753601,0.019387,-0.117188
1784159151.685154,1,1.753571,-0.027142,-0.117188
1784159151.695153,1,1.753571,-0.034896,-0.117188
1784159151.705160,1,1.753601,0.031019,-0.117188
1784159151.715152,1,1.753571,-0.038774,-0.117188
1784159151.725152,1,1.753571,-0.042651,-0.117188
1784159151.735151,1,1.753571,-0.038774,-0.117188
1784159151.745152,1,1.753601,0.019387,-0.125000
1784159151.755151,1,1.753571,-0.038774,-0.121094
1784159151.765151,1,1.753571,-0.038774,-0.117188
1784159151.775151,1,1.753601,0.015509,-0.125000
1784159151.785153,1,1.753601,0.011632,-0.117188
1784159151.795154,1,1.753601,0.003877,-0.117188
1784159151.805151,1,1.753601,0.000000,-0.117188
1784159151.815151,1,1.753601,0.015509,-0.117188
1784159151.825152,1,1.753601,0.003877,-0.117188
1784159151.835130,1,1.753601,-0.116321,-0.117188
1784159151.845131,1,1.753601,0.019387,-0.117188
1784159151.855130,1,1.753601,-0.003877,-0.117188
1784159151.865128,1,1.753571,-0.046528,-0.117188
1784159151.875128,1,1.753571,-0.050406,-0.117188
1784159151.885167,1,1.753601,0.007755,-0.121094
1784159151.895145,1,1.753571,-0.058161,-0.117188
1784159151.905131,1,1.753601,0.015509,-0.121094
1784159151.915131,1,1.753631,0.073670,-0.121094
1784159151.925129,1,1.753601,0.003877,-0.109375
1784159151.935140,1,1.753601,0.011632,-0.125000
1784159151.945131,1,1.753571,-0.034896,-0.117188
1784159151.955130,1,1.753571,-0.038774,-0.117188
1784159151.965129,1,1.753571,-0.038774,-0.117188
1784159151.975135,1,1.753601,0.011632,-0.117188
1784159151.985134,1,1.753601,0.015509,-0.121094
1784159151.995135,1,1.753571,-0.042651,-0.121094
1784159152.005137,1,1.753601,0.015509,-0.125000
1784159152.015134,1,1.753571,-0.038774,-0.121094
1784159152.025135,1,1.753601,0.011632,-0.117188
1784159152.035132,1,1.753571,-0.038774,-0.117188
1784159152.045131,1,1.753571,-0.058161,-0.117188
1784159152.055132,1,1.753601,0.003877,-0.109375
1784159152.065132,1,1.753601,0.007755,-0.121094
1784159152.075134,1,1.753601,0.000000,-0.121094
1784159152.085141,1,1.753601,0.000000,-0.121094
1784159152.095144,1,1.753571,-0.062038,-0.117188
1784159152.105131,1,1.753601,0.000000,-0.109375
1784159152.115134,1,1.753540,-0.108566,-0.117188
1784159152.125135,1,1.753601,0.000000,-0.125000
1784159152.135240,1,1.753601,0.000000,-0.105469
1784159152.145119,1,1.753601,0.003877,-0.117188
1784159152.155112,1,1.753601,-0.003877,-0.121094
1784159152.165115,1,1.753571,-0.042651,-0.117188
1784159152.175112,1,1.753571,-0.034896,-0.121094
1784159152.185112,1,1.753571,-0.038774,-0.117188
1784159152.195112,1,1.753571,-0.038774,-0.121094
1784159152.205114,1,1.753571,-0.027142,-0.117188
1784159152.215113,1,1.753601,0.023264,-0.125000
1784159152.225114,1,1.753571,-0.038774,-0.117188
1784159152.235112,1,1.753571,-0.038774,-0.117188
1784159152.245115,1,1.753571,-0.031019,-0.117188
1784159152.255112,1,1.753571,-0.038774,-0.117188
1784159152.265114,1,1.753571,-0.034896,-0.117188
1784159152.275120,1,1.753571,-0.023264,-0.117188
1784159152.285119,1,1.753571,-0.038774,-0.109375
1784159152.295114,1,1.753571,-0.038774,-0.117188
1784159152.305113,1,1.753571,-0.046528,-0.121094
1784159152.315116,1,1.753601,-0.042651,-0.117188
1784159152.325113,1,1.753571,-0.038774,-0.121094
1784159152.335115,1,1.753601,0.011632,-0.117188
1784159152.345118,1,1.753601,0.019387,-0.117188
1784159152.355113,1,1.753601,0.000000,-0.117188
1784159152.365127,1,1.753571,-0.038774,-0.117188
1784159152.375123,1,1.753601,0.019387,-0.117188
1784159152.385117,1,1.753571,-0.038774,-0.117188
1784159152.395099,1,1.753601,0.000000,-0.117188
1784159152.405104,1,1.753601,0.000000,-0.117188
1784159152.415093,1,1.753601,0.000000,-0.117188
1784159152.425174,1,1.753601,0.011632,-0.125000
1784159152.435092,1,1.753601,0.011632,-0.117188
1784159152.445094,1,1.753571,-0.034896,-0.117188
1784159152.455092,1,1.753571,-0.034896,-0.117188
1784159152.465093,1,1.753571,-0.031019,-0.117188
1784159152.475096,1,1.753571,-0.038774,-0.117188
1784159152.485093,1,1.753601,0.019387,-0.117188
1784159152.495094,1,1.753571,-0.038774,-0.117188
1784159152.505093,1,1.753571,-0.031019,-0.121094
1784159152.515104,1,1.753571,-0.038774,-0.117188
1784159152.525097,1,1.753571,-0.038774,-0.117188
1784159152.535094,1,1.753571,-0.038774,-0.125000
1784159152.545104,1,1.753601,0.015509,-0.125000
1784159152.555100,1,1.753601,0.027142,-0.117188
1784159152.565094,1,1.753571,-0.038774,-0.117188
1784159152.575100,1,1.753540,-0.093057,-0.117188
1784159152.585100,1,1.753571,-0.050406,-0.125000
1784159152.595097,1,1.753571,-0.019387,-0.117188
1784159152.605096,1,1.753571,-0.034896,-0.117188
1784159152.615099,1,1.753601,0.000000,-0.117188
1784159152.625099,1,1.753571,-0.058161,-0.117188
1784159152.635095,1,1.753571,-0.038774,-0.117188
1784159152.645094,1,1.753540,-0.096934,-0.117188
1784159152.655094,1,1.753540,-0.093057,-0.117188
1784159152.665099,1,1.753571,-0.038774,-0.117188
1784159152.675101,1,1.753571,-0.038774,-0.125000
1784159152.685083,1,1.753571,-0.034896,-0.117188
1784159152.695074,1,1.753571,-0.042651,-0.109375
1784159152.705076,1,1.753571,-0.031019,-0.121094
1784159152.715077,1,1.753571,-0.034896,-0.117188
1784159152.725083,1,1.753571,-0.038774,-0.117188
1784159152.735077,1,1.753571,-0.038774,-0.117188
1784159152.745083,1,1.753540,-0.077547,-0.117188
1784159152.755074,1,1.753571,-0.019387,-0.117188
1784159152.765080,1,1.753571,-0.031019,-0.117188
1784159152.775076,1,1.753571,-0.038774,-0.117188
1784159152.785076,1,1.753571,-0.031019,-0.125000
1784159152.795075,1,1.753571,-0.038774,-0.117188
1784159152.805078,1,1.753601,0.046528,-0.117188
1784159152.815076,1,1.753571,-0.027142,-0.117188
1784159152.825078,1,1.753571,-0.038774,-0.117188
1784159152.835076,1,1.753571,-0.042651,-0.117188
1784159152.845081,1,1.753601,0.015509,-0.117188
1784159152.855075,1,1.753571,-0.031019,-0.117188
1784159152.865076,1,1.753601,0.003877,-0.121094
1784159152.875080,1,1.753571,-0.038774,-0.125000
1784159152.885081,1,1.753571,-0.038774,-0.109375
1784159152.895077,1,1.753601,0.015509,-0.117188
1784159152.905076,1,1.753571,-0.027142,-0.117188
1784159152.915078,1,1.753571,-0.034896,-0.121094
1784159152.925081,1,1.753571,-0.038774,-0.109375
1784159152.935084,1,1.753571,-0.042651,-0.121094
1784159152.945079,1,1.753601,-0.038774,-0.125000
1784159152.955091,1,1.753601,0.011632,-0.117188
1784159152.965063,1,1.753601,0.019387,-0.125000
1784159152.975058,1,1.753571,-0.038774,-0.125000
1784159152.985063,1,1.753601,-0.038774,-0.117188
1784159152.995061,1,1.753571,-0.031019,-0.117188
1784159153.005059,1,1.753571,-0.031019,-0.117188
1784159153.015056,1,1.753571,-0.046528,-0.125000
1784159153.025059,1,1.753571,-0.038774,-0.117188
1784159153.035060,1,1.753601,0.015509,-0.117188
1784159153.045057,1,1.753540,-0.096934,-0.117188
1784159153.055056,1,1.753571,-0.038774,-0.117188
1784159153.065058,1,1.753571,-0.034896,-0.117188
1784159153.075062,1,1.753601,0.015509,-0.117188
1784159153.085067,1,1.753571,-0.042651,-0.117188
1784159153.095063,1,1.753571,-0.034896,-0.117188
1784159153.105062,1,1.753571,-0.042651,-0.117188
1784159153.115063,1,1.753571,-0.038774,-0.117188
1784159153.125059,1,1.753540,-0.081425,-0.117188
1784159153.135060,1,1.753571,-0.042651,-0.125000
1784159153.145062,1,1.753571,-0.038774,-0.117188
1784159153.155065,1,1.753571,-0.038774,-0.117188
1784159153.165061,1,1.753601,-0.054283,-0.117188
1784159153.175061,1,1.753540,-0.096934,-0.117188
1784159153.185059,1,1.753571,-0.038774,-0.117188
1784159153.195062,1,1.753601,0.019387,-0.125000
1784159153.205062,1,1.753571,-0.038774,-0.117188
1784159153.215042,1,1.753571,-0.038774,-0.117188
1784159153.225048,1,1.753601,0.023264,-0.125000
1784159153.235047,1,1.753601,0.019387,-0.117188
1784159153.245050,1,1.753601,0.019387,-0.117188
1784159153.255049,1,1.753601,0.007755,-0.117188
1784159153.265046,1,1.753601,0.011632,-0.125000
1784159153.275041,1,1.753571,-0.034896,-0.117188
1784159153.285041,1,1.753540,-0.089180,-0.109375
1784159153.295049,1,1.753571,0.015509,-0.117188
1784159153.305041,1,1.753601,0.019387,-0.121094
1784159153.315041,1,1.753571,-0.038774,-0.117188
1784159153.325043,1,1.753571,-0.038774,-0.117188
1784159153.335042,1,1.753601,0.019387,-0.121094
1784159153.345044,1,1.753571,-0.031019,-0.117188
1784159153.355046,1,1.753601,0.011632,-0.117188
1784159153.365045,1,1.753571,-0.054283,-0.117188
1784159153.375045,1,1.753571,0.019387,-0.117188
1784159153.385049,1,1.753571,-0.027142,-0.117188
1784159153.395047,1,1.753540,-0.093057,-0.125000
1784159153.405044,1,1.753601,0.023264,-0.117188
1784159153.415052,1,1.753601,0.015509,-0.121094
1784159153.425048,1,1.753601,0.019387,-0.125000
1784159153.435046,1,1.753571,-0.050406,-0.117188
1784159153.445051,1,1.753601,0.015509,-0.117188
1784159153.455051,1,1.753571,-0.038774,-0.121094
1784159153.465041,1,1.753571,-0.015509,-0.109375
1784159153.475026,1,1.753571,-0.046528,-0.109375
1784159153.485045,1,1.753601,0.003877,-0.125000
1784159153.495021,1,1.753571,-0.046528,-0.117188
1784159153.505022,1,1.753571,-0.034896,-0.117188
1784159153.515073,1,1.753601,0.023264,-0.117188
1784159153.525022,1,1.753571,-0.027142,-0.109375
1784159153.535029,1,1.753571,-0.038774,-0.117188
1784159153.545024,1,1.753571,-0.038774,-0.121094
1784159153.555026,1,1.753571,-0.038774,-0.117188
1784159153.565021,1,1.753571,-0.031019,-0.117188
1784159153.575036,1,1.753601,0.019387,-0.117188
1784159153.585026,1,1.753571,-0.038774,-0.117188
1784159153.595024,1,1.753571,-0.038774,-0.117188
1784159153.605028,1,1.753540,-0.081425,-0.117188
1784159153.615024,1,1.753571,-0.042651,-0.117188
1784159153.625023,1,1.753540,-0.093057,-0.117188
1784159153.635024,1,1.753571,-0.027142,-0.117188
1784159153.645028,1,1.753571,-0.042651,-0.117188
1784159153.655026,1,1.753601,0.019387,-0.117188
1784159153.665023,1,1.753571,-0.034896,-0.117188
1784159153.675024,1,1.753601,0.015509,-0.117188
1784159153.685023,1,1.753571,-0.038774,-0.109375
1784159153.695025,1,1.753571,0.011632,-0.125000
1784159153.705024,1,1.753571,-0.038774,-0.117188
1784159153.715024,1,1.753571,-0.042651,-0.121094
1784159153.725025,1,1.753571,-0.042651,-0.121094
1784159153.735025,1,1.753571,-0.038774,-0.121094
1784159153.745025,1,1.753601,-0.038774,-0.117188
1784159153.755147,1,1.753571,-0.031019,-0.117188
1784159153.765029,1,1.753601,0.046528,-0.117188
1784159153.775134,1,1.753571,-0.027142,-0.109375
1784159153.785012,1,1.753601,0.023264,-0.117188
1784159153.795016,1,1.753571,-0.038774,-0.125000
1784159153.805004,1,1.753571,-0.027142,-0.121094
1784159153.815007,1,1.753631,0.073670,-0.117188
1784159153.825009,1,1.753540,-0.073670,-0.109375
1784159153.835011,1,1.753571,-0.038774,-0.117188
1784159153.845119,1,1.753571,-0.034896,-0.117188
1784159153.855095,1,1.753571,-0.038774,-0.117188
1784159153.865106,1,1.753540,-0.081425,-0.121094
1784159153.875077,1,1.753601,0.023264,-0.117188
1784159153.885018,1,1.753601,0.019387,-0.117188
1784159153.895017,1,1.753571,-0.031019,-0.117188
1784159153.905016,1,1.753571,-0.019387,-0.117188
1784159153.915015,1,1.753571,-0.015509,-0.117188
1784159153.925014,1,1.753571,-0.038774,-0.117188
1784159153.935014,1,1.753571,-0.038774,-0.117188
1784159153.945015,1,1.753571,-0.038774,-0.109375
1784159153.955021,1,1.753601,0.019387,-0.117188
1784159153.965012,1,1.753571,-0.027142,-0.117188
1784159153.975013,1,1.753601,0.023264,-0.117188
1784159153.985020,1,1.753601,0.015509,-0.117188
1784159153.995018,1,1.753571,-0.031019,-0.121094
1784159154.005014,1,1.753571,-0.023264,-0.117188
1784159154.015014,1,1.753571,-0.034896,-0.117188
1784159154.025013,1,1.753571,-0.034896,-0.117188
1784159154.035017,1,1.753631,0.058161,-0.109375
1784159154.045014,1,1.753601,0.031019,-0.117188
1784159154.054994,1,1.753601,-0.038774,-0.117188
1784159154.064994,1,1.753571,-0.038774,-0.117188
1784159154.074996,1,1.753601,0.023264,-0.117188
1784159154.084994,1,1.753601,0.019387,-0.125000
1784159154.094993,1,1.753571,-0.038774,-0.121094
1784159154.104993,1,1.753601,0.023264,-0.117188
1784159154.114999,1,1.753601,0.023264,-0.117188
1784159154.124995,1,1.753571,-0.015509,-0.117188
1784159154.136999,1,1.753601,0.023264,-0.117188
1784159154.144994,1,1.753601,0.003877,-0.117188
1784159154.154995,1,1.753571,-0.038774,-0.117188
1784159154.164998,1,1.753571,-0.034896,-0.121094
1784159154.174993,1,1.753601,0.027142,-0.117188
1784159154.184987,1,1.753540,-0.096934,-0.121094
1784159154.195115,1,1.753571,-0.038774,-0.117188
1784159154.205003,1,1.753601,0.019387,-0.117188
1784159154.216994,1,1.753631,0.085302,-0.117188
1784159154.228993,1,1.753571,0.007755,-0.125000
1784159154.237088,1,1.753540,-0.085302,-0.117188
1784159154.244987,1,1.753601,0.023264,-0.117188
1784159154.254988,1,1.753571,-0.050406,-0.125000
1784159154.264991,1,1.753571,-0.027142,-0.117188
1784159154.274992,1,1.753571,-0.034896,-0.121094
1784159154.284991,1,1.753571,-0.038774,-0.117188
1784159154.295012,1,1.753540,-0.054283,-0.109375
1784159154.304999,1,1.753601,-0.027142,-0.117188
1784159154.314987,1,1.753571,-0.027142,-0.125000
1784159154.324966,1,1.753540,-0.093057,-0.117188
1784159154.334976,1,1.753631,0.069793,-0.109375
1784159154.344993,1,1.753571,-0.003877,-0.117188
1784159154.354980,1,1.753601,0.019387,-0.109375
1784159154.364997,1,1.753540,-0.034896,-0.117188
1784159154.375019,1,1.753601,0.019387,-0.125000
1784159154.384974,1,1.753540,-0.089180,-0.117188
1784159154.394970,1,1.753571,-0.038774,-0.109375
1784159154.404975,1,1.753571,-0.034896,-0.117188
1784159154.414978,1,1.753571,-0.019387,-0.117188
1784159154.425065,1,1.753571,-0.027142,-0.117188
1784159154.435163,1,1.753571,-0.038774,-0.117188
1784159154.444975,1,1.753571,-0.023264,-0.109375
1784159154.454979,1,1.753601,0.019387,-0.121094
1784159154.464982,1,1.753601,0.042651,-0.117188
1784159154.474968,1,1.753601,0.015509,-0.117188
1784159154.485065,1,1.753601,0.019387,-0.117188
1784159154.495082,1,1.753571,-0.034896,-0.117188
1784159154.505131,1,1.753601,-0.027142,-0.121094
1784159154.514980,1,1.753540,-0.096934,-0.117188
1784159154.524976,1,1.753540,-0.100812,-0.125000
1784159154.534962,1,1.753601,0.011632,-0.125000
1784159154.544978,1,1.753571,-0.023264,-0.121094
1784159154.554974,1,1.753601,0.046528,-0.109375
1784159154.564982,1,1.753571,-0.058161,-0.125000
1784159154.574982,1,1.753601,0.023264,-0.117188
1784159154.584974,1,1.753571,-0.042651,-0.109375
1784159154.594981,1,1.753540,-0.104689,-0.117188
1784159154.604953,1,1.753571,-0.034896,-0.121094
1784159154.615073,1,1.753571,-0.054283,-0.125000
1784159154.624959,1,1.753571,-0.034896,-0.125000
1784159154.634962,1,1.753571,-0.062038,-0.109375
1784159154.644958,1,1.753601,0.019387,-0.117188
1784159154.654962,1,1.753571,-0.034896,-0.117188
1784159154.664959,1,1.753601,0.023264,-0.125000
1784159154.674960,1,1.753540,-0.093057,-0.121094
1784159154.684954,1,1.753571,-0.019387,-0.117188
1784159154.694963,1,1.753571,-0.038774,-0.117188
1784159154.704960,1,1.753571,-0.046528,-0.117188
1784159154.714960,1,1.753571,-0.031019,-0.109375
1784159154.724968,1,1.753601,0.023264,-0.117188
1784159154.734958,1,1.753571,-0.038774,-0.117188
1784159154.744964,1,1.753571,-0.027142,-0.117188
1784159154.754960,1,1.753571,-0.019387,-0.121094
1784159154.764955,1,1.753601,0.007755,-0.117188
1784159154.774952,1,1.753601,-0.023264,-0.125000
1784159154.784954,1,1.753571,-0.038774,-0.117188
1784159154.794952,1,1.753571,-0.046528,-0.117188
1784159154.804954,1,1.753571,-0.038774,-0.117188
1784159154.814951,1,1.753601,-0.007755,-0.109375
1784159154.824950,1,1.753571,-0.038774,-0.121094
1784159154.834954,1,1.753571,-0.042651,-0.109375
1784159154.844935,1,1.753601,0.011632,-0.117188
1784159154.854958,1,1.753571,-0.019387,-0.121094
1784159154.864941,1,1.753571,-0.031019,-0.117188
1784159154.874936,1,1.753571,-0.058161,-0.121094
1784159154.884936,1,1.753601,0.031019,-0.117188
1784159154.894933,1,1.753571,-0.038774,-0.117188
1784159154.904935,1,1.753571,-0.038774,-0.117188
1784159154.914939,1,1.753571,-0.050406,-0.117188
1784159154.924931,1,1.753601,0.011632,-0.117188
1784159154.934935,1,1.753571,-0.027142,-0.117188
1784159154.944935,1,1.753601,0.015509,-0.117188
1784159154.954936,1,1.753601,0.011632,-0.117188
1784159154.964939,1,1.753540,-0.093057,-0.117188
1784159154.974935,1,1.753601,0.015509,-0.121094
1784159154.984936,1,1.753540,-0.100812,-0.117188
1784159154.994939,1,1.753601,0.007755,-0.117188
1784159155.004938,1,1.753601,0.023264,-0.117188
1784159155.014933,1,1.753540,-0.081425,-0.109375
1784159155.025063,1,1.753571,-0.038774,-0.121094
1784159155.034937,1,1.753540,-0.096934,-0.117188
1784159155.044933,1,1.753601,0.019387,-0.109375
1784159155.054937,1,1.753540,-0.104689,-0.109375
1784159155.064937,1,1.753571,-0.011632,-0.117188
1784159155.074940,1,1.753571,-0.038774,-0.125000
1784159155.084938,1,1.753601,0.023264,-0.117188
1784159155.094934,1,1.753571,-0.054283,-0.125000
1784159155.104937,1,1.753601,0.007755,-0.117188
1784159155.114937,1,1.753601,0.011632,-0.117188
1784159155.124936,1,1.753571,-0.050406,-0.117188
1784159155.134915,1,1.753601,0.000000,-0.117188
1784159155.144914,1,1.753571,-0.034896,-0.117188
1784159155.154914,1,1.753571,-0.050406,-0.125000
1784159155.164916,1,1.753571,-0.027142,-0.117188
1784159155.174917,1,1.753571,-0.050406,-0.121094
1784159155.184914,1,1.753571,-0.054283,-0.121094
1784159155.194915,1,1.753540,-0.100812,-0.117188
1784159155.204920,1,1.753571,-0.034896,-0.117188
1784159155.214916,1,1.753571,-0.031019,-0.117188
1784159155.224917,1,1.753540,-0.112444,-0.125000
1784159155.234917,1,1.753571,-0.038774,-0.117188
1784159155.244920,1,1.753601,0.000000,-0.117188
1784159155.254925,1,1.753540,-0.081425,-0.117188
1784159155.264917,1,1.753601,0.003877,-0.117188
1784159155.274997,1,1.753571,-0.042651,-0.117188
1784159155.284916,1,1.753571,-0.011632,-0.117188
1784159155.294992,1,1.753601,-0.007755,-0.117188
1784159155.304915,1,1.753571,-0.042651,-0.117188
1784159155.314915,1,1.753601,0.007755,-0.125000
1784159155.324916,1,1.753601,0.000000,-0.121094
1784159155.334917,1,1.753601,-0.042651,-0.125000
1784159155.344918,1,1.753571,-0.054283,-0.121094
1784159155.354919,1,1.753571,-0.046528,-0.109375
1784159155.365003,1,1.753540,-0.085302,-0.109375
1784159155.374915,1,1.753601,0.015509,-0.121094
1784159155.384918,1,1.753540,-0.108566,-0.117188
1784159155.394916,1,1.753601,0.027142,-0.117188
1784159155.404917,1,1.753601,0.019387,-0.125000
1784159155.414901,1,1.753540,-0.089180,-0.117188
1784159155.424896,1,1.753571,-0.042651,-0.117188
1784159155.434896,1,1.753571,-0.046528,-0.117188
1784159155.444895,1,1.753601,0.011632,-0.117188
1784159155.454898,1,1.753571,-0.038774,-0.121094
1784159155.464902,1,1.753601,0.023264,-0.117188
1784159155.474900,1,1.753571,-0.038774,-0.117188
1784159155.484897,1,1.753601,0.019387,-0.117188
1784159155.494898,1,1.753571,-0.038774,-0.117188
1784159155.504899,1,1.753601,0.019387,-0.117188
1784159155.514903,1,1.753601,0.019387,-0.121094
1784159155.524900,1,1.753571,-0.050406,-0.117188
1784159155.534899,1,1.753601,0.003877,-0.109375
1784159155.544899,1,1.753601,0.027142,-0.117188
1784159155.554907,1,1.753571,-0.034896,-0.117188
1784159155.564903,1,1.753540,-0.120198,-0.117188
1784159155.574899,1,1.753601,0.011632,-0.125000
1784159155.584900,1,1.753571,-0.034896,-0.121094
1784159155.594902,1,1.753571,-0.027142,-0.117188
1784159155.604905,1,1.753601,0.015509,-0.117188
1784159155.614905,1,1.753601,0.019387,-0.117188
1784159155.624902,1,1.753571,-0.019387,-0.109375
1784159155.634986,1,1.753601,0.000000,-0.125000
1784159155.645012,1,1.753571,-0.031019,-0.121094
1784159155.654899,1,1.753601,0.000000,-0.117188
1784159155.664904,1,1.753601,-0.003877,-0.117188
1784159155.674900,1,1.753540,-0.093057,-0.117188
1784159155.684900,1,1.753601,0.011632,-0.125000
1784159155.694882,1,1.753571,-0.050406,-0.125000
1784159155.704880,1,1.753571,-0.042651,-0.117188
1784159155.714880,1,1.753571,-0.054283,-0.117188
1784159155.724879,1,1.753571,-0.042651,-0.125000
1784159155.734879,1,1.753601,0.007755,-0.117188
1784159155.744882,1,1.753571,-0.042651,-0.117188
1784159155.754882,1,1.753601,0.019387,-0.109375
1784159155.764883,1,1.753571,-0.031019,-0.121094
1784159155.774882,1,1.753571,0.000000,-0.117188
1784159155.784881,1,1.753601,0.019387,-0.117188
1784159155.794886,1,1.753571,-0.054283,-0.117188
1784159155.804884,1,1.753601,0.011632,-0.109375
1784159155.814883,1,1.753540,-0.081425,-0.125000
1784159155.824881,1,1.753571,-0.085302,-0.125000
1784159155.834883,1,1.753571,-0.027142,-0.117188
1784159155.844882,1,1.753601,0.015509,-0.109375
1784159155.854885,1,1.753601,0.019387,-0.117188
1784159155.864889,1,1.753601,0.019387,-0.117188
1784159155.874884,1,1.753601,0.011632,-0.121094
1784159155.884883,1,1.753571,-0.027142,-0.121094
1784159155.894891,1,1.753540,-0.100812,-0.117188
1784159155.904882,1,1.753601,0.003877,-0.117188
1784159155.914887,1,1.753571,-0.023264,-0.117188
1784159155.924883,1,1.753571,-0.050406,-0.117188
1784159155.934883,1,1.753571,-0.038774,-0.117188
1784159155.944884,1,1.753601,0.015509,-0.121094
1784159155.954886,1,1.753601,0.019387,-0.117188
1784159155.964863,1,1.753601,0.000000,-0.117188
1784159155.974866,1,1.753601,0.003877,-0.117188
1784159155.984861,1,1.753540,-0.120198,-0.117188
1784159155.994864,1,1.753601,0.019387,-0.121094
1784159156.004862,1,1.753601,0.003877,-0.121094
1784159156.014885,1,1.753571,-0.027142,-0.117188
1784159156.024866,1,1.753571,-0.042651,-0.117188
1784159156.034866,1,1.753571,-0.038774,-0.109375
1784159156.044879,1,1.753601,0.019387,-0.117188
1784159156.054864,1,1.753540,-0.093057,-0.117188
1784159156.064864,1,1.753571,-0.046528,-0.117188
1784159156.075056,1,1.753601,0.019387,-0.117188
1784159156.084868,1,1.753571,-0.093057,-0.125000
1784159156.094863,1,1.753571,-0.046528,-0.121094
1784159156.104871,1,1.753601,0.019387,-0.117188
1784159156.114869,1,1.753571,-0.042651,-0.117188
1784159156.124864,1,1.753601,0.019387,-0.121094
1784159156.134940,1,1.753601,0.023264,-0.117188
1784159156.144873,1,1.753601,0.015509,-0.121094
1784159156.154863,1,1.753571,-0.046528,-0.117188
1784159156.164932,1,1.753571,-0.089180,-0.117188
1784159156.174860,1,1.753571,-0.046528,-0.121094
1784159156.184930,1,1.753571,-0.031019,-0.121094
1784159156.194933,1,1.753571,-0.042651,-0.117188
1784159156.204864,1,1.753571,-0.034896,-0.125000
1784159156.214868,1,1.753571,-0.046528,-0.117188
1784159156.224861,1,1.753571,-0.042651,-0.117188
1784159156.234862,1,1.753571,-0.038774,-0.117188
1784159156.244843,1,1.753540,-0.093057,-0.117188
1784159156.254848,1,1.753571,-0.050406,-0.121094
1784159156.264850,1,1.753571,-0.050406,-0.109375
1784159156.274847,1,1.753601,0.015509,-0.125000
1784159156.284843,1,1.753601,-0.050406,-0.117188
1784159156.294844,1,1.753601,0.011632,-0.117188
1784159156.304844,1,1.753571,-0.031019,-0.117188
1784159156.314845,1,1.753540,-0.077547,-0.117188
1784159156.324853,1,1.753601,0.027142,-0.125000
1784159156.334852,1,1.753571,-0.038774,-0.117188
1784159156.344851,1,1.753601,0.027142,-0.125000
1784159156.354849,1,1.753571,-0.042651,-0.121094
1784159156.364845,1,1.753571,0.003877,-0.117188
1784159156.374844,1,1.753571,-0.027142,-0.117188
1784159156.384848,1,1.753571,-0.050406,-0.117188
1784159156.394846,1,1.753601,0.023264,-0.117188
1784159156.404848,1,1.753601,0.019387,-0.117188
1784159156.414845,1,1.753571,-0.042651,-0.117188
1784159156.424845,1,1.753601,0.027142,-0.125000
1784159156.434844,1,1.753601,0.023264,-0.117188
1784159156.444845,1,1.753601,0.003877,-0.117188
1784159156.454845,1,1.753601,0.027142,-0.117188
1784159156.464853,1,1.753571,-0.019387,-0.109375
1784159156.474846,1,1.753571,-0.054283,-0.117188
1784159156.484851,1,1.753571,-0.034896,-0.121094
1784159156.494828,1,1.753601,0.027142,-0.121094
1784159156.504829,1,1.753601,0.000000,-0.109375
1784159156.514830,1,1.753540,-0.096934,-0.109375
1784159156.524829,1,1.753601,0.015509,-0.117188
1784159156.534827,1,1.753601,-0.050406,-0.125000
1784159156.544828,1,1.753571,-0.034896,-0.117188
1784159156.554831,1,1.753601,0.023264,-0.125000
1784159156.564829,1,1.753601,0.019387,-0.117188
1784159156.574838,1,1.753601,0.007755,-0.117188
1784159156.584835,1,1.753571,-0.042651,-0.117188
1784159156.594830,1,1.753601,0.007755,-0.117188
1784159156.604831,1,1.753540,-0.089180,-0.109375
1784159156.614832,1,1.753571,-0.038774,-0.117188
1784159156.624831,1,1.753601,0.019387,-0.117188
1784159156.634831,1,1.753571,-0.034896,-0.117188
1784159156.644833,1,1.753571,-0.042651,-0.121094
1784159156.654831,1,1.753571,-0.031019,-0.121094
1784159156.664831,1,1.753601,-0.042651,-0.121094
1784159156.674832,1,1.753601,0.019387,-0.125000
1784159156.684832,1,1.753631,0.077547,-0.117188
1784159156.694829,1,1.753601,0.019387,-0.117188
1784159156.704839,1,1.753571,-0.034896,-0.109375
1784159156.714832,1,1.753571,-0.038774,-0.117188
1784159156.724830,1,1.753571,-0.027142,-0.109375
1784159156.734839,1,1.753571,-0.042651,-0.117188
1784159156.744832,1,1.753571,-0.038774,-0.117188
1784159156.754835,1,1.753601,-0.038774,-0.117188
1784159156.764829,1,1.753601,0.011632,-0.117188
1784159156.774812,1,1.753601,0.023264,-0.121094
1784159156.784807,1,1.753601,0.007755,-0.117188
1784159156.794813,1,1.753601,0.019387,-0.117188
1784159156.804814,1,1.753571,-0.042651,-0.117188
1784159156.814814,1,1.753601,0.003877,-0.125000
1784159156.824807,1,1.753571,0.019387,-0.109375
1784159156.834813,1,1.753571,-0.038774,-0.117188
1784159156.844813,1,1.753571,-0.038774,-0.117188
1784159156.854810,1,1.753571,-0.042651,-0.109375
1784159156.864811,1,1.753571,-0.038774,-0.117188
1784159156.874810,1,1.753571,-0.038774,-0.117188
1784159156.884813,1,1.753571,-0.046528,-0.121094
1784159156.894814,1,1.753571,-0.038774,-0.121094
1784159156.904815,1,1.753601,0.007755,-0.125000
1784159156.914814,1,1.753571,-0.038774,-0.117188
1784159156.924811,1,1.753571,-0.038774,-0.117188
1784159156.934815,1,1.753571,-0.038774,-0.125000
1784159156.944813,1,1.753571,-0.042651,-0.121094
1784159156.954813,1,1.753601,0.027142,-0.109375
1784159156.964812,1,1.753601,0.011632,-0.117188
1784159156.974811,1,1.753601,0.003877,-0.109375
1784159156.984814,1,1.753601,0.019387,-0.117188
1784159156.994812,1,1.753601,0.011632,-0.117188
1784159157.004814,1,1.753601,0.015509,-0.117188
1784159157.014811,1,1.753571,-0.050406,-0.117188
1784159157.024815,1,1.753571,-0.038774,-0.117188
1784159157.034897,1,1.753601,0.019387,-0.125000
1784159157.044813,1,1.753571,-0.042651,-0.117188
1784159157.054791,1,1.753571,-0.054283,-0.125000
1784159157.064794,1,1.753601,0.000000,-0.117188
1784159157.074793,1,1.753571,0.015509,-0.125000
1784159157.084794,1,1.753601,0.007755,-0.121094
1784159157.094790,1,1.753601,0.019387,-0.117188
1784159157.104798,1,1.753601,0.000000,-0.125000
1784159157.114797,1,1.753601,0.015509,-0.117188
1784159157.124930,1,1.753571,-0.031019,-0.117188
1784159157.134791,1,1.753601,0.011632,-0.117188
1784159157.144793,1,1.753571,-0.046528,-0.125000
1784159157.154803,1,1.753601,0.000000,-0.117188
1784159157.164793,1,1.753571,-0.046528,-0.117188
1784159157.174796,1,1.753571,-0.031019,-0.125000
1784159157.184803,1,1.753601,-0.054283,-0.117188
1784159157.194793,1,1.753571,-0.046528,-0.117188
1784159157.204795,1,1.753571,-0.038774,-0.109375
1784159157.214793,1,1.753571,-0.042651,-0.117188
1784159157.224793,1,1.753540,-0.108566,-0.125000
1784159157.234792,1,1.753571,-0.046528,-0.117188
1784159157.244811,1,1.753571,-0.046528,-0.121094
1784159157.254794,1,1.753571,-0.038774,-0.125000
1784159157.264794,1,1.753631,0.073670,-0.117188
1784159157.274795,1,1.753571,-0.038774,-0.117188
1784159157.284792,1,1.753601,0.019387,-0.117188
1784159157.294794,1,1.753601,0.011632,-0.117188
1784159157.304794,1,1.753601,0.015509,-0.125000
1784159157.314795,1,1.753571,-0.058161,-0.117188
1784159157.324794,1,1.753571,-0.100812,-0.117188
1784159157.334772,1,1.753571,-0.038774,-0.117188
1784159157.344783,1,1.753571,-0.038774,-0.117188
1784159157.354773,1,1.753571,-0.031019,-0.117188
1784159157.364775,1,1.753601,0.069793,-0.117188
1784159157.374776,1,1.753601,0.023264,-0.117188
1784159157.384772,1,1.753571,-0.058161,-0.117188
1784159157.394788,1,1.753571,-0.042651,-0.117188
1784159157.404776,1,1.753601,0.003877,-0.109375
1784159157.414778,1,1.753571,-0.034896,-0.117188
1784159157.424775,1,1.753571,-0.034896,-0.117188
1784159157.434897,1,1.753601,0.015509,-0.117188
1784159157.444780,1,1.753601,-0.042651,-0.117188
1784159157.454777,1,1.753571,-0.054283,-0.121094
1784159157.464775,1,1.753601,0.003877,-0.117188
1784159157.474782,1,1.753601,0.011632,-0.117188
1784159157.484777,1,1.753601,0.019387,-0.117188
1784159157.494778,1,1.753571,-0.034896,-0.117188
1784159157.504772,1,1.753571,-0.038774,-0.125000
1784159157.514781,1,1.753571,-0.046528,-0.117188
1784159157.524773,1,1.753571,-0.038774,-0.109375
1784159157.534775,1,1.753571,-0.042651,-0.117188
1784159157.544778,1,1.753571,-0.054283,-0.125000
1784159157.554777,1,1.753571,-0.038774,-0.117188
1784159157.564779,1,1.753601,0.019387,-0.117188
1784159157.574762,1,1.753571,-0.034896,-0.117188
1784159157.584778,1,1.753601,0.023264,-0.117188
1784159157.594780,1,1.753571,-0.031019,-0.117188
1784159157.604765,1,1.753601,0.000000,-0.125000
1784159157.614761,1,1.753571,-0.038774,-0.117188
1784159157.624754,1,1.753571,-0.038774,-0.117188
1784159157.634757,1,1.753601,0.019387,-0.125000
1784159157.644757,1,1.753571,-0.038774,-0.109375
1784159157.654755,1,1.753571,-0.038774,-0.117188
1784159157.664754,1,1.753571,-0.027142,-0.121094
1784159157.674757,1,1.753571,-0.031019,-0.117188
1784159157.684762,1,1.753571,-0.038774,-0.117188
1784159157.694759,1,1.753571,-0.038774,-0.121094
1784159157.704755,1,1.753571,-0.038774,-0.125000
1784159157.714756,1,1.753540,-0.093057,-0.117188
1784159157.724757,1,1.753601,0.007755,-0.117188
1784159157.734761,1,1.753631,0.054283,-0.109375
1784159157.744853,1,1.753571,-0.046528,-0.117188
1784159157.754756,1,1.753571,-0.038774,-0.117188
1784159157.764756,1,1.753571,-0.046528,-0.125000
1784159157.774760,1,1.753601,0.019387,-0.117188
1784159157.784772,1,1.753631,0.003877,-0.121094
1784159157.794763,1,1.753601,0.000000,-0.117188
1784159157.804759,1,1.753601,0.003877,-0.121094
1784159157.814759,1,1.753571,-0.034896,-0.117188
1784159157.824759,1,1.753601,0.019387,-0.109375
1784159157.834757,1,1.753601,0.000000,-0.117188
1784159157.844762,1,1.753571,-0.038774,-0.117188
1784159157.854759,1,1.753571,-0.038774,-0.117188
1784159157.864760,1,1.753601,0.019387,-0.117188
1784159157.874759,1,1.753571,-0.046528,-0.117188
1784159157.884737,1,1.753601,0.027142,-0.117188
1784159157.894743,1,1.753571,-0.050406,-0.121094
1784159157.904739,1,1.753601,0.011632,-0.117188
1784159157.914738,1,1.753571,-0.038774,-0.117188
1784159157.924737,1,1.753601,-0.038774,-0.117188
1784159157.934745,1,1.753601,0.019387,-0.125000
1784159157.944739,1,1.753571,-0.038774,-0.117188
1784159157.954738,1,1.753601,0.034896,-0.117188
1784159157.964743,1,1.753571,-0.042651,-0.121094
1784159157.974756,1,1.753571,-0.038774,-0.117188
1784159157.984743,1,1.753571,-0.038774,-0.121094
1784159157.994741,1,1.753571,-0.038774,-0.117188
1784159158.004743,1,1.753571,-0.054283,-0.117188
1784159158.014745,1,1.753540,-0.096934,-0.117188
1784159158.024751,1,1.753571,-0.038774,-0.117188
1784159158.034740,1,1.753601,-0.003877,-0.109375
1784159158.044741,1,1.753601,0.000000,-0.117188
1784159158.054740,1,1.753601,0.000000,-0.117188
1784159158.064739,1,1.753601,0.015509,-0.117188
1784159158.074739,1,1.753571,-0.042651,-0.117188
1784159158.084741,1,1.753571,0.019387,-0.109375
1784159158.094740,1,1.753571,-0.050406,-0.117188
1784159158.104740,1,1.753571,-0.038774,-0.121094
1784159158.114743,1,1.753571,-0.093057,-0.117188
1784159158.124739,1,1.753571,-0.031019,-0.117188
1784159158.134739,1,1.753571,-0.038774,-0.121094
1784159158.144723,1,1.753571,-0.038774,-0.117188
1784159158.154728,1,1.753571,0.023264,-0.121094
1784159158.164723,1,1.753571,-0.054283,-0.117188
1784159158.174725,1,1.753571,-0.042651,-0.109375
1784159158.184724,1,1.753571,-0.038774,-0.117188
1784159158.194727,1,1.753571,-0.038774,-0.117188
1784159158.204726,1,1.753601,-0.038774,-0.109375
1784159158.214723,1,1.753571,-0.038774,-0.117188
1784159158.224731,1,1.753601,0.019387,-0.121094
1784159158.234721,1,1.753571,-0.038774,-0.117188
1784159158.244729,1,1.753571,-0.038774,-0.121094
1784159158.254726,1,1.753571,-0.058161,-0.125000
1784159158.264724,1,1.753571,-0.038774,-0.117188
1784159158.274725,1,1.753571,-0.038774,-0.117188
1784159158.284724,1,1.753601,0.023264,-0.109375
1784159158.294726,1,1.753601,0.000000,-0.117188
1784159158.304727,1,1.753601,0.015509,-0.125000
1784159158.314723,1,1.753571,0.019387,-0.117188
1784159158.324726,1,1.753601,0.000000,-0.117188
1784159158.334729,1,1.753571,-0.046528,-0.121094
1784159158.344732,1,1.753571,-0.034896,-0.117188
1784159158.354725,1,1.753601,0.003877,-0.117188
1784159158.364726,1,1.753571,-0.034896,-0.117188
1784159158.374732,1,1.753571,-0.042651,-0.117188
1784159158.384727,1,1.753601,0.011632,-0.125000
1784159158.394704,1,1.753571,-0.038774,-0.121094
1784159158.404706,1,1.753601,0.015509,-0.117188
1784159158.414703,1,1.753540,-0.104689,-0.121094
1784159158.424704,1,1.753571,-0.023264,-0.109375
1784159158.434806,1,1.753571,-0.023264,-0.117188
1784159158.444713,1,1.753601,0.019387,-0.121094
1784159158.454706,1,1.753571,-0.042651,-0.117188
1784159158.464709,1,1.753571,-0.038774,-0.117188
1784159158.474711,1,1.753601,0.011632,-0.117188
1784159158.484712,1,1.753571,-0.038774,-0.109375
1784159158.494707,1,1.753571,-0.042651,-0.109375
1784159158.504706,1,1.753571,-0.038774,-0.117188
1784159158.514706,1,1.753571,-0.038774,-0.117188
1784159158.524706,1,1.753601,0.011632,-0.125000
1784159158.534711,1,1.753601,0.015509,-0.117188
1784159158.544706,1,1.753601,-0.038774,-0.117188
1784159158.554708,1,1.753601,0.011632,-0.117188
1784159158.564708,1,1.753601,0.019387,-0.117188
1784159158.574703,1,1.753571,-0.054283,-0.117188
1784159158.584703,1,1.753571,-0.031019,-0.125000
1784159158.594705,1,1.753571,-0.046528,-0.109375
1784159158.604709,1,1.753601,0.015509,-0.117188
1784159158.614717,1,1.753571,-0.034896,-0.117188
1784159158.624710,1,1.753571,-0.038774,-0.117188
1784159158.634708,1,1.753571,-0.038774,-0.121094
1784159158.644826,1,1.753601,0.019387,-0.117188
1784159158.654705,1,1.753601,0.019387,-0.117188
1784159158.664712,1,1.753571,-0.042651,-0.117188
1784159158.674704,1,1.753601,0.023264,-0.109375
1784159158.684710,1,1.753540,-0.085302,-0.117188
1784159158.694684,1,1.753540,-0.081425,-0.117188
1784159158.704683,1,1.753601,0.031019,-0.117188
1784159158.714690,1,1.753571,-0.042651,-0.117188
1784159158.724763,1,1.753571,-0.038774,-0.117188
1784159158.734688,1,1.753601,0.034896,-0.125000
1784159158.744683,1,1.753540,-0.077547,-0.117188
1784159158.754684,1,1.753571,-0.038774,-0.121094
1784159158.764683,1,1.753571,-0.038774,-0.121094
1784159158.774688,1,1.753601,0.015509,-0.109375
1784159158.784690,1,1.753571,-0.031019,-0.117188
1784159158.794689,1,1.753571,-0.042651,-0.117188
1784159158.804685,1,1.753571,0.011632,-0.117188
1784159158.814685,1,1.753571,-0.050406,-0.125000
1784159158.824688,1,1.753631,0.065915,-0.117188
1784159158.834687,1,1.753571,-0.031019,-0.117188
1784159158.844689,1,1.753601,-0.038774,-0.125000
1784159158.854686,1,1.753571,0.019387,-0.109375
1784159158.864687,1,1.753571,-0.031019,-0.117188
1784159158.874687,1,1.753571,-0.042651,-0.117188
1784159158.884689,1,1.753571,-0.038774,-0.117188
1784159158.894691,1,1.753571,-0.042651,-0.121094
1784159158.904687,1,1.753571,-0.038774,-0.121094
1784159158.914693,1,1.753571,-0.031019,-0.117188
1784159158.924691,1,1.753571,-0.038774,-0.125000
1784159158.934690,1,1.753571,-0.034896,-0.109375
1784159158.944687,1,1.753571,-0.038774,-0.109375
1784159158.954687,1,1.753601,0.019387,-0.117188
1784159158.964696,1,1.753571,0.015509,-0.109375
1784159158.974679,1,1.753571,-0.038774,-0.109375
1784159158.984672,1,1.753571,-0.038774,-0.117188
1784159158.994679,1,1.753601,0.019387,-0.117188
1784159159.004669,1,1.753601,0.019387,-0.121094
1784159159.014671,1,1.753601,0.019387,-0.117188
1784159159.024666,1,1.753571,-0.023264,-0.117188
1784159159.034668,1,1.753601,0.023264,-0.117188
1784159159.044671,1,1.753571,-0.031019,-0.117188
1784159159.054670,1,1.753571,-0.042651,-0.117188
1784159159.064668,1,1.753601,0.015509,-0.125000
1784159159.074671,1,1.753571,-0.038774,-0.117188
1784159159.084669,1,1.753571,-0.031019,-0.121094
1784159159.094736,1,1.753571,-0.011632,-0.117188
1784159159.104670,1,1.753601,0.011632,-0.117188
1784159159.114671,1,1.753571,-0.038774,-0.117188
1784159159.124675,1,1.753571,-0.038774,-0.117188
1784159159.134669,1,1.753571,-0.038774,-0.117188
1784159159.144684,1,1.753601,0.015509,-0.125000
1784159159.154670,1,1.753601,0.000000,-0.117188
1784159159.164679,1,1.753601,0.015509,-0.117188
1784159159.174672,1,1.753571,-0.023264,-0.117188
1784159159.184671,1,1.753601,0.023264,-0.117188
1784159159.194669,1,1.753571,-0.042651,-0.117188
1784159159.204669,1,1.753601,0.019387,-0.117188
1784159159.214669,1,1.753571,-0.034896,-0.117188
1784159159.224669,1,1.753601,0.011632,-0.121094
1784159159.234676,1,1.753571,-0.038774,-0.125000
1784159159.244649,1,1.753571,-0.031019,-0.117188
1784159159.254649,1,1.753571,-0.031019,-0.117188
1784159159.264652,1,1.753571,-0.031019,-0.117188
1784159159.274648,1,1.753571,-0.042651,-0.109375
1784159159.284648,1,1.753571,-0.038774,-0.125000
1784159159.294743,1,1.753571,-0.038774,-0.117188
1784159159.304650,1,1.753571,-0.038774,-0.117188
1784159159.314652,1,1.753571,-0.042651,-0.117188
1784159159.324654,1,1.753571,-0.034896,-0.125000
1784159159.334653,1,1.753571,-0.038774,-0.121094
1784159159.344658,1,1.753571,-0.038774,-0.117188
1784159159.354655,1,1.753601,0.015509,-0.121094
1784159159.364654,1,1.753601,0.019387,-0.125000
1784159159.374651,1,1.753571,-0.038774,-0.117188
1784159159.384656,1,1.753601,0.015509,-0.121094
1784159159.394654,1,1.753601,0.019387,-0.117188
1784159159.404658,1,1.753571,-0.038774,-0.117188
1784159159.414652,1,1.753571,-0.034896,-0.117188
1784159159.424653,1,1.753571,-0.038774,-0.117188
1784159159.434654,1,1.753571,-0.038774,-0.117188
1784159159.444662,1,1.753571,-0.038774,-0.117188
1784159159.454654,1,1.753571,-0.031019,-0.109375
1784159159.464654,1,1.753571,-0.034896,-0.117188
1784159159.474654,1,1.753601,0.027142,-0.117188
1784159159.484655,1,1.753601,0.023264,-0.117188
1784159159.494652,1,1.753601,0.007755,-0.117188
1784159159.504653,1,1.753571,-0.038774,-0.105469
1784159159.514664,1,1.753571,-0.031019,-0.117188
1784159159.524633,1,1.753571,-0.038774,-0.109375
1784159159.534699,1,1.753540,-0.093057,-0.117188
1784159159.544635,1,1.753571,-0.027142,-0.117188
1784159159.554637,1,1.753571,-0.038774,-0.121094
1784159159.564635,1,1.753571,-0.027142,-0.121094
1784159159.574633,1,1.753540,-0.077547,-0.117188
1784159159.584635,1,1.753601,0.015509,-0.125000
1784159159.594633,1,1.753571,-0.038774,-0.121094
1784159159.604637,1,1.753571,-0.038774,-0.117188
1784159159.614633,1,1.753601,0.031019,-0.109375
1784159159.624635,1,1.753571,-0.038774,-0.117188
1784159159.634637,1,1.753601,0.019387,-0.117188
1784159159.644640,1,1.753571,-0.054283,-0.125000
1784159159.654640,1,1.753571,-0.038774,-0.121094
1784159159.664698,1,1.753571,-0.042651,-0.117188
1784159159.674637,1,1.753571,-0.038774,-0.117188
1784159159.684636,1,1.753571,-0.034896,-0.125000
1784159159.694635,1,1.753571,-0.038774,-0.117188
1784159159.704635,1,1.753571,-0.031019,-0.125000
1784159159.714635,1,1.753571,-0.034896,-0.117188
1784159159.724636,1,1.753601,0.015509,-0.109375
1784159159.734635,1,1.753571,-0.034896,-0.117188
1784159159.744638,1,1.753571,-0.038774,-0.117188
1784159159.754635,1,1.753571,-0.027142,-0.109375
1784159159.764636,1,1.753571,-0.034896,-0.117188
1784159159.774636,1,1.753571,-0.027142,-0.117188
1784159159.784621,1,1.753571,-0.019387,-0.117188
1784159159.794621,1,1.753571,-0.038774,-0.117188
1784159159.804615,1,1.753571,-0.031019,-0.121094
1784159159.814621,1,1.753571,-0.011632,-0.109375
1784159159.824619,1,1.753601,0.019387,-0.109375
1784159159.834624,1,1.753601,-0.038774,-0.117188
1784159159.844618,1,1.753571,-0.038774,-0.117188
1784159159.854618,1,1.753601,0.019387,-0.117188
1784159159.864619,1,1.753571,-0.034896,-0.121094
1784159159.874619,1,1.753571,-0.038774,-0.117188
1784159159.884624,1,1.753571,-0.023264,-0.117188
1784159159.894628,1,1.753571,-0.038774,-0.117188
1784159159.904618,1,1.753571,-0.023264,-0.109375
1784159159.914620,1,1.753571,-0.038774,-0.117188
1784159159.924623,1,1.753601,0.019387,-0.125000
1784159159.934626,1,1.753571,-0.038774,-0.125000
1784159159.944626,1,1.753601,0.034896,-0.121094
1784159159.954620,1,1.753601,0.027142,-0.117188
1784159159.964619,1,1.753631,0.077547,-0.117188
1784159159.974626,1,1.753571,-0.015509,-0.109375
1784159159.984612,1,1.753571,-0.038774,-0.117188
1784159159.994612,1,1.753571,-0.034896,-0.109375
1784159160.004625,1,1.753571,-0.031019,-0.117188
1784159160.014622,1,1.753571,-0.034896,-0.109375
1784159160.024617,1,1.753601,0.015509,-0.121094
1784159160.034681,1,1.753571,-0.038774,-0.121094
1784159160.044690,1,1.753571,0.023264,-0.109375
1784159160.054604,1,1.753571,-0.034896,-0.117188
1784159160.064719,1,1.753571,-0.031019,-0.125000
1784159160.074605,1,1.753571,-0.038774,-0.117188
1784159160.084604,1,1.753571,-0.038774,-0.117188
1784159160.094603,1,1.753571,-0.038774,-0.117188
1784159160.104671,1,1.753571,-0.034896,-0.117188
1784159160.114603,1,1.753571,-0.038774,-0.117188
1784159160.124601,1,1.753571,-0.038774,-0.117188
1784159160.134600,1,1.753601,0.019387,-0.125000
1784159160.144602,1,1.753571,-0.038774,-0.117188
1784159160.154603,1,1.753571,-0.019387,-0.109375
1784159160.164598,1,1.753571,-0.031019,-0.125000
1784159160.174600,1,1.753571,-0.038774,-0.121094
1784159160.184605,1,1.753601,0.015509,-0.117188
1784159160.194607,1,1.753571,-0.058161,-0.117188
1784159160.204605,1,1.753571,-0.031019,-0.117188
1784159160.214607,1,1.753571,-0.050406,-0.125000
1784159160.224601,1,1.753571,-0.042651,-0.125000
1784159160.234670,1,1.753571,-0.038774,-0.125000
1784159160.244606,1,1.753571,-0.038774,-0.117188
1784159160.254604,1,1.753571,-0.038774,-0.117188
1784159160.264604,1,1.753571,-0.038774,-0.121094
1784159160.274604,1,1.753601,0.003877,-0.117188
1784159160.284603,1,1.753571,-0.034896,-0.121094
1784159160.294651,1,1.753571,-0.034896,-0.117188
1784159160.304603,1,1.753601,0.011632,-0.117188
1784159160.314606,1,1.753601,0.019387,-0.117188
1784159160.324599,1,1.753571,-0.038774,-0.117188
1784159160.334584,1,1.753601,0.019387,-0.117188
1784159160.344581,1,1.753601,0.011632,-0.117188
1784159160.354644,1,1.753571,-0.034896,-0.117188
1784159160.364654,1,1.753601,0.011632,-0.117188
1784159160.374690,1,1.753601,0.019387,-0.117188
1784159160.384591,1,1.753571,-0.038774,-0.125000
1784159160.394579,1,1.753571,-0.038774,-0.125000
1784159160.404579,1,1.753601,0.011632,-0.117188
1784159160.414676,1,1.753540,-0.081425,-0.117188
1784159160.424588,1,1.753601,0.015509,-0.117188
1784159160.434595,1,1.753540,-0.073670,-0.109375
1784159160.444588,1,1.753601,0.019387,-0.125000
1784159160.454586,1,1.753571,-0.038774,-0.121094
1784159160.464580,1,1.753571,-0.038774,-0.117188
1784159160.474580,1,1.753571,-0.046528,-0.117188
1784159160.484582,1,1.753571,-0.031019,-0.125000
1784159160.494581,1,1.753540,-0.038774,-0.117188
1784159160.504591,1,1.753571,-0.034896,-0.117188
1784159160.514586,1,1.753571,-0.027142,-0.109375
1784159160.524595,1,1.753571,-0.034896,-0.125000
1784159160.534586,1,1.753571,-0.038774,-0.117188
1784159160.544582,1,1.753571,-0.034896,-0.109375
1784159160.554585,1,1.753540,-0.031019,-0.117188
1784159160.564580,1,1.753571,-0.031019,-0.117188
1784159160.574648,1,1.753571,-0.031019,-0.117188
1784159160.584584,1,1.753571,-0.034896,-0.117188
1784159160.594583,1,1.753571,-0.038774,-0.117188
1784159160.604562,1,1.753571,-0.038774,-0.117188
1784159160.614576,1,1.753540,-0.081425,-0.121094
1784159160.624659,1,1.753571,-0.023264,-0.117188
1784159160.635559,1,1.753571,-0.031019,-0.117188
1784159160.644559,1,1.753601,0.019387,-0.117188
1784159160.654560,1,1.753571,-0.042651,-0.117188
1784159160.664561,1,1.753571,-0.027142,-0.121094
1784159160.674561,1,1.753571,-0.038774,-0.121094
1784159160.684560,1,1.753571,-0.038774,-0.125000
1784159160.694560,1,1.753571,-0.038774,-0.117188
1784159160.704561,1,1.753571,-0.038774,-0.109375
1784159160.714564,1,1.753571,-0.038774,-0.117188
1784159160.724570,1,1.753571,-0.038774,-0.117188
1784159160.734564,1,1.753571,-0.027142,-0.117188
1784159160.744573,1,1.753571,-0.034896,-0.117188
1784159160.754562,1,1.753571,-0.038774,-0.121094
1784159160.764560,1,1.753571,-0.042651,-0.117188
1784159160.774560,1,1.753571,-0.038774,-0.117188
1784159160.784561,1,1.753571,-0.038774,-0.117188
1784159160.794572,1,1.753601,0.019387,-0.117188
1784159160.804562,1,1.753571,-0.038774,-0.117188
1784159160.814564,1,1.753601,0.019387,-0.117188
1784159160.824561,1,1.753571,-0.031019,-0.117188
1784159160.834564,1,1.753571,-0.038774,-0.125000
1784159160.844570,1,1.753601,0.019387,-0.121094
1784159160.854570,1,1.753571,-0.046528,-0.117188
1784159160.864561,1,1.753571,-0.038774,-0.117188
1784159160.874572,1,1.753601,0.019387,-0.117188
1784159160.884547,1,1.753571,-0.042651,-0.117188
1784159160.894542,1,1.753571,-0.027142,-0.125000
1784159160.904545,1,1.753571,-0.007755,-0.109375
1784159160.914550,1,1.753571,-0.042651,-0.117188
1784159160.924544,1,1.753540,-0.093057,-0.105469
1784159160.934542,1,1.753601,0.019387,-0.117188
1784159160.944542,1,1.753571,-0.031019,-0.105469
1784159160.954558,1,1.753571,-0.031019,-0.109375
1784159160.964548,1,1.753571,-0.042651,-0.117188
1784159160.974545,1,1.753571,-0.034896,-0.109375
1784159160.984550,1,1.753601,-0.038774,-0.117188
1784159160.994544,1,1.753601,0.011632,-0.117188
1784159161.004544,1,1.753601,0.031019,-0.105469
1784159161.014551,1,1.753571,-0.031019,-0.125000
1784159161.024543,1,1.753571,-0.038774,-0.121094
1784159161.034547,1,1.753601,0.011632,-0.117188
1784159161.044629,1,1.753571,-0.034896,-0.121094
1784159161.054547,1,1.753571,-0.027142,-0.109375
1784159161.064546,1,1.753571,-0.038774,-0.117188
1784159161.074546,1,1.753601,0.019387,-0.117188
1784159161.084544,1,1.753571,-0.038774,-0.109375
1784159161.094545,1,1.753601,0.011632,-0.117188
1784159161.104544,1,1.753571,0.019387,-0.117188
1784159161.114545,1,1.753571,-0.027142,-0.117188
1784159161.124547,1,1.753571,-0.038774,-0.121094
1784159161.134545,1,1.753571,-0.038774,-0.117188
1784159161.144627,1,1.753601,0.031019,-0.117188
1784159161.155522,1,1.753601,0.027142,-0.125000
1784159161.164524,1,1.753601,0.019387,-0.105469
1784159161.174526,1,1.753601,0.042651,-0.117188
1784159161.184526,1,1.753601,0.019387,-0.117188
1784159161.194527,1,1.753571,-0.023264,-0.109375
1784159161.204524,1,1.753601,0.027142,-0.117188
1784159161.214525,1,1.753571,-0.038774,-0.117188
1784159161.224525,1,1.753571,-0.015509,-0.117188
1784159161.234528,1,1.753601,0.011632,-0.125000
1784159161.244524,1,1.753601,0.011632,-0.125000
1784159161.254526,1,1.753540,-0.081425,-0.121094
1784159161.264527,1,1.753571,-0.038774,-0.117188
1784159161.274526,1,1.753571,-0.042651,-0.117188
1784159161.284529,1,1.753571,-0.050406,-0.117188
1784159161.294528,1,1.753601,-0.031019,-0.117188
1784159161.304533,1,1.753601,0.019387,-0.117188
1784159161.314525,1,1.753540,-0.093057,-0.117188
1784159161.324584,1,1.753601,-0.031019,-0.117188
1784159161.334529,1,1.753571,-0.038774,-0.109375
1784159161.344528,1,1.753601,0.023264,-0.105469
1784159161.354530,1,1.753571,-0.023264,-0.117188
1784159161.364527,1,1.753540,-0.081425,-0.109375
1784159161.374532,1,1.753571,-0.015509,-0.109375
1784159161.384527,1,1.753571,-0.042651,-0.121094
1784159161.394526,1,1.753571,-0.027142,-0.117188
1784159161.404526,1,1.753571,-0.027142,-0.117188
1784159161.414514,1,1.753571,-0.038774,-0.125000
1784159161.424509,1,1.753571,-0.038774,-0.109375
1784159161.434519,1,1.753571,-0.038774,-0.121094
1784159161.444511,1,1.753571,-0.038774,-0.117188
1784159161.454512,1,1.753601,0.034896,-0.117188
1784159161.464510,1,1.753540,-0.096934,-0.117188
1784159161.474509,1,1.753571,-0.031019,-0.117188
1784159161.484517,1,1.753571,-0.031019,-0.117188
1784159161.494587,1,1.753601,0.019387,-0.117188
1784159161.505512,1,1.753601,0.019387,-0.125000
1784159161.514514,1,1.753571,-0.031019,-0.125000
1784159161.524519,1,1.753601,0.011632,-0.117188
1784159161.534512,1,1.753571,-0.031019,-0.109375
1784159161.544513,1,1.753571,-0.027142,-0.117188
1784159161.554513,1,1.753601,0.015509,-0.117188
1784159161.564512,1,1.753571,-0.038774,-0.117188
1784159161.574515,1,1.753540,-0.077547,-0.117188
1784159161.584514,1,1.753601,0.019387,-0.109375
1784159161.594510,1,1.753571,-0.038774,-0.117188
1784159161.604512,1,1.753571,-0.034896,-0.109375
1784159161.614574,1,1.753601,0.023264,-0.117188
1784159161.624595,1,1.753571,-0.034896,-0.121094
1784159161.634521,1,1.753571,-0.019387,-0.121094
1784159161.644513,1,1.753540,-0.073670,-0.117188
1784159161.654513,1,1.753571,-0.027142,-0.117188
1784159161.664499,1,1.753571,-0.038774,-0.117188
1784159161.674493,1,1.753571,-0.034896,-0.121094
1784159161.684512,1,1.753601,0.027142,-0.117188
1784159161.694490,1,1.753571,-0.034896,-0.121094
1784159161.704489,1,1.753601,0.031019,-0.125000
1784159161.714492,1,1.753571,-0.038774,-0.125000
1784159161.724492,1,1.753571,-0.015509,-0.117188
1784159161.734490,1,1.753571,-0.038774,-0.125000
1784159161.744493,1,1.753571,-0.027142,-0.109375
1784159161.754492,1,1.753571,-0.027142,-0.117188
1784159161.764489,1,1.753540,-0.085302,-0.121094
1784159161.774488,1,1.753601,0.007755,-0.121094
1784159161.784498,1,1.753571,-0.027142,-0.117188
1784159161.794489,1,1.753601,0.027142,-0.117188
1784159161.804488,1,1.753571,-0.027142,-0.125000
1784159161.814486,1,1.753601,0.027142,-0.117188
1784159161.824490,1,1.753571,-0.023264,-0.117188
1784159161.834491,1,1.753571,0.019387,-0.117188
1784159161.844490,1,1.753540,-0.093057,-0.117188
1784159161.854490,1,1.753571,-0.019387,-0.117188
1784159161.864493,1,1.753571,-0.034896,-0.125000
1784159161.874492,1,1.753601,0.011632,-0.117188
1784159161.884492,1,1.753571,-0.003877,-0.117188
1784159161.894490,1,1.753571,-0.019387,-0.117188
1784159161.904493,1,1.753540,-0.081425,-0.117188
1784159161.914490,1,1.753571,-0.038774,-0.117188
1784159161.924493,1,1.753601,0.046528,-0.117188
1784159161.934490,1,1.753571,-0.031019,-0.105469
1784159161.944490,1,1.753571,-0.038774,-0.121094
1784159161.954491,1,1.753601,0.023264,-0.117188
1784159161.964490,1,1.753571,-0.015509,-0.117188
1784159161.974487,1,1.753571,0.034896,-0.117188
1784159161.984472,1,1.753571,-0.038774,-0.117188
1784159161.994474,1,1.753571,-0.042651,-0.125000
1784159162.004471,1,1.753601,0.011632,-0.117188
1784159162.014475,1,1.753601,0.019387,-0.109375
1784159162.024473,1,1.753601,0.007755,-0.117188
1784159162.034478,1,1.753571,-0.050406,-0.117188
1784159162.044474,1,1.753571,-0.042651,-0.109375
1784159162.054471,1,1.753571,-0.050406,-0.117188
1784159162.064530,1,1.753571,-0.031019,-0.125000
1784159162.074569,1,1.753540,-0.069793,-0.121094
1784159162.084538,1,1.753571,-0.031019,-0.121094
1784159162.094472,1,1.753571,-0.031019,-0.117188
1784159162.104477,1,1.753571,-0.038774,-0.117188
1784159162.114478,1,1.753540,-0.077547,-0.117188
1784159162.124473,1,1.753540,-0.093057,-0.117188
1784159162.134474,1,1.753601,0.019387,-0.109375
1784159162.144477,1,1.753571,-0.038774,-0.121094
1784159162.154481,1,1.753601,0.019387,-0.117188
1784159162.164476,1,1.753571,-0.034896,-0.117188
1784159162.174474,1,1.753540,-0.096934,-0.121094
1784159162.184473,1,1.753571,-0.038774,-0.117188
1784159162.194474,1,1.753571,-0.031019,-0.117188
1784159162.204478,1,1.753571,-0.027142,-0.117188
1784159162.214475,1,1.753571,-0.027142,-0.117188
1784159162.224474,1,1.753601,0.027142,-0.125000
1784159162.234473,1,1.753601,0.023264,-0.121094
1784159162.244454,1,1.753571,-0.023264,-0.121094
1784159162.254453,1,1.753571,-0.027142,-0.125000
1784159162.264455,1,1.753571,-0.046528,-0.109375
1784159162.274455,1,1.753571,-0.031019,-0.125000
1784159162.284555,1,1.753601,0.019387,-0.117188
1784159162.294456,1,1.753571,-0.038774,-0.117188
1784159162.304458,1,1.753571,-0.046528,-0.121094
1784159162.314460,1,1.753571,-0.042651,-0.109375
1784159162.324456,1,1.753571,-0.034896,-0.117188
1784159162.334460,1,1.753571,-0.027142,-0.109375
1784159162.344457,1,1.753540,-0.093057,-0.117188
1784159162.354457,1,1.753540,-0.093057,-0.117188
1784159162.364452,1,1.753601,0.019387,-0.117188
1784159162.374454,1,1.753571,-0.038774,-0.125000
1784159162.384455,1,1.753571,-0.015509,-0.121094
1784159162.394455,1,1.753571,-0.031019,-0.117188
1784159162.404458,1,1.753571,-0.031019,-0.125000
1784159162.414452,1,1.753571,-0.031019,-0.121094
1784159162.424454,1,1.753571,0.019387,-0.121094
1784159162.434454,1,1.753571,-0.031019,-0.117188
1784159162.444455,1,1.753540,-0.093057,-0.117188
1784159162.454455,1,1.753571,-0.038774,-0.121094
1784159162.464457,1,1.753571,-0.031019,-0.117188
1784159162.474457,1,1.753571,-0.038774,-0.117188
1784159162.484457,1,1.753571,-0.042651,-0.121094
1784159162.494456,1,1.753571,-0.038774,-0.125000
1784159162.504458,1,1.753571,-0.031019,-0.117188
1784159162.514458,1,1.753571,-0.031019,-0.117188
1784159162.524433,1,1.753571,-0.015509,-0.125000
1784159162.534434,1,1.753540,-0.093057,-0.125000
1784159162.544437,1,1.753571,-0.038774,-0.117188
1784159162.554446,1,1.753571,-0.038774,-0.121094
1784159162.564439,1,1.753601,0.023264,-0.117188
1784159162.574438,1,1.753571,-0.015509,-0.117188
1784159162.584446,1,1.753571,-0.038774,-0.117188
1784159162.594445,1,1.753571,0.085302,-0.117188
1784159162.604436,1,1.753571,-0.034896,-0.117188
1784159162.614441,1,1.753601,0.019387,-0.117188
1784159162.624437,1,1.753571,-0.038774,-0.117188
1784159162.634441,1,1.753571,-0.038774,-0.109375
1784159162.644437,1,1.753571,0.019387,-0.117188
1784159162.654436,1,1.753571,-0.023264,-0.105469
1784159162.664443,1,1.753571,-0.038774,-0.109375
1784159162.674441,1,1.753571,-0.011632,-0.117188
1784159162.684437,1,1.753571,-0.015509,-0.117188
1784159162.694436,1,1.753571,-0.038774,-0.117188
1784159162.704440,1,1.753540,-0.073670,-0.117188
1784159162.714444,1,1.753601,0.019387,-0.109375
1784159162.724439,1,1.753540,-0.073670,-0.109375
1784159162.734444,1,1.753601,0.034896,-0.117188
1784159162.744440,1,1.753571,-0.027142,-0.117188
1784159162.754441,1,1.753540,-0.081425,-0.109375
1784159162.764441,1,1.753540,-0.069793,-0.117188
1784159162.774440,1,1.753540,-0.034896,-0.117188
1784159162.784439,1,1.753571,-0.038774,-0.117188
1784159162.794427,1,1.753571,-0.031019,-0.117188
1784159162.804418,1,1.753571,-0.011632,-0.117188
1784159162.814420,1,1.753571,-0.031019,-0.121094
1784159162.824417,1,1.753571,-0.038774,-0.117188
1784159162.834419,1,1.753601,0.027142,-0.117188
1784159162.844418,1,1.753571,-0.038774,-0.125000
1784159162.854419,1,1.753571,-0.038774,-0.117188
1784159162.864420,1,1.753571,-0.023264,-0.121094
1784159162.874422,1,1.753631,0.089180,-0.121094
1784159162.884429,1,1.753571,-0.038774,-0.117188
1784159162.894422,1,1.753571,-0.038774,-0.109375
1784159162.904421,1,1.753540,-0.100812,-0.121094
1784159162.914426,1,1.753571,-0.011632,-0.117188
1784159162.924417,1,1.753571,-0.015509,-0.117188
1784159162.934421,1,1.753571,-0.038774,-0.117188
1784159162.944419,1,1.753601,0.019387,-0.117188
1784159162.954419,1,1.753571,-0.038774,-0.117188
1784159162.964421,1,1.753631,0.065915,-0.121094
1784159162.974420,1,1.753571,-0.038774,-0.117188
1784159162.984420,1,1.753601,0.019387,-0.117188
1784159162.994420,1,1.753571,-0.031019,-0.117188
1784159163.004420,1,1.753571,-0.038774,-0.117188
1784159163.014420,1,1.753571,-0.042651,-0.109375
1784159163.024422,1,1.753540,-0.023264,-0.109375
1784159163.034425,1,1.753601,0.031019,-0.125000
1784159163.044430,1,1.753540,-0.093057,-0.109375
1784159163.055422,1,1.753571,-0.027142,-0.117188
1784159163.064420,1,1.753571,-0.015509,-0.121094
1784159163.074405,1,1.753571,-0.038774,-0.121094
1784159163.084404,1,1.753571,-0.027142,-0.117188
1784159163.094404,1,1.753601,-0.015509,-0.117188
1784159163.104405,1,1.753571,-0.034896,-0.117188
1784159163.114404,1,1.753571,-0.027142,-0.117188
1784159163.124403,1,1.753571,-0.042651,-0.117188
1784159163.134402,1,1.753631,0.077547,-0.117188
1784159163.144407,1,1.753571,-0.027142,-0.121094
1784159163.154409,1,1.753571,-0.027142,-0.117188
1784159163.165403,1,1.753601,0.019387,-0.109375
1784159163.174412,1,1.753540,-0.093057,-0.109375
1784159163.184404,1,1.753571,-0.031019,-0.117188
1784159163.194407,1,1.753601,0.019387,-0.121094
1784159163.204405,1,1.753571,-0.038774,-0.125000
1784159163.214404,1,1.753571,-0.019387,-0.117188
1784159163.225405,1,1.753540,-0.089180,-0.121094
1784159163.234411,1,1.753571,-0.038774,-0.117188
1784159163.245409,1,1.753540,-0.096934,-0.117188
1784159163.255415,1,1.753571,-0.038774,-0.109375
1784159163.265406,1,1.753631,0.077547,-0.121094
1784159163.274406,1,1.753601,0.019387,-0.117188
1784159163.285408,1,1.753601,-0.038774,-0.125000
1784159163.294406,1,1.753571,-0.027142,-0.117188
1784159163.305386,1,1.753571,-0.015509,-0.109375
1784159163.315391,1,1.753571,-0.034896,-0.117188
1784159163.325386,1,1.753601,0.019387,-0.125000
1784159163.335383,1,1.753571,-0.042651,-0.121094
1784159163.345384,1,1.753571,-0.046528,-0.117188
1784159163.355390,1,1.753540,-0.019387,-0.117188
1784159163.365384,1,1.753571,-0.015509,-0.117188
1784159163.375383,1,1.753601,0.034896,-0.117188
1784159163.385384,1,1.753571,-0.015509,-0.109375
1784159163.395384,1,1.753571,-0.034896,-0.125000
1784159163.405386,1,1.753601,0.019387,-0.121094
1784159163.415383,1,1.753571,-0.038774,-0.109375
1784159163.425383,1,1.753571,-0.031019,-0.117188
1784159163.435384,1,1.753601,0.011632,-0.117188
1784159163.445388,1,1.753540,-0.093057,-0.121094
1784159163.455388,1,1.753601,0.019387,-0.117188
1784159163.465389,1,1.753571,-0.038774,-0.117188
1784159163.475386,1,1.753571,-0.031019,-0.121094
1784159163.485385,1,1.753540,-0.069793,-0.117188
1784159163.495386,1,1.753571,-0.038774,-0.117188
1784159163.505388,1,1.753601,0.023264,-0.117188
1784159163.515388,1,1.753601,0.019387,-0.121094
1784159163.525385,1,1.753601,0.023264,-0.117188
1784159163.535388,1,1.753571,-0.027142,-0.117188
1784159163.545385,1,1.753571,-0.023264,-0.117188
1784159163.555387,1,1.753571,-0.023264,-0.117188
1784159163.565391,1,1.753571,-0.027142,-0.121094
1784159163.575388,1,1.753571,-0.027142,-0.109375
1784159163.585375,1,1.753571,-0.042651,-0.121094
1784159163.595387,1,1.753571,-0.015509,-0.117188
1784159163.605387,1,1.753571,-0.031019,-0.109375
1784159163.615367,1,1.753571,-0.031019,-0.117188
1784159163.625494,1,1.753540,-0.089180,-0.117188
1784159163.635373,1,1.753571,-0.015509,-0.117188
1784159163.645371,1,1.753571,-0.034896,-0.117188
1784159163.655368,1,1.753571,-0.038774,-0.117188
1784159163.665366,1,1.753571,-0.042651,-0.117188
1784159163.675369,1,1.753571,-0.038774,-0.125000
1784159163.685451,1,1.753571,0.073670,-0.109375
1784159163.695365,1,1.753571,-0.038774,-0.117188
1784159163.705364,1,1.753571,-0.038774,-0.121094
1784159163.715365,1,1.753571,-0.038774,-0.117188
1784159163.725364,1,1.753571,-0.015509,-0.117188
1784159163.735373,1,1.753571,-0.015509,-0.117188
1784159163.745367,1,1.753601,0.019387,-0.117188
1784159163.755483,1,1.753601,0.015509,-0.117188
1784159163.765481,1,1.753571,-0.038774,-0.117188
1784159163.775373,1,1.753571,-0.019387,-0.117188
1784159163.785370,1,1.753571,-0.031019,-0.117188
1784159163.795371,1,1.753601,0.019387,-0.117188
1784159163.805368,1,1.753601,0.019387,-0.117188
1784159163.815372,1,1.753571,-0.038774,-0.117188
1784159163.825370,1,1.753571,-0.019387,-0.125000
1784159163.835370,1,1.753571,-0.038774,-0.117188
1784159163.845372,1,1.753601,0.031019,-0.121094
1784159163.855370,1,1.753571,-0.031019,-0.117188
1784159163.865369,1,1.753571,-0.027142,-0.117188
1784159163.875367,1,1.753601,-0.019387,-0.109375
1784159163.885349,1,1.753601,0.046528,-0.109375
1784159163.895348,1,1.753571,-0.019387,-0.117188
1784159163.905350,1,1.753571,-0.031019,-0.117188
1784159163.915349,1,1.753571,-0.027142,-0.117188
1784159163.925356,1,1.753601,0.019387,-0.117188
1784159163.935346,1,1.753571,-0.011632,-0.109375
1784159163.945345,1,1.753571,-0.027142,-0.117188
1784159163.955349,1,1.753571,-0.023264,-0.117188
1784159163.965351,1,1.753601,0.027142,-0.117188
1784159163.975348,1,1.753540,-0.093057,-0.117188
1784159163.985349,1,1.753571,-0.031019,-0.117188
1784159163.995349,1,1.753571,-0.096934,-0.117188
1784159164.005351,1,1.753571,-0.038774,-0.117188
1784159164.015348,1,1.753571,-0.038774,-0.121094
1784159164.025347,1,1.753601,0.023264,-0.109375
1784159164.035354,1,1.753571,-0.019387,-0.117188
1784159164.045352,1,1.753571,-0.038774,-0.125000
1784159164.055347,1,1.753571,-0.027142,-0.121094
1784159164.065454,1,1.753571,-0.050406,-0.117188
1784159164.075356,1,1.753571,-0.031019,-0.117188
1784159164.085355,1,1.753571,-0.015509,-0.117188
1784159164.095357,1,1.753571,-0.038774,-0.125000
1784159164.105356,1,1.753601,0.019387,-0.117188
1784159164.115355,1,1.753571,-0.031019,-0.117188
1784159164.125348,1,1.753571,-0.054283,-0.109375
1784159164.135349,1,1.753571,-0.034896,-0.117188
1784159164.145352,1,1.753571,-0.050406,-0.117188
1784159164.155349,1,1.753571,-0.027142,-0.121094
1784159164.165331,1,1.753571,-0.031019,-0.125000
1784159164.175331,1,1.753571,-0.038774,-0.117188
1784159164.185336,1,1.753571,-0.050406,-0.117188
1784159164.195328,1,1.753571,-0.023264,-0.117188
1784159164.205328,1,1.753571,-0.038774,-0.117188
1784159164.215335,1,1.753601,0.011632,-0.121094
1784159164.225329,1,1.753571,-0.023264,-0.117188
1784159164.235331,1,1.753540,-0.089180,-0.117188
1784159164.245333,1,1.753601,0.019387,-0.117188
1784159164.255333,1,1.753540,-0.081425,-0.109375
1784159164.265331,1,1.753540,-0.069793,-0.117188
1784159164.275334,1,1.753540,-0.077547,-0.121094
1784159164.285333,1,1.753571,-0.034896,-0.117188
1784159164.295331,1,1.753571,-0.038774,-0.121094
1784159164.305331,1,1.753571,-0.019387,-0.117188
1784159164.315340,1,1.753571,-0.007755,-0.105469
1784159164.325330,1,1.753571,0.027142,-0.117188
1784159164.335331,1,1.753571,-0.034896,-0.117188
1784159164.345330,1,1.753571,-0.031019,-0.117188
1784159164.355338,1,1.753571,-0.023264,-0.121094
1784159164.365458,1,1.753571,-0.003877,-0.117188
1784159164.375335,1,1.753540,-0.089180,-0.117188
1784159164.385340,1,1.753601,0.042651,-0.117188
1784159164.395342,1,1.753571,-0.031019,-0.117188
1784159164.405349,1,1.753571,-0.034896,-0.117188
1784159164.415341,1,1.753571,-0.011632,-0.117188
1784159164.425341,1,1.753571,-0.015509,-0.121094
1784159164.435323,1,1.753601,0.042651,-0.117188
1784159164.445320,1,1.753571,-0.038774,-0.117188
1784159164.455320,1,1.753540,-0.093057,-0.117188
1784159164.465317,1,1.753601,0.019387,-0.117188
1784159164.475315,1,1.753601,0.027142,-0.117188
1784159164.485317,1,1.753571,-0.050406,-0.121094
1784159164.495325,1,1.753571,-0.027142,-0.117188
1784159164.505326,1,1.753571,-0.003877,-0.117188
1784159164.515321,1,1.753571,-0.019387,-0.125000
1784159164.525324,1,1.753571,-0.031019,-0.117188
1784159164.535321,1,1.753571,-0.034896,-0.117188
1784159164.545323,1,1.753571,-0.019387,-0.117188
1784159164.555323,1,1.753540,-0.073670,-0.121094
1784159164.565321,1,1.753571,-0.027142,-0.117188
1784159164.575325,1,1.753571,-0.019387,-0.117188
1784159164.585322,1,1.753601,0.027142,-0.117188
1784159164.595327,1,1.753571,-0.015509,-0.117188
1784159164.605326,1,1.753631,-0.077547,-0.117188
1784159164.615323,1,1.753571,-0.038774,-0.117188
1784159164.625323,1,1.753540,-0.096934,-0.109375
1784159164.635322,1,1.753601,0.019387,-0.117188
1784159164.645323,1,1.753571,-0.034896,-0.117188
1784159164.655307,1,1.753601,0.019387,-0.117188
1784159164.665305,1,1.753571,-0.027142,-0.117188
1784159164.675323,1,1.753571,-0.034896,-0.117188
1784159164.685323,1,1.753601,0.019387,-0.117188
1784159164.695306,1,1.753540,-0.093057,-0.121094
1784159164.705307,1,1.753571,-0.019387,-0.117188
1784159164.715306,1,1.753571,-0.031019,-0.121094
1784159164.725305,1,1.753601,0.015509,-0.117188
1784159164.735303,1,1.753571,-0.031019,-0.117188
1784159164.745304,1,1.753571,0.038774,-0.117188
1784159164.755411,1,1.753571,-0.034896,-0.109375
1784159164.765298,1,1.753571,0.027142,-0.109375
1784159164.775295,1,1.753571,-0.042651,-0.117188
1784159164.785296,1,1.753571,-0.027142,-0.117188
1784159164.795300,1,1.753571,-0.027142,-0.121094
1784159164.805301,1,1.753601,0.019387,-0.117188
1784159164.815296,1,1.753601,0.042651,-0.117188
1784159164.825297,1,1.753601,0.023264,-0.121094
1784159164.835299,1,1.753601,0.023264,-0.117188
1784159164.845298,1,1.753571,-0.011632,-0.121094
1784159164.855297,1,1.753571,-0.027142,-0.121094
1784159164.865299,1,1.753601,0.027142,-0.117188
1784159164.875300,1,1.753571,-0.023264,-0.117188
1784159164.885297,1,1.753540,-0.077547,-0.121094
1784159164.895300,1,1.753571,-0.031019,-0.109375
1784159164.905297,1,1.753571,-0.011632,-0.117188
1784159164.915300,1,1.753601,0.015509,-0.125000
1784159164.925298,1,1.753540,-0.089180,-0.117188
1784159164.935298,1,1.753540,-0.081425,-0.121094
1784159164.945298,1,1.753571,-0.038774,-0.125000
1784159164.955279,1,1.753601,0.019387,-0.121094
1784159164.965278,1,1.753601,0.023264,-0.117188
1784159164.975281,1,1.753601,0.023264,-0.117188
1784159164.985275,1,1.753571,-0.058161,-0.117188
1784159164.995276,1,1.753571,-0.038774,-0.117188
1784159165.005277,1,1.753540,0.019387,-0.125000
1784159165.015277,1,1.753631,0.077547,-0.117188
1784159165.025276,1,1.753601,0.011632,-0.109375
1784159165.035277,1,1.753540,-0.093057,-0.117188
1784159165.045280,1,1.753571,-0.042651,-0.109375
1784159165.055276,1,1.753601,0.042651,-0.117188
1784159165.065277,1,1.753571,-0.042651,-0.109375
1784159165.075283,1,1.753571,-0.015509,-0.117188
1784159165.085287,1,1.753571,-0.027142,-0.117188
1784159165.095277,1,1.753540,-0.089180,-0.121094
1784159165.105276,1,1.753571,-0.042651,-0.117188
1784159165.115277,1,1.753571,-0.050406,-0.117188
1784159165.125273,1,1.753571,-0.038774,-0.117188
1784159165.135284,1,1.753571,-0.046528,-0.117188
1784159165.145277,1,1.753540,-0.085302,-0.125000
1784159165.155279,1,1.753571,-0.034896,-0.125000
1784159165.165277,1,1.753540,0.046528,-0.117188
1784159165.175286,1,1.753601,0.027142,-0.117188
1784159165.185275,1,1.753601,0.027142,-0.109375
1784159165.195279,1,1.753540,-0.085302,-0.117188
1784159165.205280,1,1.753540,-0.096934,-0.121094
1784159165.215279,1,1.753540,-0.093057,-0.117188
1784159165.225281,1,1.753571,-0.038774,-0.117188
1784159165.235279,1,1.753631,0.058161,-0.117188
1784159165.245261,1,1.753571,-0.027142,-0.121094
1784159165.255260,1,1.753540,-0.085302,-0.121094
1784159165.265263,1,1.753571,-0.019387,-0.109375
1784159165.275262,1,1.753571,-0.031019,-0.117188
1784159165.285260,1,1.753571,-0.038774,-0.117188
1784159165.295257,1,1.753631,0.007755,-0.117188
1784159165.305263,1,1.753601,0.019387,-0.117188
1784159165.315263,1,1.753601,0.007755,-0.117188
1784159165.325257,1,1.753601,0.019387,-0.117188
1784159165.335263,1,1.753601,0.023264,-0.117188
1784159165.345259,1,1.753571,0.027142,-0.117188
1784159165.355259,1,1.753571,-0.031019,-0.125000
1784159165.365263,1,1.753571,-0.042651,-0.117188
1784159165.375266,1,1.753571,-0.038774,-0.117188
1784159165.385260,1,1.753571,-0.034896,-0.125000
1784159165.395261,1,1.753571,-0.050406,-0.125000
1784159165.405258,1,1.753601,0.034896,-0.109375
1784159165.415259,1,1.753571,-0.027142,-0.109375
1784159165.425261,1,1.753571,-0.019387,-0.117188
1784159165.435276,1,1.753540,-0.031019,-0.109375
1784159165.445267,1,1.753571,-0.038774,-0.109375
1784159165.455269,1,1.753601,0.023264,-0.121094
1784159165.465263,1,1.753571,-0.034896,-0.117188
1784159165.475261,1,1.753571,-0.031019,-0.109375
1784159165.485267,1,1.753571,-0.027142,-0.117188
1784159165.495261,1,1.753571,-0.027142,-0.117188
1784159165.505266,1,1.753571,-0.038774,-0.121094
1784159165.515261,1,1.753571,-0.046528,-0.117188
1784159165.525242,1,1.753571,-0.023264,-0.117188
1784159165.535243,1,1.753571,-0.038774,-0.125000
1784159165.545242,1,1.753571,-0.038774,-0.125000
1784159165.555243,1,1.753571,-0.038774,-0.117188
1784159165.565238,1,1.753571,-0.031019,-0.117188
1784159165.575285,1,1.753601,0.023264,-0.125000
1784159165.585240,1,1.753601,-0.081425,-0.117188
1784159165.595241,1,1.753540,-0.096934,-0.117188
1784159165.605244,1,1.753601,0.023264,-0.121094
1784159165.615326,1,1.753571,-0.038774,-0.117188
1784159165.625240,1,1.753571,-0.038774,-0.117188
1784159165.635252,1,1.753571,-0.011632,-0.117188
1784159165.645243,1,1.753571,-0.027142,-0.117188
1784159165.655243,1,1.753540,-0.081425,-0.117188
1784159165.665244,1,1.753601,0.019387,-0.109375
1784159165.675244,1,1.753540,-0.093057,-0.117188
1784159165.685243,1,1.753601,0.027142,-0.117188
1784159165.695245,1,1.753571,0.011632,-0.109375
1784159165.705243,1,1.753601,0.007755,-0.117188
1784159165.715244,1,1.753601,0.015509,-0.117188
1784159165.725244,1,1.753571,-0.027142,-0.125000
1784159165.735242,1,1.753571,-0.038774,-0.117188
1784159165.745250,1,1.753571,-0.038774,-0.117188
1784159165.755305,1,1.753571,-0.027142,-0.117188
1784159165.765241,1,1.753601,0.007755,-0.117188
1784159165.775254,1,1.753571,-0.034896,-0.105469
1784159165.785244,1,1.753540,-0.069793,-0.125000
1784159165.795244,1,1.753540,-0.085302,-0.117188
1784159165.805223,1,1.753540,-0.093057,-0.125000
1784159165.815223,1,1.753601,0.034896,-0.117188
1784159165.825220,1,1.753601,-0.019387,-0.125000
1784159165.835225,1,1.753540,-0.096934,-0.121094
1784159165.845225,1,1.753571,-0.027142,-0.117188
1784159165.855222,1,1.753571,0.034896,-0.125000
1784159165.865252,1,1.753571,-0.011632,-0.117188
1784159165.875224,1,1.753540,-0.081425,-0.117188
1784159165.885225,1,1.753540,-0.093057,-0.117188
1784159165.895327,1,1.753601,0.019387,-0.117188
1784159165.905223,1,1.753571,-0.034896,-0.117188
1784159165.915227,1,1.753571,-0.038774,-0.121094
1784159165.925225,1,1.753571,-0.015509,-0.109375
1784159165.935237,1,1.753601,-0.031019,-0.117188
1784159165.945359,1,1.753601,0.027142,-0.105469
1784159165.955222,1,1.753571,-0.034896,-0.121094
1784159165.965224,1,1.753571,0.019387,-0.117188
1784159165.975222,1,1.753571,-0.027142,-0.117188
1784159165.985221,1,1.753601,0.031019,-0.117188
1784159165.998232,1,1.753540,-0.081425,-0.117188
1784159166.006231,1,1.753571,-0.038774,-0.117188
1784159166.015226,1,1.753601,0.011632,-0.117188
1784159166.025229,1,1.753571,-0.042651,-0.117188
1784159166.035226,1,1.753540,-0.096934,-0.121094
1784159166.045228,1,1.753571,-0.038774,-0.117188
1784159166.055225,1,1.753571,-0.038774,-0.117188
1784159166.065223,1,1.753540,-0.085302,-0.121094
1784159166.075203,1,1.753571,-0.034896,-0.117188
1784159166.085296,1,1.753601,0.023264,-0.105469
1784159166.095203,1,1.753571,-0.019387,-0.109375
1784159166.105202,1,1.753571,-0.038774,-0.109375
1784159166.115206,1,1.753601,0.015509,-0.121094
1784159166.125206,1,1.753540,-0.069793,-0.117188
1784159166.135212,1,1.753571,-0.031019,-0.125000
1784159166.145203,1,1.753571,-0.050406,-0.117188
1784159166.155211,1,1.753571,-0.038774,-0.117188
1784159166.165209,1,1.753571,-0.038774,-0.109375
1784159166.175203,1,1.753571,-0.038774,-0.117188
1784159166.185212,1,1.753601,0.023264,-0.117188
1784159166.195203,1,1.753571,-0.031019,-0.125000
1784159166.205204,1,1.753571,-0.007755,-0.117188
1784159166.215202,1,1.753571,-0.031019,-0.121094
1784159166.225205,1,1.753601,-0.108566,-0.125000
1784159166.235205,1,1.753601,0.015509,-0.117188
1784159166.245206,1,1.753601,0.019387,-0.117188
1784159166.255205,1,1.753601,0.034896,-0.117188
1784159166.265204,1,1.753571,-0.038774,-0.117188
1784159166.275210,1,1.753540,-0.108566,-0.117188
1784159166.285206,1,1.753601,0.027142,-0.117188
1784159166.295209,1,1.753571,-0.023264,-0.117188
1784159166.305207,1,1.753601,0.031019,-0.125000
1784159166.315209,1,1.753601,0.034896,-0.125000
1784159166.325210,1,1.753571,-0.031019,-0.117188
1784159166.335209,1,1.753571,-0.023264,-0.121094
1784159166.345196,1,1.753540,-0.065915,-0.109375
1784159166.355189,1,1.753571,-0.034896,-0.117188
1784159166.365193,1,1.753601,0.019387,-0.117188
1784159166.375195,1,1.753540,-0.093057,-0.121094
1784159166.385188,1,1.753601,0.019387,-0.121094
1784159166.395190,1,1.753571,-0.007755,-0.117188
1784159166.405189,1,1.753601,0.003877,-0.125000
1784159166.415189,1,1.753540,-0.089180,-0.117188
1784159166.425191,1,1.753571,-0.027142,-0.121094
1784159166.435190,1,1.753571,-0.027142,-0.125000
1784159166.445189,1,1.753571,-0.031019,-0.121094
1784159166.455193,1,1.753571,-0.034896,-0.109375
1784159166.465201,1,1.753571,-0.023264,-0.117188
1784159166.475192,1,1.753571,-0.034896,-0.125000
1784159166.485194,1,1.753540,-0.085302,-0.117188
1784159166.495195,1,1.753601,0.038774,-0.117188
1784159166.505196,1,1.753601,0.065915,-0.117188
1784159166.515193,1,1.753571,-0.031019,-0.117188
1784159166.525196,1,1.753571,-0.023264,-0.121094
1784159166.535198,1,1.753601,0.011632,-0.125000
1784159166.545197,1,1.753571,-0.038774,-0.117188
1784159166.555192,1,1.753571,-0.034896,-0.117188
1784159166.565196,1,1.753571,-0.027142,-0.125000
1784159166.575195,1,1.753601,0.023264,-0.121094
1784159166.585191,1,1.753571,-0.027142,-0.117188
1784159166.595179,1,1.753571,-0.019387,-0.117188
1784159166.605172,1,1.753540,-0.077547,-0.125000
1784159166.615175,1,1.753571,-0.034896,-0.117188
1784159166.625170,1,1.753571,-0.038774,-0.117188
1784159166.635245,1,1.753601,0.015509,-0.117188
1784159166.645231,1,1.753601,0.034896,-0.121094
1784159166.655179,1,1.753571,-0.015509,-0.121094
1784159166.665271,1,1.753601,0.034896,-0.121094
1784159166.675173,1,1.753571,-0.003877,-0.117188
1784159166.685171,1,1.753571,-0.034896,-0.117188
1784159166.695173,1,1.753601,-0.100812,-0.109375
1784159166.705257,1,1.753601,0.019387,-0.117188
1784159166.715235,1,1.753571,-0.031019,-0.117188
1784159166.725275,1,1.753601,0.027142,-0.117188
1784159166.735174,1,1.753571,-0.031019,-0.121094
1784159166.745170,1,1.753571,-0.011632,-0.117188
1784159166.755174,1,1.753540,-0.054283,-0.117188
1784159166.765183,1,1.755509,0.352841,-0.035156
1784159166.775184,1,1.758963,0.263661,-0.050781
1784159166.785182,1,1.760932,0.069793,-0.066406
1784159166.795185,1,1.760235,-0.252029,-0.054688
1784159166.805183,1,1.756963,-0.368350,-0.066406
1784159166.815171,1,1.752420,-0.480794,-0.074219
1784159166.825180,1,1.748391,-0.422633,-0.074219
1784159166.835185,1,1.743483,-0.542832,-0.070312
1784159166.845181,1,1.738546,-0.573851,-0.058594
1784159166.855175,1,1.731700,-0.891795,-0.058594
1784159166.865252,1,1.723248,-0.860776,-0.050781
1784159166.875165,1,1.714949,-0.953833,-0.042969
1784159166.885166,1,1.705225,-1.035258,-0.027344
1784159166.895162,1,1.695441,-0.988729,-0.027344
1784159166.905159,1,1.686747,-0.895672,-0.019531
1784159166.915164,1,1.678053,-0.864653,-0.007812
1784159166.925161,1,1.671025,-0.651398,-0.007812
1784159166.935162,1,1.665785,-0.480794,-0.007812
1784159166.945162,1,1.661089,-0.554464,-0.003906
1784159166.955163,1,1.655546,-0.678540,0.003906
1784159166.965165,1,1.648306,-0.744455,0.000000
1784159166.975161,1,1.640703,-0.759964,0.007812
1784159166.985167,1,1.633705,-0.694049,0.011719
1784159166.995162,1,1.626799,-0.806493,0.011719
1784159167.005162,1,1.619438,-0.705681,0.023438
1784159167.015163,1,1.611562,-0.853021,0.023438
1784159167.025162,1,1.603383,-0.833634,0.039062
1784159167.035165,1,1.594871,-0.922814,0.039062
1784159167.045165,1,1.586601,-0.853021,0.042969
1784159167.055169,1,1.579301,-0.787106,0.054688
1784159167.065162,1,1.572425,-0.825880,0.066406
1784159167.075149,1,1.564852,-0.829757,0.070312
1784159167.085155,1,1.556764,-0.876286,0.070312
1784159167.095165,1,1.549706,-0.728945,0.082031
1784159167.105224,1,1.542648,-0.767719,0.085938
1784159167.115162,1,1.535529,-0.709559,0.085938
1784159167.125167,1,1.529289,-0.585483,0.085938
1784159167.135162,1,1.523897,-0.504058,0.089844
1784159167.145166,1,1.518354,-0.573851,0.093750
1784159167.155161,1,1.511811,-0.736700,0.089844
1784159167.165141,1,1.505480,-0.635889,0.093750
1784159167.175139,1,1.500391,-0.500181,0.093750
1784159167.185151,1,1.495605,-0.480794,0.093750
1784159167.195142,1,1.489607,-0.663030,0.105469
1784159167.205142,1,1.482882,-0.686294,0.105469
1784159167.215143,1,1.476975,-0.585483,0.101562
1784159167.225142,1,1.471795,-0.573851,0.105469
1784159167.235142,1,1.466797,-0.558341,0.101562
1784159167.245143,1,1.461435,-0.589360,0.105469
1784159167.255143,1,1.455286,-0.632011,0.101562
1784159167.265143,1,1.448985,-0.663030,0.109375
1784159167.275145,1,1.442806,-0.612624,0.109375
1784159167.285141,1,1.436565,-0.562219,0.117188
1784159167.295144,1,1.429841,-0.628134,0.125000
1784159167.305148,1,1.423207,-0.639766,0.125000
1784159167.315143,1,1.417572,-0.465284,0.117188
1784159167.325141,1,1.413241,-0.387737,0.109375
1784159167.335142,1,1.409818,-0.275293,0.101562
1784159167.345144,1,1.406122,-0.457530,0.117188
1784159167.355143,1,1.400669,-0.624257,0.109375
1784159167.365148,1,1.394460,-0.674662,0.109375
1784159167.375145,1,1.389189,-0.422633,0.109375
1784159167.385151,1,1.384615,-0.507935,0.109375
1784159167.395143,1,1.379798,-0.562219,0.109375
1784159167.405143,1,1.373891,-0.643643,0.117188
1784159167.415143,1,1.367833,-0.573851,0.117188
1784159167.425143,1,1.362653,-0.488549,0.105469
1784159167.435123,1,1.358503,-0.434265,0.101562
1784159167.445122,1,1.353929,-0.538954,0.105469
1784159167.455212,1,1.347962,-0.736700,0.121094
1784159167.465124,1,1.341509,-0.643643,0.121094
1784159167.475124,1,1.335572,-0.535077,0.109375
1784159167.485123,1,1.330362,-0.593238,0.109375
1784159167.495122,1,1.324425,-0.651398,0.125000
1784159167.505129,1,1.317397,-0.705681,0.121094
1784159167.515125,1,1.311551,-0.496303,0.121094
1784159167.525124,1,1.307552,-0.337331,0.109375
1784159167.535231,1,1.303947,-0.457530,0.117188
1784159167.545123,1,1.299373,-0.515690,0.109375
1784159167.555116,1,1.293678,-0.639766,0.132812
1784159167.565118,1,1.287408,-0.608747,0.121094
1784159167.575118,1,1.281228,-0.651398,0.125000
1784159167.585116,1,1.275897,-0.550587,0.132812
1784159167.595125,1,1.271232,-0.368350,0.117188
1784159167.605117,1,1.266506,-0.469162,0.117188
1784159167.615118,1,1.261145,-0.515690,0.125000
1784159167.625116,1,1.255389,-0.546709,0.121094
1784159167.635118,1,1.250088,-0.519568,0.125000
1784159167.645117,1,1.245181,-0.484671,0.121094
1784159167.655121,1,1.240183,-0.496303,0.121094
1784159167.665119,1,1.234306,-0.678540,0.125000
1784159167.675117,1,1.228642,-0.488549,0.117188
1784159167.685118,1,1.224401,-0.341209,0.109375
1784159167.695118,1,1.221311,-0.271416,0.101562
1784159167.705117,1,1.218221,-0.364473,0.101562
1784159167.715097,1,1.214798,-0.364473,0.105469
1784159167.725101,1,1.209770,-0.589360,0.105469
1784159167.735098,1,1.204620,-0.562219,0.105469
1784159167.745101,1,1.199985,-0.364473,0.101562
1784159167.755104,1,1.196805,-0.294680,0.085938
1784159167.765194,1,1.193866,-0.333454,0.089844
1784159167.775165,1,1.189686,-0.492426,0.093750
1784159167.785100,1,1.183113,-0.810370,0.101562
1784159167.795107,1,1.175934,-0.628134,0.101562
1784159167.805101,1,1.169966,-0.500181,0.093750
1784159167.815102,1,1.165453,-0.387737,0.089844
1784159167.825099,1,1.161302,-0.426511,0.101562
1784159167.835101,1,1.156456,-0.527322,0.089844
1784159167.845107,1,1.152397,-0.352841,0.082031
1784159167.855103,1,1.149155,-0.236520,0.074219
1784159167.865101,1,1.147035,-0.116321,0.058594
1784159167.875175,1,1.146157,-0.162850,0.054688
1784159167.885105,1,1.144945,-0.232642,0.050781
1784159167.895101,1,1.142824,-0.283048,0.035156
1784159167.905104,1,1.139159,-0.411001,0.039062
1784159167.915100,1,1.134191,-0.504058,0.039062
1784159167.925167,1,1.128799,-0.531200,0.042969
1784159167.935100,1,1.124467,-0.391614,0.027344
1784159167.945108,1,1.120923,-0.337331,0.027344
1784159167.955101,1,1.117803,-0.317944,0.023438
1784159167.965089,1,1.114350,-0.403246,0.027344
1784159167.975086,1,1.109625,-0.577728,0.023438
1784159167.985089,1,1.103718,-0.752210,0.035156
1784159167.995082,1,1.097235,-0.643643,0.035156
1784159168.005086,1,1.091419,-0.589360,0.023438
1784159168.015085,1,1.087057,-0.395492,0.023438
1784159168.025083,1,1.084058,-0.240397,0.007812
1784159168.035088,1,1.082150,-0.178359,0.003906
1784159168.045090,1,1.079969,-0.189991,-0.003906
1784159168.055146,1,1.076939,-0.391614,0.000000
1784159168.065085,1,1.072062,-0.604870,0.003906
1784159168.075088,1,1.065943,-0.659153,0.000000
1784159168.085086,1,1.060642,-0.461407,-0.003906
1784159168.095083,1,1.057280,-0.333454,-0.011719
1784159168.105087,1,1.054372,-0.341209,0.000000
1784159168.115084,1,1.049858,-0.496303,-0.003906
1784159168.125084,1,1.043467,-0.628134,-0.003906
1784159168.135085,1,1.036712,-0.701804,0.000000
1784159168.145084,1,1.031562,-0.453652,-0.011719
1784159168.155083,1,1.028018,-0.364473,-0.011719
1784159168.165084,1,1.024353,-0.461407,-0.007812
1784159168.175092,1,1.019021,-0.647521,-0.007812
1784159168.185086,1,1.013357,-0.581605,-0.019531
1784159168.195071,1,1.009388,-0.267539,-0.019531
1784159168.205089,1,1.007662,-0.081425,-0.042969
1784159168.215086,1,1.007268,-0.073670,-0.042969
1784159168.225082,1,1.005844,-0.290803,-0.050781
1784159168.235064,1,1.002149,-0.527322,-0.039062
1784159168.245065,1,0.995333,-0.825880,-0.027344
1784159168.255068,1,0.987094,-0.752210,-0.042969
1784159168.265061,1,0.981520,-0.476916,-0.050781
1784159168.275063,1,0.978067,-0.321822,-0.054688
1784159168.285063,1,0.975340,-0.379982,-0.054688
1784159168.295066,1,0.971342,-0.519568,-0.042969
1784159168.305063,1,0.965677,-0.632011,-0.050781
1784159168.315066,1,0.959285,-0.674662,-0.039062
1784159168.325064,1,0.952621,-0.659153,-0.035156
1784159168.335070,1,0.946896,-0.507935,-0.042969
1784159168.345063,1,0.941959,-0.484671,-0.050781
1784159168.355064,1,0.937960,-0.407124,-0.050781
1784159168.365062,1,0.933810,-0.453652,-0.054688
1784159168.375064,1,0.929569,-0.507935,-0.054688
1784159168.385065,1,0.924722,-0.473039,-0.054688
1784159168.395066,1,0.920360,-0.391614,-0.054688
1784159168.405066,1,0.916241,-0.414879,-0.058594
1784159168.415063,1,0.912666,-0.329576,-0.058594
1784159168.425066,1,0.908365,-0.504058,-0.066406
1784159168.435064,1,0.903336,-0.558341,-0.066406
1784159168.445063,1,0.897944,-0.492426,-0.070312
1784159168.455064,1,0.893340,-0.434265,-0.074219
1784159168.465063,1,0.889341,-0.387737,-0.074219
1784159168.475069,1,0.885676,-0.376105,-0.082031
1784159168.485073,1,0.881738,-0.480794,-0.074219
1784159168.495068,1,0.876740,-0.515690,-0.082031
1784159168.505068,1,0.871409,-0.542832,-0.074219
1784159168.515074,1,0.866198,-0.504058,-0.082031
1784159168.525055,1,0.861018,-0.600992,-0.070312
1784159168.535043,1,0.854415,-0.825880,-0.058594
1784159168.545049,1,0.846993,-0.697927,-0.066406
1784159168.555053,1,0.841026,-0.500181,-0.074219
1784159168.565048,1,0.836573,-0.484671,-0.074219
1784159168.575050,1,0.831363,-0.674662,-0.058594
1784159168.585044,1,0.823880,-0.864653,-0.050781
1784159168.595052,1,0.816217,-0.806493,-0.050781
1784159168.605054,1,0.809371,-0.697927,-0.050781
1784159168.615049,1,0.803221,-0.581605,-0.054688
1784159168.625045,1,0.797799,-0.484671,-0.050781
1784159168.635046,1,0.793225,-0.411001,-0.054688
1784159168.645047,1,0.790044,-0.337331,-0.058594
1784159168.655070,1,0.786621,-0.438143,-0.070312
1784159168.665045,1,0.781956,-0.511813,-0.058594
1784159168.675055,1,0.776110,-0.620379,-0.058594
1784159168.685047,1,0.769931,-0.643643,-0.050781
1784159168.695049,1,0.764205,-0.616502,-0.054688
1784159168.705047,1,0.758965,-0.531200,-0.066406
1784159168.715047,1,0.754603,-0.461407,-0.058594
1784159168.725048,1,0.750574,-0.383860,-0.066406
1784159168.735051,1,0.746212,-0.542832,-0.066406
1784159168.745053,1,0.740002,-0.732823,-0.042969
1784159168.755051,1,0.732490,-0.744455,-0.050781
1784159168.765049,1,0.726340,-0.620379,-0.050781
1784159168.775047,1,0.720645,-0.542832,-0.054688
1784159168.785053,1,0.714648,-0.736700,-0.042969
1784159168.795061,1,0.707438,-0.721191,-0.039062
1784159168.805025,1,0.700532,-0.647521,-0.042969
1784159168.815034,1,0.693928,-0.740578,-0.027344
1784159168.825120,1,0.686749,-0.783229,-0.035156
1784159168.835035,1,0.680600,-0.589360,-0.035156
1784159168.845036,1,0.675783,-0.445898,-0.035156
1784159168.855040,1,0.671906,-0.453652,-0.027344
1784159168.865027,1,0.666938,-0.558341,-0.023438
1784159168.875126,1,0.660395,-0.659153,-0.023438
1784159168.885118,1,0.654124,-0.550587,-0.027344
1784159168.895135,1,0.649369,-0.438143,-0.042969
1784159168.905120,1,0.645764,-0.348963,-0.042969
1784159168.915033,1,0.642159,-0.395492,-0.039062
1784159168.925038,1,0.638433,-0.345086,-0.050781
1784159168.935041,1,0.635313,-0.352841,-0.054688
1784159168.945036,1,0.632466,-0.352841,-0.054688
1784159168.955040,1,0.629830,-0.221010,-0.074219
1784159168.965039,1,0.627437,-0.275293,-0.070312
1784159168.975038,1,0.624044,-0.531200,-0.070312
1784159168.985042,1,0.618228,-0.674662,-0.070312
1784159168.995042,1,0.611231,-0.721191,-0.066406
1784159169.005040,1,0.604627,-0.717313,-0.054688
1784159169.015041,1,0.598751,-0.542832,-0.066406
1784159169.025037,1,0.592995,-0.589360,-0.066406
1784159169.035045,1,0.587512,-0.569973,-0.054688
1784159169.045040,1,0.579879,-0.992607,-0.023438
1784159169.055074,1,0.568368,-1.267900,-0.019531
1784159169.065037,1,0.556524,-1.213617,-0.007812
1784159169.075017,1,0.545407,-1.050767,-0.007812
1784159169.085019,1,0.537894,-0.612624,-0.003906
1784159169.095019,1,0.532442,-0.643643,0.000000
1784159169.105073,1,0.526353,-0.674662,0.007812
1784159169.115096,1,0.517417,-0.942201,0.011719
1784159169.125096,1,0.509026,-0.748332,0.007812
1784159169.137539,1,0.502180,-0.608747,0.019531
1784159169.145097,1,0.497939,-0.628134,0.027344
1784159169.155013,1,0.491063,-0.802616,0.035156
1784159169.165077,1,0.483278,-0.678540,0.039062
1784159169.175015,1,0.475493,-0.717313,0.039062
1784159169.187018,1,0.466496,-0.709559,0.050781
1784159169.199012,1,0.459196,-0.554464,0.050781
1784159169.207052,1,0.454470,-0.573851,0.042969
1784159169.215016,1,0.449926,-0.663030,0.058594
1784159169.225016,1,0.443202,-0.748332,0.058594
1784159169.236014,1,0.435901,-0.643643,0.054688
1784159169.245037,1,0.431176,-0.531200,0.050781
1784159169.255133,1,0.427541,-0.271416,0.042969
1784159169.265014,1,0.424451,-0.325699,0.042969
1784159169.275039,1,0.419604,-0.593238,0.054688
1784159169.285023,1,0.412728,-0.721191,0.066406
1784159169.295019,1,0.405276,-0.659153,0.054688
1784159169.305017,1,0.399884,-0.387737,0.042969
1784159169.315021,1,0.397188,-0.166727,0.042969
1784159169.325210,1,0.394341,-0.383860,0.042969
1784159169.335068,1,0.388918,-0.705681,0.066406
1784159169.344990,1,0.380164,-0.957710,0.082031
1784159169.354989,1,0.371379,-0.732823,0.066406
1784159169.364990,1,0.365321,-0.465284,0.058594
1784159169.374990,1,0.359990,-0.589360,0.070312
1784159169.384990,1,0.352719,-0.798738,0.082031
1784159169.394989,1,0.344329,-0.891795,0.089844
1784159169.404996,1,0.336180,-0.853021,0.093750
1784159169.414990,1,0.328213,-0.899550,0.109375
1784159169.424991,1,0.320974,-0.686294,0.101562
1784159169.434991,1,0.314521,-0.624257,0.101562
1784159169.444990,1,0.307342,-0.860776,0.121094
1784159169.454992,1,0.298467,-0.992607,0.132812
1784159169.464992,1,0.289500,-0.810370,0.136719
1784159169.474990,1,0.281715,-0.655276,0.132812
1784159169.484988,1,0.275324,-0.581605,0.136719
1784159169.494992,1,0.269265,-0.690172,0.140625
1784159169.504993,1,0.262601,-0.701804,0.152344
1784159169.514992,1,0.255634,-0.632011,0.152344
1784159169.524991,1,0.248636,-0.697927,0.164062
1784159169.534993,1,0.240972,-0.686294,0.167969
1784159169.544993,1,0.234036,-0.566096,0.156250
1784159169.554992,1,0.228825,-0.492426,0.156250
1784159169.564993,1,0.223858,-0.550587,0.175781
1784159169.575004,1,0.216981,-0.818125,0.183594
1784159169.584998,1,0.209529,-0.779351,0.175781
1784159169.594995,1,0.204137,-0.418756,0.167969
1784159169.604974,1,0.199897,-0.476916,0.171875
1784159169.614978,1,0.194232,-0.705681,0.183594
1784159169.624976,1,0.186962,-0.810370,0.187500
1784159169.634982,1,0.180328,-0.600992,0.171875
1784159169.644975,1,0.175602,-0.465284,0.175781
1784159169.654978,1,0.170544,-0.550587,0.183594
1784159169.664980,1,0.163698,-0.787106,0.199219
1784159169.674976,1,0.156821,-0.600992,0.191406
1784159169.684977,1,0.150672,-0.639766,0.187500
1784159169.694975,1,0.145159,-0.674662,0.199219
1784159169.704977,1,0.138313,-0.794861,0.203125
1784159169.714978,1,0.130922,-0.752210,0.203125
1784159169.724976,1,0.124015,-0.666908,0.207031
1784159169.734977,1,0.117472,-0.666908,0.214844
1784159169.744976,1,0.110475,-0.740578,0.214844
1784159169.754980,1,0.102932,-0.771597,0.230469
1784159169.764979,1,0.095511,-0.783229,0.218750
1784159169.774978,1,0.089725,-0.515690,0.230469
1784159169.784982,1,0.084363,-0.577728,0.230469
1784159169.794979,1,0.077759,-0.694049,0.234375
1784159169.804980,1,0.070429,-0.732823,0.238281
1784159169.814984,1,0.064098,-0.597115,0.234375
1784159169.825018,1,0.058433,-0.666908,0.250000
1784159169.834982,1,0.051254,-0.775474,0.257812
1784159169.844982,1,0.043469,-0.690172,0.250000
1784159169.854982,1,0.037895,-0.414879,0.250000
1784159169.864978,1,0.033654,-0.488549,0.250000
1784159169.874977,1,0.027717,-0.736700,0.265625
1784159169.884958,1,0.019993,-0.818125,0.269531
1784159169.894955,1,0.013389,-0.527322,0.253906
1784159169.904956,1,0.008209,-0.535077,0.257812
1784159169.914961,1,0.002151,-0.783229,0.273438
1784159169.924961,1,-0.005543,-0.802616,0.273438
1784159169.934963,1,-0.012601,-0.682417,0.281250
1784159169.944962,1,-0.018236,-0.604870,0.296875
1784159169.954965,1,-0.024446,-0.721191,0.285156
1784159169.964966,1,-0.031685,-0.705681,0.285156
1784159169.974967,1,-0.038774,-0.659153,0.300781
1784159169.984964,1,-0.045135,-0.600992,0.289062
1784159169.994969,1,-0.051284,-0.577728,0.296875
1784159170.004962,1,-0.056828,-0.523445,0.300781
1784159170.014969,1,-0.062795,-0.651398,0.289062
1784159170.024964,1,-0.068308,-0.577728,0.300781
1784159170.034972,1,-0.073428,-0.573851,0.300781
1784159170.044968,1,-0.079365,-0.663030,0.304688
1784159170.054968,1,-0.086756,-0.763842,0.312500
1784159170.064966,1,-0.094693,-0.728945,0.312500
1784159170.074969,1,-0.100175,-0.480794,0.312500
1784159170.084964,1,-0.104083,-0.341209,0.312500
1784159170.094966,1,-0.108597,-0.600992,0.320312
1784159170.104976,1,-0.114140,-0.488549,0.312500
1784159170.114965,1,-0.118260,-0.283048,0.289062
1784159170.124966,1,-0.119381,-0.050406,0.273438
1784159170.134947,1,-0.119684,-0.096934,0.265625
1784159170.144967,1,-0.120804,-0.166727,0.257812
1784159170.154959,1,-0.122198,-0.166727,0.250000
1784159170.164949,1,-0.123349,-0.108566,0.246094
1784159170.174937,1,-0.124954,-0.178359,0.234375
1784159170.184947,1,-0.126802,-0.224887,0.230469
1784159170.194937,1,-0.129650,-0.383860,0.222656
1784159170.204937,1,-0.133800,-0.457530,0.218750
1784159170.214939,1,-0.138858,-0.519568,0.222656
1784159170.224937,1,-0.143644,-0.411001,0.214844
1784159170.234946,1,-0.146704,-0.248152,0.203125
1784159170.244940,1,-0.148764,-0.158972,0.183594
1784159170.254938,1,-0.149309,-0.019387,0.171875
1784159170.264941,1,-0.149218,-0.058161,0.167969
1784159170.274941,1,-0.149127,-0.034896,0.156250
1784159170.284941,1,-0.149127,-0.038774,0.136719
1784159170.294937,1,-0.149339,-0.011632,0.125000
1784159170.304947,1,-0.150097,-0.155095,0.121094
1784159170.314944,1,-0.152156,-0.283048,0.101562
1784159170.324939,1,-0.154216,-0.116321,0.093750
1784159170.334946,1,-0.155579,-0.108566,0.085938
1784159170.344942,1,-0.156367,-0.073670,0.074219
1784159170.354941,1,-0.156700,0.007755,0.066406
1784159170.364941,1,-0.156882,-0.031019,0.050781
1784159170.374939,1,-0.157155,-0.038774,0.039062
1784159170.384945,1,-0.157760,-0.050406,0.027344
1784159170.394941,1,-0.159063,-0.209378,0.023438
1784159170.404939,1,-0.160971,-0.162850,0.007812
1784159170.415019,1,-0.161880,-0.065915,0.000000
1784159170.425025,1,-0.162607,-0.120198,-0.007812
1784159170.434919,1,-0.163910,-0.228765,0.000000
1784159170.444918,1,-0.165000,-0.069793,-0.003906
1784159170.454919,1,-0.165152,-0.062038,0.000000
1784159170.464922,1,-0.165091,0.000000,0.000000
1784159170.474921,1,-0.165091,0.019387,0.000000
1784159170.484921,1,-0.165121,-0.023264,-0.007812
1784159170.494931,1,-0.165121,-0.015509,0.000000
1784159170.504923,1,-0.165121,-0.038774,0.000000
1784159170.514986,1,-0.165152,-0.093057,-0.007812
1784159170.524922,1,-0.165121,-0.027142,-0.003906
1784159170.534925,1,-0.165121,-0.015509,-0.007812
1784159170.544924,1,-0.165152,-0.054283,0.000000
1784159170.554923,1,-0.165121,-0.019387,-0.007812
1784159170.564926,1,-0.165121,-0.027142,-0.007812
1784159170.574923,1,-0.165121,-0.011632,0.000000
1784159170.584928,1,-0.165121,-0.003877,-0.003906
1784159170.594924,1,-0.165152,-0.054283,-0.007812
1784159170.604925,1,-0.165121,0.000000,0.000000
1784159170.614923,1,-0.165121,-0.003877,-0.007812
1784159170.624924,1,-0.165121,0.011632,-0.007812
1784159170.634923,1,-0.165121,-0.019387,-0.003906
1784159170.644931,1,-0.165152,-0.058161,0.000000
1784159170.654922,1,-0.165121,0.000000,-0.007812
1784159170.664923,1,-0.165152,-0.073670,-0.007812
1784159170.674927,1,-0.165152,-0.042651,-0.007812
1784159170.684924,1,-0.165121,-0.011632,0.000000
1784159170.694925,1,-0.165152,-0.046528,-0.011719
1784159170.704922,1,-0.165121,0.007755,0.000000
1784159170.714914,1,-0.165121,0.015509,-0.007812
1784159170.724903,1,-0.165121,0.000000,-0.003906
1784159170.734904,1,-0.165121,-0.011632,-0.003906
1784159170.744904,1,-0.165152,-0.054283,0.000000
1784159170.754903,1,-0.165121,0.000000,-0.007812
1784159170.764904,1,-0.165152,-0.038774,-0.007812
1784159170.774904,1,-0.165121,-0.007755,0.000000
1784159170.784913,1,-0.165152,-0.065915,0.000000
1784159170.794904,1,-0.165121,-0.027142,-0.007812
1784159170.804907,1,-0.165121,-0.019387,0.000000
1784159170.814904,1,-0.165152,-0.046528,0.000000
1784159170.824904,1,-0.165152,-0.054283,0.000000
1784159170.834911,1,-0.165121,0.003877,-0.007812
1784159170.844908,1,-0.165121,0.003877,0.000000
1784159170.854907,1,-0.165152,-0.046528,0.000000
1784159170.864904,1,-0.165152,-0.050406,0.000000
1784159170.874910,1,-0.165182,-0.093057,0.000000
1784159170.884906,1,-0.165121,0.019387,0.000000
1784159170.894905,1,-0.165121,0.023264,-0.007812
1784159170.904905,1,-0.165121,0.015509,0.000000
1784159170.914910,1,-0.165121,0.015509,-0.007812
1784159170.924906,1,-0.165152,-0.038774,0.000000
1784159170.934906,1,-0.165152,-0.038774,-0.007812
1784159170.944910,1,-0.165121,0.007755,0.000000
1784159170.954905,1,-0.165152,-0.042651,-0.007812
1784159170.964905,1,-0.165121,0.019387,-0.007812
1784159170.974905,1,-0.165152,-0.038774,-0.003906
1784159170.984885,1,-0.165152,-0.038774,-0.007812
1784159170.994886,1,-0.165152,-0.038774,0.000000
1784159171.004890,1,-0.165152,-0.042651,0.000000
1784159171.014887,1,-0.165121,0.011632,0.000000
1784159171.024884,1,-0.165152,-0.038774,0.000000
1784159171.034885,1,-0.165152,-0.042651,0.000000
1784159171.044886,1,-0.165121,0.019387,0.000000
1784159171.054886,1,-0.165152,-0.058161,0.000000
1784159171.064888,1,-0.165152,-0.031019,-0.003906
1784159171.074893,1,-0.165121,0.019387,0.000000
1784159171.084886,1,-0.165152,-0.038774,-0.003906
1784159171.094887,1,-0.165121,0.015509,0.000000
1784159171.104891,1,-0.165182,-0.096934,0.000000
1784159171.114890,1,-0.165152,-0.046528,-0.007812
1784159171.124885,1,-0.165152,-0.042651,0.000000
1784159171.134975,1,-0.165121,0.003877,0.000000
1784159171.144998,1,-0.165152,-0.038774,0.000000
1784159171.154896,1,-0.165152,-0.046528,0.000000
1784159171.164889,1,-0.165152,0.015509,0.000000
1784159171.174889,1,-0.165121,0.019387,0.000000
1784159171.184890,1,-0.165152,-0.027142,0.000000
1784159171.194890,1,-0.165121,0.011632,-0.003906
1784159171.204888,1,-0.165121,0.000000,-0.003906
1784159171.214890,1,-0.165182,-0.096934,-0.007812
1784159171.224891,1,-0.165121,0.023264,0.000000
1784159171.234890,1,-0.165152,-0.038774,0.000000
1784159171.244872,1,-0.165152,-0.046528,-0.003906
1784159171.254869,1,-0.165152,-0.034896,0.000000
1784159171.264880,1,-0.165152,-0.015509,0.000000
1784159171.274951,1,-0.165152,-0.031019,0.000000
1784159171.284877,1,-0.165152,-0.038774,-0.003906
1784159171.294869,1,-0.165182,-0.108566,0.000000
1784159171.304867,1,-0.165121,-0.034896,0.000000
1784159171.314867,1,-0.165152,-0.031019,0.000000
1784159171.324929,1,-0.165121,0.023264,0.000000
1784159171.334877,1,-0.165152,-0.019387,0.000000
1784159171.344874,1,-0.165152,-0.038774,0.000000
1784159171.354875,1,-0.165182,-0.093057,0.000000
1784159171.364873,1,-0.165121,0.000000,0.000000
1784159171.374871,1,-0.165152,-0.027142,0.000000
1784159171.384877,1,-0.165152,-0.034896,-0.003906
1784159171.394870,1,-0.165152,-0.038774,0.000000
1784159171.404880,1,-0.165121,-0.003877,0.000000
1784159171.414877,1,-0.165152,0.011632,0.000000
1784159171.424880,1,-0.165121,0.015509,-0.003906
1784159171.434871,1,-0.165152,-0.038774,-0.003906
1784159171.444880,1,-0.165152,-0.054283,0.000000
1784159171.454880,1,-0.165152,-0.038774,-0.007812
1784159171.464884,1,-0.165091,0.054283,-0.007812
1784159171.474878,1,-0.165152,-0.007755,0.000000
1784159171.484880,1,-0.165091,0.058161,0.000000
1784159171.494853,1,-0.165152,-0.042651,-0.003906
1784159171.504877,1,-0.165152,-0.038774,0.000000
1784159171.514882,1,-0.165121,0.003877,0.000000
1784159171.524849,1,-0.165152,-0.034896,-0.007812
1784159171.534853,1,-0.165182,-0.073670,-0.007812
1784159171.544857,1,-0.165121,0.019387,-0.007812
1784159171.554850,1,-0.165152,-0.027142,0.000000
1784159171.564865,1,-0.165152,-0.038774,0.000000
1784159171.574852,1,-0.165121,0.003877,-0.011719
1784159171.584862,1,-0.165121,0.003877,0.000000
1784159171.594857,1,-0.165121,0.011632,0.000000
1784159171.604861,1,-0.165152,-0.054283,0.000000
1784159171.614856,1,-0.165121,0.015509,0.000000
1784159171.624861,1,-0.165152,-0.031019,-0.003906
1784159171.634862,1,-0.165121,0.011632,0.000000
1784159171.644855,1,-0.165121,0.023264,0.000000
1784159171.654866,1,-0.165152,-0.038774,-0.007812
1784159171.664861,1,-0.165121,0.011632,-0.003906
1784159171.674862,1,-0.165152,-0.038774,0.000000
1784159171.684860,1,-0.165121,-0.007755,-0.007812
1784159171.694860,1,-0.165121,0.000000,-0.007812
1784159171.704851,1,-0.165152,-0.038774,-0.003906
1784159171.714855,1,-0.165152,-0.038774,0.000000
1784159171.724874,1,-0.165152,-0.050406,0.000000
1784159171.734857,1,-0.165152,-0.058161,0.000000
1784159171.744855,1,-0.165152,-0.058161,0.000000
1784159171.754853,1,-0.165121,0.007755,0.000000
1784159171.764835,1,-0.165121,0.000000,-0.007812
1784159171.774845,1,-0.165152,-0.038774,0.000000
1784159171.784865,1,-0.165121,-0.038774,0.003906
1784159171.794841,1,-0.165182,-0.096934,0.000000
1784159171.804832,1,-0.165182,-0.100812,0.000000
1784159171.814840,1,-0.165152,-0.042651,0.000000
1784159171.824830,1,-0.165121,0.015509,-0.007812
1784159171.834833,1,-0.165152,-0.050406,0.000000
1784159171.844841,1,-0.165182,-0.104689,-0.007812
1784159171.854842,1,-0.165121,0.019387,-0.007812
1784159171.864842,1,-0.165152,0.019387,0.000000
1784159171.874840,1,-0.165152,-0.038774,-0.007812
1784159171.884841,1,-0.165121,0.019387,-0.007812
1784159171.894842,1,-0.165152,-0.038774,0.000000
1784159171.904841,1,-0.165121,0.034896,0.000000
1784159171.914843,1,-0.165121,0.000000,0.000000
1784159171.924907,1,-0.165152,-0.046528,-0.007812
1784159171.934914,1,-0.165152,-0.038774,-0.007812
1784159171.944985,1,-0.165152,-0.038774,0.000000
1784159171.954946,1,-0.165091,0.054283,-0.007812
1784159171.964902,1,-0.165152,-0.027142,0.000000
1784159171.974843,1,-0.165152,-0.031019,-0.007812
1784159171.984836,1,-0.165152,-0.042651,0.000000
1784159171.994836,1,-0.165152,-0.027142,0.000000
1784159172.004838,1,-0.165152,-0.050406,-0.007812
1784159172.014837,1,-0.165152,-0.038774,-0.003906
1784159172.026939,1,-0.165121,0.019387,-0.003906
1784159172.034833,1,-0.165152,-0.023264,-0.003906
1784159172.044822,1,-0.165152,-0.023264,0.000000
1784159172.054836,1,-0.165121,0.007755,-0.003906
1784159172.064838,1,-0.165121,-0.015509,0.000000
1784159172.074818,1,-0.165152,-0.038774,0.000000
1784159172.084814,1,-0.165152,-0.042651,0.000000
1784159172.094815,1,-0.165152,-0.034896,0.000000
1784159172.104815,1,-0.165121,0.042651,0.000000
1784159172.114816,1,-0.165121,0.027142,0.000000
1784159172.124814,1,-0.165152,-0.019387,-0.011719
1784159172.134817,1,-0.165121,0.015509,0.000000
1784159172.144817,1,-0.165152,-0.042651,-0.007812
1784159172.154819,1,-0.165121,0.019387,0.000000
1784159172.164817,1,-0.165152,-0.015509,0.000000
1784159172.174826,1,-0.165121,0.019387,0.000000
1784159172.184819,1,-0.165152,-0.027142,-0.007812
1784159172.194819,1,-0.165121,0.023264,-0.007812
1784159172.204815,1,-0.165152,-0.031019,-0.007812
1784159172.214820,1,-0.165152,-0.038774,-0.003906
1784159172.224819,1,-0.165121,0.031019,-0.003906
1784159172.234817,1,-0.165121,0.027142,-0.003906
1784159172.244815,1,-0.165152,-0.027142,-0.007812
1784159172.254822,1,-0.165182,-0.096934,-0.003906
1784159172.264822,1,-0.165152,-0.015509,0.000000
1784159172.274815,1,-0.165121,0.046528,0.000000
1784159172.284816,1,-0.165152,-0.034896,0.000000
1784159172.294820,1,-0.165152,-0.038774,0.000000
1784159172.304814,1,-0.165121,0.019387,0.000000
1784159172.314820,1,-0.165121,0.027142,-0.007812
1784159172.324823,1,-0.165182,-0.085302,0.000000
1784159172.334825,1,-0.165121,0.019387,0.000000
1784159172.344800,1,-0.165091,0.093057,0.000000
1784159172.354803,1,-0.165152,-0.038774,-0.007812
1784159172.364799,1,-0.165121,0.007755,-0.007812
1784159172.374809,1,-0.165152,-0.034896,-0.003906
1784159172.384798,1,-0.165152,-0.031019,0.000000
1784159172.394797,1,-0.165152,-0.046528,-0.007812
1784159172.404796,1,-0.165152,-0.046528,0.000000
1784159172.414823,1,-0.165152,-0.038774,-0.007812
1784159172.424804,1,-0.165121,0.023264,0.000000
1784159172.434798,1,-0.165152,-0.042651,-0.007812
1784159172.446797,1,-0.165152,-0.034896,-0.011719
1784159172.454796,1,-0.165152,-0.038774,0.000000
1784159172.464795,1,-0.165182,-0.093057,0.000000
1784159172.474802,1,-0.165121,0.011632,-0.003906
1784159172.484795,1,-0.165152,-0.034896,-0.003906
1784159172.494799,1,-0.165152,-0.058161,0.000000
1784159172.504800,1,-0.165152,-0.038774,-0.007812
1784159172.514801,1,-0.165152,-0.031019,0.000000
1784159172.524795,1,-0.165182,-0.096934,-0.003906
1784159172.534796,1,-0.165152,-0.027142,-0.007812
1784159172.544797,1,-0.165121,0.015509,-0.007812
1784159172.554796,1,-0.165121,0.011632,-0.003906
1784159172.564795,1,-0.165121,0.019387,-0.003906
1784159172.574794,1,-0.165121,0.015509,0.000000
1784159172.584804,1,-0.165152,-0.054283,-0.007812
1784159172.594795,1,-0.165152,-0.038774,-0.003906
1784159172.604807,1,-0.165152,-0.046528,0.000000
1784159172.614797,1,-0.165121,0.015509,-0.007812
1784159172.624775,1,-0.165121,0.023264,0.000000
1784159172.634856,1,-0.165152,-0.034896,0.000000
1784159172.644779,1,-0.165121,0.019387,0.000000
1784159172.654779,1,-0.165152,-0.054283,-0.007812
1784159172.664920,1,-0.165152,-0.038774,-0.003906
1784159172.674778,1,-0.165152,-0.038774,-0.007812
1784159172.684863,1,-0.165152,-0.019387,-0.007812
1784159172.694883,1,-0.165152,-0.034896,0.000000
1784159172.704780,1,-0.165152,-0.042651,-0.007812
1784159172.714782,1,-0.165121,0.015509,-0.007812
1784159172.724785,1,-0.165182,-0.089180,-0.003906
1784159172.734779,1,-0.165121,0.000000,-0.007812
1784159172.744781,1,-0.165152,0.000000,0.000000
1784159172.754780,1,-0.165152,-0.042651,-0.007812
1784159172.764785,1,-0.165152,-0.038774,-0.007812
1784159172.774786,1,-0.165152,-0.038774,-0.011719
1784159172.784781,1,-0.165152,-0.034896,0.000000
1784159172.794786,1,-0.165152,-0.046528,-0.007812
1784159172.804777,1,-0.165152,-0.046528,-0.007812
1784159172.814785,1,-0.165152,-0.023264,0.000000
1784159172.824792,1,-0.165152,-0.023264,-0.007812
1784159172.834792,1,-0.165152,-0.019387,0.000000
1784159172.844784,1,-0.165121,0.011632,0.000000
1784159172.854781,1,-0.165152,-0.038774,-0.003906
1784159172.864781,1,-0.165152,-0.038774,0.000000
1784159172.874765,1,-0.165152,-0.038774,0.000000
1784159172.884764,1,-0.165152,-0.038774,0.000000
1784159172.894766,1,-0.165121,0.015509,-0.007812
1784159172.904761,1,-0.165121,0.023264,-0.007812
1784159172.914763,1,-0.165121,0.023264,-0.003906
1784159172.924766,1,-0.165152,-0.023264,0.000000
1784159172.934775,1,-0.165121,0.019387,0.000000
1784159172.944763,1,-0.165121,0.000000,0.000000
1784159172.954761,1,-0.165152,-0.031019,-0.003906
1784159172.964764,1,-0.165152,-0.038774,0.003906
1784159172.974761,1,-0.165182,-0.085302,-0.003906
1784159172.984763,1,-0.165152,-0.038774,0.000000
1784159172.994764,1,-0.165121,0.003877,-0.003906
1784159173.004768,1,-0.165152,-0.042651,0.000000
1784159173.014763,1,-0.165152,-0.019387,-0.007812
1784159173.024767,1,-0.165152,-0.038774,0.000000
1784159173.034772,1,-0.165121,0.034896,0.000000
1784159173.044763,1,-0.165152,-0.015509,0.000000
1784159173.054761,1,-0.165152,-0.038774,0.000000
1784159173.064912,1,-0.165121,-0.038774,-0.007812
1784159173.074764,1,-0.165152,-0.015509,0.000000
1784159173.084763,1,-0.165152,-0.034896,0.000000
1784159173.094766,1,-0.165152,-0.038774,0.000000
1784159173.104762,1,-0.165121,0.023264,0.000000
1784159173.114766,1,-0.165152,-0.027142,0.000000
1784159173.124766,1,-0.165121,0.027142,-0.003906
1784159173.134766,1,-0.165152,-0.031019,-0.007812
1784159173.144753,1,-0.165152,-0.046528,0.000000
1784159173.154744,1,-0.165152,-0.054283,-0.007812
1784159173.164749,1,-0.165152,-0.038774,-0.007812
1784159173.174745,1,-0.165152,-0.031019,-0.007812
1784159173.184744,1,-0.165152,-0.023264,-0.003906
1784159173.194749,1,-0.165152,-0.050406,0.000000
1784159173.204743,1,-0.165121,0.027142,0.000000
1784159173.214746,1,-0.165152,-0.038774,0.000000
1784159173.224818,1,-0.165152,0.034896,0.000000
1784159173.234815,1,-0.165152,-0.038774,-0.003906
1784159173.244748,1,-0.165152,-0.038774,-0.003906
1784159173.254746,1,-0.165152,-0.015509,0.000000
1784159173.264744,1,-0.165121,0.015509,0.003906
1784159173.274746,1,-0.165121,0.007755,0.000000
1784159173.284744,1,-0.165121,0.011632,-0.007812
1784159173.294746,1,-0.165152,-0.038774,-0.003906
1784159173.304748,1,-0.165121,0.011632,0.000000
1784159173.314754,1,-0.165152,-0.046528,0.000000
1784159173.324744,1,-0.165152,-0.042651,0.000000
1784159173.334748,1,-0.165121,0.019387,0.000000
1784159173.344747,1,-0.165091,0.077547,-0.007812
1784159173.354746,1,-0.165121,0.019387,0.000000
1784159173.364751,1,-0.165182,-0.093057,-0.007812
1784159173.374753,1,-0.165152,-0.042651,-0.007812
1784159173.384754,1,-0.165182,-0.085302,0.000000
1784159173.394745,1,-0.165121,0.019387,-0.003906
1784159173.404751,1,-0.165152,-0.038774,0.000000
1784159173.414745,1,-0.165152,-0.062038,-0.003906
1784159173.424807,1,-0.165121,0.015509,-0.007812
1784159173.434726,1,-0.165152,-0.031019,-0.007812
1784159173.444731,1,-0.165152,-0.038774,0.000000
1784159173.454794,1,-0.165121,0.023264,-0.007812
1784159173.464725,1,-0.165152,-0.038774,0.000000
1784159173.474733,1,-0.165152,-0.038774,-0.003906
1784159173.484733,1,-0.165152,-0.050406,0.000000
1784159173.494726,1,-0.165152,-0.015509,-0.003906
1784159173.504732,1,-0.165152,-0.038774,-0.007812
1784159173.514735,1,-0.165152,-0.054283,-0.007812
1784159173.524733,1,-0.165152,-0.034896,0.000000
1784159173.534734,1,-0.165152,-0.015509,-0.003906
1784159173.544729,1,-0.165152,-0.046528,0.000000
1784159173.554736,1,-0.165121,0.000000,0.000000
1784159173.564734,1,-0.165121,0.019387,0.000000
1784159173.574729,1,-0.165152,-0.034896,0.000000
1784159173.584731,1,-0.165121,0.015509,-0.003906
1784159173.594729,1,-0.165182,-0.093057,0.000000
1784159173.604730,1,-0.165152,-0.038774,0.000000
1784159173.614727,1,-0.165152,-0.038774,0.000000
1784159173.624732,1,-0.165121,0.019387,0.000000
1784159173.634728,1,-0.165152,-0.031019,0.000000
1784159173.644730,1,-0.165152,-0.031019,0.000000
1784159173.654727,1,-0.165152,-0.034896,0.000000
1784159173.664731,1,-0.165152,-0.038774,0.000000
1784159173.674728,1,-0.165091,-0.058161,0.000000
1784159173.684729,1,-0.165152,-0.034896,-0.007812
1784159173.694738,1,-0.165091,0.065915,-0.007812
1784159173.704754,1,-0.165182,-0.093057,0.000000
1784159173.714712,1,-0.165152,-0.038774,-0.007812
1784159173.724705,1,-0.165121,0.007755,0.000000
1784159173.734708,1,-0.165152,-0.042651,-0.007812
1784159173.744708,1,-0.165152,-0.038774,0.000000
1784159173.754797,1,-0.165121,0.023264,-0.007812
1784159173.764707,1,-0.165152,-0.027142,0.000000
1784159173.774716,1,-0.165152,-0.019387,0.000000
1784159173.784708,1,-0.165152,-0.031019,0.000000
1784159173.794708,1,-0.165121,0.031019,0.000000
1784159173.804712,1,-0.165152,-0.031019,-0.007812
1784159173.814709,1,-0.165152,-0.031019,0.000000
1784159173.825709,1,-0.165152,-0.038774,0.000000
1784159173.834709,1,-0.165152,-0.034896,0.000000
1784159173.844714,1,-0.165121,0.015509,-0.007812
1784159173.854710,1,-0.165152,-0.015509,0.000000
1784159173.864711,1,-0.165152,-0.038774,-0.007812
1784159173.874710,1,-0.165121,0.011632,-0.007812
1784159173.884712,1,-0.165152,-0.034896,0.000000
1784159173.894716,1,-0.165152,-0.023264,0.000000
1784159173.904713,1,-0.165152,-0.015509,0.000000
1784159173.914710,1,-0.165121,0.007755,-0.007812
1784159173.924711,1,-0.165152,-0.038774,0.000000
1784159173.934710,1,-0.165121,0.015509,0.000000
1784159173.944710,1,-0.165152,-0.104689,-0.003906
1784159173.954751,1,-0.165152,-0.038774,0.000000
1784159173.964709,1,-0.165152,-0.038774,0.000000
1784159173.974711,1,-0.165182,-0.073670,-0.003906
1784159173.984688,1,-0.165121,0.007755,-0.003906
1784159173.994806,1,-0.165182,-0.093057,-0.003906
1784159174.004690,1,-0.165152,-0.038774,0.000000
1784159174.014691,1,-0.165152,0.019387,0.000000
1784159174.024690,1,-0.165152,-0.038774,-0.003906
1784159174.034692,1,-0.165121,0.015509,0.000000
1784159174.044693,1,-0.165152,-0.019387,-0.007812
1784159174.054692,1,-0.165152,-0.038774,-0.007812
1784159174.064692,1,-0.165152,-0.031019,0.000000
1784159174.074691,1,-0.165121,0.019387,-0.003906
1784159174.084690,1,-0.165152,-0.011632,-0.003906
1784159174.094692,1,-0.165121,0.007755,-0.003906
1784159174.104693,1,-0.165182,-0.093057,-0.007812
1784159174.114693,1,-0.165152,-0.038774,0.000000
1784159174.124691,1,-0.165152,-0.023264,-0.007812
1784159174.134693,1,-0.165152,-0.019387,0.000000
1784159174.144697,1,-0.165152,-0.027142,0.000000
1784159174.154692,1,-0.165152,-0.042651,0.000000
1784159174.164692,1,-0.165152,-0.054283,-0.007812
1784159174.174695,1,-0.165152,-0.042651,0.000000
1784159174.184695,1,-0.165121,-0.038774,-0.007812
1784159174.194698,1,-0.165121,0.015509,0.000000
1784159174.204692,1,-0.165152,-0.031019,-0.003906
1784159174.214696,1,-0.165152,-0.034896,0.000000
1784159174.224690,1,-0.165121,0.000000,-0.007812
1784159174.234698,1,-0.165121,0.003877,-0.007812
1784159174.244695,1,-0.165152,-0.038774,0.000000
1784159174.254671,1,-0.165152,-0.023264,0.000000
1784159174.264675,1,-0.165121,0.015509,0.000000
1784159174.274678,1,-0.165121,0.031019,-0.007812
1784159174.284679,1,-0.165121,-0.038774,0.000000
1784159174.294677,1,-0.165152,-0.038774,0.000000
1784159174.304682,1,-0.165152,-0.038774,-0.003906
1784159174.314675,1,-0.165121,0.019387,-0.007812
1784159174.324669,1,-0.165121,0.011632,0.000000
1784159174.334673,1,-0.165121,0.019387,-0.003906
1784159174.344672,1,-0.165121,0.007755,-0.007812
1784159174.354675,1,-0.165152,-0.046528,0.000000
1784159174.364684,1,-0.165121,0.011632,0.000000
1784159174.374681,1,-0.165152,-0.038774,0.000000
1784159174.384674,1,-0.165121,0.000000,-0.003906
1784159174.394673,1,-0.165121,-0.096934,0.000000
1784159174.404673,1,-0.165121,0.019387,0.000000
1784159174.414675,1,-0.165121,0.015509,0.000000
1784159174.424676,1,-0.165121,0.003877,0.000000
1784159174.434675,1,-0.165091,0.065915,0.000000
1784159174.444681,1,-0.165152,-0.050406,-0.003906
1784159174.454676,1,-0.165152,-0.031019,0.000000
1784159174.464674,1,-0.165152,-0.038774,-0.007812
1784159174.474676,1,-0.165152,-0.038774,0.000000
1784159174.484676,1,-0.165121,0.019387,0.000000
1784159174.494682,1,-0.165152,-0.031019,0.000000
1784159174.504675,1,-0.165121,0.015509,0.000000
1784159174.514657,1,-0.165152,-0.034896,-0.007812
1784159174.524655,1,-0.165121,0.019387,0.000000
1784159174.534659,1,-0.165121,0.003877,0.000000
1784159174.544658,1,-0.165152,-0.042651,-0.007812
1784159174.554661,1,-0.165152,-0.038774,0.000000
1784159174.564660,1,-0.165152,-0.054283,0.000000
1784159174.574657,1,-0.165121,0.023264,0.000000
1784159174.584768,1,-0.165121,0.015509,0.000000
1784159174.594743,1,-0.165121,0.019387,-0.007812
1784159174.604660,1,-0.165152,-0.034896,0.000000
1784159174.614653,1,-0.165152,-0.050406,-0.011719
1784159174.624658,1,-0.165182,-0.093057,-0.003906
1784159174.634659,1,-0.165152,-0.027142,0.000000
1784159174.644661,1,-0.165152,-0.038774,-0.007812
1784159174.654662,1,-0.165121,0.007755,-0.003906
1784159174.664659,1,-0.165152,-0.054283,-0.007812
1784159174.674662,1,-0.165152,-0.038774,-0.007812
1784159174.684665,1,-0.165152,-0.038774,-0.003906
1784159174.694657,1,-0.165121,0.007755,0.000000
1784159174.704657,1,-0.165152,0.065915,-0.007812
1784159174.714661,1,-0.165121,0.011632,0.000000
1784159174.724766,1,-0.165152,-0.038774,0.000000
1784159174.734657,1,-0.165152,-0.042651,0.000000
1784159174.744662,1,-0.165121,0.000000,0.000000
1784159174.754659,1,-0.165121,0.023264,-0.007812
1784159174.764659,1,-0.165121,0.011632,0.000000
1784159174.774639,1,-0.165182,-0.093057,-0.007812
1784159174.784657,1,-0.165121,0.019387,0.000000
1784159174.794655,1,-0.165152,-0.038774,0.000000
1784159174.804636,1,-0.165152,0.000000,0.000000
1784159174.814636,1,-0.165182,-0.096934,0.000000
1784159174.824634,1,-0.165152,-0.038774,-0.003906
1784159174.834636,1,-0.165121,0.000000,0.000000
1784159174.844634,1,-0.165152,-0.023264,0.000000
1784159174.854641,1,-0.165152,-0.031019,0.000000
1784159174.864634,1,-0.165152,-0.038774,-0.003906
1784159174.874638,1,-0.165152,-0.038774,0.000000
1784159174.884636,1,-0.165152,-0.038774,0.000000
1784159174.894641,1,-0.165182,-0.096934,0.000000
1784159174.904638,1,-0.165152,-0.031019,0.000000
1784159174.914640,1,-0.165152,-0.054283,-0.007812
1784159174.924643,1,-0.165121,0.011632,0.000000
1784159174.934642,1,-0.165152,-0.031019,0.000000
1784159174.944638,1,-0.165121,0.015509,0.000000
1784159174.954640,1,-0.165152,-0.046528,0.000000
1784159174.964641,1,-0.165152,0.019387,-0.003906
1784159174.974640,1,-0.165121,0.015509,-0.007812
1784159174.984643,1,-0.165121,0.000000,-0.007812
1784159174.994639,1,-0.165152,-0.019387,0.003906
1784159175.004637,1,-0.165121,0.011632,0.000000
1784159175.014643,1,-0.165152,-0.027142,-0.007812
1784159175.024717,1,-0.165121,0.015509,0.000000
1784159175.034638,1,-0.165152,-0.038774,-0.007812
1784159175.044644,1,-0.165152,-0.038774,-0.007812
1784159175.054638,1,-0.165121,0.019387,0.000000
1784159175.064642,1,-0.165152,-0.046528,-0.003906
1784159175.074622,1,-0.165121,0.000000,-0.007812
1784159175.084619,1,-0.165091,0.077547,0.000000
1784159175.094620,1,-0.165121,-0.038774,-0.003906
1784159175.104623,1,-0.165152,-0.038774,0.000000
1784159175.114624,1,-0.165152,-0.034896,-0.003906
1784159175.124620,1,-0.165152,-0.046528,0.000000
1784159175.134619,1,-0.165152,-0.046528,0.000000
1784159175.144627,1,-0.165121,0.023264,0.000000
1784159175.154621,1,-0.165152,-0.042651,0.000000
1784159175.164621,1,-0.165152,-0.019387,0.000000
1784159175.174619,1,-0.165152,-0.046528,0.000000
1784159175.184628,1,-0.165152,-0.038774,-0.007812
1784159175.194631,1,-0.165121,0.019387,0.000000
1784159175.204619,1,-0.165121,0.023264,0.000000
1784159175.214623,1,-0.165152,-0.015509,-0.003906
1784159175.224621,1,-0.165182,-0.093057,-0.003906
1784159175.234621,1,-0.165121,-0.042651,-0.007812
1784159175.244621,1,-0.165121,0.015509,-0.003906
1784159175.254620,1,-0.165121,0.000000,-0.003906
1784159175.264624,1,-0.165152,-0.042651,0.000000
1784159175.274621,1,-0.165152,-0.038774,0.000000
1784159175.284624,1,-0.165182,-0.096934,0.000000
1784159175.294621,1,-0.165152,-0.038774,-0.003906
1784159175.304622,1,-0.165152,-0.046528,0.000000
1784159175.314622,1,-0.165121,0.007755,-0.003906
1784159175.324622,1,-0.165152,-0.027142,0.000000
1784159175.333707,1,-0.165121,0.015509,-0.003906
