timestamp,motor_id,position,velocity,torque
1784159145.213660,2,-0.549345,-0.011632,0.000000
1784159145.223601,2,-0.549345,-0.050406,0.003906
1784159145.233593,2,-0.549163,0.000000,0.019531
1784159145.243587,2,-0.548951,0.003877,0.023438
1784159145.253587,2,-0.548678,-0.019387,0.042969
1784159145.263591,2,-0.548254,0.062038,0.058594
1784159145.273586,2,-0.547830,0.011632,0.066406
1784159145.283587,2,-0.547164,0.112444,0.082031
1784159145.293663,2,-0.545922,0.174482,0.082031
1784159145.303557,2,-0.543347,0.286925,0.089844
1784159145.313556,2,-0.540015,0.368350,0.093750
1784159145.323555,2,-0.536531,0.383860,0.093750
1784159145.333557,2,-0.531896,0.504058,0.085938
1784159145.343559,2,-0.525596,0.635889,0.082031
1784159145.353564,2,-0.518659,0.585483,0.093750
1784159145.363557,2,-0.513146,0.492426,0.093750
1784159145.373557,2,-0.509480,0.317944,0.101562
1784159145.383557,2,-0.506542,0.244274,0.101562
1784159145.393558,2,-0.502574,0.461407,0.105469
1784159145.403558,2,-0.497757,0.504058,0.101562
1784159145.413557,2,-0.492517,0.461407,0.105469
1784159145.423558,2,-0.488367,0.379982,0.093750
1784159145.433559,2,-0.485004,0.290803,0.093750
1784159145.443558,2,-0.482642,0.209378,0.082031
1784159145.453561,2,-0.480491,0.151217,0.082031
1784159145.463559,2,-0.477765,0.364473,0.066406
1784159145.473559,2,-0.474342,0.376105,0.054688
1784159145.483560,2,-0.470919,0.310190,0.058594
1784159145.493561,2,-0.469071,0.042651,0.058594
1784159145.503559,2,-0.469495,-0.046528,0.054688
1784159145.513559,2,-0.469768,0.000000,0.054688
1784159145.523627,2,-0.469616,-0.038774,0.054688
1784159145.533682,2,-0.469616,0.015509,0.054688
1784159145.543685,2,-0.469616,-0.007755,0.054688
1784159145.553552,2,-0.469556,0.011632,0.058594
1784159145.563541,2,-0.469465,0.054283,0.058594
1784159145.573541,2,-0.469434,-0.019387,0.054688
1784159145.583543,2,-0.469465,-0.031019,0.058594
1784159145.593541,2,-0.469495,-0.065915,0.058594
1784159145.603541,2,-0.469586,-0.058161,0.066406
1784159145.613543,2,-0.469677,-0.069793,0.058594
1784159145.623540,2,-0.469677,-0.011632,0.066406
1784159145.633542,2,-0.469677,-0.023264,0.058594
1784159145.643542,2,-0.469768,-0.073670,0.058594
1784159145.653541,2,-0.469889,-0.038774,0.058594
1784159145.663543,2,-0.470252,-0.100812,0.058594
1784159145.673542,2,-0.470404,-0.023264,0.058594
1784159145.683545,2,-0.470373,-0.027142,0.058594
1784159145.693542,2,-0.470343,0.003877,0.058594
1784159145.703542,2,-0.470343,0.015509,0.058594
1784159145.713540,2,-0.470373,-0.038774,0.054688
1784159145.723541,2,-0.470373,-0.050406,0.058594
1784159145.733542,2,-0.470313,-0.011632,0.058594
1784159145.743543,2,-0.470222,0.000000,0.054688
1784159145.753543,2,-0.470161,-0.007755,0.058594
1784159145.763542,2,-0.470070,0.000000,0.054688
1784159145.773542,2,-0.470040,-0.042651,0.058594
1784159145.783543,2,-0.470040,-0.089180,0.050781
1784159145.793546,2,-0.469949,-0.007755,0.058594
1784159145.803541,2,-0.469889,-0.015509,0.050781
1784159145.813544,2,-0.469677,-0.015509,0.058594
1784159145.823544,2,-0.469313,0.023264,0.050781
1784159145.833521,2,-0.469041,0.000000,0.054688
1784159145.843522,2,-0.468738,0.007755,0.050781
1784159145.853521,2,-0.468586,0.023264,0.054688
1784159145.863521,2,-0.468556,0.000000,0.050781
1784159145.873522,2,-0.468556,-0.062038,0.050781
1784159145.883524,2,-0.468314,0.011632,0.050781
1784159145.893521,2,-0.467889,0.015509,0.042969
1784159145.903521,2,-0.467435,-0.015509,0.042969
1784159145.913528,2,-0.467344,-0.023264,0.050781
1784159145.923525,2,-0.467344,-0.003877,0.050781
1784159145.933527,2,-0.467314,0.000000,0.054688
1784159145.943522,2,-0.467344,-0.027142,0.050781
1784159145.953523,2,-0.467344,-0.011632,0.050781
1784159145.963523,2,-0.467314,-0.038774,0.054688
1784159145.973523,2,-0.467314,0.007755,0.042969
1784159145.983524,2,-0.467284,0.050406,0.050781
1784159145.993524,2,-0.467193,-0.038774,0.050781
1784159146.003524,2,-0.467072,-0.058161,0.050781
1784159146.013521,2,-0.466981,0.019387,0.042969
1784159146.023522,2,-0.466829,0.007755,0.042969
1784159146.033523,2,-0.466648,-0.015509,0.042969
1784159146.043524,2,-0.466496,0.000000,0.050781
1784159146.054530,2,-0.466254,0.019387,0.042969
1784159146.063534,2,-0.466011,0.015509,0.042969
1784159146.073533,2,-0.465678,0.062038,0.054688
1784159146.083534,2,-0.465466,-0.038774,0.042969
1784159146.093529,2,-0.465345,-0.003877,0.042969
1784159146.103530,2,-0.465345,-0.058161,0.042969
1784159146.113504,2,-0.465284,0.038774,0.039062
1784159146.123512,2,-0.465133,0.023264,0.042969
1784159146.133513,2,-0.464618,0.038774,0.039062
1784159146.143510,2,-0.463285,0.228765,0.027344
1784159146.153512,2,-0.461861,0.120198,0.039062
1784159146.163514,2,-0.461589,-0.046528,0.035156
1784159146.173512,2,-0.461589,-0.042651,0.035156
1784159146.183517,2,-0.461437,0.054283,0.035156
1784159146.193513,2,-0.461074,0.081425,0.027344
1784159146.203513,2,-0.460014,0.100812,0.023438
1784159146.213499,2,-0.458014,0.189991,0.027344
1784159146.223513,2,-0.457651,-0.058161,0.027344
1784159146.233531,2,-0.457802,-0.027142,0.027344
1784159146.243509,2,-0.457681,0.003877,0.023438
1784159146.253512,2,-0.457651,-0.038774,0.023438
1784159146.263516,2,-0.457439,0.065915,0.023438
1784159146.273511,2,-0.456984,0.054283,0.019531
1784159146.283516,2,-0.455833,0.151217,0.019531
1784159146.293511,2,-0.454016,0.147340,0.019531
1784159146.303515,2,-0.452592,0.193868,0.000000
1784159146.313511,2,-0.450563,0.166727,0.003906
1784159146.323604,2,-0.448987,0.093057,0.003906
1784159146.333506,2,-0.447473,0.186114,-0.007812
1784159146.343504,2,-0.445988,0.031019,-0.003906
1784159146.353557,2,-0.445473,-0.034896,-0.003906
1784159146.363588,2,-0.444928,0.034896,-0.007812
1784159146.373505,2,-0.443171,0.151217,-0.023438
1784159146.383511,2,-0.441505,0.112444,-0.023438
1784159146.393485,2,-0.440778,0.034896,-0.019531
1784159146.403696,2,-0.439809,0.077547,-0.023438
1784159146.413586,2,-0.438718,0.077547,-0.023438
1784159146.423599,2,-0.438022,0.034896,-0.027344
1784159146.433487,2,-0.437931,-0.042651,-0.027344
1784159146.443485,2,-0.437961,-0.062038,-0.023438
1784159146.454488,2,-0.437658,0.027142,-0.027344
1784159146.463489,2,-0.436810,0.158972,-0.027344
1784159146.473489,2,-0.434265,0.283048,-0.039062
1784159146.483492,2,-0.431509,0.310190,-0.039062
1784159146.493488,2,-0.430115,0.015509,-0.039062
1784159146.503487,2,-0.430085,-0.019387,-0.050781
1784159146.513488,2,-0.429570,0.046528,-0.054688
1784159146.523490,2,-0.427934,0.217133,-0.054688
1784159146.533489,2,-0.425662,0.224887,-0.070312
1784159146.543485,2,-0.422815,0.317944,-0.058594
1784159146.553489,2,-0.419907,0.290803,-0.082031
1784159146.563489,2,-0.417817,0.186114,-0.074219
1784159146.573489,2,-0.416605,0.135708,-0.085938
1784159146.583488,2,-0.415333,0.093057,-0.085938
1784159146.593493,2,-0.414757,0.038774,-0.085938
1784159146.603490,2,-0.414545,0.023264,-0.089844
1784159146.613488,2,-0.414394,0.000000,-0.085938
1784159146.623490,2,-0.414454,-0.062038,-0.085938
1784159146.633490,2,-0.414394,0.038774,-0.089844
1784159146.643488,2,-0.414152,0.042651,-0.089844
1784159146.653490,2,-0.413546,0.085302,-0.089844
1784159146.663489,2,-0.412728,0.015509,-0.085938
1784159146.673472,2,-0.412546,-0.015509,-0.085938
1784159146.683471,2,-0.412455,0.019387,-0.093750
1784159146.693475,2,-0.411940,0.015509,-0.093750
1784159146.703476,2,-0.411092,0.046528,-0.093750
1784159146.713472,2,-0.410850,-0.077547,-0.089844
1784159146.723474,2,-0.411092,-0.007755,-0.093750
1784159146.733473,2,-0.411092,0.031019,-0.093750
1784159146.743473,2,-0.411092,-0.038774,-0.093750
1784159146.753470,2,-0.411031,-0.023264,-0.093750
1784159146.763472,2,-0.411153,-0.027142,-0.089844
1784159146.773474,2,-0.411244,-0.034896,-0.089844
1784159146.783473,2,-0.411183,0.046528,-0.085938
1784159146.793476,2,-0.411092,-0.011632,-0.093750
1784159146.803473,2,-0.411062,-0.038774,-0.101562
1784159146.813472,2,-0.411122,-0.003877,-0.089844
1784159146.823475,2,-0.411304,0.015509,-0.089844
1784159146.833474,2,-0.411577,-0.054283,-0.089844
1784159146.843477,2,-0.411728,-0.031019,-0.093750
1784159146.853472,2,-0.411637,-0.069793,-0.089844
1784159146.863592,2,-0.411577,-0.015509,-0.089844
1784159146.874481,2,-0.411607,0.003877,-0.093750
1784159146.883478,2,-0.411698,-0.038774,-0.089844
1784159146.893480,2,-0.411728,-0.085302,-0.089844
1784159146.903477,2,-0.411728,-0.027142,-0.085938
1784159146.913478,2,-0.412092,-0.046528,-0.089844
1784159146.923453,2,-0.412546,0.007755,-0.089844
1784159146.933462,2,-0.412819,-0.042651,-0.093750
1784159146.943462,2,-0.412607,0.046528,-0.093750
1784159146.953457,2,-0.412637,-0.031019,-0.089844
1784159146.963464,2,-0.412728,-0.034896,-0.089844
1784159146.973459,2,-0.412819,-0.015509,-0.089844
1784159146.983463,2,-0.412970,-0.073670,-0.085938
1784159146.993456,2,-0.413727,-0.108566,-0.085938
1784159147.003458,2,-0.415333,-0.248152,-0.074219
1784159147.013455,2,-0.416090,0.015509,-0.085938
1784159147.023451,2,-0.415545,0.000000,-0.082031
1784159147.033453,2,-0.415484,-0.031019,-0.082031
1784159147.043454,2,-0.415636,-0.011632,-0.074219
1784159147.053453,2,-0.415848,0.019387,-0.074219
1784159147.063452,2,-0.415908,-0.054283,-0.082031
1784159147.073468,2,-0.415939,-0.065915,-0.082031
1784159147.083454,2,-0.415999,-0.034896,-0.074219
1784159147.093454,2,-0.416272,-0.042651,-0.082031
1784159147.103453,2,-0.416514,-0.093057,-0.082031
1784159147.113471,2,-0.416393,0.011632,-0.082031
1784159147.123454,2,-0.416393,-0.089180,-0.082031
1784159147.133454,2,-0.416454,-0.069793,-0.082031
1784159147.143455,2,-0.416757,-0.069793,-0.082031
1784159147.153454,2,-0.417363,-0.100812,-0.074219
1784159147.163454,2,-0.417726,-0.054283,-0.082031
1784159147.173453,2,-0.417756,-0.050406,-0.074219
1784159147.183456,2,-0.417847,-0.046528,-0.074219
1784159147.193454,2,-0.418180,-0.050406,-0.074219
1784159147.203454,2,-0.418726,-0.031019,-0.074219
1784159147.213432,2,-0.418907,0.019387,-0.074219
1784159147.223437,2,-0.418817,0.000000,-0.074219
1784159147.233434,2,-0.418847,0.000000,-0.074219
1784159147.243433,2,-0.419029,-0.085302,-0.070312
1784159147.253435,2,-0.419059,0.011632,-0.074219
1784159147.263434,2,-0.419241,-0.019387,-0.074219
1784159147.273435,2,-0.419089,-0.007755,-0.070312
1784159147.283435,2,-0.418786,0.015509,-0.074219
1784159147.293440,2,-0.418453,0.081425,-0.082031
1784159147.303432,2,-0.418241,0.019387,-0.074219
1784159147.313443,2,-0.418514,0.000000,-0.074219
1784159147.323435,2,-0.418847,-0.116321,-0.074219
1784159147.333437,2,-0.418907,-0.011632,-0.082031
1784159147.343438,2,-0.418726,0.054283,-0.074219
1784159147.353523,2,-0.418574,-0.077547,-0.082031
1784159147.364443,2,-0.418271,0.015509,-0.074219
1784159147.374444,2,-0.418332,-0.003877,-0.070312
1784159147.384442,2,-0.418544,0.003877,-0.074219
1784159147.393444,2,-0.418635,-0.007755,-0.082031
1784159147.403445,2,-0.418453,-0.019387,-0.082031
1784159147.413437,2,-0.417938,0.085302,-0.082031
1784159147.423444,2,-0.416878,0.116321,-0.085938
1784159147.433446,2,-0.415484,0.054283,-0.082031
1784159147.443443,2,-0.415636,-0.089180,-0.085938
1784159147.453444,2,-0.415727,-0.058161,-0.085938
1784159147.463428,2,-0.415636,0.019387,-0.074219
1784159147.473442,2,-0.415545,0.015509,-0.082031
1784159147.483425,2,-0.415484,0.027142,-0.082031
1784159147.493421,2,-0.415454,-0.015509,-0.082031
1784159147.503424,2,-0.415454,-0.011632,-0.082031
1784159147.513420,2,-0.415484,-0.031019,-0.082031
1784159147.523423,2,-0.415484,-0.042651,-0.085938
1784159147.533423,2,-0.415424,0.034896,-0.082031
1784159147.543426,2,-0.415454,-0.058161,-0.085938
1784159147.553422,2,-0.415363,-0.065915,-0.085938
1784159147.563422,2,-0.415151,0.007755,-0.082031
1784159147.573425,2,-0.415091,-0.038774,-0.082031
1784159147.583425,2,-0.415272,-0.081425,-0.085938
1784159147.594426,2,-0.415454,-0.062038,-0.074219
1784159147.603512,2,-0.415303,0.007755,-0.085938
1784159147.614428,2,-0.414879,0.046528,-0.089844
1784159147.624424,2,-0.414333,0.019387,-0.089844
1784159147.634429,2,-0.413546,0.042651,-0.089844
1784159147.644425,2,-0.412940,0.007755,-0.093750
1784159147.654423,2,-0.412970,-0.031019,-0.089844
1784159147.664424,2,-0.413091,-0.007755,-0.089844
1784159147.674426,2,-0.413152,-0.038774,-0.082031
1784159147.684427,2,-0.413425,-0.077547,-0.085938
1784159147.694430,2,-0.413455,0.042651,-0.085938
1784159147.703424,2,-0.413394,-0.019387,-0.085938
1784159147.714427,2,-0.413213,0.011632,-0.085938
1784159147.724424,2,-0.413243,0.000000,-0.085938
1784159147.734426,2,-0.413273,0.015509,-0.085938
1784159147.744407,2,-0.413425,-0.031019,-0.089844
1784159147.754425,2,-0.413546,-0.011632,-0.085938
1784159147.764397,2,-0.414182,-0.158972,-0.085938
1784159147.774405,2,-0.415242,-0.131831,-0.085938
1784159147.784405,2,-0.415575,0.062038,-0.085938
1784159147.794407,2,-0.415454,-0.031019,-0.074219
1784159147.804407,2,-0.415424,-0.019387,-0.082031
1784159147.814406,2,-0.415363,-0.003877,-0.082031
1784159147.824405,2,-0.415394,-0.038774,-0.082031
1784159147.834409,2,-0.415515,-0.038774,-0.082031
1784159147.844406,2,-0.415606,-0.027142,-0.082031
1784159147.854405,2,-0.415636,-0.003877,-0.085938
1784159147.864397,2,-0.415666,-0.027142,-0.074219
1784159147.874406,2,-0.415787,-0.062038,-0.082031
1784159147.884505,2,-0.415939,-0.093057,-0.085938
1784159147.894405,2,-0.415878,0.000000,-0.082031
1784159147.904403,2,-0.415908,-0.011632,-0.082031
1784159147.914397,2,-0.416181,-0.007755,-0.074219
1784159147.924407,2,-0.416999,-0.073670,-0.082031
1784159147.934409,2,-0.417847,-0.135708,-0.070312
1784159147.944426,2,-0.418968,-0.209378,-0.074219
1784159147.954409,2,-0.419725,-0.085302,-0.074219
1784159147.964408,2,-0.419998,-0.104689,-0.074219
1784159147.974408,2,-0.420664,-0.147340,-0.070312
1784159147.984409,2,-0.421967,-0.155095,-0.058594
1784159147.994408,2,-0.423966,-0.201623,-0.066406
1784159148.004407,2,-0.424511,0.058161,-0.058594
1784159148.014408,2,-0.424542,-0.023264,-0.058594
1784159148.024407,2,-0.424935,-0.069793,-0.054688
1784159148.034388,2,-0.426299,-0.193868,-0.042969
1784159148.044388,2,-0.428480,-0.162850,-0.054688
1784159148.054386,2,-0.429176,-0.093057,-0.054688
1784159148.064419,2,-0.428964,-0.011632,-0.035156
1784159148.074386,2,-0.429116,-0.042651,-0.042969
1784159148.084395,2,-0.429419,-0.062038,-0.039062
1784159148.094389,2,-0.430297,-0.089180,-0.039062
1784159148.104388,2,-0.431448,-0.100812,-0.039062
1784159148.114394,2,-0.431418,-0.085302,-0.050781
1784159148.124389,2,-0.431418,-0.038774,-0.039062
1784159148.134387,2,-0.431418,-0.027142,-0.039062
1784159148.144395,2,-0.431418,-0.015509,-0.039062
1784159148.154388,2,-0.431327,-0.050406,-0.039062
1784159148.164393,2,-0.431267,-0.007755,-0.039062
1784159148.174388,2,-0.431267,0.000000,-0.039062
1784159148.184389,2,-0.431327,0.003877,-0.039062
1784159148.194391,2,-0.431448,-0.038774,-0.039062
1784159148.204390,2,-0.431357,0.019387,-0.042969
1784159148.214391,2,-0.431267,-0.003877,-0.042969
1784159148.224389,2,-0.431236,0.000000,-0.042969
1784159148.234389,2,-0.431297,-0.023264,-0.039062
1784159148.244391,2,-0.431327,-0.019387,-0.039062
1784159148.254390,2,-0.431297,-0.050406,-0.039062
1784159148.264392,2,-0.431236,-0.062038,-0.042969
1784159148.274390,2,-0.431388,-0.054283,-0.042969
1784159148.284391,2,-0.431630,-0.096934,-0.039062
1784159148.294388,2,-0.431781,0.003877,-0.042969
1784159148.304373,2,-0.431751,-0.003877,-0.042969
1784159148.314376,2,-0.431660,0.007755,-0.050781
1784159148.324372,2,-0.431660,-0.031019,-0.039062
1784159148.334374,2,-0.431630,0.031019,-0.039062
1784159148.344369,2,-0.431660,-0.038774,-0.042969
1784159148.354374,2,-0.431721,0.000000,-0.039062
1784159148.364373,2,-0.431781,-0.023264,-0.039062
1784159148.374373,2,-0.431994,-0.050406,-0.039062
1784159148.384373,2,-0.432236,-0.031019,-0.039062
1784159148.394370,2,-0.432327,-0.058161,-0.039062
1784159148.404373,2,-0.432296,-0.038774,-0.039062
1784159148.414373,2,-0.432296,-0.034896,-0.039062
1784159148.424372,2,-0.432357,-0.023264,-0.039062
1784159148.434371,2,-0.432872,-0.100812,-0.039062
1784159148.444376,2,-0.433750,-0.127953,-0.027344
1784159148.454371,2,-0.435053,-0.155095,-0.027344
1784159148.464371,2,-0.435810,-0.065915,-0.027344
1784159148.474374,2,-0.436416,-0.042651,-0.027344
1784159148.484372,2,-0.437385,-0.108566,-0.019531
1784159148.494370,2,-0.439112,-0.151217,-0.019531
1784159148.504377,2,-0.440081,-0.077547,-0.023438
1784159148.514376,2,-0.440384,-0.120198,-0.011719
1784159148.524375,2,-0.441263,-0.093057,-0.011719
1784159148.534371,2,-0.442656,-0.155095,-0.011719
1784159148.544372,2,-0.443020,0.050406,-0.011719
1784159148.554372,2,-0.443050,-0.019387,-0.011719
1784159148.564371,2,-0.443141,-0.046528,-0.003906
1784159148.574357,2,-0.443353,-0.042651,-0.003906
1784159148.584351,2,-0.443929,-0.135708,-0.003906
1784159148.594353,2,-0.444777,-0.112444,0.000000
1784159148.604354,2,-0.445988,-0.209378,0.003906
1784159148.614356,2,-0.447352,-0.131831,-0.003906
1784159148.624359,2,-0.447624,0.019387,0.000000
1784159148.634354,2,-0.447836,-0.073670,0.003906
1784159148.644355,2,-0.448472,-0.131831,0.003906
1784159148.654353,2,-0.450108,-0.294680,0.023438
1784159148.664352,2,-0.452410,-0.217133,0.019531
1784159148.674355,2,-0.454137,-0.298557,0.023438
1784159148.684352,2,-0.456227,-0.224887,0.019531
1784159148.694355,2,-0.458226,-0.244274,0.035156
1784159148.704352,2,-0.459287,-0.112444,0.023438
1784159148.714361,2,-0.459105,-0.073670,0.035156
1784159148.724353,2,-0.459529,-0.096934,0.023438
1784159148.734354,2,-0.459862,-0.042651,0.027344
1784159148.744355,2,-0.459620,0.000000,0.023438
1784159148.754355,2,-0.459438,0.015509,0.023438
1784159148.764359,2,-0.459529,-0.096934,0.023438
1784159148.774354,2,-0.459468,0.000000,0.023438
1784159148.784354,2,-0.459468,-0.058161,0.035156
1784159148.794322,2,-0.459650,-0.062038,0.027344
1784159148.804347,2,-0.460135,-0.050406,0.035156
1784159148.814355,2,-0.461195,-0.201623,0.039062
1784159148.824356,2,-0.462588,-0.155095,0.035156
1784159148.834354,2,-0.462437,0.000000,0.039062
1784159148.844355,2,-0.462649,-0.046528,0.039062
1784159148.854336,2,-0.463073,-0.089180,0.035156
1784159148.864334,2,-0.463952,-0.170604,0.050781
1784159148.874335,2,-0.465951,-0.294680,0.058594
1784159148.884338,2,-0.467768,-0.034896,0.042969
1784159148.894336,2,-0.467587,-0.027142,0.050781
1784159148.904338,2,-0.467556,-0.093057,0.050781
1784159148.914334,2,-0.467677,-0.054283,0.050781
1784159148.924334,2,-0.467950,-0.058161,0.054688
1784159148.934337,2,-0.468980,-0.178359,0.058594
1784159148.944336,2,-0.470979,-0.209378,0.058594
1784159148.954338,2,-0.471737,0.050406,0.058594
1784159148.964342,2,-0.471494,0.011632,0.066406
1784159148.974335,2,-0.471555,-0.085302,0.058594
1784159148.984337,2,-0.471525,0.042651,0.054688
1784159148.994335,2,-0.471585,-0.038774,0.066406
1784159149.004337,2,-0.471555,0.003877,0.058594
1784159149.014337,2,-0.471555,0.003877,0.070312
1784159149.024333,2,-0.471464,0.038774,0.070312
1784159149.034335,2,-0.471434,-0.038774,0.066406
1784159149.044335,2,-0.471343,-0.007755,0.070312
1784159149.054338,2,-0.471282,0.000000,0.050781
1784159149.064336,2,-0.471040,0.034896,0.066406
1784159149.074339,2,-0.470707,0.003877,0.058594
1784159149.084338,2,-0.470434,0.046528,0.066406
1784159149.094337,2,-0.470404,-0.011632,0.054688
1784159149.104337,2,-0.470313,-0.003877,0.058594
1784159149.114337,2,-0.470222,-0.031019,0.054688
1784159149.124308,2,-0.470161,0.000000,0.058594
1784159149.134316,2,-0.470161,-0.007755,0.058594
1784159149.144316,2,-0.469980,0.058161,0.050781
1784159149.154319,2,-0.469737,-0.019387,0.050781
1784159149.164320,2,-0.469495,0.015509,0.066406
1784159149.174318,2,-0.469313,0.034896,0.054688
1784159149.184319,2,-0.469404,-0.096934,0.050781
1784159149.194317,2,-0.469374,-0.019387,0.054688
1784159149.204317,2,-0.469374,-0.050406,0.050781
1784159149.214315,2,-0.469343,-0.007755,0.058594
1784159149.224316,2,-0.469404,-0.027142,0.050781
1784159149.234318,2,-0.469434,-0.038774,0.054688
1784159149.244316,2,-0.469465,-0.015509,0.066406
1784159149.254319,2,-0.469525,0.011632,0.054688
1784159149.264319,2,-0.469737,-0.058161,0.050781
1784159149.274322,2,-0.469828,-0.038774,0.058594
1784159149.284318,2,-0.469889,-0.031019,0.054688
1784159149.294317,2,-0.469919,-0.038774,0.058594
1784159149.304320,2,-0.469980,-0.038774,0.058594
1784159149.314316,2,-0.470040,-0.003877,0.050781
1784159149.324321,2,-0.470070,0.019387,0.058594
1784159149.334321,2,-0.470101,-0.038774,0.058594
1784159149.344319,2,-0.470070,0.000000,0.050781
1784159149.354318,2,-0.470070,-0.077547,0.050781
1784159149.364320,2,-0.470040,-0.054283,0.058594
1784159149.374317,2,-0.470010,-0.065915,0.058594
1784159149.384324,2,-0.469889,-0.003877,0.058594
1784159149.394321,2,-0.469889,-0.046528,0.058594
1784159149.404298,2,-0.469858,-0.034896,0.058594
1784159149.414297,2,-0.469798,0.003877,0.066406
1784159149.424381,2,-0.469768,-0.015509,0.058594
1784159149.434296,2,-0.469707,-0.031019,0.050781
1784159149.444296,2,-0.469677,-0.054283,0.058594
1784159149.454288,2,-0.469616,-0.027142,0.054688
1784159149.464296,2,-0.469586,-0.003877,0.050781
1784159149.474295,2,-0.469556,-0.038774,0.058594
1784159149.484297,2,-0.469525,-0.031019,0.066406
1784159149.494320,2,-0.469525,-0.027142,0.054688
1784159149.504301,2,-0.469525,-0.058161,0.058594
1784159149.514309,2,-0.469495,-0.007755,0.054688
1784159149.524315,2,-0.469525,-0.038774,0.054688
1784159149.534299,2,-0.469495,0.015509,0.058594
1784159149.544297,2,-0.469525,-0.019387,0.054688
1784159149.554306,2,-0.469556,-0.007755,0.058594
1784159149.564298,2,-0.469586,-0.011632,0.066406
1784159149.574297,2,-0.469586,0.034896,0.054688
1784159149.584306,2,-0.469677,0.027142,0.054688
1784159149.594297,2,-0.469707,0.011632,0.058594
1784159149.604302,2,-0.469737,0.003877,0.058594
1784159149.614299,2,-0.469798,-0.054283,0.058594
1784159149.624284,2,-0.469798,0.015509,0.058594
1784159149.634282,2,-0.469828,-0.003877,0.058594
1784159149.644288,2,-0.469858,-0.034896,0.058594
1784159149.654300,2,-0.469828,0.000000,0.058594
1784159149.664297,2,-0.469858,-0.054283,0.058594
1784159149.674277,2,-0.469828,-0.038774,0.058594
1784159149.684284,2,-0.469798,-0.023264,0.066406
1784159149.694281,2,-0.469737,-0.007755,0.058594
1784159149.704278,2,-0.469737,-0.003877,0.050781
1784159149.714278,2,-0.469677,0.000000,0.050781
1784159149.724277,2,-0.469646,-0.054283,0.050781
1784159149.734278,2,-0.469646,-0.100812,0.058594
1784159149.744277,2,-0.469556,-0.015509,0.058594
1784159149.754277,2,-0.469556,-0.058161,0.050781
1784159149.764277,2,-0.469495,-0.003877,0.054688
1784159149.774284,2,-0.469465,0.023264,0.066406
1784159149.784278,2,-0.469495,-0.038774,0.054688
1784159149.794281,2,-0.469495,-0.019387,0.058594
1784159149.804278,2,-0.469495,-0.019387,0.054688
1784159149.814273,2,-0.469525,-0.042651,0.066406
1784159149.824280,2,-0.469525,-0.003877,0.054688
1784159149.834283,2,-0.469495,0.058161,0.058594
1784159149.844280,2,-0.469586,-0.042651,0.058594
1784159149.854357,2,-0.469586,-0.023264,0.066406
1784159149.864365,2,-0.469586,-0.003877,0.066406
1784159149.874353,2,-0.469646,-0.038774,0.054688
1784159149.884286,2,-0.469646,-0.011632,0.066406
1784159149.894284,2,-0.469677,-0.038774,0.050781
1784159149.904283,2,-0.469677,-0.038774,0.058594
1784159149.914283,2,-0.469677,-0.031019,0.058594
1784159149.924284,2,-0.469677,-0.034896,0.054688
1784159149.934266,2,-0.469677,-0.038774,0.058594
1784159149.944265,2,-0.469677,-0.038774,0.058594
1784159149.954263,2,-0.469677,-0.038774,0.058594
1784159149.964265,2,-0.469677,-0.038774,0.058594
1784159149.974264,2,-0.469677,-0.038774,0.058594
1784159149.984262,2,-0.469677,-0.050406,0.058594
1784159149.994262,2,-0.469677,-0.038774,0.058594
1784159150.004264,2,-0.469646,0.003877,0.058594
1784159150.014262,2,-0.469646,-0.015509,0.054688
1784159150.024269,2,-0.469616,-0.100812,0.054688
1784159150.034268,2,-0.469586,0.003877,0.054688
1784159150.044324,2,-0.469556,0.007755,0.058594
1784159150.054339,2,-0.469556,-0.038774,0.054688
1784159150.064272,2,-0.469556,-0.038774,0.058594
1784159150.074261,2,-0.469525,0.015509,0.058594
1784159150.084262,2,-0.469556,-0.038774,0.058594
1784159150.094261,2,-0.469525,0.011632,0.058594
1784159150.104271,2,-0.469525,-0.038774,0.066406
1784159150.114254,2,-0.469525,0.019387,0.058594
1784159150.124261,2,-0.469586,-0.069793,0.054688
1784159150.134266,2,-0.469556,-0.015509,0.058594
1784159150.144264,2,-0.469556,-0.019387,0.058594
1784159150.154274,2,-0.469586,-0.038774,0.054688
1784159150.164264,2,-0.469586,-0.011632,0.054688
1784159150.174262,2,-0.469586,-0.007755,0.066406
1784159150.184263,2,-0.469586,0.000000,0.058594
1784159150.194238,2,-0.469677,-0.007755,0.054688
1784159150.204242,2,-0.469616,0.073670,0.058594
1784159150.214242,2,-0.469677,-0.038774,0.066406
1784159150.224249,2,-0.469646,0.011632,0.054688
1784159150.234251,2,-0.469646,0.015509,0.058594
1784159150.244244,2,-0.469646,0.007755,0.058594
1784159150.254250,2,-0.469616,0.058161,0.058594
1784159150.264246,2,-0.469677,-0.058161,0.058594
1784159150.274243,2,-0.469646,0.073670,0.058594
1784159150.284243,2,-0.469646,-0.015509,0.058594
1784159150.294245,2,-0.469616,-0.003877,0.058594
1784159150.304245,2,-0.469616,-0.054283,0.054688
1784159150.314244,2,-0.469616,0.007755,0.054688
1784159150.324244,2,-0.469586,-0.038774,0.058594
1784159150.334244,2,-0.469586,-0.038774,0.066406
1784159150.344248,2,-0.469586,-0.038774,0.058594
1784159150.354246,2,-0.469586,-0.038774,0.066406
1784159150.364248,2,-0.469586,-0.034896,0.054688
1784159150.374247,2,-0.469586,-0.038774,0.058594
1784159150.384254,2,-0.469586,-0.038774,0.058594
1784159150.394244,2,-0.469556,0.019387,0.066406
1784159150.404245,2,-0.469586,-0.038774,0.058594
1784159150.414249,2,-0.469586,-0.038774,0.066406
1784159150.424242,2,-0.469586,-0.038774,0.058594
1784159150.434246,2,-0.469556,0.019387,0.058594
1784159150.444241,2,-0.469586,-0.038774,0.058594
1784159150.454227,2,-0.469586,-0.038774,0.058594
1784159150.464247,2,-0.469586,-0.038774,0.054688
1784159150.474247,2,-0.469586,-0.038774,0.058594
1784159150.484247,2,-0.469586,-0.038774,0.054688
1784159150.494227,2,-0.469586,-0.031019,0.058594
1784159150.504224,2,-0.469586,-0.038774,0.066406
1784159150.514225,2,-0.469586,-0.011632,0.066406
1784159150.524226,2,-0.469616,-0.007755,0.066406
1784159150.534230,2,-0.469586,-0.011632,0.058594
1784159150.544225,2,-0.469586,-0.011632,0.058594
1784159150.554226,2,-0.469616,-0.069793,0.058594
1784159150.564225,2,-0.469586,-0.038774,0.058594
1784159150.574224,2,-0.469556,0.011632,0.066406
1784159150.584227,2,-0.469586,-0.038774,0.054688
1784159150.594227,2,-0.469586,-0.038774,0.058594
1784159150.604225,2,-0.469586,-0.038774,0.066406
1784159150.614226,2,-0.469586,-0.038774,0.066406
1784159150.624225,2,-0.469556,0.019387,0.058594
1784159150.634228,2,-0.469586,-0.038774,0.050781
1784159150.644226,2,-0.469586,-0.038774,0.054688
1784159150.654226,2,-0.469586,-0.046528,0.058594
1784159150.664228,2,-0.469586,-0.038774,0.066406
1784159150.674226,2,-0.469586,-0.038774,0.058594
1784159150.684229,2,-0.469586,-0.046528,0.050781
1784159150.694227,2,-0.469586,-0.038774,0.054688
1784159150.704228,2,-0.469586,-0.042651,0.058594
1784159150.714232,2,-0.469586,-0.038774,0.054688
1784159150.724224,2,-0.469586,-0.038774,0.066406
1784159150.734226,2,-0.469586,-0.038774,0.058594
1784159150.744226,2,-0.469586,-0.027142,0.054688
1784159150.754229,2,-0.469586,-0.034896,0.058594
1784159150.764208,2,-0.469586,-0.038774,0.058594
1784159150.774203,2,-0.469586,-0.034896,0.058594
1784159150.784210,2,-0.469586,-0.031019,0.058594
1784159150.794207,2,-0.469616,-0.093057,0.058594
1784159150.804207,2,-0.469586,-0.031019,0.058594
1784159150.814211,2,-0.469556,0.023264,0.058594
1784159150.824207,2,-0.469586,-0.034896,0.054688
1784159150.834207,2,-0.469586,-0.038774,0.050781
1784159150.844213,2,-0.469586,-0.038774,0.058594
1784159150.854204,2,-0.469586,-0.038774,0.058594
1784159150.864201,2,-0.469556,0.015509,0.054688
1784159150.874201,2,-0.469586,-0.038774,0.054688
1784159150.884204,2,-0.469556,0.015509,0.058594
1784159150.894201,2,-0.469586,-0.038774,0.058594
1784159150.904202,2,-0.469586,-0.038774,0.058594
1784159150.914201,2,-0.469586,-0.038774,0.054688
1784159150.924203,2,-0.469586,-0.038774,0.058594
1784159150.934200,2,-0.469586,-0.038774,0.050781
1784159150.944212,2,-0.469556,-0.038774,0.058594
1784159150.954214,2,-0.469586,-0.034896,0.066406
1784159150.964200,2,-0.469586,-0.038774,0.058594
1784159150.974202,2,-0.469586,-0.034896,0.054688
1784159150.984208,2,-0.469586,-0.038774,0.050781
1784159150.994202,2,-0.469586,-0.038774,0.054688
1784159151.004202,2,-0.469586,-0.038774,0.058594
1784159151.014202,2,-0.469586,-0.038774,0.066406
1784159151.024184,2,-0.469586,-0.042651,0.050781
1784159151.034201,2,-0.469586,-0.038774,0.054688
1784159151.044180,2,-0.469556,0.015509,0.058594
1784159151.054181,2,-0.469586,-0.038774,0.058594
1784159151.064183,2,-0.469556,0.019387,0.058594
1784159151.074180,2,-0.469586,-0.042651,0.058594
1784159151.084189,2,-0.469586,-0.038774,0.058594
1784159151.094183,2,-0.469556,0.019387,0.050781
1784159151.104187,2,-0.469556,0.023264,0.058594
1784159151.114184,2,-0.469556,0.019387,0.054688
1784159151.124184,2,-0.469556,-0.046528,0.066406
1784159151.134185,2,-0.469586,-0.038774,0.058594
1784159151.144184,2,-0.469586,-0.038774,0.054688
1784159151.154190,2,-0.469556,0.015509,0.066406
1784159151.164185,2,-0.469586,-0.038774,0.058594
1784159151.174190,2,-0.469586,-0.038774,0.058594
1784159151.184185,2,-0.469586,-0.038774,0.058594
1784159151.194189,2,-0.469586,-0.038774,0.054688
1784159151.204273,2,-0.469586,-0.038774,0.058594
1784159151.214185,2,-0.469616,-0.027142,0.066406
1784159151.224183,2,-0.469586,-0.038774,0.054688
1784159151.234183,2,-0.469556,0.019387,0.054688
1784159151.244183,2,-0.469586,-0.038774,0.058594
1784159151.254182,2,-0.469586,-0.038774,0.066406
1784159151.264231,2,-0.469586,-0.038774,0.058594
1784159151.274191,2,-0.469586,-0.038774,0.058594
1784159151.284187,2,-0.469586,-0.038774,0.058594
1784159151.294187,2,-0.469586,-0.038774,0.070312
1784159151.304188,2,-0.469586,-0.038774,0.050781
1784159151.314168,2,-0.469586,-0.038774,0.054688
1784159151.324169,2,-0.469586,-0.038774,0.050781
1784159151.334169,2,-0.469586,-0.038774,0.058594
1784159151.344168,2,-0.469586,-0.058161,0.058594
1784159151.354166,2,-0.469586,-0.046528,0.054688
1784159151.364167,2,-0.469586,-0.038774,0.058594
1784159151.374166,2,-0.469586,-0.038774,0.054688
1784159151.384171,2,-0.469586,-0.042651,0.050781
1784159151.394166,2,-0.469556,0.015509,0.054688
1784159151.404167,2,-0.469556,0.019387,0.054688
1784159151.414167,2,-0.469586,-0.050406,0.054688
1784159151.424166,2,-0.469556,0.000000,0.066406
1784159151.434170,2,-0.469586,-0.038774,0.066406
1784159151.444169,2,-0.469586,-0.038774,0.066406
1784159151.454173,2,-0.469586,-0.031019,0.066406
1784159151.464282,2,-0.469556,0.019387,0.058594
1784159151.474243,2,-0.469556,0.019387,0.054688
1784159151.484231,2,-0.469586,-0.050406,0.058594
1784159151.494227,2,-0.469586,-0.038774,0.058594
1784159151.504175,2,-0.469586,-0.038774,0.058594
1784159151.514169,2,-0.469586,-0.038774,0.058594
1784159151.524169,2,-0.469556,0.019387,0.066406
1784159151.534167,2,-0.469556,0.019387,0.054688
1784159151.544168,2,-0.469586,-0.038774,0.054688
1784159151.554173,2,-0.469586,-0.038774,0.058594
1784159151.564169,2,-0.469556,0.019387,0.058594
1784159151.574167,2,-0.469556,0.019387,0.054688
1784159151.584150,2,-0.469586,-0.038774,0.058594
1784159151.594152,2,-0.469586,0.011632,0.058594
1784159151.604151,2,-0.469556,0.007755,0.058594
1784159151.614156,2,-0.469586,-0.038774,0.058594
1784159151.624155,2,-0.469586,-0.042651,0.058594
1784159151.634156,2,-0.469586,-0.038774,0.054688
1784159151.644151,2,-0.469556,-0.003877,0.058594
1784159151.654149,2,-0.469586,-0.069793,0.054688
1784159151.664157,2,-0.469556,-0.007755,0.058594
1784159151.674160,2,-0.469556,0.038774,0.058594
1784159151.684150,2,-0.469556,-0.023264,0.066406
1784159151.694153,2,-0.469586,-0.073670,0.054688
1784159151.704152,2,-0.469556,-0.027142,0.058594
1784159151.714163,2,-0.469525,-0.011632,0.066406
1784159151.724151,2,-0.469556,-0.007755,0.058594
1784159151.734155,2,-0.469586,-0.062038,0.054688
1784159151.744152,2,-0.469556,-0.003877,0.066406
1784159151.754152,2,-0.469586,-0.011632,0.066406
1784159151.764151,2,-0.469586,-0.062038,0.058594
1784159151.774151,2,-0.469586,-0.038774,0.058594
1784159151.784154,2,-0.469586,-0.023264,0.054688
1784159151.794155,2,-0.469586,-0.038774,0.050781
1784159151.804151,2,-0.469586,-0.038774,0.054688
1784159151.814148,2,-0.469586,-0.038774,0.058594
1784159151.824153,2,-0.469586,-0.031019,0.058594
1784159151.834155,2,-0.469586,-0.042651,0.058594
1784159151.844150,2,-0.469586,-0.042651,0.058594
1784159151.854139,2,-0.469586,-0.073670,0.054688
1784159151.864128,2,-0.469586,-0.054283,0.054688
1784159151.874129,2,-0.469525,0.054283,0.054688
1784159151.884176,2,-0.469586,0.000000,0.058594
1784159151.894131,2,-0.469556,0.000000,0.054688
1784159151.904129,2,-0.469556,-0.034896,0.054688
1784159151.914129,2,-0.469525,0.019387,0.054688
1784159151.924131,2,-0.469556,-0.019387,0.058594
1784159151.934129,2,-0.469525,0.015509,0.058594
1784159151.944130,2,-0.469556,-0.027142,0.054688
1784159151.954128,2,-0.469556,-0.023264,0.054688
1784159151.964133,2,-0.469556,-0.031019,0.054688
1784159151.974131,2,-0.469525,0.034896,0.058594
1784159151.984132,2,-0.469525,0.027142,0.058594
1784159151.994133,2,-0.469556,-0.046528,0.058594
1784159152.004141,2,-0.469525,0.042651,0.058594
1784159152.014131,2,-0.469556,-0.027142,0.058594
1784159152.024133,2,-0.469556,-0.027142,0.066406
1784159152.034133,2,-0.469525,0.042651,0.054688
1784159152.044134,2,-0.469556,-0.081425,0.066406
1784159152.054132,2,-0.469586,-0.042651,0.066406
1784159152.064132,2,-0.469586,-0.038774,0.066406
1784159152.074132,2,-0.469586,-0.038774,0.054688
1784159152.084133,2,-0.469556,0.019387,0.058594
1784159152.094132,2,-0.469556,0.019387,0.058594
1784159152.104133,2,-0.469556,0.011632,0.058594
1784159152.114133,2,-0.469586,-0.038774,0.054688
1784159152.124132,2,-0.469586,-0.042651,0.058594
1784159152.134201,2,-0.469586,-0.042651,0.054688
1784159152.144110,2,-0.469586,-0.042651,0.058594
1784159152.154111,2,-0.469586,-0.038774,0.058594
1784159152.164112,2,-0.469586,-0.038774,0.050781
1784159152.174114,2,-0.469586,0.046528,0.054688
1784159152.184112,2,-0.469556,-0.038774,0.054688
1784159152.194114,2,-0.469525,0.023264,0.066406
1784159152.204115,2,-0.469556,-0.038774,0.058594
1784159152.214115,2,-0.469556,-0.023264,0.058594
1784159152.224116,2,-0.469525,0.027142,0.050781
1784159152.234115,2,-0.469556,-0.038774,0.050781
1784159152.244115,2,-0.469556,-0.034896,0.066406
1784159152.254112,2,-0.469556,-0.038774,0.054688
1784159152.264115,2,-0.469525,0.019387,0.054688
1784159152.274112,2,-0.469556,-0.038774,0.066406
1784159152.284123,2,-0.469525,0.034896,0.058594
1784159152.294116,2,-0.469525,-0.023264,0.058594
1784159152.304114,2,-0.469556,-0.027142,0.058594
1784159152.314124,2,-0.469556,-0.023264,0.054688
1784159152.324113,2,-0.469556,-0.003877,0.054688
1784159152.334117,2,-0.469525,0.031019,0.058594
1784159152.344119,2,-0.469556,-0.034896,0.054688
1784159152.354116,2,-0.469586,-0.065915,0.058594
1784159152.364121,2,-0.469586,-0.065915,0.054688
1784159152.374113,2,-0.469556,0.000000,0.054688
1784159152.384115,2,-0.469556,0.000000,0.054688
1784159152.394121,2,-0.469586,-0.073670,0.058594
1784159152.404120,2,-0.469556,-0.007755,0.058594
1784159152.414096,2,-0.469556,-0.015509,0.054688
1784159152.424163,2,-0.469525,0.038774,0.054688
1784159152.434094,2,-0.469556,-0.027142,0.054688
1784159152.444097,2,-0.469556,-0.015509,0.058594
1784159152.454092,2,-0.469556,-0.042651,0.054688
1784159152.464092,2,-0.469495,0.085302,0.058594
1784159152.474093,2,-0.469556,-0.042651,0.058594
1784159152.484093,2,-0.469525,0.000000,0.054688
1784159152.494094,2,-0.469525,0.019387,0.058594
1784159152.504101,2,-0.469525,-0.038774,0.054688
1784159152.514104,2,-0.469525,-0.116321,0.058594
1784159152.524101,2,-0.469525,-0.019387,0.054688
1784159152.534095,2,-0.469525,-0.003877,0.058594
1784159152.544109,2,-0.469525,-0.031019,0.054688
1784159152.554094,2,-0.469495,0.000000,0.054688
1784159152.564094,2,-0.469495,0.019387,0.058594
1784159152.574094,2,-0.469525,-0.042651,0.058594
1784159152.584102,2,-0.469525,-0.031019,0.054688
1784159152.594105,2,-0.469525,-0.027142,0.054688
1784159152.604097,2,-0.469525,-0.038774,0.066406
1784159152.614098,2,-0.469495,0.023264,0.054688
1784159152.624104,2,-0.469556,-0.011632,0.066406
1784159152.634094,2,-0.469525,-0.031019,0.054688
1784159152.644094,2,-0.469525,-0.027142,0.058594
1784159152.654096,2,-0.469525,0.000000,0.054688
1784159152.664098,2,-0.469525,-0.038774,0.054688
1784159152.674100,2,-0.469525,0.000000,0.054688
1784159152.684087,2,-0.469525,-0.015509,0.058594
1784159152.694077,2,-0.469525,-0.015509,0.054688
1784159152.704080,2,-0.469525,-0.031019,0.066406
1784159152.714075,2,-0.469525,-0.034896,0.066406
1784159152.724079,2,-0.469495,-0.038774,0.058594
1784159152.734076,2,-0.469525,-0.027142,0.054688
1784159152.744076,2,-0.469525,-0.027142,0.066406
1784159152.754074,2,-0.469556,-0.077547,0.054688
1784159152.764083,2,-0.469495,0.019387,0.054688
1784159152.774074,2,-0.469525,-0.038774,0.058594
1784159152.784075,2,-0.469525,-0.038774,0.058594
1784159152.794079,2,-0.469495,0.007755,0.054688
1784159152.804078,2,-0.469495,0.003877,0.066406
1784159152.814077,2,-0.469556,-0.081425,0.066406
1784159152.824081,2,-0.469525,-0.023264,0.066406
1784159152.834076,2,-0.469495,0.019387,0.054688
1784159152.844084,2,-0.469495,0.019387,0.054688
1784159152.854076,2,-0.469525,-0.023264,0.058594
1784159152.864077,2,-0.469495,0.038774,0.058594
1784159152.874077,2,-0.469495,0.034896,0.058594
1784159152.884078,2,-0.469525,-0.038774,0.058594
1784159152.894076,2,-0.469525,-0.011632,0.058594
1784159152.904079,2,-0.469525,-0.027142,0.054688
1784159152.914080,2,-0.469495,0.031019,0.054688
1784159152.924080,2,-0.469525,-0.027142,0.058594
1784159152.934078,2,-0.469525,-0.007755,0.058594
1784159152.944081,2,-0.469556,-0.058161,0.058594
1784159152.954079,2,-0.469556,-0.093057,0.054688
1784159152.964065,2,-0.469525,0.000000,0.058594
1784159152.974063,2,-0.469525,-0.011632,0.054688
1784159152.984059,2,-0.469525,-0.011632,0.054688
1784159152.994060,2,-0.469525,-0.011632,0.066406
1784159153.004059,2,-0.469525,-0.015509,0.054688
1784159153.014056,2,-0.469525,-0.015509,0.058594
1784159153.024059,2,-0.469525,-0.027142,0.058594
1784159153.034060,2,-0.469525,0.000000,0.058594
1784159153.044059,2,-0.469495,0.027142,0.058594
1784159153.054057,2,-0.469525,-0.038774,0.054688
1784159153.064059,2,-0.469525,-0.031019,0.058594
1784159153.074060,2,-0.469525,-0.031019,0.054688
1784159153.084073,2,-0.469525,-0.031019,0.066406
1784159153.094060,2,-0.469525,-0.015509,0.054688
1784159153.104058,2,-0.469556,-0.065915,0.054688
1784159153.114059,2,-0.469495,0.042651,0.058594
1784159153.124058,2,-0.469525,-0.027142,0.058594
1784159153.134061,2,-0.469525,-0.027142,0.054688
1784159153.144062,2,-0.469525,-0.019387,0.066406
1784159153.154073,2,-0.469525,-0.003877,0.058594
1784159153.164059,2,-0.469525,-0.027142,0.054688
1784159153.174060,2,-0.469525,-0.003877,0.058594
1784159153.184061,2,-0.469495,0.042651,0.066406
1784159153.194061,2,-0.469556,-0.081425,0.058594
1784159153.204061,2,-0.469495,0.019387,0.058594
1784159153.214044,2,-0.469525,-0.027142,0.058594
1784159153.224051,2,-0.469525,-0.027142,0.054688
1784159153.234046,2,-0.469525,-0.011632,0.054688
1784159153.244045,2,-0.469525,-0.027142,0.066406
1784159153.254049,2,-0.469525,-0.023264,0.058594
1784159153.264042,2,-0.469495,0.027142,0.058594
1784159153.274041,2,-0.469556,-0.089180,0.058594
1784159153.284041,2,-0.469495,0.034896,0.054688
1784159153.294048,2,-0.469525,-0.027142,0.066406
1784159153.304044,2,-0.469556,-0.081425,0.054688
1784159153.314043,2,-0.469525,-0.015509,0.054688
1784159153.324041,2,-0.469525,-0.038774,0.054688
1784159153.334047,2,-0.469525,-0.027142,0.054688
1784159153.344044,2,-0.469495,0.019387,0.058594
1784159153.354045,2,-0.469556,-0.077547,0.058594
1784159153.364047,2,-0.469525,-0.031019,0.054688
1784159153.374042,2,-0.469495,0.019387,0.054688
1784159153.384046,2,-0.469525,-0.038774,0.058594
1784159153.394043,2,-0.469525,-0.038774,0.058594
1784159153.404044,2,-0.469525,-0.031019,0.058594
1784159153.414049,2,-0.469495,0.027142,0.058594
1784159153.424046,2,-0.469525,-0.027142,0.054688
1784159153.434046,2,-0.469525,-0.007755,0.058594
1784159153.444045,2,-0.469525,-0.003877,0.054688
1784159153.454052,2,-0.469525,-0.031019,0.066406
1784159153.464053,2,-0.469495,0.031019,0.054688
1784159153.474045,2,-0.469525,-0.034896,0.058594
1784159153.484024,2,-0.469525,-0.038774,0.054688
1784159153.494023,2,-0.469495,0.019387,0.054688
1784159153.504021,2,-0.469525,-0.038774,0.066406
1784159153.514102,2,-0.469465,0.069793,0.058594
1784159153.524023,2,-0.469525,0.077547,0.058594
1784159153.534031,2,-0.469525,-0.038774,0.058594
1784159153.544022,2,-0.469525,-0.034896,0.058594
1784159153.554023,2,-0.469525,-0.034896,0.058594
1784159153.564023,2,-0.469525,0.019387,0.054688
1784159153.574032,2,-0.469556,-0.085302,0.058594
1784159153.584023,2,-0.469556,-0.081425,0.058594
1784159153.594028,2,-0.469556,-0.093057,0.050781
1784159153.604022,2,-0.469525,-0.038774,0.054688
1784159153.614025,2,-0.469525,-0.046528,0.050781
1784159153.624023,2,-0.469495,0.015509,0.066406
1784159153.634024,2,-0.469556,-0.100812,0.054688
1784159153.644026,2,-0.469525,-0.038774,0.054688
1784159153.654022,2,-0.469525,-0.023264,0.058594
1784159153.664031,2,-0.469556,-0.081425,0.058594
1784159153.674026,2,-0.469525,-0.027142,0.054688
1784159153.684027,2,-0.469525,-0.015509,0.058594
1784159153.694029,2,-0.469525,-0.019387,0.058594
1784159153.704023,2,-0.469556,-0.062038,0.054688
1784159153.714025,2,-0.469556,-0.093057,0.058594
1784159153.724028,2,-0.469525,-0.038774,0.058594
1784159153.734029,2,-0.469556,-0.089180,0.054688
1784159153.744029,2,-0.469525,-0.042651,0.058594
1784159153.754127,2,-0.469525,-0.038774,0.066406
1784159153.764058,2,-0.469525,-0.023264,0.058594
1784159153.774116,2,-0.469525,-0.019387,0.058594
1784159153.784023,2,-0.469525,-0.019387,0.066406
1784159153.794014,2,-0.469525,0.000000,0.058594
1784159153.804004,2,-0.469525,-0.038774,0.058594
1784159153.814007,2,-0.469495,0.019387,0.054688
1784159153.824013,2,-0.469525,-0.027142,0.054688
1784159153.834010,2,-0.469495,0.027142,0.066406
1784159153.844137,2,-0.469525,-0.007755,0.058594
1784159153.854109,2,-0.469525,-0.042651,0.050781
1784159153.864121,2,-0.469525,0.031019,0.054688
1784159153.874084,2,-0.469495,0.034896,0.058594
1784159153.884014,2,-0.469525,-0.011632,0.070312
1784159153.894013,2,-0.469525,-0.023264,0.058594
1784159153.904016,2,-0.469525,-0.019387,0.054688
1784159153.914017,2,-0.469495,0.027142,0.058594
1784159153.924013,2,-0.469525,-0.015509,0.058594
1784159153.934015,2,-0.469525,-0.011632,0.066406
1784159153.944013,2,-0.469556,-0.065915,0.058594
1784159153.954013,2,-0.469525,-0.023264,0.058594
1784159153.964015,2,-0.469525,-0.011632,0.058594
1784159153.974015,2,-0.469525,-0.023264,0.054688
1784159153.984013,2,-0.469525,-0.019387,0.058594
1784159153.994017,2,-0.469525,-0.003877,0.066406
1784159154.004014,2,-0.469525,-0.031019,0.058594
1784159154.014009,2,-0.469525,-0.027142,0.054688
1784159154.024012,2,-0.469525,-0.038774,0.058594
1784159154.033991,2,-0.469525,-0.023264,0.054688
1784159154.043996,2,-0.469495,0.019387,0.066406
1784159154.053994,2,-0.469525,-0.031019,0.058594
1784159154.063995,2,-0.469556,-0.007755,0.054688
1784159154.073997,2,-0.469525,-0.038774,0.066406
1784159154.083995,2,-0.469525,-0.023264,0.058594
1784159154.093998,2,-0.469495,0.031019,0.054688
1784159154.103992,2,-0.469495,0.011632,0.058594
1784159154.114174,2,-0.469525,-0.027142,0.058594
1784159154.123993,2,-0.469525,-0.050406,0.058594
1784159154.136067,2,-0.469525,-0.015509,0.054688
1784159154.144332,2,-0.469495,0.034896,0.066406
1784159154.153989,2,-0.469556,-0.073670,0.066406
1784159154.164003,2,-0.469495,0.038774,0.066406
1784159154.173998,2,-0.469525,-0.015509,0.054688
1784159154.183986,2,-0.469556,-0.085302,0.054688
1784159154.194002,2,-0.469556,-0.085302,0.066406
1784159154.203999,2,-0.469525,-0.011632,0.058594
1784159154.215990,2,-0.469495,0.023264,0.058594
1784159154.227998,2,-0.469525,-0.015509,0.058594
1784159154.236001,2,-0.469495,0.034896,0.058594
1784159154.243990,2,-0.469556,-0.081425,0.054688
1784159154.253990,2,-0.469495,0.019387,0.058594
1784159154.263992,2,-0.469525,-0.034896,0.058594
1784159154.273990,2,-0.469556,-0.104689,0.058594
1784159154.283991,2,-0.469525,-0.003877,0.058594
1784159154.293993,2,-0.469525,-0.007755,0.058594
1784159154.304005,2,-0.469495,0.023264,0.058594
1784159154.314000,2,-0.469525,-0.019387,0.058594
1784159154.323978,2,-0.469525,-0.019387,0.054688
1784159154.333970,2,-0.469525,-0.038774,0.058594
1784159154.343966,2,-0.469556,-0.096934,0.058594
1784159154.353979,2,-0.469525,-0.034896,0.054688
1784159154.364079,2,-0.469525,-0.034896,0.058594
1784159154.373981,2,-0.469525,-0.031019,0.054688
1784159154.383969,2,-0.469556,-0.019387,0.058594
1784159154.393969,2,-0.469525,-0.038774,0.058594
1784159154.403976,2,-0.469495,0.023264,0.054688
1784159154.413982,2,-0.469495,0.042651,0.058594
1784159154.424066,2,-0.469556,-0.069793,0.058594
1784159154.434154,2,-0.469495,0.034896,0.054688
1784159154.443982,2,-0.469495,0.042651,0.058594
1784159154.453974,2,-0.469495,0.027142,0.054688
1784159154.463979,2,-0.469525,-0.038774,0.066406
1784159154.473969,2,-0.469495,0.031019,0.058594
1784159154.484132,2,-0.469556,-0.073670,0.058594
1784159154.494086,2,-0.469525,-0.038774,0.054688
1784159154.504095,2,-0.469525,-0.027142,0.058594
1784159154.513987,2,-0.469525,-0.038774,0.054688
1784159154.523982,2,-0.469495,0.023264,0.058594
1784159154.533979,2,-0.469495,0.031019,0.058594
1784159154.543978,2,-0.469556,-0.089180,0.054688
1784159154.553977,2,-0.469495,0.011632,0.058594
1784159154.563972,2,-0.469495,0.019387,0.058594
1784159154.573964,2,-0.469525,-0.027142,0.066406
1784159154.583975,2,-0.469556,-0.073670,0.054688
1784159154.593982,2,-0.469525,-0.023264,0.054688
1784159154.603959,2,-0.469556,-0.065915,0.054688
1784159154.614076,2,-0.469495,0.015509,0.058594
1784159154.623964,2,-0.469525,-0.038774,0.054688
1784159154.633961,2,-0.469495,0.011632,0.054688
1784159154.643959,2,-0.469495,0.019387,0.054688
1784159154.653958,2,-0.469525,-0.038774,0.058594
1784159154.663963,2,-0.469495,0.034896,0.058594
1784159154.673960,2,-0.469525,-0.031019,0.054688
1784159154.683959,2,-0.469556,-0.077547,0.058594
1784159154.693970,2,-0.469495,0.023264,0.054688
1784159154.703961,2,-0.469495,0.007755,0.058594
1784159154.713963,2,-0.469556,-0.085302,0.054688
1784159154.723967,2,-0.469525,-0.038774,0.066406
1784159154.733957,2,-0.469525,-0.007755,0.058594
1784159154.743962,2,-0.469525,-0.038774,0.054688
1784159154.753989,2,-0.469495,0.015509,0.058594
1784159154.763950,2,-0.469556,-0.077547,0.058594
1784159154.773952,2,-0.469525,-0.027142,0.058594
1784159154.783953,2,-0.469525,-0.023264,0.054688
1784159154.793951,2,-0.469525,-0.034896,0.058594
1784159154.803955,2,-0.469495,0.042651,0.054688
1784159154.813963,2,-0.469525,-0.011632,0.058594
1784159154.823951,2,-0.469525,-0.023264,0.058594
1784159154.833951,2,-0.469525,-0.023264,0.058594
1784159154.843935,2,-0.469525,-0.019387,0.058594
1784159154.853961,2,-0.469525,-0.038774,0.050781
1784159154.863938,2,-0.469495,0.015509,0.058594
1784159154.873934,2,-0.469525,-0.015509,0.066406
1784159154.883943,2,-0.469525,-0.042651,0.058594
1784159154.893932,2,-0.469525,-0.031019,0.058594
1784159154.903933,2,-0.469525,-0.042651,0.058594
1784159154.913939,2,-0.469525,-0.015509,0.058594
1784159154.923941,2,-0.469495,0.015509,0.054688
1784159154.933941,2,-0.469525,-0.027142,0.058594
1784159154.943935,2,-0.469525,-0.027142,0.058594
1784159154.953936,2,-0.469556,-0.085302,0.058594
1784159154.963935,2,-0.469495,0.023264,0.058594
1784159154.973937,2,-0.469525,-0.019387,0.058594
1784159154.983938,2,-0.469525,-0.027142,0.058594
1784159154.993936,2,-0.469495,0.031019,0.058594
1784159155.003937,2,-0.469556,-0.093057,0.054688
1784159155.013943,2,-0.469525,-0.003877,0.058594
1784159155.024032,2,-0.469556,-0.062038,0.054688
1784159155.033936,2,-0.469525,-0.027142,0.058594
1784159155.043940,2,-0.469495,0.031019,0.058594
1784159155.053936,2,-0.469525,-0.015509,0.058594
1784159155.063937,2,-0.469525,0.000000,0.066406
1784159155.073938,2,-0.469525,-0.003877,0.058594
1784159155.083939,2,-0.469525,0.031019,0.058594
1784159155.093943,2,-0.469525,-0.003877,0.054688
1784159155.103939,2,-0.469525,-0.019387,0.054688
1784159155.113920,2,-0.469525,-0.023264,0.058594
1784159155.123914,2,-0.469495,-0.019387,0.058594
1784159155.133917,2,-0.469495,0.019387,0.054688
1784159155.143914,2,-0.469556,-0.085302,0.058594
1784159155.153915,2,-0.469525,-0.011632,0.066406
1784159155.163916,2,-0.469495,0.046528,0.054688
1784159155.173919,2,-0.469525,-0.038774,0.054688
1784159155.183917,2,-0.469525,-0.023264,0.058594
1784159155.193918,2,-0.469556,-0.058161,0.054688
1784159155.203922,2,-0.469525,-0.031019,0.066406
1784159155.213924,2,-0.469495,0.019387,0.054688
1784159155.223914,2,-0.469525,-0.027142,0.054688
1784159155.233917,2,-0.469525,-0.038774,0.054688
1784159155.243916,2,-0.469556,-0.081425,0.054688
1784159155.253921,2,-0.469495,0.019387,0.058594
1784159155.263918,2,-0.469525,-0.011632,0.054688
1784159155.273995,2,-0.469556,0.042651,0.054688
1784159155.283920,2,-0.469495,0.038774,0.058594
1784159155.293927,2,-0.469525,-0.031019,0.058594
1784159155.303916,2,-0.469525,-0.011632,0.058594
1784159155.313925,2,-0.469495,0.007755,0.054688
1784159155.323918,2,-0.469495,0.019387,0.054688
1784159155.333915,2,-0.469556,-0.077547,0.058594
1784159155.343921,2,-0.469525,-0.019387,0.050781
1784159155.353919,2,-0.469525,-0.019387,0.054688
1784159155.364019,2,-0.469525,-0.019387,0.066406
1784159155.373916,2,-0.469495,-0.038774,0.058594
1784159155.383919,2,-0.469525,-0.015509,0.054688
1784159155.393918,2,-0.469556,-0.085302,0.058594
1784159155.403919,2,-0.469495,0.019387,0.054688
1784159155.413901,2,-0.469525,-0.031019,0.066406
1784159155.423896,2,-0.469556,-0.081425,0.054688
1784159155.433898,2,-0.469525,-0.019387,0.054688
1784159155.443896,2,-0.469525,-0.027142,0.058594
1784159155.453897,2,-0.469495,0.046528,0.054688
1784159155.463897,2,-0.469525,-0.042651,0.054688
1784159155.473895,2,-0.469525,-0.034896,0.066406
1784159155.483899,2,-0.469525,-0.023264,0.066406
1784159155.493898,2,-0.469495,0.034896,0.058594
1784159155.503902,2,-0.469495,-0.038774,0.054688
1784159155.513910,2,-0.469495,0.027142,0.058594
1784159155.523900,2,-0.469556,-0.093057,0.058594
1784159155.533900,2,-0.469525,-0.023264,0.054688
1784159155.543905,2,-0.469495,0.003877,0.054688
1784159155.553905,2,-0.469525,-0.038774,0.058594
1784159155.563900,2,-0.469525,-0.027142,0.058594
1784159155.573902,2,-0.469525,-0.034896,0.058594
1784159155.583900,2,-0.469525,-0.038774,0.058594
1784159155.593899,2,-0.469495,0.027142,0.054688
1784159155.603902,2,-0.469525,-0.038774,0.054688
1784159155.613916,2,-0.469495,0.019387,0.054688
1784159155.623900,2,-0.469495,0.027142,0.054688
1784159155.633970,2,-0.469525,-0.027142,0.058594
1784159155.644005,2,-0.469495,-0.042651,0.058594
1784159155.653958,2,-0.469525,-0.050406,0.066406
1784159155.663901,2,-0.469495,0.027142,0.054688
1784159155.673901,2,-0.469495,0.019387,0.066406
1784159155.683900,2,-0.469495,0.015509,0.058594
1784159155.693881,2,-0.469525,-0.031019,0.054688
1784159155.703879,2,-0.469525,-0.027142,0.058594
1784159155.713895,2,-0.469556,-0.085302,0.054688
1784159155.723879,2,-0.469525,-0.038774,0.058594
1784159155.733883,2,-0.469525,-0.034896,0.054688
1784159155.743882,2,-0.469495,0.019387,0.058594
1784159155.753882,2,-0.469525,-0.011632,0.058594
1784159155.763880,2,-0.469525,-0.015509,0.058594
1784159155.773885,2,-0.469525,-0.034896,0.054688
1784159155.783882,2,-0.469556,-0.077547,0.058594
1784159155.793886,2,-0.469525,-0.038774,0.058594
1784159155.803886,2,-0.469525,-0.015509,0.058594
1784159155.813888,2,-0.469525,-0.023264,0.058594
1784159155.823881,2,-0.469525,-0.042651,0.054688
1784159155.833884,2,-0.469525,-0.015509,0.066406
1784159155.843881,2,-0.469525,-0.038774,0.058594
1784159155.853882,2,-0.469525,-0.023264,0.058594
1784159155.863884,2,-0.469556,-0.089180,0.054688
1784159155.873881,2,-0.469495,0.042651,0.058594
1784159155.883881,2,-0.469525,-0.003877,0.058594
1784159155.893885,2,-0.469556,-0.042651,0.058594
1784159155.903883,2,-0.469495,-0.023264,0.058594
1784159155.913883,2,-0.469525,-0.038774,0.054688
1784159155.923883,2,-0.469556,-0.089180,0.066406
1784159155.933883,2,-0.469525,-0.011632,0.058594
1784159155.943886,2,-0.469525,0.000000,0.066406
1784159155.953890,2,-0.469556,-0.077547,0.058594
1784159155.963864,2,-0.469556,-0.073670,0.054688
1784159155.973867,2,-0.469525,-0.019387,0.054688
1784159155.983863,2,-0.469495,0.054283,0.058594
1784159155.993863,2,-0.469525,-0.015509,0.054688
1784159156.003861,2,-0.469525,-0.031019,0.058594
1784159156.013882,2,-0.469495,0.034896,0.058594
1784159156.023869,2,-0.469525,-0.015509,0.054688
1784159156.033865,2,-0.469495,0.023264,0.066406
1784159156.043866,2,-0.469556,-0.069793,0.058594
1784159156.053868,2,-0.469525,-0.038774,0.054688
1784159156.063862,2,-0.469525,-0.019387,0.066406
1784159156.074044,2,-0.469495,0.019387,0.054688
1784159156.083863,2,-0.469525,-0.023264,0.066406
1784159156.093863,2,-0.469525,0.003877,0.058594
1784159156.103873,2,-0.469525,-0.031019,0.058594
1784159156.113887,2,-0.469525,-0.031019,0.058594
1784159156.123863,2,-0.469525,-0.038774,0.054688
1784159156.133912,2,-0.469495,-0.081425,0.058594
1784159156.143863,2,-0.469525,-0.031019,0.054688
1784159156.153863,2,-0.469495,0.011632,0.058594
1784159156.163988,2,-0.469525,-0.023264,0.054688
1784159156.173861,2,-0.469525,-0.031019,0.058594
1784159156.183932,2,-0.469525,-0.027142,0.058594
1784159156.193958,2,-0.469525,-0.027142,0.066406
1784159156.203862,2,-0.469525,-0.038774,0.066406
1784159156.213875,2,-0.469495,0.031019,0.054688
1784159156.223864,2,-0.469525,-0.031019,0.058594
1784159156.233862,2,-0.469525,-0.034896,0.054688
1784159156.243841,2,-0.469525,-0.058161,0.066406
1784159156.253843,2,-0.469556,0.019387,0.054688
1784159156.263852,2,-0.469525,-0.042651,0.058594
1784159156.273844,2,-0.469525,-0.031019,0.058594
1784159156.283846,2,-0.469495,0.031019,0.066406
1784159156.293843,2,-0.469525,-0.038774,0.066406
1784159156.303843,2,-0.469525,-0.015509,0.058594
1784159156.313853,2,-0.469525,-0.019387,0.058594
1784159156.323851,2,-0.469525,-0.023264,0.054688
1784159156.333850,2,-0.469525,-0.038774,0.058594
1784159156.343847,2,-0.469525,-0.034896,0.058594
1784159156.353845,2,-0.469525,-0.027142,0.058594
1784159156.363844,2,-0.469525,-0.038774,0.058594
1784159156.373847,2,-0.469525,-0.019387,0.054688
1784159156.383848,2,-0.469525,-0.046528,0.054688
1784159156.393847,2,-0.469525,-0.011632,0.054688
1784159156.403844,2,-0.469525,-0.042651,0.058594
1784159156.413845,2,-0.469556,-0.085302,0.058594
1784159156.423845,2,-0.469525,-0.027142,0.054688
1784159156.433847,2,-0.469495,0.019387,0.058594
1784159156.443848,2,-0.469525,-0.042651,0.054688
1784159156.453846,2,-0.469556,-0.077547,0.058594
1784159156.463852,2,-0.469525,-0.031019,0.054688
1784159156.473850,2,-0.469525,-0.054283,0.066406
1784159156.483851,2,-0.469525,-0.038774,0.058594
1784159156.493828,2,-0.469525,-0.031019,0.058594
1784159156.503833,2,-0.469525,-0.034896,0.066406
1784159156.513832,2,-0.469495,0.019387,0.058594
1784159156.523834,2,-0.469525,-0.034896,0.058594
1784159156.533831,2,-0.469525,-0.038774,0.058594
1784159156.543826,2,-0.469525,-0.023264,0.054688
1784159156.553829,2,-0.469525,-0.046528,0.058594
1784159156.563833,2,-0.469525,-0.038774,0.054688
1784159156.573831,2,-0.469525,-0.031019,0.054688
1784159156.583832,2,-0.469525,-0.042651,0.054688
1784159156.593831,2,-0.469525,-0.050406,0.054688
1784159156.603834,2,-0.469525,-0.038774,0.054688
1784159156.613832,2,-0.469525,-0.015509,0.066406
1784159156.623828,2,-0.469525,-0.038774,0.066406
1784159156.633828,2,-0.469525,-0.038774,0.054688
1784159156.643831,2,-0.469525,-0.034896,0.058594
1784159156.653830,2,-0.469525,-0.038774,0.054688
1784159156.663833,2,-0.469525,-0.023264,0.054688
1784159156.673831,2,-0.469525,-0.038774,0.058594
1784159156.683829,2,-0.469525,-0.038774,0.058594
1784159156.693833,2,-0.469556,-0.081425,0.058594
1784159156.703834,2,-0.469525,-0.050406,0.058594
1784159156.713839,2,-0.469525,-0.038774,0.058594
1784159156.723835,2,-0.469495,0.015509,0.066406
1784159156.733838,2,-0.469525,-0.042651,0.058594
1784159156.743836,2,-0.469525,-0.038774,0.058594
1784159156.753819,2,-0.469525,-0.038774,0.058594
1784159156.763811,2,-0.469525,-0.031019,0.058594
1784159156.773835,2,-0.469525,-0.042651,0.066406
1784159156.783808,2,-0.469525,-0.038774,0.054688
1784159156.793811,2,-0.469525,-0.031019,0.054688
1784159156.803811,2,-0.469525,-0.038774,0.054688
1784159156.813814,2,-0.469495,0.023264,0.050781
1784159156.823809,2,-0.469525,-0.042651,0.066406
1784159156.833816,2,-0.469525,-0.038774,0.058594
1784159156.843812,2,-0.469525,-0.027142,0.054688
1784159156.853809,2,-0.469525,-0.034896,0.054688
1784159156.863809,2,-0.469525,-0.027142,0.058594
1784159156.873812,2,-0.469525,-0.019387,0.058594
1784159156.883819,2,-0.469525,-0.031019,0.058594
1784159156.893816,2,-0.469525,-0.031019,0.066406
1784159156.903811,2,-0.469525,-0.034896,0.054688
1784159156.913813,2,-0.469525,-0.038774,0.066406
1784159156.923810,2,-0.469525,-0.038774,0.058594
1784159156.933819,2,-0.469525,-0.038774,0.058594
1784159156.943812,2,-0.469556,-0.081425,0.066406
1784159156.953811,2,-0.469525,-0.023264,0.058594
1784159156.963814,2,-0.469556,-0.077547,0.054688
1784159156.973814,2,-0.469525,-0.015509,0.054688
1784159156.983815,2,-0.469525,-0.031019,0.066406
1784159156.993816,2,-0.469525,0.019387,0.054688
1784159157.003809,2,-0.469495,0.011632,0.054688
1784159157.013815,2,-0.469556,-0.077547,0.058594
1784159157.023811,2,-0.469525,-0.042651,0.066406
1784159157.033811,2,-0.469525,-0.038774,0.066406
1784159157.043792,2,-0.469525,-0.027142,0.058594
1784159157.053789,2,-0.469525,-0.034896,0.066406
1784159157.063791,2,-0.469525,-0.023264,0.058594
1784159157.073790,2,-0.469556,-0.093057,0.058594
1784159157.083790,2,-0.469525,-0.011632,0.058594
1784159157.093791,2,-0.469525,-0.015509,0.054688
1784159157.103794,2,-0.469495,0.046528,0.066406
1784159157.113795,2,-0.469525,-0.038774,0.054688
1784159157.123873,2,-0.469556,-0.096934,0.054688
1784159157.133791,2,-0.469556,-0.069793,0.066406
1784159157.143797,2,-0.469525,-0.015509,0.058594
1784159157.153801,2,-0.469525,-0.038774,0.058594
1784159157.163794,2,-0.469556,-0.081425,0.058594
1784159157.173798,2,-0.469495,0.019387,0.058594
1784159157.183801,2,-0.469525,-0.046528,0.058594
1784159157.193792,2,-0.469525,-0.038774,0.054688
1784159157.203794,2,-0.469495,0.015509,0.058594
1784159157.213794,2,-0.469525,-0.038774,0.054688
1784159157.223794,2,-0.469525,-0.031019,0.054688
1784159157.233791,2,-0.469525,-0.015509,0.054688
1784159157.243796,2,-0.469525,-0.011632,0.054688
1784159157.253794,2,-0.469525,-0.038774,0.058594
1784159157.263799,2,-0.469525,-0.038774,0.054688
1784159157.273793,2,-0.469495,0.011632,0.058594
1784159157.283793,2,-0.469495,0.031019,0.058594
1784159157.293795,2,-0.469495,0.015509,0.066406
1784159157.303798,2,-0.469556,-0.081425,0.066406
1784159157.313793,2,-0.469495,0.027142,0.054688
1784159157.323794,2,-0.469495,0.003877,0.058594
1784159157.333771,2,-0.469495,0.011632,0.058594
1784159157.343786,2,-0.469525,-0.038774,0.054688
1784159157.353778,2,-0.469525,-0.031019,0.066406
1784159157.363774,2,-0.469525,-0.023264,0.058594
1784159157.373773,2,-0.469495,0.027142,0.058594
1784159157.383772,2,-0.469525,-0.038774,0.054688
1784159157.393777,2,-0.469556,-0.085302,0.058594
1784159157.403781,2,-0.469525,-0.038774,0.058594
1784159157.413779,2,-0.469525,-0.038774,0.058594
1784159157.423775,2,-0.469525,-0.019387,0.054688
1784159157.433787,2,-0.469525,-0.038774,0.066406
1784159157.443777,2,-0.469525,-0.015509,0.066406
1784159157.453776,2,-0.469556,-0.073670,0.058594
1784159157.463775,2,-0.469495,0.031019,0.058594
1784159157.473780,2,-0.469525,-0.019387,0.054688
1784159157.483774,2,-0.469525,-0.038774,0.058594
1784159157.493775,2,-0.469525,-0.038774,0.066406
1784159157.503773,2,-0.469525,-0.050406,0.058594
1784159157.513774,2,-0.469525,-0.038774,0.058594
1784159157.523776,2,-0.469525,-0.038774,0.058594
1784159157.533775,2,-0.469495,0.019387,0.054688
1784159157.543778,2,-0.469495,0.019387,0.054688
1784159157.553779,2,-0.469525,-0.042651,0.066406
1784159157.563776,2,-0.469525,-0.038774,0.050781
1784159157.573783,2,-0.469525,-0.038774,0.058594
1784159157.583777,2,-0.469525,-0.034896,0.058594
1784159157.593777,2,-0.469495,0.019387,0.058594
1784159157.603760,2,-0.469495,0.011632,0.058594
1784159157.613757,2,-0.469525,-0.034896,0.058594
1784159157.623760,2,-0.469495,0.007755,0.058594
1784159157.633757,2,-0.469525,-0.042651,0.054688
1784159157.643761,2,-0.469465,0.073670,0.058594
1784159157.653759,2,-0.469525,-0.027142,0.058594
1784159157.663757,2,-0.469525,-0.034896,0.058594
1784159157.673756,2,-0.469525,-0.038774,0.066406
1784159157.683758,2,-0.469495,-0.031019,0.066406
1784159157.693758,2,-0.469525,-0.038774,0.054688
1784159157.703757,2,-0.469525,-0.023264,0.058594
1784159157.713761,2,-0.469495,0.007755,0.066406
1784159157.723756,2,-0.469525,-0.027142,0.058594
1784159157.733761,2,-0.469525,-0.042651,0.058594
1784159157.743857,2,-0.469525,-0.023264,0.058594
1784159157.753759,2,-0.469495,-0.042651,0.054688
1784159157.763757,2,-0.469525,-0.038774,0.058594
1784159157.773764,2,-0.469525,-0.034896,0.054688
1784159157.783771,2,-0.469525,-0.042651,0.054688
1784159157.793762,2,-0.469495,0.023264,0.058594
1784159157.803760,2,-0.469556,-0.093057,0.054688
1784159157.813758,2,-0.469525,-0.038774,0.058594
1784159157.823758,2,-0.469495,0.019387,0.058594
1784159157.833757,2,-0.469495,0.019387,0.054688
1784159157.843761,2,-0.469556,-0.093057,0.058594
1784159157.853761,2,-0.469525,-0.031019,0.054688
1784159157.863760,2,-0.469525,-0.034896,0.058594
1784159157.873760,2,-0.469525,-0.019387,0.054688
1784159157.883743,2,-0.469525,-0.031019,0.058594
1784159157.893752,2,-0.469525,-0.038774,0.054688
1784159157.903743,2,-0.469525,-0.023264,0.066406
1784159157.913740,2,-0.469525,-0.027142,0.058594
1784159157.923739,2,-0.469525,-0.038774,0.054688
1784159157.933748,2,-0.469495,0.027142,0.066406
1784159157.943738,2,-0.469525,-0.015509,0.054688
1784159157.953737,2,-0.469525,-0.034896,0.054688
1784159157.963738,2,-0.469525,-0.019387,0.066406
1784159157.973752,2,-0.469525,-0.031019,0.054688
1784159157.983749,2,-0.469556,-0.077547,0.054688
1784159157.993744,2,-0.469525,-0.023264,0.054688
1784159158.003743,2,-0.469525,-0.027142,0.066406
1784159158.013741,2,-0.469525,-0.038774,0.058594
1784159158.023756,2,-0.469465,0.073670,0.054688
1784159158.033739,2,-0.469495,0.007755,0.054688
1784159158.043741,2,-0.469525,-0.034896,0.066406
1784159158.053740,2,-0.469525,-0.031019,0.066406
1784159158.063739,2,-0.469525,-0.038774,0.058594
1784159158.073740,2,-0.469525,-0.034896,0.054688
1784159158.083740,2,-0.469525,-0.050406,0.054688
1784159158.093743,2,-0.469525,-0.046528,0.058594
1784159158.103744,2,-0.469556,-0.093057,0.054688
1784159158.113745,2,-0.469525,-0.027142,0.058594
1784159158.123740,2,-0.469525,-0.015509,0.058594
1784159158.133749,2,-0.469495,0.015509,0.058594
1784159158.143723,2,-0.469525,-0.038774,0.054688
1784159158.153723,2,-0.469525,-0.038774,0.054688
1784159158.163725,2,-0.469525,-0.038774,0.058594
1784159158.173725,2,-0.469525,-0.034896,0.054688
1784159158.183732,2,-0.469495,0.019387,0.058594
1784159158.193728,2,-0.469525,-0.038774,0.054688
1784159158.203724,2,-0.469525,-0.038774,0.054688
1784159158.213725,2,-0.469525,-0.023264,0.058594
1784159158.223728,2,-0.469525,-0.034896,0.054688
1784159158.233731,2,-0.469495,0.031019,0.054688
1784159158.243736,2,-0.469556,-0.081425,0.058594
1784159158.253736,2,-0.469556,-0.085302,0.066406
1784159158.263725,2,-0.469525,-0.003877,0.070312
1784159158.273731,2,-0.469525,-0.031019,0.066406
1784159158.283726,2,-0.469525,-0.003877,0.058594
1784159158.293729,2,-0.469525,-0.011632,0.058594
1784159158.303725,2,-0.469525,-0.011632,0.054688
1784159158.313730,2,-0.469556,-0.073670,0.058594
1784159158.323730,2,-0.469556,-0.085302,0.054688
1784159158.333729,2,-0.469525,-0.034896,0.058594
1784159158.343729,2,-0.469525,-0.003877,0.054688
1784159158.353725,2,-0.469525,-0.031019,0.058594
1784159158.363722,2,-0.469525,-0.034896,0.058594
1784159158.373728,2,-0.469525,-0.031019,0.066406
1784159158.383730,2,-0.469525,-0.007755,0.066406
1784159158.393726,2,-0.469525,-0.031019,0.054688
1784159158.403723,2,-0.469525,-0.034896,0.058594
1784159158.413707,2,-0.469495,0.023264,0.054688
1784159158.423706,2,-0.469525,-0.038774,0.066406
1784159158.433782,2,-0.469525,-0.034896,0.058594
1784159158.443707,2,-0.469495,0.023264,0.058594
1784159158.453706,2,-0.469495,0.019387,0.058594
1784159158.463713,2,-0.469525,-0.011632,0.058594
1784159158.473707,2,-0.469525,0.038774,0.054688
1784159158.483713,2,-0.469525,-0.038774,0.054688
1784159158.493706,2,-0.469495,0.034896,0.054688
1784159158.503707,2,-0.469525,-0.031019,0.054688
1784159158.513706,2,-0.469525,-0.031019,0.058594
1784159158.523708,2,-0.469495,0.034896,0.054688
1784159158.533707,2,-0.469556,-0.073670,0.058594
1784159158.543706,2,-0.469556,-0.085302,0.058594
1784159158.554034,2,-0.469525,-0.027142,0.058594
1784159158.563706,2,-0.469495,0.019387,0.050781
1784159158.573704,2,-0.469525,-0.027142,0.058594
1784159158.583704,2,-0.469495,-0.027142,0.058594
1784159158.593703,2,-0.469495,0.019387,0.058594
1784159158.603706,2,-0.469495,0.034896,0.058594
1784159158.613705,2,-0.469525,-0.027142,0.054688
1784159158.623708,2,-0.469525,-0.027142,0.058594
1784159158.633710,2,-0.469556,0.046528,0.054688
1784159158.643706,2,-0.469525,-0.019387,0.058594
1784159158.653705,2,-0.469525,-0.031019,0.058594
1784159158.663773,2,-0.469495,0.023264,0.054688
1784159158.673705,2,-0.469525,-0.023264,0.054688
1784159158.683692,2,-0.469525,-0.023264,0.058594
1784159158.693682,2,-0.469495,0.019387,0.054688
1784159158.703683,2,-0.469495,0.023264,0.054688
1784159158.713688,2,-0.469556,-0.096934,0.054688
1784159158.723687,2,-0.469525,-0.050406,0.054688
1784159158.733697,2,-0.469525,-0.027142,0.050781
1784159158.743683,2,-0.469556,-0.089180,0.050781
1784159158.753684,2,-0.469525,-0.003877,0.058594
1784159158.763855,2,-0.469525,-0.027142,0.058594
1784159158.773685,2,-0.469525,-0.038774,0.058594
1784159158.783695,2,-0.469525,-0.038774,0.058594
1784159158.793685,2,-0.469525,-0.027142,0.050781
1784159158.803685,2,-0.469525,-0.023264,0.054688
1784159158.813686,2,-0.469525,-0.034896,0.058594
1784159158.823692,2,-0.469525,-0.050406,0.054688
1784159158.833687,2,-0.469495,0.019387,0.054688
1784159158.843709,2,-0.469525,-0.023264,0.058594
1784159158.853686,2,-0.469525,-0.034896,0.054688
1784159158.863692,2,-0.469495,0.019387,0.058594
1784159158.873686,2,-0.469556,-0.093057,0.058594
1784159158.883689,2,-0.469525,-0.038774,0.054688
1784159158.893686,2,-0.469525,-0.031019,0.066406
1784159158.903685,2,-0.469525,-0.046528,0.066406
1784159158.913691,2,-0.469525,-0.038774,0.066406
1784159158.923691,2,-0.469525,-0.034896,0.058594
1784159158.933693,2,-0.469525,0.065915,0.054688
1784159158.943686,2,-0.469525,-0.042651,0.054688
1784159158.953690,2,-0.469525,-0.027142,0.054688
1784159158.963693,2,-0.469556,-0.077547,0.054688
1784159158.973670,2,-0.469556,-0.085302,0.054688
1784159158.983670,2,-0.469556,-0.081425,0.054688
1784159158.993709,2,-0.469525,-0.038774,0.054688
1784159159.003673,2,-0.469525,-0.034896,0.054688
1784159159.013666,2,-0.469495,0.027142,0.058594
1784159159.023669,2,-0.469495,0.015509,0.058594
1784159159.033668,2,-0.469525,-0.034896,0.058594
1784159159.043669,2,-0.469525,-0.019387,0.058594
1784159159.053668,2,-0.469495,0.019387,0.058594
1784159159.063669,2,-0.469525,-0.003877,0.058594
1784159159.073671,2,-0.469525,-0.031019,0.054688
1784159159.083670,2,-0.469525,-0.027142,0.058594
1784159159.093758,2,-0.469525,-0.015509,0.058594
1784159159.103671,2,-0.469525,-0.046528,0.070312
1784159159.113670,2,-0.469525,-0.011632,0.058594
1784159159.123684,2,-0.469525,-0.038774,0.054688
1784159159.133679,2,-0.469556,-0.003877,0.058594
1784159159.143676,2,-0.469525,-0.015509,0.054688
1784159159.153668,2,-0.469525,-0.038774,0.054688
1784159159.163670,2,-0.469525,-0.011632,0.058594
1784159159.173669,2,-0.469495,-0.027142,0.058594
1784159159.183670,2,-0.469525,-0.027142,0.066406
1784159159.193671,2,-0.469525,-0.038774,0.058594
1784159159.203669,2,-0.469525,-0.015509,0.054688
1784159159.213670,2,-0.469495,0.034896,0.058594
1784159159.223670,2,-0.469525,-0.027142,0.054688
1784159159.233677,2,-0.469556,-0.081425,0.054688
1784159159.243652,2,-0.469495,0.019387,0.058594
1784159159.253649,2,-0.469525,-0.031019,0.058594
1784159159.263655,2,-0.469525,-0.015509,0.058594
1784159159.273648,2,-0.469556,-0.081425,0.054688
1784159159.283652,2,-0.469525,-0.027142,0.066406
1784159159.293658,2,-0.469556,-0.081425,0.058594
1784159159.303650,2,-0.469525,-0.038774,0.066406
1784159159.313651,2,-0.469525,0.003877,0.066406
1784159159.323654,2,-0.469556,-0.081425,0.058594
1784159159.333652,2,-0.469525,-0.038774,0.058594
1784159159.343650,2,-0.469556,-0.073670,0.054688
1784159159.353653,2,-0.469495,0.038774,0.054688
1784159159.363651,2,-0.469495,0.023264,0.054688
1784159159.373653,2,-0.469525,-0.027142,0.058594
1784159159.383658,2,-0.469525,-0.019387,0.054688
1784159159.393652,2,-0.469495,0.054283,0.058594
1784159159.403662,2,-0.469495,0.046528,0.058594
1784159159.413651,2,-0.469525,-0.011632,0.058594
1784159159.423653,2,-0.469525,-0.031019,0.054688
1784159159.433654,2,-0.469525,0.003877,0.058594
1784159159.443660,2,-0.469525,-0.011632,0.058594
1784159159.453655,2,-0.469495,0.019387,0.058594
1784159159.463651,2,-0.469525,-0.019387,0.058594
1784159159.473660,2,-0.469525,0.003877,0.058594
1784159159.483656,2,-0.469495,0.027142,0.058594
1784159159.493658,2,-0.469556,-0.093057,0.058594
1784159159.503653,2,-0.469525,-0.034896,0.054688
1784159159.513658,2,-0.469495,0.034896,0.058594
1784159159.523635,2,-0.469525,-0.034896,0.054688
1784159159.533688,2,-0.469495,0.011632,0.058594
1784159159.543638,2,-0.469525,-0.023264,0.054688
1784159159.553632,2,-0.469495,0.042651,0.058594
1784159159.563637,2,-0.469525,-0.011632,0.054688
1784159159.573633,2,-0.469525,-0.038774,0.058594
1784159159.583635,2,-0.469556,-0.069793,0.054688
1784159159.593633,2,-0.469525,-0.031019,0.054688
1784159159.603639,2,-0.469556,-0.073670,0.066406
1784159159.613634,2,-0.469556,-0.069793,0.054688
1784159159.623631,2,-0.469525,-0.034896,0.066406
1784159159.633639,2,-0.469525,-0.027142,0.054688
1784159159.643634,2,-0.469525,-0.023264,0.058594
1784159159.653635,2,-0.469525,-0.031019,0.054688
1784159159.663699,2,-0.469556,-0.085302,0.074219
1784159159.673641,2,-0.469525,-0.038774,0.066406
1784159159.683635,2,-0.469525,-0.019387,0.058594
1784159159.693635,2,-0.469525,-0.031019,0.054688
1784159159.703636,2,-0.469495,0.038774,0.054688
1784159159.713635,2,-0.469495,0.023264,0.058594
1784159159.723635,2,-0.469556,-0.073670,0.066406
1784159159.733637,2,-0.469525,-0.031019,0.066406
1784159159.743636,2,-0.469525,-0.023264,0.050781
1784159159.753634,2,-0.469525,-0.034896,0.054688
1784159159.763636,2,-0.469525,-0.038774,0.054688
1784159159.773635,2,-0.469495,0.015509,0.066406
1784159159.783620,2,-0.469495,0.019387,0.058594
1784159159.793618,2,-0.469556,0.015509,0.054688
1784159159.803618,2,-0.469556,-0.096934,0.050781
1784159159.813619,2,-0.469525,-0.011632,0.054688
1784159159.823619,2,-0.469495,0.019387,0.058594
1784159159.833615,2,-0.469525,-0.034896,0.054688
1784159159.843618,2,-0.469525,-0.015509,0.050781
1784159159.853619,2,-0.469495,0.015509,0.058594
1784159159.863616,2,-0.469525,-0.031019,0.054688
1784159159.873623,2,-0.469525,-0.019387,0.066406
1784159159.883619,2,-0.469556,-0.104689,0.054688
1784159159.893623,2,-0.469525,-0.038774,0.054688
1784159159.903618,2,-0.469525,-0.031019,0.058594
1784159159.913619,2,-0.469525,-0.077547,0.054688
1784159159.923611,2,-0.469556,-0.085302,0.054688
1784159159.933619,2,-0.469495,0.034896,0.058594
1784159159.943624,2,-0.469556,-0.065915,0.054688
1784159159.953621,2,-0.469525,0.003877,0.066406
1784159159.963629,2,-0.469525,-0.027142,0.054688
1784159159.973630,2,-0.469556,-0.073670,0.066406
1784159159.983624,2,-0.469525,-0.007755,0.054688
1784159159.993614,2,-0.469495,0.019387,0.054688
1784159160.003616,2,-0.469525,-0.042651,0.054688
1784159160.013626,2,-0.469525,0.000000,0.058594
1784159160.023624,2,-0.469556,-0.065915,0.058594
1784159160.033698,2,-0.469525,-0.007755,0.058594
1784159160.043686,2,-0.469556,-0.085302,0.066406
1784159160.053622,2,-0.469525,-0.007755,0.058594
1784159160.063725,2,-0.469525,-0.031019,0.058594
1784159160.073604,2,-0.469556,-0.069793,0.054688
1784159160.083606,2,-0.469525,-0.015509,0.054688
1784159160.093603,2,-0.469495,0.034896,0.058594
1784159160.103693,2,-0.469525,-0.007755,0.058594
1784159160.113603,2,-0.469525,-0.015509,0.058594
1784159160.123603,2,-0.469525,-0.015509,0.066406
1784159160.133602,2,-0.469525,-0.015509,0.050781
1784159160.143602,2,-0.469556,-0.112444,0.054688
1784159160.153602,2,-0.469556,-0.081425,0.058594
1784159160.163603,2,-0.469525,-0.015509,0.066406
1784159160.173603,2,-0.469556,-0.085302,0.058594
1784159160.183614,2,-0.469525,-0.027142,0.054688
1784159160.193609,2,-0.469556,-0.058161,0.054688
1784159160.203606,2,-0.469556,-0.081425,0.054688
1784159160.213603,2,-0.469495,0.042651,0.050781
1784159160.223603,2,-0.469525,-0.015509,0.058594
1784159160.233706,2,-0.469465,0.073670,0.066406
1784159160.243698,2,-0.469495,0.042651,0.054688
1784159160.253604,2,-0.469525,-0.034896,0.054688
1784159160.263603,2,-0.469495,0.042651,0.054688
1784159160.273600,2,-0.469525,-0.027142,0.066406
1784159160.283605,2,-0.469525,-0.015509,0.054688
1784159160.293607,2,-0.469495,0.019387,0.058594
1784159160.303594,2,-0.469495,0.038774,0.058594
1784159160.313586,2,-0.469525,0.011632,0.054688
1784159160.323607,2,-0.469556,-0.058161,0.058594
1784159160.333580,2,-0.469525,-0.015509,0.054688
1784159160.343580,2,-0.469495,0.042651,0.054688
1784159160.353673,2,-0.469525,-0.027142,0.054688
1784159160.363588,2,-0.469556,-0.077547,0.054688
1784159160.373696,2,-0.469525,-0.007755,0.058594
1784159160.383590,2,-0.469525,-0.023264,0.054688
1784159160.393580,2,-0.469525,-0.003877,0.058594
1784159160.403579,2,-0.469556,-0.058161,0.058594
1784159160.413727,2,-0.469525,-0.023264,0.066406
1784159160.423598,2,-0.469525,-0.015509,0.066406
1784159160.433588,2,-0.469525,-0.062038,0.058594
1784159160.443587,2,-0.469556,-0.085302,0.054688
1784159160.453598,2,-0.469495,0.054283,0.066406
1784159160.463583,2,-0.469556,-0.085302,0.054688
1784159160.473578,2,-0.469495,0.046528,0.058594
1784159160.483586,2,-0.469525,0.019387,0.054688
1784159160.493588,2,-0.469556,-0.089180,0.050781
1784159160.503582,2,-0.469525,-0.046528,0.058594
1784159160.513584,2,-0.469525,-0.031019,0.058594
1784159160.523671,2,-0.469525,-0.027142,0.058594
1784159160.533693,2,-0.469556,-0.081425,0.058594
1784159160.543581,2,-0.469525,-0.031019,0.058594
1784159160.553581,2,-0.469556,-0.085302,0.054688
1784159160.563584,2,-0.469525,-0.038774,0.054688
1784159160.573661,2,-0.469525,-0.015509,0.050781
1784159160.583580,2,-0.469495,0.031019,0.050781
1784159160.593590,2,-0.469525,-0.038774,0.050781
1784159160.603585,2,-0.469525,-0.031019,0.054688
1784159160.613570,2,-0.469525,-0.027142,0.066406
1784159160.623642,2,-0.469556,-0.077547,0.066406
1784159160.634560,2,-0.469525,-0.038774,0.054688
1784159160.643562,2,-0.469525,-0.038774,0.058594
1784159160.653561,2,-0.469525,-0.031019,0.058594
1784159160.663561,2,-0.469556,-0.085302,0.058594
1784159160.673562,2,-0.469525,-0.015509,0.066406
1784159160.683562,2,-0.469525,-0.015509,0.066406
1784159160.693560,2,-0.469495,0.011632,0.054688
1784159160.703561,2,-0.469556,-0.065915,0.058594
1784159160.713574,2,-0.469495,0.046528,0.074219
1784159160.723563,2,-0.469556,-0.081425,0.054688
1784159160.733563,2,-0.469495,0.038774,0.054688
1784159160.743564,2,-0.469556,-0.058161,0.058594
1784159160.753573,2,-0.469525,-0.073670,0.054688
1784159160.763562,2,-0.469495,0.023264,0.054688
1784159160.773561,2,-0.469495,0.031019,0.054688
1784159160.783561,2,-0.469556,-0.062038,0.054688
1784159160.793561,2,-0.469495,-0.023264,0.058594
1784159160.803562,2,-0.469525,-0.038774,0.054688
1784159160.813572,2,-0.469556,-0.085302,0.058594
1784159160.823562,2,-0.469525,-0.038774,0.058594
1784159160.833563,2,-0.469525,-0.023264,0.054688
1784159160.843563,2,-0.469495,0.019387,0.058594
1784159160.853569,2,-0.469525,-0.038774,0.058594
1784159160.863563,2,-0.469525,0.007755,0.054688
1784159160.873576,2,-0.469525,-0.015509,0.058594
1784159160.883542,2,-0.469525,-0.027142,0.058594
1784159160.893548,2,-0.469525,-0.038774,0.058594
1784159160.903543,2,-0.469556,-0.073670,0.058594
1784159160.913544,2,-0.469525,-0.031019,0.054688
1784159160.923544,2,-0.469495,0.019387,0.050781
1784159160.933541,2,-0.469525,-0.023264,0.050781
1784159160.943542,2,-0.469525,-0.015509,0.058594
1784159160.953550,2,-0.469495,0.027142,0.058594
1784159160.963545,2,-0.469495,0.019387,0.058594
1784159160.973542,2,-0.469556,-0.093057,0.054688
1784159160.983544,2,-0.469556,-0.096934,0.054688
1784159160.993546,2,-0.469525,-0.027142,0.058594
1784159161.003543,2,-0.469495,0.015509,0.054688
1784159161.013552,2,-0.469556,-0.085302,0.058594
1784159161.023542,2,-0.469525,-0.038774,0.066406
1784159161.033549,2,-0.469495,0.023264,0.058594
1784159161.043661,2,-0.469525,-0.011632,0.054688
1784159161.053546,2,-0.469525,-0.031019,0.058594
1784159161.063546,2,-0.469525,-0.065915,0.054688
1784159161.073547,2,-0.469495,0.019387,0.058594
1784159161.083541,2,-0.469556,-0.073670,0.066406
1784159161.093542,2,-0.469525,-0.031019,0.058594
1784159161.103547,2,-0.469525,-0.019387,0.058594
1784159161.113545,2,-0.469556,-0.077547,0.058594
1784159161.123546,2,-0.469525,-0.015509,0.058594
1784159161.133544,2,-0.469525,-0.015509,0.058594
1784159161.143526,2,-0.469525,-0.015509,0.058594
1784159161.154544,2,-0.469525,-0.027142,0.058594
1784159161.163527,2,-0.469525,-0.050406,0.054688
1784159161.173524,2,-0.469556,-0.085302,0.058594
1784159161.183523,2,-0.469525,-0.038774,0.050781
1784159161.193528,2,-0.469525,-0.031019,0.058594
1784159161.203525,2,-0.469525,-0.031019,0.058594
1784159161.213523,2,-0.469525,-0.015509,0.054688
1784159161.223526,2,-0.469525,-0.011632,0.058594
1784159161.233522,2,-0.469525,-0.027142,0.058594
1784159161.243523,2,-0.469556,-0.093057,0.058594
1784159161.253526,2,-0.469525,-0.007755,0.058594
1784159161.263531,2,-0.469525,-0.027142,0.058594
1784159161.273528,2,-0.469525,-0.011632,0.058594
1784159161.283528,2,-0.469525,-0.019387,0.058594
1784159161.293525,2,-0.469495,0.054283,0.058594
1784159161.303531,2,-0.469556,-0.093057,0.054688
1784159161.313529,2,-0.469525,-0.042651,0.054688
1784159161.323581,2,-0.469525,-0.038774,0.058594
1784159161.333527,2,-0.469495,-0.019387,0.058594
1784159161.343527,2,-0.469525,-0.027142,0.058594
1784159161.353528,2,-0.469495,0.038774,0.054688
1784159161.363527,2,-0.469556,-0.073670,0.050781
1784159161.373530,2,-0.469525,-0.015509,0.066406
1784159161.383527,2,-0.469525,-0.027142,0.058594
1784159161.393530,2,-0.469525,-0.034896,0.058594
1784159161.403526,2,-0.469525,-0.034896,0.066406
1784159161.413506,2,-0.469525,-0.015509,0.058594
1784159161.423510,2,-0.469525,-0.015509,0.054688
1784159161.433516,2,-0.469556,-0.077547,0.054688
1784159161.443513,2,-0.469525,-0.027142,0.058594
1784159161.453515,2,-0.469525,-0.019387,0.054688
1784159161.463510,2,-0.469556,-0.073670,0.058594
1784159161.473512,2,-0.469495,0.031019,0.058594
1784159161.483515,2,-0.469495,0.003877,0.066406
1784159161.493587,2,-0.469495,0.019387,0.054688
1784159161.504511,2,-0.469495,0.027142,0.054688
1784159161.513516,2,-0.469495,0.007755,0.058594
1784159161.523518,2,-0.469525,-0.050406,0.058594
1784159161.533512,2,-0.469495,-0.038774,0.058594
1784159161.543513,2,-0.469525,-0.042651,0.058594
1784159161.553513,2,-0.469495,0.019387,0.058594
1784159161.563514,2,-0.469525,-0.031019,0.054688
1784159161.573517,2,-0.469525,-0.038774,0.054688
1784159161.583515,2,-0.469495,0.023264,0.058594
1784159161.593514,2,-0.469525,-0.027142,0.054688
1784159161.603515,2,-0.469525,-0.027142,0.054688
1784159161.613616,2,-0.469525,0.019387,0.054688
1784159161.623564,2,-0.469525,-0.038774,0.058594
1784159161.633520,2,-0.469556,-0.096934,0.054688
1784159161.643514,2,-0.469495,0.027142,0.054688
1784159161.653514,2,-0.469495,-0.038774,0.058594
1784159161.663516,2,-0.469525,-0.031019,0.058594
1784159161.673511,2,-0.469495,0.015509,0.054688
1784159161.683490,2,-0.469525,-0.038774,0.058594
1784159161.693491,2,-0.469525,-0.031019,0.058594
1784159161.703490,2,-0.469556,-0.042651,0.050781
1784159161.713487,2,-0.469495,0.007755,0.050781
1784159161.723487,2,-0.469525,-0.019387,0.066406
1784159161.733489,2,-0.469525,-0.023264,0.058594
1784159161.743492,2,-0.469556,-0.085302,0.054688
1784159161.753495,2,-0.469525,-0.015509,0.058594
1784159161.763492,2,-0.469525,-0.031019,0.058594
1784159161.773492,2,-0.469525,-0.038774,0.054688
1784159161.783552,2,-0.469525,-0.031019,0.058594
1784159161.793489,2,-0.469525,-0.015509,0.054688
1784159161.803488,2,-0.469525,-0.015509,0.054688
1784159161.813491,2,-0.469556,-0.015509,0.054688
1784159161.823490,2,-0.469556,-0.069793,0.054688
1784159161.833491,2,-0.469556,-0.073670,0.058594
1784159161.843490,2,-0.469525,-0.034896,0.066406
1784159161.853492,2,-0.469525,-0.038774,0.054688
1784159161.863492,2,-0.469495,0.019387,0.050781
1784159161.873490,2,-0.469556,-0.085302,0.054688
1784159161.883490,2,-0.469495,0.023264,0.058594
1784159161.893490,2,-0.469525,-0.034896,0.066406
1784159161.903498,2,-0.469525,-0.038774,0.066406
1784159161.913494,2,-0.469525,-0.038774,0.058594
1784159161.923490,2,-0.469556,-0.081425,0.066406
1784159161.933489,2,-0.469556,-0.073670,0.058594
1784159161.943492,2,-0.469495,0.031019,0.058594
1784159161.953495,2,-0.469495,0.023264,0.054688
1784159161.963492,2,-0.469495,0.015509,0.058594
1784159161.973486,2,-0.469525,-0.027142,0.058594
1784159161.983473,2,-0.469525,-0.038774,0.054688
1784159161.993474,2,-0.469495,0.019387,0.054688
1784159162.003472,2,-0.469525,-0.038774,0.058594
1784159162.013475,2,-0.469525,-0.031019,0.058594
1784159162.023474,2,-0.469525,-0.031019,0.066406
1784159162.033481,2,-0.469495,0.038774,0.054688
1784159162.043475,2,-0.469525,-0.015509,0.058594
1784159162.053473,2,-0.469525,-0.031019,0.058594
1784159162.063540,2,-0.469525,-0.038774,0.058594
1784159162.073528,2,-0.469556,-0.093057,0.054688
1784159162.083546,2,-0.469525,-0.038774,0.054688
1784159162.093473,2,-0.469525,-0.038774,0.054688
1784159162.103485,2,-0.469495,0.015509,0.058594
1784159162.113473,2,-0.469525,-0.003877,0.058594
1784159162.123477,2,-0.469556,-0.077547,0.066406
1784159162.133475,2,-0.469495,0.011632,0.066406
1784159162.143477,2,-0.469495,0.019387,0.058594
1784159162.153473,2,-0.469525,-0.027142,0.066406
1784159162.163475,2,-0.469525,-0.027142,0.070312
1784159162.173475,2,-0.469525,-0.042651,0.050781
1784159162.183475,2,-0.469525,-0.038774,0.058594
1784159162.193472,2,-0.469525,-0.038774,0.070312
1784159162.203473,2,-0.469556,-0.085302,0.066406
1784159162.213476,2,-0.469525,-0.031019,0.058594
1784159162.223475,2,-0.469495,0.031019,0.054688
1784159162.233477,2,-0.469525,-0.019387,0.058594
1784159162.243478,2,-0.469525,-0.031019,0.058594
1784159162.253454,2,-0.469556,0.046528,0.058594
1784159162.263453,2,-0.469525,-0.034896,0.058594
1784159162.273456,2,-0.469525,-0.038774,0.058594
1784159162.283616,2,-0.469556,-0.069793,0.054688
1784159162.293458,2,-0.469525,-0.027142,0.054688
1784159162.303456,2,-0.469525,-0.031019,0.058594
1784159162.313460,2,-0.469525,-0.023264,0.054688
1784159162.323456,2,-0.469525,-0.038774,0.058594
1784159162.333459,2,-0.469525,-0.027142,0.058594
1784159162.343459,2,-0.469525,-0.019387,0.054688
1784159162.353455,2,-0.469525,-0.027142,0.058594
1784159162.363455,2,-0.469556,-0.085302,0.066406
1784159162.373454,2,-0.469495,0.023264,0.066406
1784159162.383454,2,-0.469525,-0.027142,0.054688
1784159162.393453,2,-0.469495,0.019387,0.058594
1784159162.403453,2,-0.469495,0.019387,0.058594
1784159162.413451,2,-0.469525,-0.042651,0.058594
1784159162.423455,2,-0.469525,-0.042651,0.054688
1784159162.433454,2,-0.469495,0.027142,0.058594
1784159162.443455,2,-0.469525,-0.038774,0.050781
1784159162.453454,2,-0.469495,0.019387,0.058594
1784159162.463456,2,-0.469525,-0.038774,0.054688
1784159162.473454,2,-0.469525,-0.031019,0.058594
1784159162.483457,2,-0.469525,-0.023264,0.066406
1784159162.493455,2,-0.469495,0.019387,0.054688
1784159162.503456,2,-0.469525,-0.019387,0.058594
1784159162.513443,2,-0.469525,-0.031019,0.054688
1784159162.523440,2,-0.469525,-0.034896,0.054688
1784159162.533434,2,-0.469525,-0.038774,0.054688
1784159162.543438,2,-0.469525,-0.015509,0.058594
1784159162.553444,2,-0.469525,-0.034896,0.058594
1784159162.563438,2,-0.469525,-0.058161,0.058594
1784159162.573437,2,-0.469525,-0.034896,0.054688
1784159162.583446,2,-0.469525,-0.034896,0.054688
1784159162.593438,2,-0.469495,0.019387,0.066406
1784159162.603438,2,-0.469525,-0.038774,0.058594
1784159162.613435,2,-0.469495,0.038774,0.058594
1784159162.623452,2,-0.469525,-0.050406,0.054688
1784159162.633441,2,-0.469495,0.019387,0.058594
1784159162.643436,2,-0.469495,0.050406,0.066406
1784159162.653440,2,-0.469525,-0.027142,0.058594
1784159162.663448,2,-0.469495,0.019387,0.054688
1784159162.673440,2,-0.469525,-0.034896,0.054688
1784159162.683440,2,-0.469525,-0.038774,0.058594
1784159162.693438,2,-0.469525,-0.027142,0.058594
1784159162.703437,2,-0.469525,-0.027142,0.054688
1784159162.713451,2,-0.469525,-0.085302,0.066406
1784159162.723439,2,-0.469525,-0.038774,0.054688
1784159162.733442,2,-0.469525,-0.034896,0.058594
1784159162.743438,2,-0.469525,-0.034896,0.058594
1784159162.753439,2,-0.469495,-0.027142,0.058594
1784159162.763448,2,-0.469495,0.038774,0.066406
1784159162.773441,2,-0.469525,-0.027142,0.058594
1784159162.783443,2,-0.469525,-0.027142,0.054688
1784159162.793446,2,-0.469525,-0.027142,0.054688
1784159162.803418,2,-0.469525,-0.038774,0.058594
1784159162.813423,2,-0.469525,-0.019387,0.066406
1784159162.823417,2,-0.469525,-0.007755,0.058594
1784159162.833421,2,-0.469525,-0.031019,0.054688
1784159162.843418,2,-0.469525,-0.031019,0.058594
1784159162.853422,2,-0.469525,-0.034896,0.058594
1784159162.863419,2,-0.469525,-0.031019,0.054688
1784159162.873429,2,-0.469525,-0.027142,0.058594
1784159162.883427,2,-0.469525,-0.027142,0.058594
1784159162.893422,2,-0.469525,-0.042651,0.054688
1784159162.903420,2,-0.469525,-0.038774,0.054688
1784159162.913426,2,-0.469525,-0.031019,0.054688
1784159162.923419,2,-0.469525,-0.019387,0.054688
1784159162.933424,2,-0.469525,-0.011632,0.054688
1784159162.943419,2,-0.469495,0.015509,0.058594
1784159162.953419,2,-0.469525,-0.019387,0.066406
1784159162.963421,2,-0.469525,-0.023264,0.058594
1784159162.973420,2,-0.469525,-0.031019,0.066406
1784159162.983420,2,-0.469556,-0.081425,0.054688
1784159162.993420,2,-0.469525,-0.027142,0.058594
1784159163.003420,2,-0.469495,0.023264,0.066406
1784159163.013429,2,-0.469525,-0.015509,0.058594
1784159163.023424,2,-0.469495,0.027142,0.054688
1784159163.033424,2,-0.469525,0.000000,0.058594
1784159163.043426,2,-0.469525,-0.011632,0.058594
1784159163.054420,2,-0.469525,-0.031019,0.066406
1784159163.063426,2,-0.469495,0.023264,0.058594
1784159163.073405,2,-0.469525,-0.027142,0.054688
1784159163.083407,2,-0.469495,0.031019,0.054688
1784159163.093402,2,-0.469525,-0.027142,0.054688
1784159163.103411,2,-0.469525,-0.019387,0.058594
1784159163.113402,2,-0.469495,0.023264,0.066406
1784159163.123405,2,-0.469525,-0.023264,0.058594
1784159163.133407,2,-0.469495,0.027142,0.058594
1784159163.143406,2,-0.469525,-0.019387,0.066406
1784159163.153411,2,-0.469495,0.023264,0.058594
1784159163.164406,2,-0.469525,-0.034896,0.058594
1784159163.173406,2,-0.469525,-0.027142,0.054688
1784159163.183406,2,-0.469525,-0.031019,0.058594
1784159163.193407,2,-0.469525,-0.027142,0.058594
1784159163.203406,2,-0.469556,-0.062038,0.058594
1784159163.213412,2,-0.469556,-0.089180,0.058594
1784159163.224406,2,-0.469495,0.023264,0.058594
1784159163.233407,2,-0.469556,-0.027142,0.058594
1784159163.244406,2,-0.469495,0.015509,0.054688
1784159163.254406,2,-0.469525,-0.031019,0.058594
1784159163.264403,2,-0.469525,-0.031019,0.066406
1784159163.273405,2,-0.469525,-0.038774,0.058594
1784159163.284405,2,-0.469525,-0.031019,0.058594
1784159163.293407,2,-0.469525,-0.034896,0.066406
1784159163.304406,2,-0.469525,-0.027142,0.058594
1784159163.314408,2,-0.469525,-0.031019,0.058594
1784159163.324404,2,-0.469525,-0.023264,0.066406
1784159163.334384,2,-0.469495,0.027142,0.066406
1784159163.344384,2,-0.469525,-0.038774,0.058594
1784159163.354384,2,-0.469525,-0.034896,0.058594
1784159163.364383,2,-0.469556,-0.058161,0.058594
1784159163.374387,2,-0.469525,-0.038774,0.058594
1784159163.384383,2,-0.469525,-0.003877,0.054688
1784159163.394384,2,-0.469525,-0.031019,0.058594
1784159163.404387,2,-0.469495,-0.038774,0.066406
1784159163.414389,2,-0.469556,-0.069793,0.058594
1784159163.424385,2,-0.469495,0.062038,0.058594
1784159163.434387,2,-0.469525,-0.019387,0.054688
1784159163.444389,2,-0.469495,0.019387,0.066406
1784159163.454384,2,-0.469495,0.015509,0.058594
1784159163.464393,2,-0.469495,0.015509,0.058594
1784159163.474386,2,-0.469525,-0.031019,0.058594
1784159163.484393,2,-0.469495,0.023264,0.054688
1784159163.494387,2,-0.469525,-0.031019,0.058594
1784159163.504387,2,-0.469525,-0.019387,0.058594
1784159163.514386,2,-0.469495,0.015509,0.058594
1784159163.524385,2,-0.469495,0.034896,0.066406
1784159163.534394,2,-0.469525,-0.031019,0.054688
1784159163.544384,2,-0.469495,0.023264,0.058594
1784159163.554385,2,-0.469525,-0.038774,0.050781
1784159163.564392,2,-0.469556,-0.093057,0.054688
1784159163.574394,2,-0.469556,-0.089180,0.054688
1784159163.584403,2,-0.469495,-0.023264,0.066406
1784159163.594385,2,-0.469525,-0.027142,0.054688
1784159163.604387,2,-0.469525,-0.038774,0.058594
1784159163.614369,2,-0.469525,-0.042651,0.058594
1784159163.624477,2,-0.469525,-0.034896,0.058594
1784159163.634371,2,-0.469525,-0.023264,0.058594
1784159163.644367,2,-0.469525,-0.038774,0.054688
1784159163.654367,2,-0.469525,-0.038774,0.058594
1784159163.664366,2,-0.469525,-0.015509,0.058594
1784159163.674367,2,-0.469525,-0.027142,0.058594
1784159163.684456,2,-0.469495,0.019387,0.058594
1784159163.694364,2,-0.469495,0.019387,0.054688
1784159163.704367,2,-0.469495,0.023264,0.050781
1784159163.714375,2,-0.469525,-0.034896,0.066406
1784159163.724364,2,-0.469525,-0.038774,0.054688
1784159163.734367,2,-0.469525,-0.031019,0.054688
1784159163.744367,2,-0.469525,-0.015509,0.058594
1784159163.754480,2,-0.469525,-0.011632,0.058594
1784159163.764472,2,-0.469525,-0.034896,0.058594
1784159163.774370,2,-0.469525,0.000000,0.054688
1784159163.784369,2,-0.469495,0.015509,0.066406
1784159163.794369,2,-0.469525,-0.031019,0.058594
1784159163.804368,2,-0.469556,-0.089180,0.054688
1784159163.814373,2,-0.469525,-0.038774,0.058594
1784159163.824368,2,-0.469495,0.023264,0.054688
1784159163.834369,2,-0.469525,-0.031019,0.066406
1784159163.844369,2,-0.469495,0.027142,0.054688
1784159163.854370,2,-0.469525,-0.019387,0.054688
1784159163.864369,2,-0.469525,-0.031019,0.058594
1784159163.874371,2,-0.469556,-0.019387,0.058594
1784159163.884346,2,-0.469525,-0.027142,0.054688
1784159163.894346,2,-0.469556,-0.027142,0.058594
1784159163.904349,2,-0.469525,-0.027142,0.054688
1784159163.914350,2,-0.469525,-0.015509,0.066406
1784159163.924348,2,-0.469556,-0.073670,0.058594
1784159163.934349,2,-0.469525,-0.038774,0.054688
1784159163.944349,2,-0.469525,-0.023264,0.054688
1784159163.954350,2,-0.469525,-0.007755,0.054688
1784159163.964349,2,-0.469525,-0.034896,0.058594
1784159163.974348,2,-0.469525,-0.031019,0.058594
1784159163.984351,2,-0.469525,-0.015509,0.054688
1784159163.994350,2,-0.469556,-0.081425,0.054688
1784159164.004349,2,-0.469525,-0.034896,0.058594
1784159164.014354,2,-0.469525,-0.031019,0.058594
1784159164.024348,2,-0.469525,-0.050406,0.054688
1784159164.034355,2,-0.469495,0.038774,0.054688
1784159164.044353,2,-0.469495,0.019387,0.054688
1784159164.054347,2,-0.469525,-0.027142,0.058594
1784159164.064485,2,-0.469556,-0.073670,0.066406
1784159164.074356,2,-0.469556,-0.077547,0.058594
1784159164.084356,2,-0.469525,-0.003877,0.058594
1784159164.094358,2,-0.469525,-0.023264,0.058594
1784159164.104356,2,-0.469556,-0.085302,0.058594
1784159164.114359,2,-0.469525,-0.003877,0.058594
1784159164.124350,2,-0.469495,0.034896,0.066406
1784159164.134350,2,-0.469556,-0.093057,0.058594
1784159164.144351,2,-0.469525,-0.023264,0.054688
1784159164.154351,2,-0.469525,-0.003877,0.066406
1784159164.164330,2,-0.469525,-0.003877,0.058594
1784159164.174329,2,-0.469495,0.031019,0.058594
1784159164.184343,2,-0.469556,-0.069793,0.066406
1784159164.194328,2,-0.469525,-0.015509,0.058594
1784159164.204329,2,-0.469525,-0.019387,0.058594
1784159164.214328,2,-0.469525,-0.031019,0.058594
1784159164.224330,2,-0.469525,-0.023264,0.054688
1784159164.234332,2,-0.469525,-0.011632,0.058594
1784159164.244331,2,-0.469525,-0.019387,0.058594
1784159164.254331,2,-0.469525,-0.038774,0.054688
1784159164.264342,2,-0.469525,-0.027142,0.066406
1784159164.274333,2,-0.469525,-0.038774,0.058594
1784159164.284335,2,-0.469525,-0.023264,0.054688
1784159164.294338,2,-0.469525,-0.023264,0.070312
1784159164.304332,2,-0.469525,-0.038774,0.058594
1784159164.314331,2,-0.469525,-0.031019,0.054688
1784159164.324330,2,-0.469556,-0.093057,0.054688
1784159164.334333,2,-0.469525,-0.011632,0.054688
1784159164.344330,2,-0.469525,-0.023264,0.058594
1784159164.354332,2,-0.469525,-0.019387,0.058594
1784159164.364459,2,-0.469525,-0.038774,0.058594
1784159164.374339,2,-0.469495,0.042651,0.058594
1784159164.384342,2,-0.469525,-0.011632,0.066406
1784159164.394321,2,-0.469525,-0.011632,0.054688
1784159164.404339,2,-0.469525,-0.023264,0.054688
1784159164.414333,2,-0.469525,-0.019387,0.058594
1784159164.424335,2,-0.469556,-0.062038,0.054688
1784159164.434322,2,-0.469525,-0.027142,0.058594
1784159164.444318,2,-0.469525,-0.011632,0.058594
1784159164.454319,2,-0.469525,-0.034896,0.054688
1784159164.464319,2,-0.469556,-0.077547,0.054688
1784159164.474319,2,-0.469495,0.038774,0.054688
1784159164.484322,2,-0.469495,0.046528,0.058594
1784159164.494321,2,-0.469525,-0.015509,0.058594
1784159164.504321,2,-0.469525,-0.031019,0.058594
1784159164.514323,2,-0.469525,-0.031019,0.058594
1784159164.524322,2,-0.469495,0.015509,0.054688
1784159164.534324,2,-0.469495,0.023264,0.058594
1784159164.544321,2,-0.469525,-0.046528,0.066406
1784159164.554322,2,-0.469525,-0.038774,0.050781
1784159164.564326,2,-0.469525,-0.038774,0.058594
1784159164.574321,2,-0.469525,-0.015509,0.066406
1784159164.584324,2,-0.469525,-0.015509,0.066406
1784159164.594321,2,-0.469525,-0.027142,0.066406
1784159164.604321,2,-0.469495,0.027142,0.058594
1784159164.614323,2,-0.469525,0.027142,0.054688
1784159164.624326,2,-0.469525,-0.031019,0.054688
1784159164.634322,2,-0.469525,-0.027142,0.054688
1784159164.644323,2,-0.469525,-0.038774,0.070312
1784159164.654325,2,-0.469525,-0.023264,0.058594
1784159164.664323,2,-0.469525,-0.027142,0.054688
1784159164.674306,2,-0.469525,-0.007755,0.066406
1784159164.684308,2,-0.469495,0.023264,0.066406
1784159164.694323,2,-0.469525,-0.038774,0.058594
1784159164.704323,2,-0.469525,-0.042651,0.054688
1784159164.714309,2,-0.469525,-0.034896,0.058594
1784159164.724302,2,-0.469525,-0.038774,0.066406
1784159164.734307,2,-0.469525,-0.031019,0.058594
1784159164.744303,2,-0.469525,-0.015509,0.054688
1784159164.754390,2,-0.469525,-0.007755,0.054688
1784159164.764298,2,-0.469525,-0.034896,0.058594
1784159164.774296,2,-0.469495,0.050406,0.066406
1784159164.784296,2,-0.469525,-0.038774,0.058594
1784159164.794293,2,-0.469525,0.019387,0.058594
1784159164.804298,2,-0.469525,-0.027142,0.054688
1784159164.814295,2,-0.469525,-0.011632,0.054688
1784159164.824297,2,-0.469525,-0.019387,0.058594
1784159164.834298,2,-0.469495,-0.038774,0.058594
1784159164.844296,2,-0.469525,-0.038774,0.054688
1784159164.854299,2,-0.469556,-0.062038,0.058594
1784159164.864296,2,-0.469525,-0.019387,0.058594
1784159164.874297,2,-0.469525,-0.027142,0.066406
1784159164.884298,2,-0.469525,-0.031019,0.054688
1784159164.894298,2,-0.469525,-0.019387,0.058594
1784159164.904297,2,-0.469495,0.031019,0.058594
1784159164.914298,2,-0.469556,-0.089180,0.054688
1784159164.924298,2,-0.469525,-0.019387,0.058594
1784159164.934306,2,-0.469556,-0.081425,0.054688
1784159164.944278,2,-0.469556,-0.077547,0.058594
1784159164.954296,2,-0.469556,-0.073670,0.058594
1784159164.964298,2,-0.469525,-0.023264,0.054688
1784159164.974277,2,-0.469525,-0.089180,0.066406
1784159164.984277,2,-0.469556,-0.081425,0.054688
1784159164.994276,2,-0.469525,-0.038774,0.058594
1784159165.004275,2,-0.469525,-0.011632,0.058594
1784159165.014276,2,-0.469525,-0.034896,0.054688
1784159165.024276,2,-0.469525,-0.034896,0.058594
1784159165.034278,2,-0.469525,-0.034896,0.058594
1784159165.044280,2,-0.469525,-0.027142,0.058594
1784159165.054277,2,-0.469525,-0.019387,0.066406
1784159165.064277,2,-0.469525,-0.031019,0.054688
1784159165.074280,2,-0.469556,-0.069793,0.058594
1784159165.084280,2,-0.469556,-0.077547,0.058594
1784159165.094280,2,-0.469495,0.003877,0.058594
1784159165.104276,2,-0.469525,-0.038774,0.058594
1784159165.114274,2,-0.469525,-0.034896,0.054688
1784159165.124278,2,-0.469525,-0.038774,0.066406
1784159165.134283,2,-0.469525,-0.023264,0.058594
1784159165.144276,2,-0.469556,-0.062038,0.054688
1784159165.154277,2,-0.469525,-0.038774,0.058594
1784159165.164275,2,-0.469525,-0.015509,0.050781
1784159165.174281,2,-0.469495,-0.031019,0.054688
1784159165.184279,2,-0.469525,-0.038774,0.058594
1784159165.194278,2,-0.469525,-0.023264,0.054688
1784159165.204279,2,-0.469525,-0.023264,0.054688
1784159165.214278,2,-0.469525,0.031019,0.058594
1784159165.224281,2,-0.469495,0.046528,0.054688
1784159165.234277,2,-0.469525,-0.015509,0.058594
1784159165.244260,2,-0.469525,-0.015509,0.054688
1784159165.254286,2,-0.469525,-0.019387,0.054688
1784159165.264262,2,-0.469495,0.027142,0.058594
1784159165.274279,2,-0.469525,-0.015509,0.054688
1784159165.284258,2,-0.469525,-0.019387,0.058594
1784159165.294258,2,-0.469525,-0.019387,0.054688
1784159165.304257,2,-0.469525,-0.027142,0.066406
1784159165.314258,2,-0.469525,-0.007755,0.054688
1784159165.324257,2,-0.469525,-0.011632,0.054688
1784159165.334259,2,-0.469556,-0.081425,0.066406
1784159165.344261,2,-0.469495,0.015509,0.054688
1784159165.354257,2,-0.469495,0.000000,0.054688
1784159165.364264,2,-0.469525,-0.011632,0.058594
1784159165.374267,2,-0.469495,0.019387,0.066406
1784159165.384261,2,-0.469525,-0.038774,0.054688
1784159165.394258,2,-0.469525,-0.038774,0.058594
1784159165.404261,2,-0.469495,0.019387,0.058594
1784159165.414259,2,-0.469495,0.031019,0.066406
1784159165.424259,2,-0.469525,0.000000,0.058594
1784159165.434263,2,-0.469525,-0.003877,0.054688
1784159165.444266,2,-0.469525,-0.027142,0.054688
1784159165.454268,2,-0.469525,-0.027142,0.066406
1784159165.464262,2,-0.469525,-0.038774,0.054688
1784159165.474265,2,-0.469525,-0.015509,0.054688
1784159165.484266,2,-0.469525,-0.019387,0.054688
1784159165.494268,2,-0.469525,-0.031019,0.058594
1784159165.504263,2,-0.469525,-0.019387,0.058594
1784159165.514264,2,-0.469525,-0.038774,0.054688
1784159165.524242,2,-0.469525,-0.038774,0.054688
1784159165.534240,2,-0.469495,0.015509,0.054688
1784159165.544241,2,-0.469525,-0.038774,0.058594
1784159165.554240,2,-0.469495,0.019387,0.058594
1784159165.564243,2,-0.469495,0.038774,0.066406
1784159165.574240,2,-0.469525,-0.031019,0.066406
1784159165.584244,2,-0.469525,-0.038774,0.054688
1784159165.594241,2,-0.469525,-0.034896,0.066406
1784159165.604246,2,-0.469525,-0.038774,0.066406
1784159165.614351,2,-0.469525,-0.046528,0.054688
1784159165.624241,2,-0.469495,0.019387,0.054688
1784159165.634247,2,-0.469525,-0.034896,0.058594
1784159165.644243,2,-0.469495,0.019387,0.054688
1784159165.654241,2,-0.469556,-0.093057,0.054688
1784159165.664244,2,-0.469525,-0.038774,0.058594
1784159165.674242,2,-0.469525,-0.027142,0.054688
1784159165.684245,2,-0.469556,-0.065915,0.058594
1784159165.694243,2,-0.469495,0.023264,0.058594
1784159165.704242,2,-0.469495,0.000000,0.066406
1784159165.714244,2,-0.469495,0.007755,0.058594
1784159165.724242,2,-0.469525,-0.046528,0.058594
1784159165.734243,2,-0.469495,0.019387,0.054688
1784159165.744244,2,-0.469525,-0.038774,0.058594
1784159165.754324,2,-0.469525,0.027142,0.054688
1784159165.764242,2,-0.469495,0.019387,0.050781
1784159165.774250,2,-0.469495,0.015509,0.058594
1784159165.784243,2,-0.469495,0.019387,0.058594
1784159165.794248,2,-0.469556,-0.038774,0.054688
1784159165.804223,2,-0.469495,0.023264,0.066406
1784159165.814223,2,-0.469525,-0.038774,0.054688
1784159165.824223,2,-0.469525,-0.038774,0.050781
1784159165.834221,2,-0.469525,-0.019387,0.054688
1784159165.844230,2,-0.469525,-0.027142,0.058594
1784159165.854223,2,-0.469556,-0.085302,0.058594
1784159165.864362,2,-0.469525,-0.038774,0.058594
1784159165.874225,2,-0.469525,-0.023264,0.054688
1784159165.884227,2,-0.469525,-0.038774,0.058594
1784159165.894222,2,-0.469495,-0.023264,0.058594
1784159165.904222,2,-0.469525,-0.038774,0.054688
1784159165.914224,2,-0.469495,0.023264,0.054688
1784159165.924232,2,-0.469495,0.019387,0.066406
1784159165.934223,2,-0.469525,0.019387,0.054688
1784159165.944374,2,-0.469525,0.000000,0.054688
1784159165.954223,2,-0.469556,-0.069793,0.058594
1784159165.964222,2,-0.469495,0.019387,0.058594
1784159165.974221,2,-0.469525,-0.015509,0.058594
1784159165.984222,2,-0.469556,-0.077547,0.054688
1784159165.997234,2,-0.469525,-0.038774,0.058594
1784159166.005232,2,-0.469556,-0.073670,0.058594
1784159166.014230,2,-0.469495,0.019387,0.058594
1784159166.024228,2,-0.469525,-0.023264,0.070312
1784159166.034229,2,-0.469525,-0.027142,0.054688
1784159166.044228,2,-0.469495,0.027142,0.066406
1784159166.054223,2,-0.469525,-0.034896,0.054688
1784159166.064224,2,-0.469525,-0.038774,0.058594
1784159166.074204,2,-0.469495,0.007755,0.054688
1784159166.084301,2,-0.469525,-0.038774,0.058594
1784159166.094202,2,-0.469495,0.019387,0.058594
1784159166.104203,2,-0.469525,-0.042651,0.054688
1784159166.114214,2,-0.469525,-0.038774,0.058594
1784159166.124205,2,-0.469495,0.015509,0.058594
1784159166.134204,2,-0.469495,0.019387,0.058594
1784159166.144205,2,-0.469525,-0.046528,0.050781
1784159166.154204,2,-0.469525,-0.038774,0.066406
1784159166.164206,2,-0.469525,-0.034896,0.066406
1784159166.174203,2,-0.469525,-0.015509,0.058594
1784159166.184202,2,-0.469525,-0.027142,0.058594
1784159166.194204,2,-0.469495,0.034896,0.058594
1784159166.204208,2,-0.469495,0.027142,0.058594
1784159166.214204,2,-0.469525,-0.077547,0.054688
1784159166.224207,2,-0.469525,-0.023264,0.054688
1784159166.234205,2,-0.469525,-0.034896,0.058594
1784159166.244204,2,-0.469525,-0.027142,0.058594
1784159166.254205,2,-0.469525,-0.054283,0.054688
1784159166.264205,2,-0.469525,-0.027142,0.070312
1784159166.274205,2,-0.469525,-0.015509,0.058594
1784159166.284206,2,-0.469525,-0.027142,0.058594
1784159166.294216,2,-0.469525,-0.031019,0.058594
1784159166.304208,2,-0.469525,-0.042651,0.058594
1784159166.314207,2,-0.469495,0.031019,0.058594
1784159166.324205,2,-0.469525,-0.027142,0.050781
1784159166.334206,2,-0.469525,-0.038774,0.054688
1784159166.344190,2,-0.469525,-0.019387,0.054688
1784159166.354188,2,-0.469556,-0.093057,0.058594
1784159166.364189,2,-0.469525,-0.034896,0.058594
1784159166.374197,2,-0.469556,-0.081425,0.054688
1784159166.384188,2,-0.469525,0.031019,0.054688
1784159166.394189,2,-0.469525,-0.027142,0.050781
1784159166.404191,2,-0.469525,-0.031019,0.054688
1784159166.414190,2,-0.469525,-0.015509,0.054688
1784159166.424187,2,-0.469525,-0.038774,0.058594
1784159166.434189,2,-0.469525,-0.038774,0.058594
1784159166.444189,2,-0.469525,-0.027142,0.058594
1784159166.454190,2,-0.469556,-0.112444,0.054688
1784159166.464193,2,-0.469465,0.054283,0.058594
1784159166.474192,2,-0.469525,-0.038774,0.058594
1784159166.484193,2,-0.469525,-0.038774,0.058594
1784159166.494193,2,-0.469525,-0.034896,0.054688
1784159166.504194,2,-0.469495,0.015509,0.058594
1784159166.514193,2,-0.469525,-0.038774,0.054688
1784159166.524194,2,-0.469525,-0.031019,0.066406
1784159166.534193,2,-0.469556,-0.093057,0.054688
1784159166.544194,2,-0.469556,-0.081425,0.054688
1784159166.554196,2,-0.469556,-0.081425,0.058594
1784159166.564193,2,-0.469525,-0.031019,0.054688
1784159166.574193,2,-0.469495,0.023264,0.058594
1784159166.584172,2,-0.469525,-0.096934,0.054688
1784159166.594179,2,-0.469525,-0.034896,0.054688
1784159166.604190,2,-0.469556,-0.073670,0.054688
1784159166.614173,2,-0.469525,-0.046528,0.058594
1784159166.624170,2,-0.469556,-0.085302,0.054688
1784159166.634246,2,-0.469495,-0.027142,0.058594
1784159166.644227,2,-0.469525,-0.042651,0.066406
1784159166.654176,2,-0.469525,-0.038774,0.058594
1784159166.664278,2,-0.469495,0.031019,0.058594
1784159166.674170,2,-0.469495,0.027142,0.050781
1784159166.684171,2,-0.469556,-0.093057,0.054688
1784159166.694171,2,-0.469525,-0.007755,0.066406
1784159166.704275,2,-0.469525,-0.015509,0.058594
1784159166.714260,2,-0.469525,-0.034896,0.058594
1784159166.724279,2,-0.469525,-0.038774,0.066406
1784159166.734174,2,-0.469525,-0.031019,0.066406
1784159166.744256,2,-0.469495,0.019387,0.066406
1784159166.754174,2,-0.469465,0.019387,0.058594
1784159166.764186,2,-0.471070,-0.240397,0.000000
1784159166.774185,2,-0.473130,-0.209378,-0.007812
1784159166.784184,2,-0.476250,-0.255906,-0.011719
1784159166.794184,2,-0.478552,-0.182236,-0.027344
1784159166.804183,2,-0.478340,0.096934,-0.054688
1784159166.814185,2,-0.478128,-0.093057,-0.058594
1784159166.824186,2,-0.478795,-0.104689,-0.066406
1784159166.834183,2,-0.480824,-0.364473,-0.066406
1784159166.844162,2,-0.485580,-0.573851,-0.066406
1784159166.854165,2,-0.490881,-0.542832,-0.066406
1784159166.864277,2,-0.496485,-0.628134,-0.066406
1784159166.874162,2,-0.502453,-0.686294,-0.058594
1784159166.884182,2,-0.508390,-0.635889,-0.070312
1784159166.894166,2,-0.514145,-0.612624,-0.066406
1784159166.904162,2,-0.519295,-0.480794,-0.066406
1784159166.914164,2,-0.523687,-0.430388,-0.070312
1784159166.924159,2,-0.526323,-0.178359,-0.058594
1784159166.934161,2,-0.526626,-0.007755,-0.070312
1784159166.944161,2,-0.526050,0.062038,-0.066406
1784159166.954162,2,-0.525323,0.023264,-0.066406
1784159166.964164,2,-0.525081,0.000000,-0.070312
1784159166.974162,2,-0.525020,-0.065915,-0.066406
1784159166.984162,2,-0.524960,-0.019387,-0.070312
1784159166.994162,2,-0.524960,-0.058161,-0.070312
1784159167.004163,2,-0.524808,0.038774,-0.066406
1784159167.014163,2,-0.524354,0.093057,-0.070312
1784159167.024161,2,-0.523627,0.015509,-0.074219
1784159167.034163,2,-0.522809,0.046528,-0.074219
1784159167.044165,2,-0.521718,0.108566,-0.082031
1784159167.054163,2,-0.520991,0.011632,-0.082031
1784159167.064163,2,-0.520446,0.069793,-0.085938
1784159167.074162,2,-0.519901,0.046528,-0.085938
1784159167.084165,2,-0.519901,0.019387,-0.082031
1784159167.094163,2,-0.519901,0.007755,-0.085938
1784159167.104230,2,-0.519689,0.027142,-0.082031
1784159167.114243,2,-0.518992,0.135708,-0.089844
1784159167.124162,2,-0.517144,0.193868,-0.093750
1784159167.134163,2,-0.515569,0.062038,-0.093750
1784159167.144162,2,-0.513994,0.228765,-0.101562
1784159167.154161,2,-0.512812,-0.058161,-0.093750
1784159167.164140,2,-0.513024,-0.050406,-0.101562
1784159167.174144,2,-0.512903,-0.058161,-0.093750
1784159167.184143,2,-0.512631,-0.003877,-0.101562
1784159167.194142,2,-0.512388,0.000000,-0.089844
1784159167.204143,2,-0.512600,-0.073670,-0.093750
1784159167.214142,2,-0.512934,-0.038774,-0.093750
1784159167.224144,2,-0.512964,-0.031019,-0.101562
1784159167.234139,2,-0.512782,0.003877,-0.101562
1784159167.244144,2,-0.512691,0.015509,-0.089844
1784159167.254142,2,-0.512722,-0.011632,-0.093750
1784159167.264147,2,-0.512722,-0.038774,-0.093750
1784159167.274140,2,-0.512661,0.019387,-0.093750
1784159167.284145,2,-0.512631,-0.038774,-0.093750
1784159167.294150,2,-0.512722,-0.038774,-0.093750
1784159167.304147,2,-0.512873,-0.058161,-0.093750
1784159167.314151,2,-0.512964,0.007755,-0.101562
1784159167.324143,2,-0.512903,0.073670,-0.101562
1784159167.334146,2,-0.512843,-0.003877,-0.101562
1784159167.344143,2,-0.512722,0.000000,-0.089844
1784159167.354142,2,-0.512631,-0.003877,-0.093750
1784159167.364144,2,-0.512661,-0.003877,-0.089844
1784159167.374142,2,-0.512722,-0.038774,-0.093750
1784159167.384144,2,-0.512812,-0.015509,-0.101562
1784159167.394145,2,-0.512782,0.050406,-0.101562
1784159167.404144,2,-0.512843,-0.023264,-0.101562
1784159167.414143,2,-0.512934,-0.069793,-0.093750
1784159167.424149,2,-0.512934,-0.015509,-0.093750
1784159167.434123,2,-0.512843,-0.031019,-0.101562
1784159167.444129,2,-0.512661,0.050406,-0.101562
1784159167.454208,2,-0.512722,-0.038774,-0.101562
1784159167.464122,2,-0.512782,-0.062038,-0.093750
1784159167.474126,2,-0.512843,-0.054283,-0.101562
1784159167.484124,2,-0.512722,0.019387,-0.101562
1784159167.494123,2,-0.512661,-0.007755,-0.093750
1784159167.504126,2,-0.512631,-0.019387,-0.089844
1784159167.514125,2,-0.512661,-0.027142,-0.093750
1784159167.524123,2,-0.512691,-0.003877,-0.093750
1784159167.534229,2,-0.512661,-0.042651,-0.093750
1784159167.544119,2,-0.512449,0.089180,-0.089844
1784159167.554122,2,-0.512358,-0.042651,-0.101562
1784159167.564119,2,-0.512510,-0.042651,-0.093750
1784159167.574115,2,-0.512631,0.000000,-0.093750
1784159167.584119,2,-0.512661,-0.058161,-0.101562
1784159167.594118,2,-0.512510,0.054283,-0.089844
1784159167.604116,2,-0.512358,-0.007755,-0.101562
1784159167.614116,2,-0.512207,0.007755,-0.101562
1784159167.624118,2,-0.512207,-0.054283,-0.101562
1784159167.634117,2,-0.512267,-0.073670,-0.101562
1784159167.644118,2,-0.512267,-0.058161,-0.105469
1784159167.654119,2,-0.512146,0.038774,-0.101562
1784159167.664120,2,-0.512085,0.000000,-0.105469
1784159167.674117,2,-0.512116,0.019387,-0.105469
1784159167.684118,2,-0.512237,-0.003877,-0.101562
1784159167.694118,2,-0.512297,-0.007755,-0.105469
1784159167.704119,2,-0.512267,0.019387,-0.101562
1784159167.714098,2,-0.512267,-0.120198,-0.101562
1784159167.724101,2,-0.512267,-0.077547,-0.101562
1784159167.734098,2,-0.512388,-0.007755,-0.093750
1784159167.744102,2,-0.512540,-0.058161,-0.093750
1784159167.754102,2,-0.512570,-0.038774,-0.093750
1784159167.764191,2,-0.512479,0.046528,-0.093750
1784159167.774186,2,-0.512419,-0.007755,-0.093750
1784159167.784098,2,-0.512419,0.011632,-0.101562
1784159167.794105,2,-0.512510,-0.015509,-0.093750
1784159167.804100,2,-0.512661,-0.007755,-0.093750
1784159167.814102,2,-0.512631,0.019387,-0.089844
1784159167.824100,2,-0.512600,-0.031019,-0.093750
1784159167.834098,2,-0.512600,-0.038774,-0.101562
1784159167.844107,2,-0.512600,0.050406,-0.093750
1784159167.854101,2,-0.512631,-0.011632,-0.093750
1784159167.864098,2,-0.512722,-0.073670,-0.093750
1784159167.874177,2,-0.512903,-0.007755,-0.089844
1784159167.884104,2,-0.513055,-0.038774,-0.093750
1784159167.894099,2,-0.513024,-0.081425,-0.101562
1784159167.904100,2,-0.513024,-0.046528,-0.089844
1784159167.914100,2,-0.513146,-0.054283,-0.089844
1784159167.924186,2,-0.513570,-0.093057,-0.085938
1784159167.934099,2,-0.514569,-0.108566,-0.089844
1784159167.944100,2,-0.515387,-0.069793,-0.093750
1784159167.954100,2,-0.515508,0.019387,-0.093750
1784159167.964093,2,-0.515145,0.000000,-0.093750
1784159167.974108,2,-0.515054,-0.038774,-0.093750
1784159167.984086,2,-0.515084,0.003877,-0.093750
1784159167.994081,2,-0.515387,-0.089180,-0.089844
1784159168.004086,2,-0.516447,-0.186114,-0.089844
1784159168.014083,2,-0.517901,-0.085302,-0.085938
1784159168.024083,2,-0.518295,-0.003877,-0.085938
1784159168.034091,2,-0.518053,-0.077547,-0.082031
1784159168.044086,2,-0.518174,0.054283,-0.082031
1784159168.054143,2,-0.518235,-0.027142,-0.082031
1784159168.064085,2,-0.518204,-0.023264,-0.085938
1784159168.074090,2,-0.518174,-0.062038,-0.085938
1784159168.084084,2,-0.518235,-0.069793,-0.082031
1784159168.094084,2,-0.518326,-0.031019,-0.085938
1784159168.104087,2,-0.518538,-0.038774,-0.085938
1784159168.114087,2,-0.518447,-0.023264,-0.074219
1784159168.124083,2,-0.518416,-0.046528,-0.085938
1784159168.134083,2,-0.518598,-0.038774,-0.085938
1784159168.144084,2,-0.519749,-0.240397,-0.074219
1784159168.154084,2,-0.522566,-0.325699,-0.058594
1784159168.164084,2,-0.524323,-0.182236,-0.074219
1784159168.174086,2,-0.524505,-0.007755,-0.070312
1784159168.184084,2,-0.524535,-0.073670,-0.066406
1784159168.194086,2,-0.524929,-0.062038,-0.070312
1784159168.204087,2,-0.525717,-0.108566,-0.074219
1784159168.214085,2,-0.525838,0.019387,-0.066406
1784159168.224092,2,-0.525626,-0.034896,-0.066406
1784159168.234083,2,-0.525687,-0.046528,-0.066406
1784159168.244085,2,-0.525808,-0.085302,-0.066406
1784159168.254067,2,-0.526111,-0.058161,-0.054688
1784159168.264063,2,-0.526868,-0.174482,-0.066406
1784159168.274062,2,-0.528716,-0.275293,-0.042969
1784159168.284066,2,-0.530957,-0.193868,-0.042969
1784159168.294068,2,-0.532199,-0.062038,-0.050781
1784159168.304066,2,-0.532260,-0.042651,-0.042969
1784159168.314067,2,-0.532472,-0.038774,-0.042969
1784159168.324063,2,-0.533290,-0.023264,-0.042969
1784159168.334072,2,-0.534199,-0.124076,-0.039062
1784159168.344064,2,-0.534714,-0.112444,-0.039062
1784159168.354064,2,-0.535562,-0.162850,-0.035156
1784159168.364064,2,-0.537470,-0.240397,-0.023438
1784159168.374063,2,-0.539833,-0.302435,-0.011719
1784159168.384068,2,-0.542075,-0.143463,-0.019531
1784159168.394068,2,-0.542499,-0.046528,-0.023438
1784159168.404064,2,-0.542347,-0.038774,-0.011719
1784159168.414069,2,-0.542287,0.011632,-0.019531
1784159168.424063,2,-0.542256,0.007755,-0.011719
1784159168.434069,2,-0.542499,-0.081425,-0.023438
1784159168.444067,2,-0.542680,-0.027142,-0.023438
1784159168.454065,2,-0.542771,-0.058161,-0.011719
1784159168.464066,2,-0.542832,-0.065915,-0.011719
1784159168.474066,2,-0.542862,-0.003877,-0.023438
1784159168.484070,2,-0.543165,-0.116321,-0.011719
1784159168.494064,2,-0.543922,-0.112444,-0.007812
1784159168.504070,2,-0.544952,-0.003877,-0.011719
1784159168.514068,2,-0.545528,-0.019387,-0.011719
1784159168.524050,2,-0.545558,-0.050406,-0.011719
1784159168.534045,2,-0.545497,-0.042651,-0.007812
1784159168.544044,2,-0.545467,0.015509,-0.007812
1784159168.554052,2,-0.545407,-0.007755,-0.007812
1784159168.564046,2,-0.545407,-0.031019,-0.007812
1784159168.574048,2,-0.545407,0.000000,-0.007812
1784159168.584046,2,-0.545528,-0.038774,-0.011719
1784159168.594049,2,-0.545770,-0.073670,-0.007812
1784159168.604053,2,-0.546255,-0.089180,-0.007812
1784159168.614047,2,-0.546861,-0.031019,-0.007812
1784159168.624045,2,-0.547315,-0.007755,-0.007812
1784159168.634045,2,-0.547376,-0.031019,-0.007812
1784159168.644045,2,-0.547345,0.019387,-0.003906
1784159168.654045,2,-0.547376,-0.019387,-0.003906
1784159168.664147,2,-0.547436,-0.062038,0.000000
1784159168.674057,2,-0.547739,-0.065915,-0.003906
1784159168.684046,2,-0.548345,-0.124076,0.000000
1784159168.694047,2,-0.548587,-0.038774,-0.003906
1784159168.704046,2,-0.548405,-0.038774,-0.003906
1784159168.714048,2,-0.548436,-0.065915,-0.003906
1784159168.724046,2,-0.548436,-0.058161,0.000000
1784159168.734053,2,-0.548466,-0.038774,-0.007812
1784159168.744055,2,-0.548708,-0.050406,-0.003906
1784159168.754049,2,-0.549435,-0.127953,-0.003906
1784159168.764050,2,-0.549375,0.000000,-0.007812
1784159168.774048,2,-0.548860,-0.081425,-0.003906
1784159168.784055,2,-0.549072,-0.093057,0.000000
1784159168.794033,2,-0.549314,-0.096934,-0.003906
1784159168.804024,2,-0.549496,-0.050406,0.000000
1784159168.814031,2,-0.549496,-0.081425,-0.003906
1784159168.824152,2,-0.549526,0.019387,0.000000
1784159168.834035,2,-0.549647,-0.077547,0.000000
1784159168.844047,2,-0.549617,-0.054283,-0.003906
1784159168.854035,2,-0.549587,-0.003877,-0.003906
1784159168.864029,2,-0.549617,-0.023264,-0.003906
1784159168.874124,2,-0.549678,-0.015509,0.000000
1784159168.884090,2,-0.549678,0.015509,-0.003906
1784159168.894102,2,-0.549435,0.065915,0.000000
1784159168.904123,2,-0.549435,-0.019387,0.000000
1784159168.914131,2,-0.549435,-0.011632,0.003906
1784159168.924040,2,-0.549435,-0.038774,-0.003906
1784159168.934039,2,-0.549314,0.042651,0.000000
1784159168.944042,2,-0.549254,-0.081425,-0.007812
1784159168.954039,2,-0.549223,-0.007755,-0.003906
1784159168.964036,2,-0.549254,-0.038774,-0.003906
1784159168.974038,2,-0.549223,-0.003877,-0.003906
1784159168.984039,2,-0.549254,-0.003877,0.000000
1784159168.994042,2,-0.549405,-0.062038,0.000000
1784159169.004039,2,-0.549223,0.054283,0.000000
1784159169.014037,2,-0.549193,0.000000,-0.003906
1784159169.024031,2,-0.549284,-0.096934,-0.003906
1784159169.034039,2,-0.549375,-0.073670,0.000000
1784159169.044041,2,-0.549799,-0.065915,0.000000
1784159169.054040,2,-0.550465,-0.100812,0.000000
1784159169.064017,2,-0.552222,-0.259784,0.007812
1784159169.074010,2,-0.553131,-0.050406,0.000000
1784159169.084010,2,-0.552889,0.011632,0.000000
1784159169.094012,2,-0.552949,0.000000,0.000000
1784159169.104110,2,-0.553222,-0.073670,0.003906
1784159169.114143,2,-0.553767,-0.050406,0.003906
1784159169.124107,2,-0.554888,-0.186114,0.007812
1784159169.135062,2,-0.555736,-0.073670,0.011719
1784159169.144032,2,-0.556190,-0.155095,0.011719
1784159169.154013,2,-0.556918,-0.116321,0.019531
1784159169.164027,2,-0.557705,-0.050406,0.019531
1784159169.174016,2,-0.558584,-0.112444,0.023438
1784159169.186011,2,-0.560371,-0.201623,0.023438
1784159169.198014,2,-0.560734,-0.019387,0.019531
1784159169.206342,2,-0.560643,-0.038774,0.023438
1784159169.214020,2,-0.560643,0.011632,0.023438
1784159169.224016,2,-0.560613,0.027142,0.023438
1784159169.235023,2,-0.560674,-0.050406,0.023438
1784159169.244018,2,-0.560643,-0.050406,0.023438
1784159169.254087,2,-0.560583,-0.042651,0.023438
1784159169.264011,2,-0.560583,0.038774,0.023438
1784159169.274018,2,-0.560704,-0.031019,0.027344
1784159169.284028,2,-0.560916,-0.023264,0.027344
1784159169.294019,2,-0.561098,-0.085302,0.027344
1784159169.304002,2,-0.560886,0.054283,0.027344
1784159169.314023,2,-0.560855,-0.046528,0.023438
1784159169.324203,2,-0.560825,0.019387,0.023438
1784159169.334072,2,-0.560886,0.000000,0.023438
1784159169.343999,2,-0.560916,-0.007755,0.027344
1784159169.353989,2,-0.560886,0.019387,0.027344
1784159169.363989,2,-0.560886,0.000000,0.027344
1784159169.373991,2,-0.560916,-0.031019,0.027344
1784159169.383991,2,-0.560977,-0.073670,0.027344
1784159169.393988,2,-0.561068,-0.031019,0.023438
1784159169.403990,2,-0.561098,-0.054283,0.027344
1784159169.413990,2,-0.561068,0.000000,0.027344
1784159169.423990,2,-0.561128,-0.011632,0.035156
1784159169.433990,2,-0.561401,-0.081425,0.027344
1784159169.443990,2,-0.562219,-0.089180,0.035156
1784159169.453990,2,-0.564581,-0.294680,0.042969
1784159169.463989,2,-0.567580,-0.337331,0.054688
1784159169.473992,2,-0.569610,-0.104689,0.035156
1784159169.483990,2,-0.569580,-0.011632,0.042969
1784159169.493995,2,-0.569610,0.000000,0.050781
1784159169.503996,2,-0.569852,-0.038774,0.050781
1784159169.513992,2,-0.570246,-0.065915,0.042969
1784159169.523992,2,-0.571246,-0.178359,0.058594
1784159169.533993,2,-0.572548,-0.221010,0.054688
1784159169.543991,2,-0.573154,-0.093057,0.058594
1784159169.553992,2,-0.573093,-0.038774,0.054688
1784159169.563992,2,-0.573124,-0.050406,0.050781
1784159169.573997,2,-0.573124,-0.031019,0.054688
1784159169.583998,2,-0.573093,-0.038774,0.058594
1784159169.594062,2,-0.573093,-0.027142,0.058594
1784159169.603975,2,-0.573124,-0.069793,0.054688
1784159169.613976,2,-0.573093,-0.003877,0.058594
1784159169.623976,2,-0.573063,-0.031019,0.058594
1784159169.633975,2,-0.573063,-0.050406,0.058594
1784159169.643976,2,-0.573063,-0.015509,0.066406
1784159169.653976,2,-0.573093,-0.038774,0.058594
1784159169.663977,2,-0.573063,-0.003877,0.054688
1784159169.673976,2,-0.573063,-0.027142,0.054688
1784159169.683977,2,-0.573063,-0.011632,0.058594
1784159169.693977,2,-0.573063,-0.023264,0.058594
1784159169.703979,2,-0.573063,-0.011632,0.058594
1784159169.713982,2,-0.573063,0.000000,0.058594
1784159169.723975,2,-0.573093,-0.031019,0.058594
1784159169.733978,2,-0.573093,0.000000,0.054688
1784159169.743978,2,-0.573093,0.031019,0.066406
1784159169.753977,2,-0.573154,-0.073670,0.058594
1784159169.763986,2,-0.573124,-0.038774,0.058594
1784159169.773977,2,-0.573124,-0.038774,0.050781
1784159169.783985,2,-0.573154,-0.069793,0.058594
1784159169.793984,2,-0.573154,0.000000,0.054688
1784159169.803978,2,-0.573184,-0.011632,0.058594
1784159169.813978,2,-0.573215,-0.085302,0.050781
1784159169.823980,2,-0.573184,-0.034896,0.066406
1784159169.833981,2,-0.573154,-0.003877,0.058594
1784159169.843983,2,-0.573124,-0.023264,0.066406
1784159169.853983,2,-0.573124,-0.038774,0.054688
1784159169.863960,2,-0.573124,0.015509,0.054688
1784159169.873959,2,-0.573154,-0.034896,0.066406
1784159169.883956,2,-0.573154,-0.034896,0.054688
1784159169.893958,2,-0.573124,-0.007755,0.054688
1784159169.903956,2,-0.573124,-0.031019,0.066406
1784159169.913958,2,-0.573124,-0.050406,0.058594
1784159169.923966,2,-0.573093,-0.015509,0.058594
1784159169.933962,2,-0.573093,-0.096934,0.050781
1784159169.943960,2,-0.573063,-0.046528,0.058594
1784159169.953966,2,-0.573033,0.019387,0.054688
1784159169.963971,2,-0.573033,0.000000,0.058594
1784159169.973968,2,-0.573003,0.054283,0.058594
1784159169.983965,2,-0.572942,0.050406,0.054688
1784159169.994040,2,-0.572912,-0.007755,0.054688
1784159170.003962,2,-0.572851,-0.054283,0.058594
1784159170.013966,2,-0.572851,-0.011632,0.054688
1784159170.023968,2,-0.572821,0.058161,0.066406
1784159170.033967,2,-0.572851,0.054283,0.054688
1784159170.043974,2,-0.572881,0.011632,0.050781
1784159170.053959,2,-0.572851,0.003877,0.058594
1784159170.063970,2,-0.572821,-0.027142,0.058594
1784159170.073967,2,-0.572730,0.027142,0.054688
1784159170.083967,2,-0.572791,-0.034896,0.058594
1784159170.093968,2,-0.572791,0.019387,0.066406
1784159170.103981,2,-0.572760,-0.003877,0.054688
1784159170.113972,2,-0.572578,0.054283,0.054688
1784159170.123970,2,-0.572488,-0.031019,0.058594
1784159170.133968,2,-0.572457,0.015509,0.054688
1784159170.143938,2,-0.572457,-0.034896,0.042969
1784159170.153959,2,-0.572397,-0.019387,0.042969
1784159170.163954,2,-0.572245,-0.019387,0.042969
1784159170.173937,2,-0.572033,0.000000,0.042969
1784159170.183943,2,-0.571882,0.000000,0.042969
1784159170.193939,2,-0.571700,0.042651,0.058594
1784159170.203938,2,-0.571458,0.015509,0.042969
1784159170.213937,2,-0.571064,0.046528,0.054688
1784159170.223938,2,-0.570246,0.170604,0.050781
1784159170.233946,2,-0.568731,0.197746,0.039062
1784159170.243937,2,-0.567671,-0.034896,0.039062
1784159170.253949,2,-0.567944,-0.038774,0.042969
1784159170.263939,2,-0.567914,-0.031019,0.042969
1784159170.273941,2,-0.567853,-0.003877,0.042969
1784159170.283940,2,-0.567823,0.007755,0.042969
1784159170.293942,2,-0.567792,0.000000,0.039062
1784159170.303965,2,-0.567792,0.000000,0.042969
1784159170.313941,2,-0.567732,0.000000,0.039062
1784159170.323941,2,-0.567701,0.000000,0.039062
1784159170.333943,2,-0.567671,-0.065915,0.042969
1784159170.343947,2,-0.567611,0.000000,0.042969
1784159170.353940,2,-0.567580,0.000000,0.042969
1784159170.363943,2,-0.567550,-0.046528,0.042969
1784159170.373938,2,-0.567520,-0.015509,0.042969
1784159170.383938,2,-0.567459,0.000000,0.039062
1784159170.393940,2,-0.567368,-0.007755,0.039062
1784159170.403942,2,-0.567126,-0.027142,0.042969
1784159170.414005,2,-0.566641,0.011632,0.039062
1784159170.424014,2,-0.566096,0.000000,0.035156
1784159170.433922,2,-0.565157,0.085302,0.035156
1784159170.443919,2,-0.563945,0.062038,0.027344
1784159170.453923,2,-0.563491,-0.003877,0.027344
1784159170.463922,2,-0.563521,-0.038774,0.027344
1784159170.473922,2,-0.563521,-0.038774,0.027344
1784159170.483920,2,-0.563491,-0.011632,0.027344
1784159170.493928,2,-0.563491,0.003877,0.027344
1784159170.503924,2,-0.563491,-0.038774,0.027344
1784159170.514020,2,-0.563491,-0.038774,0.027344
1784159170.523922,2,-0.563461,0.003877,0.035156
1784159170.533928,2,-0.563461,0.007755,0.027344
1784159170.543921,2,-0.563491,-0.038774,0.039062
1784159170.553928,2,-0.563491,-0.038774,0.035156
1784159170.563933,2,-0.563461,0.019387,0.035156
1784159170.573925,2,-0.563521,-0.096934,0.039062
1784159170.583929,2,-0.563461,0.019387,0.027344
1784159170.593922,2,-0.563461,0.011632,0.027344
1784159170.603928,2,-0.563491,-0.062038,0.027344
1784159170.613927,2,-0.563430,0.073670,0.027344
1784159170.623922,2,-0.563461,-0.023264,0.039062
1784159170.633922,2,-0.563461,-0.003877,0.035156
1784159170.643925,2,-0.563430,0.019387,0.027344
1784159170.653923,2,-0.563430,0.015509,0.035156
1784159170.663924,2,-0.563430,0.023264,0.039062
1784159170.673925,2,-0.563461,-0.038774,0.027344
1784159170.683923,2,-0.563491,-0.089180,0.035156
1784159170.693925,2,-0.563461,-0.062038,0.027344
1784159170.703926,2,-0.563430,0.000000,0.039062
1784159170.713908,2,-0.563430,0.003877,0.035156
1784159170.723909,2,-0.563430,0.011632,0.035156
1784159170.733902,2,-0.563430,0.019387,0.027344
1784159170.743901,2,-0.563491,-0.093057,0.027344
1784159170.753906,2,-0.563461,-0.031019,0.035156
1784159170.763908,2,-0.563461,-0.050406,0.027344
1784159170.773904,2,-0.563461,-0.038774,0.027344
1784159170.783908,2,-0.563430,-0.003877,0.027344
1784159170.793902,2,-0.563430,0.007755,0.027344
1784159170.803904,2,-0.563461,-0.042651,0.023438
1784159170.813904,2,-0.563461,-0.038774,0.039062
1784159170.823903,2,-0.563430,0.007755,0.007812
1784159170.833911,2,-0.563430,-0.023264,0.035156
1784159170.843910,2,-0.563461,-0.069793,0.035156
1784159170.853911,2,-0.563430,-0.034896,0.039062
1784159170.863904,2,-0.563400,0.019387,0.035156
1784159170.873909,2,-0.563461,-0.089180,0.027344
1784159170.883909,2,-0.563430,-0.027142,0.027344
1784159170.893903,2,-0.563400,0.007755,0.027344
1784159170.903904,2,-0.563400,0.027142,0.039062
1784159170.913907,2,-0.563430,-0.058161,0.027344
1784159170.923907,2,-0.563400,0.019387,0.027344
1784159170.933904,2,-0.563370,0.065915,0.027344
1784159170.943914,2,-0.563430,-0.027142,0.027344
1784159170.953905,2,-0.563400,0.019387,0.027344
1784159170.963907,2,-0.563430,-0.038774,0.035156
1784159170.973905,2,-0.563430,-0.034896,0.039062
1784159170.983886,2,-0.563430,-0.038774,0.039062
1784159170.993886,2,-0.563430,-0.038774,0.027344
1784159171.003885,2,-0.563430,-0.042651,0.027344
1784159171.013887,2,-0.563400,0.019387,0.027344
1784159171.023884,2,-0.563430,-0.046528,0.039062
1784159171.033885,2,-0.563400,-0.034896,0.027344
1784159171.043886,2,-0.563461,-0.093057,0.027344
1784159171.053885,2,-0.563430,-0.042651,0.027344
1784159171.063888,2,-0.563430,-0.038774,0.023438
1784159171.073888,2,-0.563430,-0.003877,0.027344
1784159171.083885,2,-0.563400,0.019387,0.027344
1784159171.093893,2,-0.563430,-0.046528,0.027344
1784159171.103893,2,-0.563400,0.015509,0.035156
1784159171.113886,2,-0.563430,-0.034896,0.035156
1784159171.123884,2,-0.563400,0.023264,0.035156
1784159171.133972,2,-0.563430,-0.054283,0.039062
1784159171.143969,2,-0.563430,-0.023264,0.027344
1784159171.153968,2,-0.563430,-0.019387,0.035156
1784159171.163891,2,-0.563400,0.027142,0.035156
1784159171.173891,2,-0.563370,0.089180,0.035156
1784159171.183887,2,-0.563430,-0.050406,0.035156
1784159171.193888,2,-0.563430,-0.042651,0.027344
1784159171.203889,2,-0.563430,-0.042651,0.027344
1784159171.213891,2,-0.563430,-0.038774,0.027344
1784159171.223891,2,-0.563430,-0.023264,0.027344
1784159171.233887,2,-0.563461,-0.093057,0.027344
1784159171.243871,2,-0.563400,0.019387,0.027344
1784159171.253873,2,-0.563430,-0.042651,0.027344
1784159171.263874,2,-0.563400,0.000000,0.039062
1784159171.273945,2,-0.563430,-0.034896,0.039062
1784159171.283874,2,-0.563430,-0.046528,0.027344
1784159171.293878,2,-0.563430,-0.031019,0.039062
1784159171.303881,2,-0.563400,0.019387,0.027344
1784159171.313883,2,-0.563430,-0.050406,0.027344
1784159171.323971,2,-0.563400,0.003877,0.027344
1784159171.333870,2,-0.563400,0.011632,0.035156
1784159171.343877,2,-0.563430,-0.058161,0.027344
1784159171.353874,2,-0.563430,-0.054283,0.039062
1784159171.363872,2,-0.563461,-0.104689,0.027344
1784159171.373873,2,-0.563400,0.019387,0.035156
1784159171.383872,2,-0.563430,-0.054283,0.027344
1784159171.393868,2,-0.563400,0.015509,0.039062
1784159171.403868,2,-0.563400,0.019387,0.027344
1784159171.413873,2,-0.563430,-0.046528,0.027344
1784159171.423880,2,-0.563400,-0.031019,0.039062
1784159171.433871,2,-0.563430,-0.042651,0.027344
1784159171.443868,2,-0.563400,-0.003877,0.035156
1784159171.453880,2,-0.563400,0.019387,0.039062
1784159171.463870,2,-0.563400,0.000000,0.027344
1784159171.473879,2,-0.563400,0.019387,0.027344
1784159171.483873,2,-0.563430,-0.054283,0.027344
1784159171.493870,2,-0.563400,0.003877,0.039062
1784159171.503881,2,-0.563400,0.011632,0.027344
1784159171.513872,2,-0.563400,-0.023264,0.027344
1784159171.523853,2,-0.563430,-0.062038,0.027344
1784159171.533854,2,-0.563400,-0.011632,0.035156
1784159171.543850,2,-0.563400,-0.007755,0.027344
1784159171.553855,2,-0.563400,-0.031019,0.027344
1784159171.563854,2,-0.563400,0.000000,0.027344
1784159171.573853,2,-0.563400,-0.027142,0.027344
1784159171.583853,2,-0.563400,-0.019387,0.035156
1784159171.593854,2,-0.563370,0.031019,0.027344
1784159171.603850,2,-0.563370,0.031019,0.027344
1784159171.613866,2,-0.563400,-0.038774,0.039062
1784159171.623854,2,-0.563400,-0.019387,0.027344
1784159171.633856,2,-0.563400,-0.023264,0.027344
1784159171.643859,2,-0.563400,-0.011632,0.027344
1784159171.653860,2,-0.563370,0.011632,0.027344
1784159171.663860,2,-0.563339,0.100812,0.027344
1784159171.673860,2,-0.563400,-0.011632,0.035156
1784159171.683852,2,-0.563400,0.000000,0.039062
1784159171.693860,2,-0.563370,-0.019387,0.039062
1784159171.703852,2,-0.563400,-0.038774,0.027344
1784159171.713857,2,-0.563400,-0.038774,0.035156
1784159171.723856,2,-0.563400,-0.046528,0.039062
1784159171.733856,2,-0.563400,-0.038774,0.035156
1784159171.743853,2,-0.563400,-0.038774,0.027344
1784159171.753851,2,-0.563370,0.007755,0.027344
1784159171.763859,2,-0.563400,-0.038774,0.035156
1784159171.773861,2,-0.563400,-0.038774,0.035156
1784159171.783856,2,-0.563400,-0.038774,0.027344
1784159171.793852,2,-0.563400,-0.038774,0.027344
1784159171.803834,2,-0.563370,0.015509,0.035156
1784159171.813833,2,-0.563430,0.011632,0.035156
1784159171.823833,2,-0.563400,-0.031019,0.027344
1784159171.833837,2,-0.563400,-0.058161,0.027344
1784159171.843833,2,-0.563400,-0.050406,0.039062
1784159171.853845,2,-0.563400,-0.038774,0.027344
1784159171.863841,2,-0.563400,-0.050406,0.027344
1784159171.873842,2,-0.563370,0.000000,0.039062
1784159171.883833,2,-0.563370,0.019387,0.027344
1784159171.893842,2,-0.563370,-0.046528,0.027344
1784159171.903842,2,-0.563400,-0.038774,0.027344
1784159171.913930,2,-0.563400,-0.054283,0.035156
1784159171.923951,2,-0.563370,-0.054283,0.027344
1784159171.933910,2,-0.563400,-0.038774,0.039062
1784159171.943929,2,-0.563430,-0.100812,0.035156
1784159171.953957,2,-0.563400,-0.019387,0.035156
1784159171.963912,2,-0.563370,0.015509,0.035156
1784159171.973845,2,-0.563370,0.000000,0.027344
1784159171.983836,2,-0.563430,-0.089180,0.039062
1784159171.993838,2,-0.563400,-0.038774,0.027344
1784159172.003837,2,-0.563400,-0.038774,0.035156
1784159172.013840,2,-0.563400,-0.038774,0.039062
1784159172.023841,2,-0.563400,-0.042651,0.039062
1784159172.033835,2,-0.563370,0.011632,0.027344
1784159172.043845,2,-0.563400,-0.038774,0.027344
1784159172.053836,2,-0.563430,-0.081425,0.039062
1784159172.063837,2,-0.563400,-0.034896,0.035156
1784159172.073820,2,-0.563400,-0.042651,0.035156
1784159172.083814,2,-0.563370,0.023264,0.035156
1784159172.093817,2,-0.563400,-0.046528,0.027344
1784159172.103816,2,-0.563430,0.000000,0.027344
1784159172.113816,2,-0.563370,0.015509,0.035156
1784159172.123816,2,-0.563400,-0.038774,0.027344
1784159172.133816,2,-0.563370,0.015509,0.035156
1784159172.143818,2,-0.563400,-0.038774,0.039062
1784159172.153818,2,-0.563400,-0.042651,0.035156
1784159172.163819,2,-0.563400,-0.027142,0.039062
1784159172.173821,2,-0.563400,-0.042651,0.039062
1784159172.183817,2,-0.563400,-0.027142,0.039062
1784159172.193817,2,-0.563400,-0.031019,0.027344
1784159172.203818,2,-0.563430,-0.089180,0.039062
1784159172.213822,2,-0.563370,0.011632,0.039062
1784159172.223818,2,-0.563400,-0.038774,0.027344
1784159172.233814,2,-0.563430,-0.100812,0.027344
1784159172.243819,2,-0.563400,-0.038774,0.039062
1784159172.253818,2,-0.563370,0.000000,0.027344
1784159172.263817,2,-0.563370,0.007755,0.027344
1784159172.273817,2,-0.563370,0.003877,0.027344
1784159172.283814,2,-0.563370,0.023264,0.039062
1784159172.293816,2,-0.563370,0.019387,0.027344
1784159172.303816,2,-0.563400,-0.058161,0.035156
1784159172.313819,2,-0.563400,-0.069793,0.035156
1784159172.323828,2,-0.563400,-0.046528,0.035156
1784159172.333819,2,-0.563370,0.007755,0.027344
1784159172.343803,2,-0.563370,0.015509,0.027344
1784159172.353801,2,-0.563400,-0.042651,0.035156
1784159172.363808,2,-0.563400,-0.038774,0.039062
1784159172.373815,2,-0.563400,-0.038774,0.023438
1784159172.383799,2,-0.563430,-0.093057,0.039062
1784159172.393806,2,-0.563400,-0.031019,0.027344
1784159172.403795,2,-0.563370,0.003877,0.027344
1784159172.413806,2,-0.563400,-0.038774,0.039062
1784159172.423805,2,-0.563400,-0.038774,0.027344
1784159172.433794,2,-0.563400,-0.038774,0.027344
1784159172.445795,2,-0.563400,-0.034896,0.035156
1784159172.453796,2,-0.563400,-0.062038,0.039062
1784159172.463795,2,-0.563370,0.000000,0.035156
1784159172.473795,2,-0.563400,-0.046528,0.027344
1784159172.483795,2,-0.563370,0.007755,0.035156
1784159172.493800,2,-0.563400,-0.046528,0.027344
1784159172.503798,2,-0.563370,-0.038774,0.027344
1784159172.513798,2,-0.563400,-0.054283,0.027344
1784159172.523797,2,-0.563370,0.000000,0.035156
1784159172.533800,2,-0.563400,-0.038774,0.035156
1784159172.543804,2,-0.563400,0.019387,0.027344
1784159172.553799,2,-0.563400,-0.038774,0.039062
1784159172.563805,2,-0.563370,0.019387,0.027344
1784159172.573796,2,-0.563400,-0.038774,0.027344
1784159172.583805,2,-0.563400,-0.038774,0.027344
1784159172.593796,2,-0.563370,0.000000,0.027344
1784159172.603794,2,-0.563400,-0.034896,0.027344
1784159172.613798,2,-0.563400,-0.038774,0.027344
1784159172.623778,2,-0.563400,-0.042651,0.039062
1784159172.633895,2,-0.563370,0.000000,0.039062
1784159172.643777,2,-0.563400,-0.038774,0.027344
1784159172.653779,2,-0.563400,-0.027142,0.027344
1784159172.663867,2,-0.563430,-0.093057,0.027344
1784159172.673778,2,-0.563400,-0.038774,0.027344
1784159172.683860,2,-0.563370,0.000000,0.027344
1784159172.693938,2,-0.563400,0.027142,0.027344
1784159172.703782,2,-0.563339,0.058161,0.027344
1784159172.713783,2,-0.563370,0.000000,0.027344
1784159172.723781,2,-0.563370,0.015509,0.027344
1784159172.733782,2,-0.563370,0.011632,0.027344
1784159172.743781,2,-0.563400,-0.007755,0.035156
1784159172.753781,2,-0.563370,0.023264,0.023438
1784159172.763779,2,-0.563400,-0.034896,0.027344
1784159172.773788,2,-0.563430,-0.093057,0.039062
1784159172.783777,2,-0.563370,0.003877,0.027344
1784159172.793785,2,-0.563430,-0.096934,0.027344
1784159172.803780,2,-0.563370,0.015509,0.039062
1784159172.813779,2,-0.563400,-0.038774,0.027344
1784159172.823788,2,-0.563370,0.011632,0.035156
1784159172.833768,2,-0.563370,-0.003877,0.027344
1784159172.843784,2,-0.563430,-0.104689,0.039062
1784159172.853782,2,-0.563400,-0.038774,0.027344
1784159172.863783,2,-0.563370,-0.007755,0.027344
1784159172.873764,2,-0.563370,0.007755,0.027344
1784159172.883760,2,-0.563400,-0.058161,0.027344
1784159172.893764,2,-0.563370,0.000000,0.027344
1784159172.903762,2,-0.563400,-0.054283,0.027344
1784159172.913763,2,-0.563370,0.003877,0.035156
1784159172.923764,2,-0.563370,0.007755,0.039062
1784159172.933767,2,-0.563400,-0.042651,0.027344
1784159172.943765,2,-0.563430,-0.093057,0.039062
1784159172.953763,2,-0.563400,-0.050406,0.027344
1784159172.963765,2,-0.563400,-0.038774,0.027344
1784159172.973762,2,-0.563400,-0.038774,0.027344
1784159172.983760,2,-0.563370,0.015509,0.027344
1784159172.993767,2,-0.563370,0.007755,0.035156
1784159173.003765,2,-0.563370,0.019387,0.039062
1784159173.013763,2,-0.563400,-0.038774,0.039062
1784159173.023765,2,-0.563400,-0.089180,0.035156
1784159173.033763,2,-0.563370,0.011632,0.027344
1784159173.043763,2,-0.563370,0.015509,0.027344
1784159173.053762,2,-0.563370,0.015509,0.039062
1784159173.063765,2,-0.563400,0.015509,0.027344
1784159173.073763,2,-0.563370,0.003877,0.027344
1784159173.083763,2,-0.563400,-0.054283,0.039062
1784159173.093765,2,-0.563370,0.015509,0.039062
1784159173.103774,2,-0.563400,-0.042651,0.027344
1784159173.113767,2,-0.563400,-0.038774,0.039062
1784159173.123764,2,-0.563400,-0.050406,0.035156
1784159173.133744,2,-0.563400,-0.050406,0.027344
1784159173.143749,2,-0.563370,0.023264,0.027344
1784159173.153764,2,-0.563370,0.031019,0.027344
1784159173.163747,2,-0.563400,-0.038774,0.027344
1784159173.173746,2,-0.563400,-0.038774,0.027344
1784159173.183748,2,-0.563370,0.007755,0.027344
1784159173.193750,2,-0.563400,-0.042651,0.035156
1784159173.203741,2,-0.563400,-0.038774,0.035156
1784159173.213745,2,-0.563400,-0.031019,0.027344
1784159173.223818,2,-0.563400,-0.027142,0.027344
1784159173.233810,2,-0.563400,-0.042651,0.027344
1784159173.243800,2,-0.563370,0.000000,0.027344
1784159173.253742,2,-0.563400,-0.031019,0.027344
1784159173.263744,2,-0.563400,-0.050406,0.042969
1784159173.273742,2,-0.563370,0.038774,0.027344
1784159173.283742,2,-0.563400,-0.034896,0.039062
1784159173.293756,2,-0.563400,-0.038774,0.027344
1784159173.303748,2,-0.563400,-0.042651,0.027344
1784159173.313750,2,-0.563370,0.003877,0.027344
1784159173.323743,2,-0.563370,0.019387,0.039062
1784159173.333745,2,-0.563370,0.007755,0.035156
1784159173.343744,2,-0.563400,-0.038774,0.027344
1784159173.353747,2,-0.563370,0.003877,0.027344
1784159173.363751,2,-0.563370,0.019387,0.027344
1784159173.373749,2,-0.563400,-0.046528,0.039062
1784159173.383752,2,-0.563400,-0.042651,0.027344
1784159173.393744,2,-0.563400,-0.038774,0.027344
1784159173.403752,2,-0.563339,0.062038,0.027344
1784159173.413746,2,-0.563400,-0.038774,0.035156
1784159173.423846,2,-0.563370,0.019387,0.027344
1784159173.433731,2,-0.563370,0.015509,0.039062
1784159173.443725,2,-0.563370,0.019387,0.027344
1784159173.453833,2,-0.563370,0.011632,0.027344
1784159173.463722,2,-0.563370,0.000000,0.027344
1784159173.473727,2,-0.563370,0.046528,0.039062
1784159173.483728,2,-0.563400,-0.058161,0.027344
1784159173.493729,2,-0.563370,-0.027142,0.039062
1784159173.503736,2,-0.563370,-0.027142,0.027344
1784159173.513727,2,-0.563400,-0.081425,0.035156
1784159173.523729,2,-0.563400,-0.081425,0.039062
1784159173.533727,2,-0.563370,-0.031019,0.027344
1784159173.543736,2,-0.563400,-0.069793,0.027344
1784159173.553730,2,-0.563370,-0.015509,0.035156
1784159173.563737,2,-0.563339,0.050406,0.039062
1784159173.573727,2,-0.563370,-0.034896,0.039062
1784159173.583732,2,-0.563370,-0.003877,0.039062
1784159173.593732,2,-0.563339,0.038774,0.035156
1784159173.603733,2,-0.563339,0.015509,0.035156
1784159173.613726,2,-0.563370,-0.019387,0.027344
1784159173.623728,2,-0.563370,-0.038774,0.027344
1784159173.633732,2,-0.563370,-0.058161,0.042969
1784159173.643729,2,-0.563339,0.000000,0.039062
1784159173.653737,2,-0.563339,0.000000,0.035156
1784159173.663732,2,-0.563339,0.023264,0.035156
1784159173.673735,2,-0.563370,-0.038774,0.027344
1784159173.683732,2,-0.563339,0.019387,0.027344
1784159173.693730,2,-0.563339,0.019387,0.027344
1784159173.703727,2,-0.563400,-0.093057,0.027344
1784159173.713729,2,-0.563339,0.023264,0.039062
1784159173.723711,2,-0.563370,-0.023264,0.027344
1784159173.733707,2,-0.563370,-0.034896,0.027344
1784159173.743721,2,-0.563400,-0.116321,0.042969
1784159173.753820,2,-0.563339,0.011632,0.027344
1784159173.763707,2,-0.563339,0.011632,0.027344
1784159173.773705,2,-0.563339,0.019387,0.035156
1784159173.783710,2,-0.563370,-0.038774,0.039062
1784159173.793708,2,-0.563370,0.011632,0.035156
1784159173.803710,2,-0.563339,0.015509,0.039062
1784159173.813708,2,-0.563370,-0.038774,0.039062
1784159173.824710,2,-0.563339,0.015509,0.027344
1784159173.833707,2,-0.563339,-0.038774,0.027344
1784159173.843715,2,-0.563370,-0.038774,0.039062
1784159173.853711,2,-0.563339,0.015509,0.027344
1784159173.863710,2,-0.563370,-0.038774,0.027344
1784159173.873710,2,-0.563370,0.019387,0.027344
1784159173.883708,2,-0.563370,-0.038774,0.027344
1784159173.893708,2,-0.563370,-0.038774,0.027344
1784159173.903714,2,-0.563370,-0.027142,0.039062
1784159173.913709,2,-0.563370,-0.034896,0.027344
1784159173.923711,2,-0.563400,-0.096934,0.027344
1784159173.933709,2,-0.563370,-0.038774,0.027344
1784159173.943712,2,-0.563370,-0.046528,0.035156
1784159173.953746,2,-0.563370,-0.042651,0.027344
1784159173.963714,2,-0.563370,-0.038774,0.027344
1784159173.973719,2,-0.563400,-0.093057,0.027344
1784159173.983691,2,-0.563370,-0.038774,0.027344
1784159173.993792,2,-0.563339,0.015509,0.027344
1784159174.003690,2,-0.563370,-0.042651,0.039062
1784159174.013688,2,-0.563339,0.019387,0.039062
1784159174.023690,2,-0.563339,0.019387,0.027344
1784159174.033690,2,-0.563370,-0.027142,0.027344
1784159174.043692,2,-0.563370,-0.042651,0.035156
1784159174.053697,2,-0.563370,-0.038774,0.039062
1784159174.063693,2,-0.563370,-0.034896,0.035156
1784159174.073690,2,-0.563339,0.031019,0.035156
1784159174.083695,2,-0.563370,-0.038774,0.039062
1784159174.093695,2,-0.563370,-0.034896,0.027344
1784159174.103693,2,-0.563339,0.019387,0.027344
1784159174.113691,2,-0.563339,0.015509,0.027344
1784159174.123692,2,-0.563370,-0.046528,0.039062
1784159174.133693,2,-0.563370,-0.042651,0.027344
1784159174.143695,2,-0.563370,-0.027142,0.027344
1784159174.153691,2,-0.563339,0.038774,0.027344
1784159174.163692,2,-0.563339,0.007755,0.027344
1784159174.173693,2,-0.563400,-0.096934,0.035156
1784159174.183698,2,-0.563370,-0.027142,0.027344
1784159174.193700,2,-0.563370,-0.034896,0.035156
1784159174.203692,2,-0.563339,0.019387,0.039062
1784159174.213694,2,-0.563339,0.011632,0.035156
1784159174.223692,2,-0.563339,0.011632,0.027344
1784159174.233699,2,-0.563370,-0.034896,0.027344
1784159174.243695,2,-0.563339,0.007755,0.039062
1784159174.253692,2,-0.563339,0.007755,0.027344
1784159174.263678,2,-0.563339,0.019387,0.027344
1784159174.273672,2,-0.563339,0.023264,0.039062
1784159174.283672,2,-0.563370,-0.034896,0.027344
1784159174.293678,2,-0.563370,-0.034896,0.035156
1784159174.303682,2,-0.563370,-0.042651,0.027344
1784159174.313676,2,-0.563370,-0.038774,0.027344
1784159174.323669,2,-0.563370,-0.031019,0.027344
1784159174.333672,2,-0.563339,0.019387,0.027344
1784159174.343675,2,-0.563370,-0.027142,0.027344
1784159174.353674,2,-0.563370,-0.038774,0.027344
1784159174.363683,2,-0.563339,0.003877,0.039062
1784159174.373681,2,-0.563370,0.000000,0.027344
1784159174.383677,2,-0.563339,0.003877,0.027344
1784159174.393673,2,-0.563339,0.019387,0.039062
1784159174.403674,2,-0.563309,0.054283,0.039062
1784159174.413677,2,-0.563400,-0.054283,0.035156
1784159174.423673,2,-0.563400,-0.093057,0.027344
1784159174.433673,2,-0.563400,-0.093057,0.039062
1784159174.443683,2,-0.563370,-0.038774,0.027344
1784159174.453677,2,-0.563339,-0.038774,0.035156
1784159174.463675,2,-0.563370,-0.046528,0.027344
1784159174.473674,2,-0.563339,0.019387,0.027344
1784159174.483674,2,-0.563339,0.000000,0.027344
1784159174.493675,2,-0.563370,0.000000,0.027344
1784159174.503683,2,-0.563370,-0.042651,0.027344
1784159174.513656,2,-0.563370,-0.054283,0.027344
1784159174.523663,2,-0.563370,-0.050406,0.027344
1784159174.533659,2,-0.563370,-0.062038,0.039062
1784159174.543659,2,-0.563370,-0.058161,0.027344
1784159174.553657,2,-0.563339,0.011632,0.039062
1784159174.563660,2,-0.563339,-0.003877,0.027344
1784159174.573663,2,-0.563309,0.054283,0.039062
1784159174.583759,2,-0.563370,-0.042651,0.027344
1784159174.593754,2,-0.563370,0.000000,0.035156
1784159174.603660,2,-0.563370,-0.058161,0.027344
1784159174.613670,2,-0.563339,-0.019387,0.027344
1784159174.623659,2,-0.563339,0.050406,0.039062
1784159174.633659,2,-0.563339,-0.019387,0.042969
1784159174.643658,2,-0.563309,0.038774,0.039062
1784159174.653660,2,-0.563339,0.000000,0.035156
1784159174.663657,2,-0.563339,0.000000,0.035156
1784159174.673661,2,-0.563339,-0.027142,0.039062
1784159174.683663,2,-0.563370,-0.069793,0.035156
1784159174.693662,2,-0.563370,-0.065915,0.039062
1784159174.703658,2,-0.563370,-0.069793,0.039062
1784159174.713662,2,-0.563309,0.034896,0.027344
1784159174.723768,2,-0.563370,-0.081425,0.035156
1784159174.733659,2,-0.563339,-0.015509,0.027344
1784159174.743658,2,-0.563370,-0.073670,0.039062
1784159174.753659,2,-0.563370,-0.062038,0.035156
1784159174.763660,2,-0.563370,-0.054283,0.027344
1784159174.773656,2,-0.563370,-0.081425,0.035156
1784159174.783641,2,-0.563339,-0.007755,0.027344
1784159174.793654,2,-0.563339,-0.007755,0.035156
1784159174.803638,2,-0.563339,-0.015509,0.039062
1784159174.813636,2,-0.563339,-0.015509,0.039062
1784159174.823634,2,-0.563339,-0.034896,0.027344
1784159174.833636,2,-0.563309,0.011632,0.039062
1784159174.843643,2,-0.563339,-0.058161,0.035156
1784159174.853635,2,-0.563309,0.034896,0.039062
1784159174.863636,2,-0.563339,-0.031019,0.027344
1784159174.873636,2,-0.563339,-0.019387,0.027344
1784159174.883636,2,-0.563339,-0.019387,0.035156
1784159174.893640,2,-0.563309,0.019387,0.035156
1784159174.903638,2,-0.563339,-0.038774,0.035156
1784159174.913638,2,-0.563339,-0.038774,0.027344
1784159174.923640,2,-0.563400,-0.124076,0.039062
1784159174.933645,2,-0.563339,-0.054283,0.039062
1784159174.943638,2,-0.563339,-0.034896,0.027344
1784159174.953638,2,-0.563339,-0.015509,0.039062
1784159174.963640,2,-0.563370,-0.081425,0.027344
1784159174.973641,2,-0.563309,-0.019387,0.027344
1784159174.983639,2,-0.563339,-0.015509,0.027344
1784159174.993640,2,-0.563370,-0.093057,0.039062
1784159175.003638,2,-0.563309,0.023264,0.042969
1784159175.013638,2,-0.563339,-0.038774,0.039062
1784159175.023639,2,-0.563309,0.019387,0.027344
1784159175.033641,2,-0.563339,-0.038774,0.027344
1784159175.043639,2,-0.563339,-0.034896,0.027344
1784159175.053641,2,-0.563339,-0.011632,0.039062
1784159175.063640,2,-0.563370,-0.081425,0.027344
1784159175.073624,2,-0.563339,-0.050406,0.027344
1784159175.083617,2,-0.563339,-0.015509,0.035156
1784159175.093620,2,-0.563339,-0.027142,0.027344
1784159175.103619,2,-0.563309,-0.085302,0.027344
1784159175.113629,2,-0.563370,-0.093057,0.027344
1784159175.123619,2,-0.563339,-0.015509,0.035156
1784159175.133619,2,-0.563339,-0.023264,0.039062
1784159175.143625,2,-0.563309,-0.011632,0.035156
1784159175.153619,2,-0.563370,-0.085302,0.027344
1784159175.163619,2,-0.563339,-0.003877,0.027344
1784159175.173620,2,-0.563370,-0.081425,0.027344
1784159175.183634,2,-0.563309,-0.031019,0.027344
1784159175.193626,2,-0.563309,0.027142,0.027344
1784159175.203619,2,-0.563339,-0.027142,0.027344
1784159175.213620,2,-0.563339,0.003877,0.027344
1784159175.223620,2,-0.563339,-0.019387,0.027344
1784159175.233619,2,-0.563309,0.031019,0.027344
1784159175.243619,2,-0.563339,-0.023264,0.039062
1784159175.253625,2,-0.563370,-0.081425,0.027344
1784159175.263620,2,-0.563339,-0.038774,0.035156
1784159175.273622,2,-0.563370,-0.085302,0.027344
1784159175.283626,2,-0.563339,-0.038774,0.027344
1784159175.293622,2,-0.563339,-0.023264,0.027344
1784159175.303620,2,-0.563370,-0.077547,0.027344
1784159175.313623,2,-0.563309,0.031019,0.035156
1784159175.323622,2,-0.563370,-0.093057,0.027344
1784159175.332743,2,-0.563309,0.023264,0.035156
