timestamp,motor_id,position,velocity,torque
1784159145.209788,6,0.275021,0.019387,-0.003906
1784159145.219588,6,0.274990,-0.034896,0.000000
1784159145.229589,6,0.275051,0.000000,0.007812
1784159145.239594,6,0.275202,0.050406,0.027344
1784159145.249589,6,0.275445,0.023264,0.035156
1784159145.259587,6,0.276172,0.143463,0.042969
1784159145.269588,6,0.277777,0.147340,0.054688
1784159145.279586,6,0.279292,0.104689,0.070312
1784159145.289574,6,0.280594,0.116321,0.070312
1784159145.299557,6,0.282230,0.104689,0.085938
1784159145.309557,6,0.282836,0.046528,0.105469
1784159145.319558,6,0.282987,-0.027142,0.105469
1784159145.329556,6,0.283593,0.062038,0.121094
1784159145.339558,6,0.285623,0.244274,0.125000
1784159145.349560,6,0.287864,0.186114,0.140625
1784159145.359582,6,0.290288,0.096934,0.152344
1784159145.369557,6,0.292923,0.356718,0.152344
1784159145.379558,6,0.294983,0.038774,0.156250
1784159145.389559,6,0.295861,0.003877,0.152344
1784159145.399558,6,0.296891,0.062038,0.140625
1784159145.409559,6,0.298012,0.054283,0.152344
1784159145.419559,6,0.298345,-0.003877,0.152344
1784159145.429558,6,0.298497,0.034896,0.148438
1784159145.439561,6,0.298618,-0.023264,0.140625
1784159145.449562,6,0.298830,0.054283,0.140625
1784159145.459558,6,0.299406,0.100812,0.136719
1784159145.469561,6,0.301284,0.294680,0.121094
1784159145.479563,6,0.303101,0.151217,0.132812
1784159145.489562,6,0.304858,0.120198,0.121094
1784159145.499559,6,0.306373,0.077547,0.125000
1784159145.509559,6,0.307009,-0.015509,0.121094
1784159145.519642,6,0.308039,0.124076,0.121094
1784159145.529642,6,0.309675,0.104689,0.117188
1784159145.539659,6,0.310371,0.000000,0.109375
1784159145.549603,6,0.310432,-0.015509,0.121094
1784159145.559541,6,0.310462,-0.058161,0.121094
1784159145.569540,6,0.310462,-0.034896,0.121094
1784159145.579543,6,0.310492,-0.011632,0.121094
1784159145.589541,6,0.310583,0.003877,0.117188
1784159145.599541,6,0.310826,0.046528,0.109375
1784159145.609543,6,0.311098,0.000000,0.109375
1784159145.619540,6,0.311250,-0.038774,0.109375
1784159145.629544,6,0.311220,-0.077547,0.121094
1784159145.639539,6,0.311220,-0.058161,0.121094
1784159145.649541,6,0.311250,-0.011632,0.109375
1784159145.659543,6,0.311310,0.038774,0.121094
1784159145.669541,6,0.311432,-0.023264,0.117188
1784159145.679540,6,0.311765,0.027142,0.109375
1784159145.689540,6,0.312068,-0.046528,0.109375
1784159145.699540,6,0.312401,0.034896,0.109375
1784159145.709540,6,0.312704,-0.054283,0.105469
1784159145.719543,6,0.312976,0.000000,0.109375
1784159145.729543,6,0.313310,0.023264,0.105469
1784159145.739544,6,0.313825,0.019387,0.101562
1784159145.749547,6,0.314642,0.034896,0.101562
1784159145.759542,6,0.316187,0.143463,0.089844
1784159145.769545,6,0.317944,0.089180,0.093750
1784159145.779543,6,0.318732,0.015509,0.089844
1784159145.789542,6,0.320034,0.112444,0.082031
1784159145.799542,6,0.321670,0.096934,0.085938
1784159145.809529,6,0.322003,0.003877,0.082031
1784159145.819546,6,0.322155,-0.019387,0.085938
1784159145.829526,6,0.322761,0.062038,0.082031
1784159145.839525,6,0.324396,0.236520,0.066406
1784159145.849523,6,0.326396,0.143463,0.070312
1784159145.859521,6,0.328274,0.174482,0.066406
1784159145.869521,6,0.329152,-0.038774,0.074219
1784159145.879522,6,0.329122,-0.011632,0.066406
1784159145.889522,6,0.329092,-0.019387,0.066406
1784159145.899522,6,0.329092,-0.050406,0.066406
1784159145.909523,6,0.329122,0.000000,0.066406
1784159145.919525,6,0.329092,-0.058161,0.070312
1784159145.929526,6,0.329092,-0.019387,0.066406
1784159145.939522,6,0.329092,-0.058161,0.066406
1784159145.949519,6,0.329122,0.000000,0.066406
1784159145.959523,6,0.329122,0.007755,0.058594
1784159145.969522,6,0.329031,-0.108566,0.066406
1784159145.979525,6,0.329061,-0.062038,0.070312
1784159145.989523,6,0.329092,-0.007755,0.066406
1784159145.999523,6,0.329092,-0.046528,0.058594
1784159146.009521,6,0.329061,-0.081425,0.066406
1784159146.019523,6,0.329092,-0.023264,0.066406
1784159146.029527,6,0.329061,-0.081425,0.066406
1784159146.039530,6,0.329061,-0.050406,0.058594
1784159146.050611,6,0.329092,-0.015509,0.074219
1784159146.059535,6,0.329122,-0.054283,0.070312
1784159146.069530,6,0.329122,-0.015509,0.070312
1784159146.079535,6,0.329152,-0.015509,0.066406
1784159146.089532,6,0.329183,-0.038774,0.066406
1784159146.099529,6,0.329273,-0.062038,0.070312
1784159146.109529,6,0.329304,0.000000,0.070312
1784159146.119509,6,0.329243,-0.038774,0.070312
1784159146.129511,6,0.329183,-0.096934,0.070312
1784159146.139513,6,0.329273,0.050406,0.070312
1784159146.149514,6,0.329243,-0.050406,0.058594
1784159146.159512,6,0.329243,-0.038774,0.070312
1784159146.169513,6,0.329273,0.000000,0.066406
1784159146.179511,6,0.329273,-0.058161,0.074219
1784159146.189512,6,0.329304,-0.050406,0.070312
1784159146.199512,6,0.329334,-0.023264,0.070312
1784159146.209514,6,0.329334,-0.031019,0.066406
1784159146.219510,6,0.329364,0.019387,0.070312
1784159146.229515,6,0.329334,-0.042651,0.066406
1784159146.239511,6,0.329364,0.000000,0.058594
1784159146.249510,6,0.329334,-0.038774,0.074219
1784159146.259513,6,0.329334,0.000000,0.074219
1784159146.269532,6,0.329334,-0.003877,0.070312
1784159146.279514,6,0.329334,-0.023264,0.074219
1784159146.289512,6,0.329334,-0.054283,0.066406
1784159146.299513,6,0.329334,-0.034896,0.070312
1784159146.309533,6,0.329334,-0.027142,0.070312
1784159146.319506,6,0.329364,0.015509,0.066406
1784159146.329504,6,0.329395,-0.058161,0.070312
1784159146.339505,6,0.329607,0.007755,0.058594
1784159146.349570,6,0.329637,-0.038774,0.066406
1784159146.359574,6,0.329637,-0.034896,0.054688
1784159146.369504,6,0.329637,-0.054283,0.070312
1784159146.379504,6,0.329698,-0.007755,0.066406
1784159146.389508,6,0.329728,0.015509,0.054688
1784159146.399586,6,0.329728,0.015509,0.066406
1784159146.409592,6,0.329849,-0.034896,0.058594
1784159146.419596,6,0.330273,-0.003877,0.066406
1784159146.429489,6,0.330940,0.031019,0.066406
1784159146.439490,6,0.332030,0.124076,0.042969
1784159146.450590,6,0.333090,0.058161,0.058594
1784159146.459489,6,0.333454,0.015509,0.054688
1784159146.469489,6,0.333545,-0.034896,0.054688
1784159146.479491,6,0.333575,0.019387,0.050781
1784159146.489486,6,0.333726,0.007755,0.050781
1784159146.499490,6,0.334272,0.023264,0.050781
1784159146.509490,6,0.335726,0.182236,0.027344
1784159146.519487,6,0.337907,0.127953,0.039062
1784159146.529489,6,0.339028,0.062038,0.035156
1784159146.539488,6,0.340330,0.077547,0.039062
1784159146.549487,6,0.340754,-0.023264,0.039062
1784159146.559489,6,0.340815,0.003877,0.035156
1784159146.569490,6,0.340966,0.038774,0.035156
1784159146.579491,6,0.341390,0.073670,0.035156
1784159146.589489,6,0.341572,0.058161,0.035156
1784159146.599489,6,0.341633,-0.069793,0.035156
1784159146.609489,6,0.341693,-0.046528,0.035156
1784159146.619488,6,0.341724,-0.038774,0.035156
1784159146.629488,6,0.341754,-0.058161,0.035156
1784159146.639491,6,0.341936,-0.007755,0.035156
1784159146.649487,6,0.342360,0.085302,0.035156
1784159146.659490,6,0.343268,0.069793,0.027344
1784159146.669474,6,0.344541,0.116321,0.027344
1784159146.679473,6,0.345086,0.000000,0.023438
1784159146.689473,6,0.345056,-0.073670,0.019531
1784159146.699473,6,0.345116,-0.027142,0.019531
1784159146.709471,6,0.345480,0.038774,0.019531
1784159146.719471,6,0.346116,0.034896,0.019531
1784159146.729471,6,0.346782,0.038774,0.019531
1784159146.739475,6,0.347782,0.077547,0.007812
1784159146.749473,6,0.349054,0.081425,0.011719
1784159146.759476,6,0.349266,-0.058161,0.007812
1784159146.769474,6,0.349236,-0.042651,0.011719
1784159146.779472,6,0.349296,0.019387,0.019531
1784159146.789473,6,0.349357,0.050406,0.007812
1784159146.799479,6,0.349418,-0.062038,0.007812
1784159146.809472,6,0.349781,0.096934,0.007812
1784159146.819472,6,0.350569,0.069793,0.003906
1784159146.829476,6,0.351902,0.108566,0.003906
1784159146.839468,6,0.352538,-0.007755,0.007812
1784159146.849484,6,0.352538,0.000000,0.019531
1784159146.859473,6,0.352538,0.034896,0.011719
1784159146.870584,6,0.352538,0.000000,0.007812
1784159146.879476,6,0.352568,-0.019387,0.000000
1784159146.889476,6,0.352810,-0.031019,0.000000
1784159146.899480,6,0.353204,0.100812,0.003906
1784159146.909458,6,0.353295,-0.038774,0.003906
1784159146.919479,6,0.353325,-0.031019,0.003906
1784159146.929480,6,0.353446,-0.011632,0.000000
1784159146.939479,6,0.354022,0.034896,0.000000
1784159146.949461,6,0.354870,0.038774,-0.003906
1784159146.959461,6,0.355537,0.046528,0.003906
1784159146.969463,6,0.355628,-0.050406,-0.003906
1784159146.979460,6,0.355718,-0.038774,0.003906
1784159146.989457,6,0.355779,-0.038774,0.000000
1784159146.999460,6,0.355961,0.019387,-0.003906
1784159147.009454,6,0.356203,0.027142,-0.003906
1784159147.019453,6,0.356445,0.015509,-0.003906
1784159147.029454,6,0.356627,0.003877,0.000000
1784159147.039454,6,0.356869,0.015509,-0.003906
1784159147.049453,6,0.356960,-0.062038,-0.003906
1784159147.059453,6,0.356991,-0.069793,-0.003906
1784159147.069455,6,0.357082,0.007755,-0.003906
1784159147.079457,6,0.357082,-0.031019,-0.007812
1784159147.089454,6,0.357142,-0.019387,0.000000
1784159147.099454,6,0.357142,0.007755,-0.007812
1784159147.109454,6,0.357233,0.007755,-0.003906
1784159147.119454,6,0.357475,-0.007755,-0.003906
1784159147.129455,6,0.357990,0.093057,-0.007812
1784159147.139456,6,0.358687,0.054283,-0.003906
1784159147.149470,6,0.359747,0.112444,-0.023438
1784159147.159454,6,0.360959,0.127953,-0.019531
1784159147.169460,6,0.361625,0.007755,-0.023438
1784159147.179459,6,0.362383,0.038774,-0.023438
1784159147.189459,6,0.363473,0.077547,-0.019531
1784159147.199455,6,0.364200,0.073670,-0.019531
1784159147.209434,6,0.364806,0.085302,-0.023438
1784159147.219436,6,0.365684,0.139585,-0.027344
1784159147.229434,6,0.367229,0.155095,-0.039062
1784159147.239434,6,0.368320,0.015509,-0.023438
1784159147.249435,6,0.368229,0.019387,-0.035156
1784159147.259434,6,0.368259,0.003877,-0.035156
1784159147.269435,6,0.368350,-0.058161,-0.035156
1784159147.279433,6,0.368441,-0.019387,-0.039062
1784159147.289435,6,0.368562,0.000000,-0.035156
1784159147.299435,6,0.368562,-0.023264,-0.035156
1784159147.309433,6,0.368502,-0.023264,-0.035156
1784159147.319439,6,0.368471,-0.050406,-0.035156
1784159147.329437,6,0.368471,-0.015509,-0.039062
1784159147.339435,6,0.368502,0.000000,-0.035156
1784159147.349435,6,0.368471,-0.011632,-0.039062
1784159147.360448,6,0.368290,-0.085302,-0.035156
1784159147.370444,6,0.368229,0.007755,-0.035156
1784159147.380445,6,0.368320,0.015509,-0.035156
1784159147.389443,6,0.368411,0.054283,-0.035156
1784159147.399443,6,0.368471,-0.011632,-0.035156
1784159147.409441,6,0.368502,-0.062038,-0.035156
1784159147.419443,6,0.368471,-0.046528,-0.039062
1784159147.429454,6,0.368441,-0.019387,-0.035156
1784159147.439427,6,0.368411,-0.027142,-0.035156
1784159147.449426,6,0.368411,-0.034896,-0.039062
1784159147.459443,6,0.368411,0.011632,-0.035156
1784159147.469445,6,0.368380,0.000000,-0.035156
1784159147.479423,6,0.368411,0.003877,-0.035156
1784159147.489421,6,0.368411,-0.038774,-0.039062
1784159147.499423,6,0.368441,0.007755,-0.039062
1784159147.509425,6,0.368411,-0.034896,-0.035156
1784159147.519427,6,0.368441,0.023264,-0.035156
1784159147.529423,6,0.368411,-0.058161,-0.035156
1784159147.539423,6,0.368411,0.000000,-0.035156
1784159147.549424,6,0.368411,-0.003877,-0.035156
1784159147.559423,6,0.368350,-0.081425,-0.039062
1784159147.569426,6,0.368350,0.038774,-0.035156
1784159147.579422,6,0.368290,-0.038774,-0.027344
1784159147.590422,6,0.368259,-0.058161,-0.027344
1784159147.599425,6,0.368290,-0.042651,-0.027344
1784159147.610426,6,0.368320,-0.003877,-0.027344
1784159147.620428,6,0.368350,0.019387,-0.035156
1784159147.630424,6,0.368350,-0.034896,-0.035156
1784159147.640428,6,0.368411,0.007755,-0.035156
1784159147.650429,6,0.368411,-0.023264,-0.039062
1784159147.660427,6,0.368441,-0.015509,-0.035156
1784159147.670426,6,0.368441,-0.034896,-0.039062
1784159147.680425,6,0.368471,0.019387,-0.035156
1784159147.690426,6,0.368441,-0.007755,-0.039062
1784159147.699425,6,0.368471,0.000000,-0.035156
1784159147.710427,6,0.368532,-0.069793,-0.035156
1784159147.720424,6,0.368623,0.000000,-0.035156
1784159147.730425,6,0.368653,0.031019,-0.039062
1784159147.740406,6,0.368714,0.000000,-0.039062
1784159147.750425,6,0.368956,0.007755,-0.035156
1784159147.760424,6,0.368986,-0.038774,-0.035156
1784159147.770405,6,0.369047,-0.015509,-0.035156
1784159147.780404,6,0.369289,0.031019,-0.039062
1784159147.790405,6,0.369744,0.007755,-0.042969
1784159147.800405,6,0.370561,0.093057,-0.039062
1784159147.810409,6,0.371652,0.065915,-0.039062
1784159147.820404,6,0.372258,-0.050406,-0.039062
1784159147.830407,6,0.372258,0.069793,-0.042969
1784159147.840407,6,0.372288,-0.042651,-0.050781
1784159147.850406,6,0.372379,-0.034896,-0.050781
1784159147.860409,6,0.372712,0.023264,-0.054688
1784159147.870406,6,0.373197,-0.058161,-0.042969
1784159147.880484,6,0.373803,0.054283,-0.050781
1784159147.890536,6,0.374711,0.042651,-0.058594
1784159147.900405,6,0.375984,0.046528,-0.054688
1784159147.910415,6,0.376105,-0.062038,-0.054688
1784159147.920407,6,0.376165,-0.003877,-0.050781
1784159147.930411,6,0.376256,0.003877,-0.054688
1784159147.940410,6,0.376499,0.000000,-0.066406
1784159147.950409,6,0.376650,-0.042651,-0.058594
1784159147.960430,6,0.376590,-0.019387,-0.054688
1784159147.970412,6,0.376408,-0.089180,-0.054688
1784159147.980407,6,0.376317,-0.031019,-0.054688
1784159147.990408,6,0.376377,0.050406,-0.054688
1784159148.000390,6,0.376347,-0.011632,-0.054688
1784159148.010388,6,0.376377,0.011632,-0.054688
1784159148.020387,6,0.376438,0.015509,-0.066406
1784159148.030408,6,0.376559,0.054283,-0.050781
1784159148.040388,6,0.376650,-0.011632,-0.058594
1784159148.050388,6,0.376711,0.019387,-0.066406
1784159148.060388,6,0.376650,-0.023264,-0.054688
1784159148.070387,6,0.376529,-0.034896,-0.054688
1784159148.080390,6,0.376287,-0.085302,-0.054688
1784159148.090388,6,0.376014,-0.054283,-0.058594
1784159148.100387,6,0.376044,-0.031019,-0.054688
1784159148.110387,6,0.376105,-0.073670,-0.050781
1784159148.120390,6,0.376135,-0.034896,-0.058594
1784159148.130393,6,0.376135,-0.003877,-0.050781
1784159148.140384,6,0.376135,-0.031019,-0.050781
1784159148.150394,6,0.376165,0.000000,-0.058594
1784159148.160389,6,0.376105,-0.042651,-0.054688
1784159148.170389,6,0.376105,-0.015509,-0.050781
1784159148.180390,6,0.376135,-0.058161,-0.054688
1784159148.190391,6,0.376317,0.015509,-0.054688
1784159148.200389,6,0.376408,-0.038774,-0.054688
1784159148.210393,6,0.376468,0.011632,-0.054688
1784159148.220392,6,0.376438,-0.062038,-0.066406
1784159148.230384,6,0.376408,-0.038774,-0.066406
1784159148.240393,6,0.376408,0.000000,-0.050781
1784159148.250374,6,0.376408,-0.038774,-0.054688
1784159148.260393,6,0.376499,0.042651,-0.066406
1784159148.270391,6,0.376559,0.034896,-0.054688
1784159148.280392,6,0.376620,0.000000,-0.054688
1784159148.290394,6,0.376650,-0.085302,-0.058594
1784159148.300372,6,0.376680,0.003877,-0.058594
1784159148.310369,6,0.376559,-0.054283,-0.050781
1784159148.320373,6,0.376529,0.000000,-0.054688
1784159148.330371,6,0.376559,-0.034896,-0.066406
1784159148.340369,6,0.376590,-0.042651,-0.054688
1784159148.350368,6,0.376650,-0.003877,-0.050781
1784159148.360369,6,0.376650,-0.042651,-0.054688
1784159148.370372,6,0.376620,-0.058161,-0.054688
1784159148.380376,6,0.376620,-0.069793,-0.066406
1784159148.390368,6,0.376802,0.054283,-0.054688
1784159148.400369,6,0.377074,-0.011632,-0.066406
1784159148.410370,6,0.377529,0.034896,-0.054688
1784159148.420376,6,0.377983,0.003877,-0.058594
1784159148.430374,6,0.378680,0.054283,-0.066406
1784159148.440372,6,0.379467,0.081425,-0.066406
1784159148.450373,6,0.379800,0.011632,-0.066406
1784159148.460371,6,0.380194,0.054283,-0.070312
1784159148.470371,6,0.380588,0.000000,-0.070312
1784159148.480375,6,0.380830,-0.027142,-0.070312
1784159148.490370,6,0.380921,-0.015509,-0.066406
1784159148.500372,6,0.380830,-0.065915,-0.058594
1784159148.510373,6,0.380861,-0.027142,-0.066406
1784159148.520379,6,0.381012,0.034896,-0.070312
1784159148.530365,6,0.381345,0.081425,-0.070312
1784159148.540356,6,0.381769,0.027142,-0.066406
1784159148.550371,6,0.381860,-0.062038,-0.058594
1784159148.560357,6,0.381951,0.042651,-0.070312
1784159148.570357,6,0.382315,-0.003877,-0.066406
1784159148.580354,6,0.383435,0.131831,-0.074219
1784159148.590358,6,0.384314,0.050406,-0.074219
1784159148.600354,6,0.384344,0.011632,-0.074219
1784159148.610354,6,0.384405,-0.034896,-0.082031
1784159148.620353,6,0.384405,-0.038774,-0.074219
1784159148.630355,6,0.384375,0.011632,-0.074219
1784159148.640356,6,0.384314,-0.050406,-0.082031
1784159148.650353,6,0.384344,-0.050406,-0.074219
1784159148.660352,6,0.384405,-0.038774,-0.074219
1784159148.670357,6,0.384465,-0.038774,-0.074219
1784159148.680358,6,0.384496,-0.034896,-0.082031
1784159148.690353,6,0.384526,0.007755,-0.082031
1784159148.700358,6,0.384496,-0.038774,-0.074219
1784159148.710416,6,0.384496,-0.042651,-0.085938
1784159148.720357,6,0.384496,-0.003877,-0.074219
1784159148.730356,6,0.384496,-0.003877,-0.074219
1784159148.740353,6,0.384526,-0.023264,-0.074219
1784159148.750354,6,0.384647,-0.058161,-0.074219
1784159148.760353,6,0.384708,-0.038774,-0.085938
1784159148.770358,6,0.384677,-0.042651,-0.070312
1784159148.780355,6,0.384677,0.000000,-0.074219
1784159148.790353,6,0.384587,-0.089180,-0.082031
1784159148.800354,6,0.384617,0.038774,-0.074219
1784159148.810356,6,0.384647,-0.023264,-0.085938
1784159148.820346,6,0.384738,0.000000,-0.082031
1784159148.830347,6,0.384920,-0.015509,-0.074219
1784159148.840354,6,0.385162,-0.007755,-0.074219
1784159148.850336,6,0.385283,-0.019387,-0.074219
1784159148.860327,6,0.385374,-0.011632,-0.074219
1784159148.870334,6,0.385526,0.011632,-0.082031
1784159148.880335,6,0.385829,0.058161,-0.085938
1784159148.890336,6,0.386646,0.104689,-0.085938
1784159148.900335,6,0.388373,0.135708,-0.089844
1784159148.910337,6,0.389948,0.178359,-0.093750
1784159148.920328,6,0.392523,0.255906,-0.105469
1784159148.930336,6,0.395280,0.310190,-0.117188
1784159148.940335,6,0.398097,0.217133,-0.121094
1784159148.950336,6,0.401247,0.263661,-0.117188
1784159148.960335,6,0.404064,0.213255,-0.136719
1784159148.970337,6,0.405791,0.116321,-0.140625
1784159148.980329,6,0.408245,0.290803,-0.148438
1784159148.990335,6,0.411395,0.376105,-0.156250
1784159149.000335,6,0.414303,0.244274,-0.164062
1784159149.010338,6,0.417393,0.267539,-0.171875
1784159149.020340,6,0.420452,0.263661,-0.171875
1784159149.030339,6,0.422482,0.209378,-0.183594
1784159149.040334,6,0.424239,0.038774,-0.171875
1784159149.050335,6,0.424935,0.050406,-0.175781
1784159149.060336,6,0.425178,0.081425,-0.187500
1784159149.070339,6,0.425814,0.116321,-0.187500
1784159149.080338,6,0.427450,0.124076,-0.191406
1784159149.090319,6,0.428601,0.104689,-0.203125
1784159149.100336,6,0.428964,-0.023264,-0.203125
1784159149.110338,6,0.429540,0.046528,-0.199219
1784159149.120341,6,0.430691,0.058161,-0.203125
1784159149.130316,6,0.431721,0.034896,-0.203125
1784159149.140317,6,0.432145,-0.007755,-0.199219
1784159149.150319,6,0.432508,-0.003877,-0.207031
1784159149.160318,6,0.432539,-0.019387,-0.207031
1784159149.170318,6,0.432539,-0.015509,-0.207031
1784159149.180317,6,0.432569,-0.019387,-0.199219
1784159149.190311,6,0.432630,-0.058161,-0.207031
1784159149.200317,6,0.432721,-0.038774,-0.203125
1784159149.210320,6,0.432721,-0.027142,-0.207031
1784159149.220319,6,0.432721,-0.003877,-0.207031
1784159149.230324,6,0.432751,0.062038,-0.207031
1784159149.240317,6,0.432630,-0.093057,-0.207031
1784159149.250319,6,0.432630,0.042651,-0.199219
1784159149.260317,6,0.432448,-0.058161,-0.207031
1784159149.270319,6,0.432448,0.023264,-0.199219
1784159149.280319,6,0.432357,-0.085302,-0.203125
1784159149.290319,6,0.432327,-0.042651,-0.187500
1784159149.300320,6,0.432266,-0.015509,-0.203125
1784159149.310320,6,0.432175,-0.007755,-0.199219
1784159149.320319,6,0.432145,-0.062038,-0.207031
1784159149.330319,6,0.432145,0.007755,-0.199219
1784159149.340318,6,0.432145,0.000000,-0.199219
1784159149.350317,6,0.432145,-0.003877,-0.203125
1784159149.360319,6,0.432175,0.015509,-0.199219
1784159149.370318,6,0.432175,-0.007755,-0.191406
1784159149.380321,6,0.432175,-0.031019,-0.199219
1784159149.390320,6,0.432236,0.000000,-0.199219
1784159149.400299,6,0.432236,-0.038774,-0.191406
1784159149.410299,6,0.432266,-0.031019,-0.203125
1784159149.420354,6,0.432266,-0.065915,-0.203125
1784159149.430389,6,0.432296,-0.054283,-0.199219
1784159149.440295,6,0.432357,-0.011632,-0.203125
1784159149.450298,6,0.432387,-0.077547,-0.199219
1784159149.460296,6,0.432387,-0.042651,-0.203125
1784159149.470296,6,0.432387,-0.038774,-0.203125
1784159149.480317,6,0.432418,-0.003877,-0.203125
1784159149.490296,6,0.432418,-0.019387,-0.191406
1784159149.500318,6,0.432387,-0.081425,-0.199219
1784159149.510303,6,0.432418,-0.038774,-0.199219
1784159149.520289,6,0.432448,0.034896,-0.199219
1784159149.530298,6,0.432448,0.027142,-0.203125
1784159149.540297,6,0.432418,0.015509,-0.199219
1784159149.550297,6,0.432357,-0.054283,-0.203125
1784159149.560300,6,0.432387,-0.003877,-0.199219
1784159149.570297,6,0.432357,-0.007755,-0.199219
1784159149.580299,6,0.432327,-0.038774,-0.199219
1784159149.590317,6,0.432327,-0.034896,-0.203125
1784159149.600298,6,0.432296,-0.038774,-0.199219
1784159149.610299,6,0.432296,0.000000,-0.191406
1784159149.620300,6,0.432236,-0.073670,-0.199219
1784159149.630301,6,0.432266,-0.019387,-0.203125
1784159149.640300,6,0.432296,0.050406,-0.199219
1784159149.650301,6,0.432296,0.054283,-0.199219
1784159149.660303,6,0.432266,-0.023264,-0.199219
1784159149.670299,6,0.432266,-0.034896,-0.199219
1784159149.680277,6,0.432296,0.015509,-0.199219
1784159149.690280,6,0.432327,0.034896,-0.199219
1784159149.700278,6,0.432266,-0.096934,-0.199219
1784159149.710282,6,0.432327,-0.023264,-0.199219
1784159149.720287,6,0.432357,0.011632,-0.191406
1784159149.730282,6,0.432387,0.000000,-0.203125
1784159149.740282,6,0.432387,0.007755,-0.203125
1784159149.750279,6,0.432357,-0.081425,-0.207031
1784159149.760282,6,0.432448,0.069793,-0.207031
1784159149.770278,6,0.432418,0.007755,-0.207031
1784159149.780282,6,0.432418,0.007755,-0.199219
1784159149.790286,6,0.432387,-0.027142,-0.199219
1784159149.800277,6,0.432387,-0.011632,-0.199219
1784159149.810281,6,0.432387,0.000000,-0.203125
1784159149.820280,6,0.432387,-0.003877,-0.203125
1784159149.830280,6,0.432357,-0.038774,-0.199219
1784159149.840278,6,0.432357,-0.019387,-0.199219
1784159149.850333,6,0.432327,-0.038774,-0.203125
1784159149.860362,6,0.432327,-0.038774,-0.199219
1784159149.870342,6,0.432296,-0.093057,-0.203125
1784159149.880284,6,0.432327,0.000000,-0.191406
1784159149.890270,6,0.432296,-0.042651,-0.199219
1784159149.900264,6,0.432327,0.027142,-0.207031
1784159149.910282,6,0.432296,0.023264,-0.199219
1784159149.920285,6,0.432296,-0.038774,-0.199219
1784159149.930283,6,0.432327,0.011632,-0.203125
1784159149.940264,6,0.432296,-0.046528,-0.203125
1784159149.950267,6,0.432327,0.000000,-0.191406
1784159149.960265,6,0.432296,-0.034896,-0.199219
1784159149.970265,6,0.432327,-0.003877,-0.199219
1784159149.980274,6,0.432357,0.000000,-0.199219
1784159149.990263,6,0.432327,-0.027142,-0.199219
1784159150.000264,6,0.432327,-0.031019,-0.207031
1784159150.010264,6,0.432296,-0.096934,-0.199219
1784159150.020263,6,0.432327,-0.034896,-0.199219
1784159150.030264,6,0.432327,-0.058161,-0.191406
1784159150.040267,6,0.432357,0.011632,-0.199219
1784159150.050328,6,0.432357,-0.034896,-0.203125
1784159150.060340,6,0.432387,0.011632,-0.191406
1784159150.070264,6,0.432387,0.011632,-0.199219
1784159150.080261,6,0.432387,0.027142,-0.199219
1784159150.090261,6,0.432387,0.019387,-0.199219
1784159150.100262,6,0.432357,-0.031019,-0.199219
1784159150.110267,6,0.432357,-0.038774,-0.199219
1784159150.120262,6,0.432327,-0.077547,-0.203125
1784159150.130262,6,0.432357,-0.003877,-0.199219
1784159150.140261,6,0.432327,-0.054283,-0.199219
1784159150.150262,6,0.432357,-0.038774,-0.199219
1784159150.160267,6,0.432327,-0.038774,-0.203125
1784159150.170267,6,0.432296,-0.069793,-0.199219
1784159150.180257,6,0.432296,-0.046528,-0.207031
1784159150.190264,6,0.432296,-0.027142,-0.199219
1784159150.200262,6,0.432327,0.015509,-0.199219
1784159150.210263,6,0.432266,-0.096934,-0.199219
1784159150.220246,6,0.432296,-0.042651,-0.203125
1784159150.230242,6,0.432296,-0.046528,-0.199219
1784159150.240242,6,0.432296,-0.054283,-0.207031
1784159150.250244,6,0.432327,0.003877,-0.199219
1784159150.260244,6,0.432327,-0.015509,-0.203125
1784159150.270237,6,0.432327,-0.077547,-0.199219
1784159150.280245,6,0.432327,-0.015509,-0.199219
1784159150.290244,6,0.432327,-0.023264,-0.199219
1784159150.300246,6,0.432357,0.019387,-0.199219
1784159150.310243,6,0.432327,-0.046528,-0.207031
1784159150.320245,6,0.432327,-0.038774,-0.199219
1784159150.330246,6,0.432327,-0.058161,-0.203125
1784159150.340260,6,0.432327,-0.042651,-0.199219
1784159150.350244,6,0.432327,-0.046528,-0.203125
1784159150.360244,6,0.432327,-0.038774,-0.203125
1784159150.370245,6,0.432357,-0.038774,-0.199219
1784159150.380247,6,0.432327,-0.038774,-0.203125
1784159150.390247,6,0.432357,0.023264,-0.191406
1784159150.400245,6,0.432327,-0.038774,-0.199219
1784159150.410247,6,0.432327,-0.027142,-0.199219
1784159150.420250,6,0.432327,-0.027142,-0.199219
1784159150.430249,6,0.432296,-0.085302,-0.199219
1784159150.440248,6,0.432327,-0.011632,-0.199219
1784159150.450245,6,0.432327,-0.003877,-0.199219
1784159150.460251,6,0.432327,-0.011632,-0.199219
1784159150.470251,6,0.432296,-0.065915,-0.203125
1784159150.480226,6,0.432327,-0.019387,-0.199219
1784159150.490224,6,0.432327,-0.027142,-0.199219
1784159150.500225,6,0.432296,-0.062038,-0.203125
1784159150.510217,6,0.432327,-0.023264,-0.191406
1784159150.520225,6,0.432327,-0.011632,-0.199219
1784159150.530225,6,0.432327,-0.034896,-0.199219
1784159150.540225,6,0.432327,-0.015509,-0.199219
1784159150.550227,6,0.432327,-0.003877,-0.203125
1784159150.560225,6,0.432327,-0.031019,-0.199219
1784159150.570225,6,0.432327,-0.038774,-0.199219
1784159150.580226,6,0.432357,0.019387,-0.191406
1784159150.590231,6,0.432357,-0.042651,-0.199219
1784159150.600225,6,0.432327,-0.042651,-0.191406
1784159150.610227,6,0.432357,0.015509,-0.203125
1784159150.620225,6,0.432327,-0.050406,-0.199219
1784159150.630225,6,0.432357,0.019387,-0.199219
1784159150.640226,6,0.432327,-0.042651,-0.199219
1784159150.650227,6,0.432327,-0.054283,-0.207031
1784159150.660228,6,0.432357,0.023264,-0.199219
1784159150.670227,6,0.432327,-0.042651,-0.199219
1784159150.680232,6,0.432327,-0.038774,-0.203125
1784159150.690227,6,0.432327,-0.038774,-0.203125
1784159150.700229,6,0.432327,-0.034896,-0.199219
1784159150.710232,6,0.432327,-0.015509,-0.191406
1784159150.720228,6,0.432327,-0.007755,-0.199219
1784159150.730222,6,0.432327,-0.019387,-0.199219
1784159150.740228,6,0.432327,-0.069793,-0.199219
1784159150.750232,6,0.432327,-0.027142,-0.199219
1784159150.760231,6,0.432357,0.042651,-0.199219
1784159150.770208,6,0.432327,-0.015509,-0.203125
1784159150.780206,6,0.432327,-0.019387,-0.199219
1784159150.790205,6,0.432296,-0.096934,-0.207031
1784159150.800208,6,0.432357,0.019387,-0.199219
1784159150.810206,6,0.432327,-0.031019,-0.199219
1784159150.820207,6,0.432327,-0.038774,-0.199219
1784159150.830206,6,0.432296,-0.081425,-0.199219
1784159150.840207,6,0.432357,0.019387,-0.199219
1784159150.850305,6,0.432327,0.000000,-0.191406
1784159150.860199,6,0.432357,0.031019,-0.203125
1784159150.870199,6,0.432327,-0.038774,-0.203125
1784159150.880208,6,0.432327,-0.042651,-0.203125
1784159150.890201,6,0.432357,0.023264,-0.199219
1784159150.900201,6,0.432327,-0.042651,-0.203125
1784159150.910202,6,0.432327,-0.038774,-0.199219
1784159150.920204,6,0.432296,-0.073670,-0.203125
1784159150.930200,6,0.432357,0.019387,-0.207031
1784159150.940200,6,0.432327,-0.034896,-0.207031
1784159150.950214,6,0.432357,0.027142,-0.199219
1784159150.960202,6,0.432327,-0.015509,-0.199219
1784159150.970202,6,0.432357,-0.031019,-0.203125
1784159150.980207,6,0.432327,-0.027142,-0.191406
1784159150.990205,6,0.432357,0.015509,-0.203125
1784159151.000201,6,0.432327,-0.019387,-0.199219
1784159151.010202,6,0.432296,-0.081425,-0.199219
1784159151.020288,6,0.432327,-0.038774,-0.203125
1784159151.030205,6,0.432327,-0.031019,-0.199219
1784159151.040180,6,0.432327,-0.023264,-0.203125
1784159151.050180,6,0.432296,-0.093057,-0.203125
1784159151.060182,6,0.432327,-0.031019,-0.199219
1784159151.070182,6,0.432357,0.034896,-0.199219
1784159151.080182,6,0.432327,-0.019387,-0.199219
1784159151.090188,6,0.432327,-0.019387,-0.199219
1784159151.100187,6,0.432357,0.027142,-0.203125
1784159151.110186,6,0.432327,-0.019387,-0.199219
1784159151.120183,6,0.432327,-0.046528,-0.203125
1784159151.130183,6,0.432357,0.027142,-0.199219
1784159151.140187,6,0.432327,-0.038774,-0.203125
1784159151.150185,6,0.432327,-0.034896,-0.207031
1784159151.160187,6,0.432357,0.019387,-0.191406
1784159151.170194,6,0.432357,0.019387,-0.199219
1784159151.180192,6,0.432327,-0.038774,-0.203125
1784159151.190185,6,0.432327,-0.038774,-0.203125
1784159151.200284,6,0.432327,-0.027142,-0.199219
1784159151.210185,6,0.432357,0.027142,-0.199219
1784159151.220184,6,0.432327,-0.019387,-0.191406
1784159151.230190,6,0.432327,0.000000,-0.199219
1784159151.240183,6,0.432327,-0.011632,-0.199219
1784159151.250185,6,0.432357,0.038774,-0.191406
1784159151.260288,6,0.432327,-0.015509,-0.199219
1784159151.270275,6,0.432327,-0.003877,-0.203125
1784159151.280189,6,0.432327,-0.011632,-0.199219
1784159151.290185,6,0.432327,0.000000,-0.199219
1784159151.300190,6,0.432327,-0.027142,-0.199219
1784159151.310186,6,0.432327,-0.038774,-0.207031
1784159151.320170,6,0.432357,0.042651,-0.207031
1784159151.330167,6,0.432327,-0.023264,-0.203125
1784159151.340168,6,0.432327,-0.023264,-0.203125
1784159151.350171,6,0.432327,-0.031019,-0.203125
1784159151.360167,6,0.432357,0.042651,-0.203125
1784159151.370168,6,0.432327,-0.027142,-0.191406
1784159151.380169,6,0.432327,-0.023264,-0.199219
1784159151.390167,6,0.432327,-0.031019,-0.199219
1784159151.400169,6,0.432357,0.019387,-0.191406
1784159151.410170,6,0.432327,-0.038774,-0.203125
1784159151.420167,6,0.432327,0.023264,-0.207031
1784159151.430168,6,0.432357,0.027142,-0.203125
1784159151.440170,6,0.432357,0.019387,-0.207031
1784159151.450170,6,0.432327,-0.019387,-0.203125
1784159151.460173,6,0.432357,0.034896,-0.203125
1784159151.470272,6,0.432296,-0.093057,-0.203125
1784159151.480277,6,0.432296,-0.058161,-0.199219
1784159151.490222,6,0.432357,0.019387,-0.203125
1784159151.500174,6,0.432327,-0.027142,-0.199219
1784159151.510167,6,0.432327,-0.038774,-0.199219
1784159151.520168,6,0.432327,-0.046528,-0.199219
1784159151.530168,6,0.432327,-0.027142,-0.191406
1784159151.540167,6,0.432296,-0.073670,-0.191406
1784159151.550167,6,0.432357,0.031019,-0.203125
1784159151.560168,6,0.432327,-0.031019,-0.199219
1784159151.570167,6,0.432357,0.042651,-0.191406
1784159151.580168,6,0.432327,-0.011632,-0.199219
1784159151.590156,6,0.432327,-0.015509,-0.199219
1784159151.600150,6,0.432327,-0.038774,-0.203125
1784159151.610157,6,0.432327,-0.007755,-0.199219
1784159151.620154,6,0.432327,-0.011632,-0.199219
1784159151.630157,6,0.432327,-0.007755,-0.199219
1784159151.640149,6,0.432357,0.019387,-0.199219
1784159151.650149,6,0.432327,-0.031019,-0.203125
1784159151.660150,6,0.432296,-0.077547,-0.203125
1784159151.670151,6,0.432327,-0.019387,-0.203125
1784159151.680151,6,0.432327,-0.034896,-0.207031
1784159151.690152,6,0.432357,-0.031019,-0.203125
1784159151.700151,6,0.432357,-0.038774,-0.199219
1784159151.710150,6,0.432357,0.019387,-0.203125
1784159151.720153,6,0.432357,0.015509,-0.199219
1784159151.730155,6,0.432357,0.019387,-0.199219
1784159151.740153,6,0.432327,-0.038774,-0.207031
1784159151.750151,6,0.432327,-0.027142,-0.199219
1784159151.760158,6,0.432357,0.023264,-0.199219
1784159151.770150,6,0.432296,-0.077547,-0.191406
1784159151.780152,6,0.432327,-0.038774,-0.199219
1784159151.790163,6,0.432296,-0.069793,-0.199219
1784159151.800158,6,0.432357,0.042651,-0.199219
1784159151.810242,6,0.432327,-0.031019,-0.191406
1784159151.820152,6,0.432327,-0.011632,-0.199219
1784159151.830155,6,0.432327,-0.003877,-0.203125
1784159151.840130,6,0.432327,-0.027142,-0.203125
1784159151.850142,6,0.432327,-0.034896,-0.203125
1784159151.860130,6,0.432327,-0.038774,-0.207031
1784159151.870129,6,0.432327,-0.015509,-0.199219
1784159151.880143,6,0.432327,-0.011632,-0.199219
1784159151.890130,6,0.432327,-0.038774,-0.203125
1784159151.900129,6,0.432327,-0.034896,-0.199219
1784159151.910128,6,0.432357,0.023264,-0.199219
1784159151.920132,6,0.432327,-0.042651,-0.199219
1784159151.930131,6,0.432327,-0.019387,-0.199219
1784159151.940139,6,0.432327,-0.015509,-0.199219
1784159151.950130,6,0.432327,-0.031019,-0.199219
1784159151.960130,6,0.432357,0.023264,-0.199219
1784159151.970131,6,0.432327,-0.034896,-0.203125
1784159151.980131,6,0.432327,-0.038774,-0.203125
1784159151.990130,6,0.432357,0.019387,-0.199219
1784159152.000130,6,0.432327,0.000000,-0.199219
1784159152.010131,6,0.432327,-0.034896,-0.203125
1784159152.020132,6,0.432357,0.027142,-0.199219
1784159152.030139,6,0.432296,-0.085302,-0.199219
1784159152.040131,6,0.432327,-0.085302,-0.191406
1784159152.050132,6,0.432327,-0.038774,-0.199219
1784159152.060151,6,0.432327,-0.023264,-0.199219
1784159152.070136,6,0.432296,-0.062038,-0.199219
1784159152.080132,6,0.432327,-0.003877,-0.191406
1784159152.090132,6,0.432357,0.046528,-0.191406
1784159152.100135,6,0.432327,-0.023264,-0.199219
1784159152.110132,6,0.432296,-0.062038,-0.199219
1784159152.120133,6,0.432327,-0.023264,-0.207031
1784159152.130169,6,0.432296,-0.050406,-0.203125
1784159152.140194,6,0.432327,0.000000,-0.199219
1784159152.150111,6,0.432296,-0.054283,-0.199219
1784159152.160110,6,0.432357,0.046528,-0.203125
1784159152.170117,6,0.432327,-0.003877,-0.199219
1784159152.180122,6,0.432327,-0.015509,-0.199219
1784159152.190114,6,0.432327,-0.031019,-0.207031
1784159152.200111,6,0.432296,-0.085302,-0.199219
1784159152.210117,6,0.432327,-0.007755,-0.199219
1784159152.220114,6,0.432327,-0.034896,-0.199219
1784159152.230116,6,0.432296,-0.093057,-0.203125
1784159152.240115,6,0.432327,-0.034896,-0.191406
1784159152.250112,6,0.432327,-0.038774,-0.199219
1784159152.260111,6,0.432327,-0.042651,-0.199219
1784159152.270113,6,0.432327,-0.034896,-0.199219
1784159152.280116,6,0.432327,0.034896,-0.203125
1784159152.290119,6,0.432327,-0.027142,-0.203125
1784159152.300112,6,0.432327,-0.031019,-0.199219
1784159152.310120,6,0.432327,-0.019387,-0.191406
1784159152.320124,6,0.432357,0.019387,-0.199219
1784159152.330117,6,0.432296,-0.073670,-0.203125
1784159152.340116,6,0.432327,-0.015509,-0.191406
1784159152.350122,6,0.432327,-0.019387,-0.199219
1784159152.360113,6,0.432327,0.000000,-0.199219
1784159152.370113,6,0.432327,-0.023264,-0.191406
1784159152.380112,6,0.432296,-0.058161,-0.203125
1784159152.390119,6,0.432296,-0.046528,-0.199219
1784159152.400099,6,0.432327,-0.007755,-0.199219
1784159152.410093,6,0.432327,0.000000,-0.199219
1784159152.420093,6,0.432296,-0.058161,-0.199219
1784159152.430093,6,0.432327,-0.011632,-0.207031
1784159152.440092,6,0.432327,-0.003877,-0.199219
1784159152.450097,6,0.432327,-0.007755,-0.199219
1784159152.460092,6,0.432327,0.000000,-0.191406
1784159152.470093,6,0.432327,-0.007755,-0.191406
1784159152.480094,6,0.432327,-0.023264,-0.199219
1784159152.490093,6,0.432327,-0.034896,-0.199219
1784159152.500096,6,0.432327,-0.015509,-0.199219
1784159152.510099,6,0.432327,-0.038774,-0.207031
1784159152.520100,6,0.432327,-0.027142,-0.199219
1784159152.530096,6,0.432357,0.027142,-0.203125
1784159152.540097,6,0.432327,-0.038774,-0.199219
1784159152.550096,6,0.432357,0.042651,-0.199219
1784159152.560096,6,0.432327,-0.011632,-0.199219
1784159152.570096,6,0.432296,-0.073670,-0.199219
1784159152.580095,6,0.432327,-0.038774,-0.191406
1784159152.590097,6,0.432296,-0.089180,-0.199219
1784159152.600095,6,0.432327,-0.034896,-0.203125
1784159152.610107,6,0.432296,-0.077547,-0.199219
1784159152.620097,6,0.432327,-0.003877,-0.203125
1784159152.630098,6,0.432327,0.000000,-0.199219
1784159152.640095,6,0.432327,-0.065915,-0.203125
1784159152.650094,6,0.432327,-0.034896,-0.203125
1784159152.660094,6,0.432327,-0.011632,-0.203125
1784159152.670104,6,0.432327,-0.019387,-0.191406
1784159152.680100,6,0.432296,-0.089180,-0.191406
1784159152.690087,6,0.432357,0.034896,-0.199219
1784159152.700075,6,0.432357,0.038774,-0.199219
1784159152.710075,6,0.432327,-0.003877,-0.199219
1784159152.720077,6,0.432296,-0.096934,-0.199219
1784159152.730076,6,0.432327,-0.015509,-0.199219
1784159152.740076,6,0.432357,0.054283,-0.199219
1784159152.750074,6,0.432327,-0.027142,-0.199219
1784159152.760077,6,0.432327,-0.015509,-0.191406
1784159152.770075,6,0.432357,0.019387,-0.199219
1784159152.780077,6,0.432327,-0.038774,-0.199219
1784159152.790075,6,0.432327,-0.034896,-0.191406
1784159152.800075,6,0.432357,0.011632,-0.199219
1784159152.810077,6,0.432357,-0.015509,-0.199219
1784159152.820077,6,0.432327,-0.027142,-0.203125
1784159152.830080,6,0.432327,-0.031019,-0.199219
1784159152.840078,6,0.432266,-0.147340,-0.199219
1784159152.850079,6,0.432327,-0.015509,-0.191406
1784159152.860078,6,0.432327,-0.023264,-0.199219
1784159152.870076,6,0.432296,-0.085302,-0.191406
1784159152.880082,6,0.432296,-0.073670,-0.203125
1784159152.890076,6,0.432357,0.050406,-0.199219
1784159152.900078,6,0.432327,0.000000,-0.199219
1784159152.910078,6,0.432357,0.054283,-0.199219
1784159152.920079,6,0.432327,0.000000,-0.203125
1784159152.930083,6,0.432327,-0.015509,-0.199219
1784159152.940079,6,0.432296,-0.062038,-0.191406
1784159152.950077,6,0.432327,-0.027142,-0.199219
1784159152.960059,6,0.432296,-0.062038,-0.199219
1784159152.970058,6,0.432327,0.000000,-0.203125
1784159152.980060,6,0.432296,-0.073670,-0.203125
1784159152.990058,6,0.432327,-0.003877,-0.199219
1784159153.000060,6,0.432327,0.000000,-0.199219
1784159153.010058,6,0.432296,-0.027142,-0.203125
1784159153.020058,6,0.432327,-0.019387,-0.199219
1784159153.030061,6,0.432266,-0.143463,-0.203125
1784159153.040060,6,0.432357,0.038774,-0.207031
1784159153.050056,6,0.432327,-0.027142,-0.199219
1784159153.060058,6,0.432327,-0.011632,-0.191406
1784159153.070061,6,0.432327,-0.034896,-0.199219
1784159153.080070,6,0.432327,-0.007755,-0.199219
1784159153.090060,6,0.432327,-0.019387,-0.199219
1784159153.100061,6,0.432327,-0.031019,-0.199219
1784159153.110060,6,0.432327,-0.019387,-0.199219
1784159153.120060,6,0.432327,-0.027142,-0.191406
1784159153.130061,6,0.432327,-0.034896,-0.199219
1784159153.140057,6,0.432327,-0.038774,-0.199219
1784159153.150068,6,0.432296,-0.073670,-0.203125
1784159153.160067,6,0.432327,0.000000,-0.207031
1784159153.170063,6,0.432296,-0.069793,-0.207031
1784159153.180046,6,0.432357,0.050406,-0.199219
1784159153.190062,6,0.432357,-0.015509,-0.191406
1784159153.200064,6,0.432327,0.007755,-0.199219
1784159153.210044,6,0.432327,-0.073670,-0.203125
1784159153.220048,6,0.432357,0.058161,-0.207031
1784159153.230047,6,0.432327,-0.023264,-0.199219
1784159153.240042,6,0.432327,-0.003877,-0.199219
1784159153.250042,6,0.432327,-0.011632,-0.203125
1784159153.260049,6,0.432327,-0.050406,-0.199219
1784159153.270130,6,0.432296,-0.062038,-0.203125
1784159153.280042,6,0.432296,-0.069793,-0.191406
1784159153.290040,6,0.432357,0.042651,-0.199219
1784159153.300041,6,0.432327,-0.011632,-0.199219
1784159153.310044,6,0.432357,0.038774,-0.203125
1784159153.320044,6,0.432357,0.034896,-0.203125
1784159153.330045,6,0.432327,-0.019387,-0.199219
1784159153.340042,6,0.432327,-0.015509,-0.203125
1784159153.350047,6,0.432357,0.042651,-0.199219
1784159153.360044,6,0.432357,0.046528,-0.199219
1784159153.370047,6,0.432327,-0.003877,-0.203125
1784159153.380045,6,0.432327,-0.003877,-0.199219
1784159153.390045,6,0.432327,-0.015509,-0.203125
1784159153.400045,6,0.432296,-0.069793,-0.191406
1784159153.410042,6,0.432327,-0.007755,-0.203125
1784159153.420045,6,0.432327,-0.003877,-0.191406
1784159153.430055,6,0.432327,-0.015509,-0.199219
1784159153.440045,6,0.432327,-0.015509,-0.199219
1784159153.450044,6,0.432327,-0.019387,-0.199219
1784159153.460042,6,0.432327,-0.023264,-0.199219
1784159153.470042,6,0.432327,-0.011632,-0.199219
1784159153.480024,6,0.432327,0.000000,-0.199219
1784159153.490026,6,0.432327,-0.023264,-0.199219
1784159153.500021,6,0.432357,0.015509,-0.199219
1784159153.510025,6,0.432327,-0.023264,-0.199219
1784159153.520024,6,0.432327,-0.007755,-0.199219
1784159153.530030,6,0.432327,-0.019387,-0.199219
1784159153.540033,6,0.432296,-0.077547,-0.199219
1784159153.550026,6,0.432327,-0.027142,-0.199219
1784159153.560022,6,0.432296,-0.062038,-0.199219
1784159153.570022,6,0.432327,-0.027142,-0.191406
1784159153.580022,6,0.432327,-0.019387,-0.199219
1784159153.590032,6,0.432327,-0.038774,-0.199219
1784159153.600029,6,0.432327,-0.069793,-0.199219
1784159153.610027,6,0.432327,-0.003877,-0.191406
1784159153.620022,6,0.432327,-0.019387,-0.207031
1784159153.630025,6,0.432296,-0.073670,-0.199219
1784159153.640023,6,0.432327,-0.003877,-0.199219
1784159153.650023,6,0.432296,-0.081425,-0.203125
1784159153.660029,6,0.432327,-0.027142,-0.191406
1784159153.670026,6,0.432357,0.034896,-0.199219
1784159153.680022,6,0.432327,-0.015509,-0.203125
1784159153.690023,6,0.432357,0.034896,-0.199219
1784159153.700025,6,0.432327,-0.023264,-0.207031
1784159153.710023,6,0.432327,-0.027142,-0.203125
1784159153.720024,6,0.432327,-0.027142,-0.191406
1784159153.730023,6,0.432327,-0.007755,-0.203125
1784159153.740027,6,0.432327,-0.003877,-0.199219
1784159153.750029,6,0.432327,-0.007755,-0.199219
1784159153.760011,6,0.432327,-0.034896,-0.199219
1784159153.770030,6,0.432327,-0.038774,-0.191406
1784159153.780035,6,0.432327,-0.027142,-0.199219
1784159153.790013,6,0.432296,-0.085302,-0.203125
1784159153.800006,6,0.432357,0.050406,-0.199219
1784159153.810013,6,0.432296,-0.065915,-0.199219
1784159153.820026,6,0.432327,-0.027142,-0.199219
1784159153.830008,6,0.432327,-0.023264,-0.207031
1784159153.840112,6,0.432327,-0.003877,-0.199219
1784159153.850010,6,0.432327,-0.023264,-0.191406
1784159153.860082,6,0.432327,-0.027142,-0.199219
1784159153.870080,6,0.432296,-0.093057,-0.199219
1784159153.880079,6,0.432327,-0.031019,-0.199219
1784159153.890016,6,0.432327,-0.031019,-0.199219
1784159153.900013,6,0.432296,-0.069793,-0.191406
1784159153.910013,6,0.432327,-0.015509,-0.207031
1784159153.920016,6,0.432327,-0.027142,-0.199219
1784159153.930017,6,0.432327,-0.027142,-0.203125
1784159153.940016,6,0.432296,-0.069793,-0.207031
1784159153.950013,6,0.432357,0.046528,-0.199219
1784159153.960018,6,0.432327,-0.011632,-0.191406
1784159153.970016,6,0.432327,-0.011632,-0.207031
1784159153.980015,6,0.432327,-0.023264,-0.199219
1784159153.990015,6,0.432327,-0.015509,-0.199219
1784159154.000015,6,0.432357,0.050406,-0.199219
1784159154.009998,6,0.432296,-0.073670,-0.199219
1784159154.020046,6,0.432327,-0.027142,-0.199219
1784159154.030005,6,0.432296,-0.077547,-0.191406
1784159154.040014,6,0.432327,-0.007755,-0.199219
1784159154.049995,6,0.432357,-0.023264,-0.199219
1784159154.059995,6,0.432327,-0.031019,-0.203125
1784159154.069993,6,0.432327,-0.003877,-0.199219
1784159154.079991,6,0.432327,-0.031019,-0.207031
1784159154.089996,6,0.432327,-0.038774,-0.199219
1784159154.099995,6,0.432296,-0.065915,-0.199219
1784159154.109995,6,0.432327,-0.031019,-0.203125
1784159154.119993,6,0.432327,-0.003877,-0.199219
1784159154.130009,6,0.432327,-0.011632,-0.199219
1784159154.139994,6,0.432327,-0.003877,-0.199219
1784159154.149989,6,0.432357,0.038774,-0.199219
1784159154.160089,6,0.432327,-0.042651,-0.199219
1784159154.169992,6,0.432327,-0.023264,-0.203125
1784159154.179996,6,0.432357,0.038774,-0.199219
1784159154.189996,6,0.432327,-0.003877,-0.199219
1784159154.200179,6,0.432357,0.031019,-0.203125
1784159154.209991,6,0.432327,-0.031019,-0.199219
1784159154.223996,6,0.432327,-0.038774,-0.199219
1784159154.232000,6,0.432327,-0.034896,-0.199219
1784159154.240108,6,0.432327,-0.019387,-0.203125
1784159154.249988,6,0.432327,-0.027142,-0.191406
1784159154.259990,6,0.432327,0.000000,-0.199219
1784159154.269991,6,0.432357,-0.027142,-0.199219
1784159154.280013,6,0.432327,-0.007755,-0.199219
1784159154.289991,6,0.432327,-0.034896,-0.191406
1784159154.300084,6,0.432327,0.003877,-0.203125
1784159154.309990,6,0.432327,-0.007755,-0.199219
1784159154.319998,6,0.432327,-0.038774,-0.203125
1784159154.329977,6,0.432296,-0.007755,-0.207031
1784159154.339978,6,0.432327,-0.007755,-0.203125
1784159154.349977,6,0.432327,-0.023264,-0.199219
1784159154.360087,6,0.432327,-0.015509,-0.199219
1784159154.369966,6,0.432327,0.000000,-0.199219
1784159154.379972,6,0.432357,-0.019387,-0.203125
1784159154.389971,6,0.432327,-0.027142,-0.199219
1784159154.400081,6,0.432327,-0.027142,-0.203125
1784159154.409977,6,0.432296,-0.073670,-0.207031
1784159154.420091,6,0.432327,-0.027142,-0.203125
1784159154.430056,6,0.432296,-0.007755,-0.207031
1784159154.440073,6,0.432327,-0.003877,-0.199219
1784159154.449981,6,0.432357,0.050406,-0.191406
1784159154.459973,6,0.432327,-0.038774,-0.203125
1784159154.469981,6,0.432327,-0.027142,-0.203125
1784159154.479968,6,0.432296,-0.085302,-0.199219
1784159154.490090,6,0.432327,-0.023264,-0.199219
1784159154.500048,6,0.432327,-0.023264,-0.199219
1784159154.509981,6,0.432327,-0.003877,-0.199219
1784159154.519978,6,0.432327,-0.034896,-0.199219
1784159154.529999,6,0.432296,-0.058161,-0.203125
1784159154.539981,6,0.432357,0.023264,-0.203125
1784159154.549981,6,0.432327,-0.003877,-0.199219
1784159154.560073,6,0.432296,-0.062038,-0.199219
1784159154.569983,6,0.432357,0.031019,-0.207031
1784159154.579980,6,0.432296,-0.069793,-0.199219
1784159154.589982,6,0.432327,-0.011632,-0.199219
1784159154.599961,6,0.432327,-0.007755,-0.191406
1784159154.610084,6,0.432327,-0.027142,-0.199219
1784159154.620044,6,0.432327,-0.011632,-0.191406
1784159154.629960,6,0.432327,-0.023264,-0.203125
1784159154.639964,6,0.432296,-0.093057,-0.207031
1784159154.649966,6,0.432296,-0.058161,-0.191406
1784159154.659960,6,0.432327,-0.019387,-0.203125
1784159154.669961,6,0.432327,-0.019387,-0.203125
1784159154.679953,6,0.432327,-0.011632,-0.199219
1784159154.689968,6,0.432357,-0.011632,-0.199219
1784159154.699963,6,0.432357,0.031019,-0.199219
1784159154.709964,6,0.432327,-0.019387,-0.199219
1784159154.719968,6,0.432327,-0.019387,-0.191406
1784159154.729963,6,0.432327,-0.019387,-0.191406
1784159154.739962,6,0.432327,-0.023264,-0.199219
1784159154.749961,6,0.432357,0.042651,-0.199219
1784159154.759950,6,0.432327,-0.007755,-0.203125
1784159154.769959,6,0.432327,-0.011632,-0.199219
1784159154.779953,6,0.432327,-0.034896,-0.203125
1784159154.789950,6,0.432327,-0.011632,-0.191406
1784159154.799952,6,0.432296,-0.011632,-0.199219
1784159154.810036,6,0.432327,-0.027142,-0.199219
1784159154.819950,6,0.432327,-0.034896,-0.203125
1784159154.829952,6,0.432327,-0.031019,-0.199219
1784159154.839936,6,0.432327,-0.011632,-0.199219
1784159154.849946,6,0.432327,-0.019387,-0.203125
1784159154.859936,6,0.432327,0.000000,-0.199219
1784159154.869962,6,0.432327,-0.003877,-0.199219
1784159154.880038,6,0.432327,-0.023264,-0.199219
1784159154.889938,6,0.432357,0.027142,-0.203125
1784159154.899935,6,0.432357,0.054283,-0.199219
1784159154.909933,6,0.432327,-0.027142,-0.207031
1784159154.919939,6,0.432327,-0.027142,-0.199219
1784159154.929935,6,0.432327,-0.023264,-0.191406
1784159154.939936,6,0.432327,-0.007755,-0.199219
1784159154.949935,6,0.432296,-0.073670,-0.199219
1784159154.959939,6,0.432296,-0.085302,-0.199219
1784159154.969935,6,0.432296,-0.073670,-0.203125
1784159154.979936,6,0.432357,-0.034896,-0.203125
1784159154.989933,6,0.432357,0.034896,-0.203125
1784159154.999938,6,0.432296,-0.077547,-0.203125
1784159155.009938,6,0.432327,0.000000,-0.199219
1784159155.019934,6,0.432296,-0.062038,-0.203125
1784159155.029938,6,0.432327,0.050406,-0.199219
1784159155.039936,6,0.432327,-0.019387,-0.199219
1784159155.049940,6,0.432327,-0.011632,-0.199219
1784159155.059937,6,0.432296,-0.058161,-0.199219
1784159155.069933,6,0.432327,-0.011632,-0.199219
1784159155.079936,6,0.432327,-0.015509,-0.203125
1784159155.089934,6,0.432357,0.054283,-0.199219
1784159155.099938,6,0.432327,0.000000,-0.199219
1784159155.109940,6,0.432327,0.000000,-0.203125
1784159155.119916,6,0.432327,0.000000,-0.191406
1784159155.129916,6,0.432357,0.054283,-0.199219
1784159155.139917,6,0.432296,-0.069793,-0.203125
1784159155.149913,6,0.432327,-0.019387,-0.191406
1784159155.159922,6,0.432327,-0.019387,-0.199219
1784159155.169916,6,0.432327,-0.015509,-0.199219
1784159155.179922,6,0.432327,-0.027142,-0.199219
1784159155.189917,6,0.432327,-0.011632,-0.203125
1784159155.199919,6,0.432327,-0.003877,-0.191406
1784159155.209915,6,0.432296,-0.003877,-0.199219
1784159155.219914,6,0.432327,-0.011632,-0.203125
1784159155.229918,6,0.432327,-0.011632,-0.203125
1784159155.239914,6,0.432357,0.042651,-0.203125
1784159155.249919,6,0.432327,-0.023264,-0.199219
1784159155.259918,6,0.432357,0.034896,-0.199219
1784159155.269917,6,0.432327,-0.015509,-0.191406
1784159155.280028,6,0.432296,-0.062038,-0.199219
1784159155.289917,6,0.432296,-0.054283,-0.203125
1784159155.299915,6,0.432327,0.003877,-0.199219
1784159155.309916,6,0.432327,-0.011632,-0.199219
1784159155.319915,6,0.432327,-0.015509,-0.199219
1784159155.329916,6,0.432327,-0.011632,-0.203125
1784159155.339923,6,0.432327,-0.007755,-0.199219
1784159155.349918,6,0.432327,-0.007755,-0.191406
1784159155.359918,6,0.432296,-0.062038,-0.199219
1784159155.369917,6,0.432296,-0.062038,-0.191406
1784159155.379918,6,0.432327,0.000000,-0.191406
1784159155.389916,6,0.432327,-0.015509,-0.199219
1784159155.399915,6,0.432327,0.000000,-0.199219
1784159155.409897,6,0.432327,0.003877,-0.203125
1784159155.419895,6,0.432327,0.000000,-0.203125
1784159155.429898,6,0.432327,-0.015509,-0.207031
1784159155.439898,6,0.432327,0.007755,-0.199219
1784159155.449898,6,0.432327,-0.007755,-0.191406
1784159155.459896,6,0.432296,-0.065915,-0.199219
1784159155.469897,6,0.432327,-0.011632,-0.199219
1784159155.479896,6,0.432327,-0.003877,-0.199219
1784159155.489902,6,0.432327,0.007755,-0.203125
1784159155.499900,6,0.432327,0.034896,-0.203125
1784159155.509900,6,0.432327,-0.015509,-0.191406
1784159155.519899,6,0.432327,-0.031019,-0.199219
1784159155.529900,6,0.432327,0.000000,-0.199219
1784159155.539899,6,0.432327,0.003877,-0.199219
1784159155.549901,6,0.432327,-0.081425,-0.203125
1784159155.559900,6,0.432327,-0.027142,-0.203125
1784159155.569903,6,0.432327,0.000000,-0.199219
1784159155.579902,6,0.432296,-0.062038,-0.199219
1784159155.589905,6,0.432327,-0.027142,-0.199219
1784159155.599900,6,0.432327,-0.019387,-0.203125
1784159155.609903,6,0.432357,0.038774,-0.199219
1784159155.619905,6,0.432327,0.003877,-0.199219
1784159155.629903,6,0.432296,-0.065915,-0.199219
1784159155.639975,6,0.432266,-0.135708,-0.203125
1784159155.649968,6,0.432327,-0.011632,-0.203125
1784159155.659900,6,0.432296,-0.069793,-0.191406
1784159155.669901,6,0.432296,-0.058161,-0.203125
1784159155.679901,6,0.432327,-0.011632,-0.203125
1784159155.689880,6,0.432327,-0.011632,-0.199219
1784159155.699880,6,0.432327,-0.011632,-0.203125
1784159155.709883,6,0.432327,-0.011632,-0.199219
1784159155.719880,6,0.432327,-0.023264,-0.199219
1784159155.729890,6,0.432327,-0.023264,-0.207031
1784159155.739881,6,0.432327,-0.038774,-0.187500
1784159155.749879,6,0.432327,-0.011632,-0.199219
1784159155.759885,6,0.432327,-0.003877,-0.191406
1784159155.769881,6,0.432327,-0.023264,-0.199219
1784159155.779882,6,0.432327,-0.007755,-0.199219
1784159155.789880,6,0.432296,0.000000,-0.199219
1784159155.799881,6,0.432296,-0.073670,-0.203125
1784159155.809884,6,0.432327,-0.003877,-0.207031
1784159155.819885,6,0.432296,-0.065915,-0.191406
1784159155.829887,6,0.432296,-0.050406,-0.203125
1784159155.839881,6,0.432327,-0.007755,-0.199219
1784159155.849881,6,0.432327,0.003877,-0.199219
1784159155.859884,6,0.432296,-0.054283,-0.203125
1784159155.869885,6,0.432327,-0.015509,-0.203125
1784159155.879883,6,0.432327,0.000000,-0.203125
1784159155.889882,6,0.432327,-0.007755,-0.199219
1784159155.899883,6,0.432327,0.000000,-0.199219
1784159155.909884,6,0.432327,-0.003877,-0.199219
1784159155.919883,6,0.432327,-0.011632,-0.203125
1784159155.929883,6,0.432327,-0.019387,-0.203125
1784159155.939884,6,0.432327,-0.003877,-0.199219
1784159155.949888,6,0.432296,-0.034896,-0.203125
1784159155.959888,6,0.432296,-0.062038,-0.203125
1784159155.969863,6,0.432327,-0.058161,-0.191406
1784159155.979863,6,0.432327,-0.003877,-0.203125
1784159155.989862,6,0.432327,0.011632,-0.199219
1784159155.999865,6,0.432327,0.000000,-0.191406
1784159156.009870,6,0.432296,-0.042651,-0.203125
1784159156.019866,6,0.432296,0.003877,-0.199219
1784159156.029871,6,0.432296,-0.058161,-0.207031
1784159156.039864,6,0.432327,0.000000,-0.203125
1784159156.049864,6,0.432327,-0.003877,-0.199219
1784159156.059863,6,0.432327,-0.011632,-0.199219
1784159156.069864,6,0.432327,0.000000,-0.203125
1784159156.079863,6,0.432327,-0.003877,-0.199219
1784159156.089868,6,0.432296,-0.058161,-0.199219
1784159156.099867,6,0.432296,-0.062038,-0.203125
1784159156.109865,6,0.432327,0.000000,-0.203125
1784159156.119867,6,0.432327,-0.007755,-0.199219
1784159156.129863,6,0.432357,0.050406,-0.203125
1784159156.139895,6,0.432357,0.054283,-0.191406
1784159156.149871,6,0.432327,-0.003877,-0.199219
1784159156.159932,6,0.432357,0.050406,-0.203125
1784159156.169936,6,0.432327,0.000000,-0.199219
1784159156.179863,6,0.432327,0.000000,-0.199219
1784159156.189928,6,0.432357,0.050406,-0.203125
1784159156.199962,6,0.432327,0.000000,-0.199219
1784159156.209862,6,0.432327,0.000000,-0.199219
1784159156.219864,6,0.432296,-0.058161,-0.199219
1784159156.229861,6,0.432327,-0.003877,-0.203125
1784159156.239841,6,0.432327,-0.007755,-0.199219
1784159156.249842,6,0.432327,0.000000,-0.199219
1784159156.259856,6,0.432327,-0.011632,-0.199219
1784159156.269851,6,0.432327,-0.015509,-0.199219
1784159156.279853,6,0.432327,0.000000,-0.199219
1784159156.289849,6,0.432296,-0.062038,-0.203125
1784159156.299842,6,0.432327,-0.007755,-0.199219
1784159156.309844,6,0.432327,-0.011632,-0.199219
1784159156.319854,6,0.432327,0.007755,-0.199219
1784159156.329853,6,0.432296,0.000000,-0.203125
1784159156.339844,6,0.432357,0.058161,-0.203125
1784159156.349846,6,0.432296,-0.050406,-0.203125
1784159156.359843,6,0.432296,-0.046528,-0.203125
1784159156.369848,6,0.432327,0.015509,-0.199219
1784159156.379844,6,0.432327,0.000000,-0.203125
1784159156.389847,6,0.432327,-0.003877,-0.199219
1784159156.399845,6,0.432327,0.000000,-0.199219
1784159156.409844,6,0.432327,-0.007755,-0.199219
1784159156.419850,6,0.432357,0.054283,-0.203125
1784159156.429844,6,0.432327,0.000000,-0.199219
1784159156.439845,6,0.432327,0.003877,-0.199219
1784159156.449845,6,0.432296,-0.062038,-0.199219
1784159156.459851,6,0.432296,-0.065915,-0.199219
1784159156.469851,6,0.432327,0.003877,-0.207031
1784159156.479827,6,0.432327,-0.007755,-0.199219
1784159156.489827,6,0.432296,-0.062038,-0.199219
1784159156.499831,6,0.432296,-0.054283,-0.199219
1784159156.509830,6,0.432357,0.050406,-0.199219
1784159156.519828,6,0.432296,-0.050406,-0.203125
1784159156.529838,6,0.432327,0.000000,-0.191406
1784159156.539830,6,0.432327,0.000000,-0.199219
1784159156.549831,6,0.432296,-0.046528,-0.203125
1784159156.559832,6,0.432327,-0.015509,-0.199219
1784159156.569831,6,0.432327,-0.003877,-0.199219
1784159156.579829,6,0.432327,-0.085302,-0.203125
1784159156.589828,6,0.432296,0.011632,-0.199219
1784159156.599836,6,0.432296,-0.042651,-0.207031
1784159156.609829,6,0.432296,-0.046528,-0.207031
1784159156.619833,6,0.432357,0.058161,-0.199219
1784159156.629829,6,0.432357,0.046528,-0.203125
1784159156.639833,6,0.432327,-0.003877,-0.203125
1784159156.649834,6,0.432296,0.019387,-0.199219
1784159156.659836,6,0.432327,-0.003877,-0.199219
1784159156.669828,6,0.432327,0.011632,-0.199219
1784159156.679831,6,0.432327,-0.007755,-0.191406
1784159156.689830,6,0.432327,0.000000,-0.199219
1784159156.699829,6,0.432327,-0.011632,-0.203125
1784159156.709840,6,0.432296,0.000000,-0.199219
1784159156.719833,6,0.432296,-0.085302,-0.199219
1784159156.729831,6,0.432327,0.007755,-0.203125
1784159156.739837,6,0.432327,-0.015509,-0.207031
1784159156.749810,6,0.432357,0.062038,-0.199219
1784159156.759817,6,0.432327,-0.003877,-0.203125
1784159156.769813,6,0.432357,0.038774,-0.199219
1784159156.779811,6,0.432327,0.000000,-0.203125
1784159156.789814,6,0.432296,-0.062038,-0.199219
1784159156.799808,6,0.432327,-0.011632,-0.199219
1784159156.809811,6,0.432327,-0.015509,-0.203125
1784159156.819810,6,0.432327,-0.003877,-0.199219
1784159156.829813,6,0.432327,-0.023264,-0.199219
1784159156.839811,6,0.432327,-0.007755,-0.199219
1784159156.849812,6,0.432327,0.000000,-0.203125
1784159156.859809,6,0.432296,-0.003877,-0.203125
1784159156.869812,6,0.432296,-0.065915,-0.199219
1784159156.879814,6,0.432266,-0.116321,-0.199219
1784159156.889810,6,0.432357,0.050406,-0.207031
1784159156.899812,6,0.432296,-0.054283,-0.199219
1784159156.909815,6,0.432327,-0.003877,-0.199219
1784159156.919809,6,0.432327,0.003877,-0.199219
1784159156.929812,6,0.432327,-0.003877,-0.203125
1784159156.939813,6,0.432327,-0.003877,-0.207031
1784159156.949816,6,0.432327,0.000000,-0.199219
1784159156.959814,6,0.432327,-0.007755,-0.199219
1784159156.969811,6,0.432357,-0.015509,-0.203125
1784159156.979815,6,0.432327,-0.003877,-0.199219
1784159156.989811,6,0.432327,-0.011632,-0.199219
1784159156.999815,6,0.432327,-0.011632,-0.199219
1784159157.009812,6,0.432327,-0.015509,-0.199219
1784159157.019810,6,0.432357,0.007755,-0.191406
1784159157.029813,6,0.432296,-0.046528,-0.203125
1784159157.039811,6,0.432327,0.000000,-0.191406
1784159157.049789,6,0.432327,-0.003877,-0.203125
1784159157.059789,6,0.432296,-0.054283,-0.199219
1784159157.069800,6,0.432296,-0.046528,-0.191406
1784159157.079791,6,0.432327,0.000000,-0.199219
1784159157.089791,6,0.432327,0.003877,-0.199219
1784159157.099791,6,0.432327,-0.058161,-0.207031
1784159157.109793,6,0.432327,0.000000,-0.199219
1784159157.119790,6,0.432296,-0.062038,-0.199219
1784159157.129795,6,0.432296,-0.069793,-0.199219
1784159157.139792,6,0.432357,0.054283,-0.191406
1784159157.149806,6,0.432327,-0.058161,-0.199219
1784159157.159791,6,0.432296,-0.054283,-0.199219
1784159157.169791,6,0.432327,0.019387,-0.203125
1784159157.179796,6,0.432327,0.019387,-0.203125
1784159157.189792,6,0.432327,0.000000,-0.203125
1784159157.199796,6,0.432327,0.011632,-0.199219
1784159157.209795,6,0.432296,-0.003877,-0.203125
1784159157.219792,6,0.432327,-0.007755,-0.199219
1784159157.229795,6,0.432357,0.054283,-0.207031
1784159157.239797,6,0.432327,0.011632,-0.199219
1784159157.249794,6,0.432327,-0.027142,-0.199219
1784159157.259794,6,0.432296,-0.058161,-0.203125
1784159157.269793,6,0.432296,-0.058161,-0.199219
1784159157.279795,6,0.432296,-0.058161,-0.199219
1784159157.289793,6,0.432296,-0.058161,-0.203125
1784159157.299793,6,0.432327,0.000000,-0.199219
1784159157.309794,6,0.432296,-0.042651,-0.203125
1784159157.319794,6,0.432296,-0.054283,-0.199219
1784159157.329772,6,0.432296,-0.058161,-0.191406
1784159157.339779,6,0.432266,-0.112444,-0.199219
1784159157.349772,6,0.432296,-0.046528,-0.207031
1784159157.359774,6,0.432296,-0.046528,-0.199219
1784159157.369775,6,0.432296,-0.058161,-0.203125
1784159157.379772,6,0.432296,-0.058161,-0.203125
1784159157.389776,6,0.432296,-0.058161,-0.199219
1784159157.399779,6,0.432327,-0.007755,-0.191406
1784159157.409782,6,0.432296,-0.054283,-0.207031
1784159157.419773,6,0.432296,-0.054283,-0.199219
1784159157.429778,6,0.432296,-0.058161,-0.203125
1784159157.439783,6,0.432296,-0.038774,-0.199219
1784159157.449778,6,0.432327,0.000000,-0.207031
1784159157.459774,6,0.432266,-0.093057,-0.203125
1784159157.469773,6,0.432327,0.027142,-0.203125
1784159157.479774,6,0.432327,0.003877,-0.199219
1784159157.489775,6,0.432327,0.007755,-0.207031
1784159157.499774,6,0.432296,-0.038774,-0.199219
1784159157.509775,6,0.432296,-0.042651,-0.191406
1784159157.519773,6,0.432296,-0.058161,-0.203125
1784159157.529775,6,0.432327,0.000000,-0.199219
1784159157.539774,6,0.432327,0.019387,-0.199219
1784159157.549777,6,0.432327,-0.003877,-0.191406
1784159157.559775,6,0.432296,-0.054283,-0.199219
1784159157.569775,6,0.432296,-0.062038,-0.203125
1784159157.579777,6,0.432357,0.050406,-0.199219
1784159157.589778,6,0.432357,0.054283,-0.191406
1784159157.599779,6,0.432327,0.000000,-0.199219
1784159157.609761,6,0.432296,-0.058161,-0.199219
1784159157.619756,6,0.432327,-0.011632,-0.191406
1784159157.629756,6,0.432327,-0.003877,-0.199219
1784159157.639761,6,0.432327,-0.003877,-0.191406
1784159157.649879,6,0.432296,-0.054283,-0.191406
1784159157.659755,6,0.432327,-0.019387,-0.199219
1784159157.669755,6,0.432327,0.000000,-0.203125
1784159157.679755,6,0.432327,0.000000,-0.199219
1784159157.689755,6,0.432327,0.003877,-0.203125
1784159157.699759,6,0.432327,0.000000,-0.199219
1784159157.709764,6,0.432296,-0.054283,-0.199219
1784159157.719758,6,0.432327,0.019387,-0.191406
1784159157.729762,6,0.432296,-0.062038,-0.199219
1784159157.739764,6,0.432327,0.011632,-0.199219
1784159157.749757,6,0.432296,-0.054283,-0.207031
1784159157.759757,6,0.432296,-0.054283,-0.199219
1784159157.769758,6,0.432296,-0.034896,-0.203125
1784159157.779759,6,0.432296,0.054283,-0.191406
1784159157.789757,6,0.432296,-0.054283,-0.199219
1784159157.799760,6,0.432327,0.007755,-0.199219
1784159157.809758,6,0.432327,0.015509,-0.191406
1784159157.819757,6,0.432327,0.000000,-0.207031
1784159157.829757,6,0.432327,0.000000,-0.203125
1784159157.839763,6,0.432327,0.003877,-0.199219
1784159157.849758,6,0.432296,-0.062038,-0.199219
1784159157.859757,6,0.432296,-0.062038,-0.199219
1784159157.869761,6,0.432327,0.003877,-0.199219
1784159157.879743,6,0.432327,0.000000,-0.199219
1784159157.889738,6,0.432327,0.011632,-0.203125
1784159157.899738,6,0.432327,0.003877,-0.203125
1784159157.909738,6,0.432296,-0.054283,-0.203125
1784159157.919740,6,0.432327,-0.003877,-0.199219
1784159157.929747,6,0.432266,-0.104689,-0.199219
1784159157.939738,6,0.432327,-0.050406,-0.203125
1784159157.949742,6,0.432327,0.011632,-0.199219
1784159157.959741,6,0.432327,0.003877,-0.199219
1784159157.969750,6,0.432327,0.003877,-0.191406
1784159157.979750,6,0.432357,0.062038,-0.199219
1784159157.989740,6,0.432327,0.000000,-0.203125
1784159157.999743,6,0.432296,-0.058161,-0.191406
1784159158.009747,6,0.432357,0.054283,-0.203125
1784159158.019747,6,0.432296,-0.042651,-0.203125
1784159158.029738,6,0.432357,0.054283,-0.199219
1784159158.039741,6,0.432296,-0.034896,-0.199219
1784159158.049743,6,0.432296,-0.065915,-0.199219
1784159158.059741,6,0.432327,0.007755,-0.191406
1784159158.069739,6,0.432327,0.000000,-0.199219
1784159158.079741,6,0.432327,0.011632,-0.207031
1784159158.089740,6,0.432296,-0.038774,-0.199219
1784159158.099745,6,0.432327,0.000000,-0.199219
1784159158.109740,6,0.432357,0.054283,-0.199219
1784159158.119722,6,0.432327,0.000000,-0.203125
1784159158.129727,6,0.432327,0.007755,-0.199219
1784159158.139721,6,0.432296,-0.054283,-0.191406
1784159158.149726,6,0.432327,-0.058161,-0.199219
1784159158.159722,6,0.432327,0.007755,-0.203125
1784159158.169724,6,0.432357,0.062038,-0.203125
1784159158.179733,6,0.432327,0.003877,-0.203125
1784159158.189728,6,0.432296,-0.054283,-0.199219
1784159158.199726,6,0.432296,-0.042651,-0.199219
1784159158.209726,6,0.432327,0.000000,-0.207031
1784159158.219722,6,0.432296,-0.046528,-0.199219
1784159158.229725,6,0.432327,0.007755,-0.203125
1784159158.239730,6,0.432296,-0.050406,-0.199219
1784159158.249727,6,0.432327,-0.003877,-0.199219
1784159158.259723,6,0.432296,-0.038774,-0.199219
1784159158.269730,6,0.432296,-0.038774,-0.203125
1784159158.279732,6,0.432327,0.019387,-0.199219
1784159158.289725,6,0.432296,-0.058161,-0.199219
1784159158.299726,6,0.432296,-0.034896,-0.191406
1784159158.309727,6,0.432327,0.015509,-0.203125
1784159158.319726,6,0.432327,0.000000,-0.203125
1784159158.329727,6,0.432296,-0.038774,-0.203125
1784159158.339726,6,0.432296,-0.054283,-0.203125
1784159158.349725,6,0.432296,-0.042651,-0.199219
1784159158.359725,6,0.432266,-0.093057,-0.199219
1784159158.369725,6,0.432296,-0.038774,-0.203125
1784159158.379726,6,0.432327,0.000000,-0.199219
1784159158.389723,6,0.432296,-0.038774,-0.191406
1784159158.399724,6,0.432296,-0.042651,-0.203125
1784159158.409730,6,0.432327,0.003877,-0.207031
1784159158.419702,6,0.432296,-0.042651,-0.207031
1784159158.429702,6,0.432327,0.007755,-0.191406
1784159158.439715,6,0.432296,-0.038774,-0.203125
1784159158.449705,6,0.432266,-0.096934,-0.199219
1784159158.459705,6,0.432296,-0.038774,-0.199219
1784159158.469707,6,0.432327,0.019387,-0.199219
1784159158.479708,6,0.432327,-0.007755,-0.199219
1784159158.489706,6,0.432296,-0.038774,-0.203125
1784159158.499712,6,0.432296,-0.050406,-0.199219
1784159158.509707,6,0.432296,-0.038774,-0.199219
1784159158.519707,6,0.432327,-0.038774,-0.203125
1784159158.529708,6,0.432296,-0.046528,-0.199219
1784159158.539707,6,0.432327,0.019387,-0.203125
1784159158.549707,6,0.432296,-0.050406,-0.199219
1784159158.559707,6,0.432296,-0.038774,-0.199219
1784159158.569709,6,0.432327,0.007755,-0.199219
1784159158.579705,6,0.432327,0.007755,-0.203125
1784159158.589707,6,0.432327,0.000000,-0.199219
1784159158.599706,6,0.432296,-0.050406,-0.203125
1784159158.609708,6,0.432296,-0.038774,-0.199219
1784159158.619704,6,0.432296,-0.038774,-0.203125
1784159158.629706,6,0.432296,-0.050406,-0.199219
1784159158.639707,6,0.432296,-0.050406,-0.191406
1784159158.649704,6,0.432327,0.019387,-0.203125
1784159158.659787,6,0.432327,0.000000,-0.199219
1784159158.669704,6,0.432357,0.065915,-0.199219
1784159158.679709,6,0.432327,0.003877,-0.191406
1784159158.689699,6,0.432327,0.019387,-0.203125
1784159158.699685,6,0.432296,-0.042651,-0.203125
1784159158.709688,6,0.432327,0.015509,-0.199219
1784159158.719683,6,0.432327,0.007755,-0.203125
1784159158.729684,6,0.432296,0.003877,-0.199219
1784159158.739683,6,0.432296,-0.054283,-0.203125
1784159158.749684,6,0.432327,0.003877,-0.203125
1784159158.759683,6,0.432327,0.000000,-0.199219
1784159158.769686,6,0.432327,0.019387,-0.199219
1784159158.779686,6,0.432296,-0.046528,-0.199219
1784159158.789685,6,0.432296,0.007755,-0.199219
1784159158.799687,6,0.432327,0.011632,-0.203125
1784159158.809687,6,0.432327,0.019387,-0.199219
1784159158.819685,6,0.432327,0.011632,-0.199219
1784159158.829688,6,0.432357,0.069793,-0.199219
1784159158.839787,6,0.432296,-0.046528,-0.191406
1784159158.849684,6,0.432266,-0.096934,-0.203125
1784159158.859687,6,0.432296,-0.062038,-0.199219
1784159158.869690,6,0.432296,-0.062038,-0.199219
1784159158.879697,6,0.432266,-0.096934,-0.199219
1784159158.889687,6,0.432296,-0.054283,-0.199219
1784159158.899687,6,0.432327,0.015509,-0.203125
1784159158.909706,6,0.432296,-0.038774,-0.203125
1784159158.919686,6,0.432296,-0.046528,-0.187500
1784159158.929688,6,0.432327,0.003877,-0.203125
1784159158.939686,6,0.432357,0.054283,-0.199219
1784159158.949687,6,0.432327,-0.003877,-0.199219
1784159158.959687,6,0.432327,0.019387,-0.207031
1784159158.969673,6,0.432357,0.054283,-0.203125
1784159158.979670,6,0.432357,-0.046528,-0.199219
1784159158.989672,6,0.432296,-0.058161,-0.191406
1784159158.999669,6,0.432296,-0.038774,-0.203125
1784159159.009669,6,0.432296,-0.031019,-0.207031
1784159159.019667,6,0.432327,0.003877,-0.203125
1784159159.029667,6,0.432327,0.027142,-0.203125
1784159159.039683,6,0.432296,0.000000,-0.203125
1784159159.049669,6,0.432296,-0.019387,-0.199219
1784159159.059667,6,0.432266,-0.096934,-0.199219
1784159159.069671,6,0.432266,-0.096934,-0.207031
1784159159.079670,6,0.432296,-0.054283,-0.199219
1784159159.089669,6,0.432296,-0.038774,-0.203125
1784159159.099756,6,0.432296,-0.054283,-0.207031
1784159159.109671,6,0.432327,-0.003877,-0.207031
1784159159.119668,6,0.432296,-0.031019,-0.207031
1784159159.129669,6,0.432296,-0.038774,-0.199219
1784159159.139672,6,0.432296,-0.042651,-0.199219
1784159159.149672,6,0.432327,-0.054283,-0.207031
1784159159.159674,6,0.432296,-0.042651,-0.203125
1784159159.169677,6,0.432296,-0.069793,-0.203125
1784159159.179669,6,0.432357,0.058161,-0.199219
1784159159.189669,6,0.432296,-0.038774,-0.203125
1784159159.199669,6,0.432296,-0.019387,-0.203125
1784159159.209671,6,0.432327,0.011632,-0.199219
1784159159.219668,6,0.432327,0.003877,-0.199219
1784159159.229671,6,0.432296,-0.058161,-0.191406
1784159159.239668,6,0.432327,0.011632,-0.199219
1784159159.249652,6,0.432296,-0.042651,-0.203125
1784159159.259650,6,0.432327,0.019387,-0.207031
1784159159.269655,6,0.432296,-0.050406,-0.199219
1784159159.279649,6,0.432327,0.019387,-0.207031
1784159159.289649,6,0.432296,-0.042651,-0.199219
1784159159.299742,6,0.432296,-0.058161,-0.203125
1784159159.309652,6,0.432327,0.000000,-0.203125
1784159159.319655,6,0.432327,0.015509,-0.199219
1784159159.329648,6,0.432296,-0.034896,-0.203125
1784159159.339650,6,0.432296,0.019387,-0.199219
1784159159.349655,6,0.432296,-0.038774,-0.199219
1784159159.359649,6,0.432296,-0.042651,-0.207031
1784159159.369652,6,0.432296,-0.046528,-0.199219
1784159159.379654,6,0.432327,0.015509,-0.199219
1784159159.389651,6,0.432296,-0.046528,-0.199219
1784159159.399653,6,0.432327,0.015509,-0.199219
1784159159.409653,6,0.432236,-0.158972,-0.199219
1784159159.419654,6,0.432296,-0.034896,-0.203125
1784159159.429651,6,0.432296,-0.062038,-0.199219
1784159159.439663,6,0.432327,0.007755,-0.191406
1784159159.449677,6,0.432296,-0.046528,-0.199219
1784159159.459656,6,0.432296,-0.031019,-0.199219
1784159159.469653,6,0.432296,-0.054283,-0.207031
1784159159.479652,6,0.432327,0.000000,-0.203125
1784159159.489655,6,0.432296,-0.038774,-0.199219
1784159159.499651,6,0.432266,-0.096934,-0.191406
1784159159.509662,6,0.432327,0.003877,-0.199219
1784159159.519633,6,0.432327,-0.011632,-0.199219
1784159159.529728,6,0.432296,-0.062038,-0.199219
1784159159.539732,6,0.432296,-0.054283,-0.199219
1784159159.549633,6,0.432296,-0.058161,-0.199219
1784159159.559633,6,0.432296,-0.042651,-0.203125
1784159159.569637,6,0.432296,-0.050406,-0.199219
1784159159.579634,6,0.432296,0.019387,-0.207031
1784159159.589635,6,0.432327,0.007755,-0.203125
1784159159.599633,6,0.432327,0.015509,-0.199219
1784159159.609638,6,0.432296,-0.038774,-0.199219
1784159159.619633,6,0.432327,0.019387,-0.199219
1784159159.629642,6,0.432296,-0.038774,-0.199219
1784159159.639631,6,0.432296,-0.046528,-0.199219
1784159159.649636,6,0.432327,0.007755,-0.199219
1784159159.659703,6,0.432327,0.019387,-0.207031
1784159159.669636,6,0.432327,0.007755,-0.203125
1784159159.679640,6,0.432327,0.015509,-0.199219
1784159159.689645,6,0.432327,0.019387,-0.199219
1784159159.699638,6,0.432327,-0.003877,-0.199219
1784159159.709640,6,0.432327,0.019387,-0.199219
1784159159.719635,6,0.432327,0.019387,-0.203125
1784159159.729635,6,0.432327,0.000000,-0.203125
1784159159.739640,6,0.432327,0.000000,-0.199219
1784159159.749635,6,0.432296,-0.054283,-0.203125
1784159159.759639,6,0.432327,0.000000,-0.199219
1784159159.769619,6,0.432296,-0.050406,-0.218750
1784159159.779620,6,0.432327,0.000000,-0.203125
1784159159.789619,6,0.432327,-0.003877,-0.199219
1784159159.799618,6,0.432327,0.000000,-0.199219
1784159159.809623,6,0.432327,0.000000,-0.199219
1784159159.819618,6,0.432327,-0.003877,-0.199219
1784159159.829619,6,0.432296,-0.054283,-0.203125
1784159159.839617,6,0.432327,0.011632,-0.199219
1784159159.849620,6,0.432296,-0.062038,-0.199219
1784159159.859619,6,0.432296,-0.046528,-0.203125
1784159159.869618,6,0.432296,-0.050406,-0.207031
1784159159.879619,6,0.432327,-0.003877,-0.207031
1784159159.889618,6,0.432327,0.003877,-0.203125
1784159159.899617,6,0.432327,0.000000,-0.203125
1784159159.909618,6,0.432296,-0.058161,-0.199219
1784159159.919617,6,0.432327,-0.019387,-0.203125
1784159159.929617,6,0.432296,-0.062038,-0.203125
1784159159.939618,6,0.432327,-0.011632,-0.203125
1784159159.949616,6,0.432296,-0.038774,-0.199219
1784159159.959616,6,0.432327,-0.007755,-0.199219
1784159159.969619,6,0.432327,0.000000,-0.207031
1784159159.979628,6,0.432327,0.000000,-0.199219
1784159159.989625,6,0.432296,-0.046528,-0.191406
1784159159.999625,6,0.432296,0.000000,-0.207031
1784159160.009627,6,0.432327,-0.011632,-0.203125
1784159160.019607,6,0.432327,-0.007755,-0.199219
1784159160.029622,6,0.432296,-0.050406,-0.199219
1784159160.039739,6,0.432296,-0.038774,-0.199219
1784159160.049603,6,0.432296,-0.042651,-0.203125
1784159160.059669,6,0.432327,0.011632,-0.199219
1784159160.069606,6,0.432296,-0.038774,-0.199219
1784159160.079607,6,0.432327,0.011632,-0.199219
1784159160.089605,6,0.432327,0.015509,-0.203125
1784159160.099691,6,0.432327,0.007755,-0.207031
1784159160.109602,6,0.432296,-0.042651,-0.203125
1784159160.119603,6,0.432327,0.011632,-0.203125
1784159160.129600,6,0.432296,-0.050406,-0.203125
1784159160.139606,6,0.432266,-0.085302,-0.199219
1784159160.149600,6,0.432296,-0.038774,-0.199219
1784159160.159605,6,0.432327,0.019387,-0.199219
1784159160.169603,6,0.432327,0.007755,-0.199219
1784159160.179611,6,0.432296,-0.038774,-0.203125
1784159160.189602,6,0.432327,0.015509,-0.199219
1784159160.199605,6,0.432327,0.015509,-0.199219
1784159160.209604,6,0.432327,0.000000,-0.199219
1784159160.219606,6,0.432327,-0.003877,-0.199219
1784159160.229606,6,0.432327,0.007755,-0.199219
1784159160.239675,6,0.432327,0.003877,-0.199219
1784159160.249605,6,0.432327,0.000000,-0.199219
1784159160.259609,6,0.432327,-0.019387,-0.199219
1784159160.269606,6,0.432296,-0.062038,-0.199219
1784159160.279611,6,0.432327,-0.003877,-0.199219
1784159160.289601,6,0.432327,0.003877,-0.203125
1784159160.299608,6,0.432296,-0.058161,-0.199219
1784159160.309606,6,0.432327,0.007755,-0.203125
1784159160.319595,6,0.432327,0.015509,-0.199219
1784159160.329600,6,0.432327,0.003877,-0.199219
1784159160.339580,6,0.432327,0.000000,-0.191406
1784159160.349581,6,0.432296,-0.062038,-0.203125
1784159160.359582,6,0.432327,0.011632,-0.191406
1784159160.369653,6,0.432327,0.019387,-0.203125
1784159160.379664,6,0.432327,0.000000,-0.199219
1784159160.389581,6,0.432327,-0.003877,-0.199219
1784159160.399579,6,0.432296,-0.038774,-0.203125
1784159160.409584,6,0.432296,-0.038774,-0.203125
1784159160.419593,6,0.432327,0.015509,-0.203125
1784159160.429588,6,0.432327,0.015509,-0.191406
1784159160.439589,6,0.432327,0.019387,-0.207031
1784159160.449612,6,0.432296,-0.046528,-0.203125
1784159160.459584,6,0.432296,0.011632,-0.199219
1784159160.469583,6,0.432327,0.031019,-0.199219
1784159160.479588,6,0.432327,0.003877,-0.199219
1784159160.489583,6,0.432357,0.054283,-0.199219
1784159160.499582,6,0.432296,-0.054283,-0.203125
1784159160.509585,6,0.432296,-0.058161,-0.203125
1784159160.519666,6,0.432296,-0.042651,-0.199219
1784159160.529721,6,0.432296,-0.038774,-0.203125
1784159160.539589,6,0.432327,0.007755,-0.203125
1784159160.549591,6,0.432327,0.000000,-0.203125
1784159160.559580,6,0.432327,-0.003877,-0.199219
1784159160.569580,6,0.432327,-0.007755,-0.203125
1784159160.579585,6,0.432296,-0.050406,-0.203125
1784159160.589585,6,0.432327,0.000000,-0.203125
1784159160.599581,6,0.432327,0.000000,-0.199219
1784159160.609568,6,0.432296,-0.062038,-0.199219
1784159160.619575,6,0.432327,0.003877,-0.199219
1784159160.630563,6,0.432296,-0.081425,-0.199219
1784159160.639560,6,0.432266,-0.112444,-0.203125
1784159160.649561,6,0.432296,-0.046528,-0.203125
1784159160.659571,6,0.432296,-0.058161,-0.203125
1784159160.669562,6,0.432357,0.054283,-0.199219
1784159160.679561,6,0.432327,-0.003877,-0.199219
1784159160.689564,6,0.432327,0.000000,-0.199219
1784159160.699563,6,0.432327,0.000000,-0.199219
1784159160.709577,6,0.432327,0.000000,-0.203125
1784159160.719563,6,0.432327,-0.003877,-0.203125
1784159160.729561,6,0.432296,-0.007755,-0.199219
1784159160.739572,6,0.432357,0.050406,-0.203125
1784159160.749562,6,0.432327,-0.007755,-0.203125
1784159160.759560,6,0.432327,0.000000,-0.199219
1784159160.769563,6,0.432327,0.000000,-0.203125
1784159160.779560,6,0.432327,0.000000,-0.199219
1784159160.789563,6,0.432296,-0.054283,-0.191406
1784159160.799580,6,0.432327,-0.011632,-0.207031
1784159160.809571,6,0.432327,0.000000,-0.203125
1784159160.819561,6,0.432296,-0.085302,-0.199219
1784159160.829561,6,0.432296,-0.058161,-0.199219
1784159160.839586,6,0.432296,-0.069793,-0.199219
1784159160.849564,6,0.432357,-0.011632,-0.199219
1784159160.859561,6,0.432327,0.003877,-0.199219
1784159160.869572,6,0.432357,0.027142,-0.203125
1784159160.879564,6,0.432327,-0.007755,-0.199219
1784159160.889542,6,0.432327,0.000000,-0.191406
1784159160.899544,6,0.432327,-0.007755,-0.203125
1784159160.909542,6,0.432296,-0.050406,-0.199219
1784159160.919544,6,0.432296,-0.038774,-0.199219
1784159160.929543,6,0.432327,0.000000,-0.203125
1784159160.939542,6,0.432296,-0.058161,-0.199219
1784159160.949541,6,0.432327,-0.011632,-0.203125
1784159160.959548,6,0.432296,-0.058161,-0.203125
1784159160.969542,6,0.432327,0.011632,-0.199219
1784159160.979542,6,0.432296,-0.038774,-0.199219
1784159160.989544,6,0.432327,0.000000,-0.199219
1784159160.999544,6,0.432327,0.011632,-0.203125
1784159161.009547,6,0.432296,-0.062038,-0.199219
1784159161.019544,6,0.432327,0.003877,-0.199219
1784159161.029545,6,0.432296,-0.050406,-0.203125
1784159161.039548,6,0.432296,0.003877,-0.203125
1784159161.049550,6,0.432296,-0.050406,-0.203125
1784159161.059547,6,0.432327,0.000000,-0.203125
1784159161.069546,6,0.432296,-0.054283,-0.203125
1784159161.079544,6,0.432327,0.000000,-0.199219
1784159161.089543,6,0.432296,-0.042651,-0.203125
1784159161.099545,6,0.432327,0.019387,-0.199219
1784159161.109546,6,0.432327,-0.019387,-0.199219
1784159161.119545,6,0.432327,0.000000,-0.203125
1784159161.129545,6,0.432327,0.003877,-0.199219
1784159161.139546,6,0.432296,-0.054283,-0.199219
1784159161.150666,6,0.432327,0.000000,-0.199219
1784159161.159526,6,0.432327,0.007755,-0.199219
1784159161.169523,6,0.432327,0.000000,-0.207031
1784159161.179523,6,0.432296,-0.038774,-0.199219
1784159161.189526,6,0.432296,-0.031019,-0.199219
1784159161.199523,6,0.432327,0.000000,-0.199219
1784159161.209527,6,0.432327,0.000000,-0.199219
1784159161.219531,6,0.432296,-0.050406,-0.191406
1784159161.229525,6,0.432296,-0.046528,-0.207031
1784159161.239526,6,0.432296,-0.034896,-0.191406
1784159161.249525,6,0.432266,-0.108566,-0.199219
1784159161.259525,6,0.432296,-0.062038,-0.203125
1784159161.269527,6,0.432296,-0.042651,-0.203125
1784159161.279526,6,0.432357,0.050406,-0.207031
1784159161.289529,6,0.432327,-0.003877,-0.199219
1784159161.299525,6,0.432327,0.000000,-0.203125
1784159161.309530,6,0.432296,-0.038774,-0.199219
1784159161.319526,6,0.432327,0.000000,-0.199219
1784159161.329525,6,0.432296,-0.058161,-0.203125
1784159161.339531,6,0.432296,-0.062038,-0.199219
1784159161.349532,6,0.432296,0.003877,-0.199219
1784159161.359529,6,0.432357,0.065915,-0.199219
1784159161.369534,6,0.432296,-0.054283,-0.207031
1784159161.379529,6,0.432327,0.007755,-0.203125
1784159161.389527,6,0.432296,-0.038774,-0.203125
1784159161.399531,6,0.432327,0.000000,-0.203125
1784159161.409513,6,0.432296,-0.046528,-0.199219
1784159161.419510,6,0.432357,0.062038,-0.199219
1784159161.429508,6,0.432327,0.019387,-0.203125
1784159161.439509,6,0.432296,-0.050406,-0.199219
1784159161.449509,6,0.432296,-0.058161,-0.199219
1784159161.459512,6,0.432327,0.003877,-0.203125
1784159161.469510,6,0.432266,-0.096934,-0.199219
1784159161.479509,6,0.432327,0.000000,-0.199219
1784159161.489513,6,0.432327,0.003877,-0.207031
1784159161.500510,6,0.432327,0.007755,-0.203125
1784159161.509511,6,0.432296,-0.038774,-0.203125
1784159161.519514,6,0.432327,0.011632,-0.199219
1784159161.529511,6,0.432296,-0.058161,-0.203125
1784159161.539515,6,0.432296,-0.050406,-0.203125
1784159161.549515,6,0.432327,0.015509,-0.207031
1784159161.559512,6,0.432327,0.003877,-0.203125
1784159161.569514,6,0.432296,-0.042651,-0.199219
1784159161.579513,6,0.432327,-0.038774,-0.203125
1784159161.589513,6,0.432296,-0.031019,-0.199219
1784159161.599514,6,0.432296,-0.054283,-0.199219
1784159161.609514,6,0.432296,-0.054283,-0.203125
1784159161.619550,6,0.432327,0.011632,-0.199219
1784159161.629512,6,0.432327,0.003877,-0.199219
1784159161.639511,6,0.432266,0.003877,-0.199219
1784159161.649512,6,0.432296,-0.046528,-0.199219
1784159161.659516,6,0.432296,-0.058161,-0.199219
1784159161.669510,6,0.432327,0.011632,-0.199219
1784159161.679509,6,0.432327,0.011632,-0.199219
1784159161.689491,6,0.432296,-0.046528,-0.203125
1784159161.699488,6,0.432296,-0.042651,-0.203125
1784159161.709492,6,0.432327,0.019387,-0.199219
1784159161.719489,6,0.432296,-0.038774,-0.203125
1784159161.729489,6,0.432327,0.019387,-0.199219
1784159161.739489,6,0.432296,-0.062038,-0.203125
1784159161.749490,6,0.432296,-0.054283,-0.203125
1784159161.759489,6,0.432327,0.000000,-0.199219
1784159161.769487,6,0.432296,-0.042651,-0.199219
1784159161.779498,6,0.432296,-0.054283,-0.203125
1784159161.789489,6,0.432327,0.015509,-0.199219
1784159161.799490,6,0.432327,-0.003877,-0.203125
1784159161.809501,6,0.432296,-0.054283,-0.199219
1784159161.819488,6,0.432296,-0.058161,-0.199219
1784159161.829494,6,0.432296,-0.069793,-0.199219
1784159161.839489,6,0.432296,-0.065915,-0.199219
1784159161.849492,6,0.432296,-0.054283,-0.199219
1784159161.859494,6,0.432296,-0.058161,-0.203125
1784159161.869493,6,0.432327,0.000000,-0.199219
1784159161.879493,6,0.432296,-0.108566,-0.203125
1784159161.889490,6,0.432357,0.015509,-0.199219
1784159161.899491,6,0.432327,0.007755,-0.191406
1784159161.909490,6,0.432327,0.015509,-0.203125
1784159161.919611,6,0.432357,0.065915,-0.199219
1784159161.929490,6,0.432296,-0.050406,-0.199219
1784159161.939492,6,0.432327,0.000000,-0.199219
1784159161.949492,6,0.432296,-0.046528,-0.199219
1784159161.959472,6,0.432327,-0.062038,-0.199219
1784159161.969471,6,0.432327,-0.007755,-0.199219
1784159161.979475,6,0.432296,-0.038774,-0.199219
1784159161.989471,6,0.432327,0.000000,-0.191406
1784159161.999471,6,0.432327,0.000000,-0.199219
1784159162.009472,6,0.432296,-0.069793,-0.199219
1784159162.019473,6,0.432296,-0.042651,-0.203125
1784159162.029488,6,0.432296,-0.065915,-0.203125
1784159162.039474,6,0.432296,-0.062038,-0.191406
1784159162.049471,6,0.432327,0.015509,-0.191406
1784159162.059472,6,0.432266,-0.093057,-0.203125
1784159162.069543,6,0.432296,-0.054283,-0.199219
1784159162.079532,6,0.432296,-0.034896,-0.203125
1784159162.089474,6,0.432296,-0.042651,-0.199219
1784159162.099473,6,0.432327,0.019387,-0.199219
1784159162.109476,6,0.432296,-0.058161,-0.203125
1784159162.119473,6,0.432327,0.015509,-0.203125
1784159162.129473,6,0.432327,-0.007755,-0.199219
1784159162.139472,6,0.432296,-0.038774,-0.207031
1784159162.149473,6,0.432327,0.015509,-0.199219
1784159162.159474,6,0.432327,-0.038774,-0.199219
1784159162.169481,6,0.432266,-0.093057,-0.203125
1784159162.179473,6,0.432296,-0.038774,-0.199219
1784159162.189476,6,0.432266,-0.104689,-0.199219
1784159162.199474,6,0.432327,0.011632,-0.203125
1784159162.209473,6,0.432296,-0.038774,-0.199219
1784159162.219474,6,0.432296,-0.023264,-0.191406
1784159162.229473,6,0.432327,0.011632,-0.207031
1784159162.239476,6,0.432296,-0.058161,-0.199219
1784159162.249453,6,0.432296,-0.038774,-0.203125
1784159162.259458,6,0.432327,0.015509,-0.199219
1784159162.269454,6,0.432357,0.065915,-0.199219
1784159162.279457,6,0.432296,-0.042651,-0.199219
1784159162.289457,6,0.432327,0.000000,-0.203125
1784159162.299458,6,0.432327,0.000000,-0.203125
1784159162.309456,6,0.432327,0.007755,-0.191406
1784159162.319462,6,0.432327,0.000000,-0.203125
1784159162.329458,6,0.432327,0.003877,-0.203125
1784159162.339669,6,0.432296,-0.038774,-0.203125
1784159162.349453,6,0.432266,-0.112444,-0.203125
1784159162.359454,6,0.432266,-0.089180,-0.203125
1784159162.369453,6,0.432327,0.015509,-0.199219
1784159162.379454,6,0.432327,0.019387,-0.199219
1784159162.389455,6,0.432327,0.007755,-0.207031
1784159162.399454,6,0.432327,0.000000,-0.199219
1784159162.409453,6,0.432327,0.007755,-0.199219
1784159162.419455,6,0.432327,-0.003877,-0.199219
1784159162.429453,6,0.432296,-0.034896,-0.207031
1784159162.439456,6,0.432296,-0.054283,-0.203125
1784159162.449455,6,0.432327,-0.058161,-0.199219
1784159162.459455,6,0.432296,-0.042651,-0.207031
1784159162.469459,6,0.432296,-0.050406,-0.203125
1784159162.479456,6,0.432327,0.015509,-0.203125
1784159162.489455,6,0.432296,-0.038774,-0.203125
1784159162.499454,6,0.432327,-0.058161,-0.203125
1784159162.509455,6,0.432296,-0.046528,-0.207031
1784159162.519433,6,0.432327,0.007755,-0.199219
1784159162.529434,6,0.432266,-0.093057,-0.203125
1784159162.539436,6,0.432327,0.007755,-0.203125
1784159162.549449,6,0.432266,-0.108566,-0.199219
1784159162.559435,6,0.432296,-0.050406,-0.207031
1784159162.569435,6,0.432327,-0.050406,-0.199219
1784159162.579436,6,0.432327,0.011632,-0.203125
1784159162.589442,6,0.432296,-0.046528,-0.199219
1784159162.599436,6,0.432327,0.003877,-0.199219
1784159162.609435,6,0.432357,0.054283,-0.203125
1784159162.619436,6,0.432296,-0.042651,-0.199219
1784159162.629437,6,0.432327,0.007755,-0.207031
1784159162.639437,6,0.432327,0.019387,-0.199219
1784159162.649438,6,0.432357,0.073670,-0.199219
1784159162.659443,6,0.432296,-0.042651,-0.203125
1784159162.669441,6,0.432327,0.019387,-0.207031
1784159162.679438,6,0.432296,-0.042651,-0.191406
1784159162.689438,6,0.432296,-0.050406,-0.199219
1784159162.699441,6,0.432327,0.019387,-0.199219
1784159162.709442,6,0.432327,0.003877,-0.203125
1784159162.719437,6,0.432296,-0.042651,-0.199219
1784159162.729437,6,0.432327,0.011632,-0.187500
1784159162.739439,6,0.432327,0.007755,-0.199219
1784159162.749450,6,0.432357,0.062038,-0.203125
1784159162.759441,6,0.432296,-0.046528,-0.199219
1784159162.769443,6,0.432327,0.007755,-0.203125
1784159162.779442,6,0.432296,-0.038774,-0.199219
1784159162.789440,6,0.432296,-0.050406,-0.199219
1784159162.799417,6,0.432296,-0.038774,-0.203125
1784159162.809419,6,0.432296,-0.058161,-0.191406
1784159162.819419,6,0.432296,-0.042651,-0.199219
1784159162.829418,6,0.432327,0.023264,-0.203125
1784159162.839418,6,0.432266,-0.031019,-0.203125
1784159162.849421,6,0.432296,-0.050406,-0.203125
1784159162.859420,6,0.432327,0.000000,-0.199219
1784159162.869426,6,0.432296,-0.054283,-0.199219
1784159162.879424,6,0.432327,0.015509,-0.191406
1784159162.889422,6,0.432296,-0.038774,-0.199219
1784159162.899419,6,0.432357,0.062038,-0.199219
1784159162.909424,6,0.432327,0.000000,-0.207031
1784159162.919420,6,0.432296,-0.054283,-0.203125
1784159162.929420,6,0.432296,-0.031019,-0.199219
1784159162.939437,6,0.432266,-0.093057,-0.203125
1784159162.949419,6,0.432327,0.011632,-0.203125
1784159162.959420,6,0.432296,-0.050406,-0.203125
1784159162.969418,6,0.432327,0.003877,-0.199219
1784159162.979425,6,0.432296,-0.054283,-0.199219
1784159162.989420,6,0.432266,-0.108566,-0.203125
1784159162.999420,6,0.432296,0.019387,-0.203125
1784159163.009430,6,0.432296,-0.046528,-0.207031
1784159163.019423,6,0.432327,0.011632,-0.199219
1784159163.029426,6,0.432296,-0.038774,-0.203125
1784159163.039424,6,0.432327,0.000000,-0.199219
1784159163.050421,6,0.432357,0.058161,-0.203125
1784159163.059423,6,0.432296,-0.054283,-0.203125
1784159163.069399,6,0.432327,0.003877,-0.199219
1784159163.079404,6,0.432296,-0.046528,-0.207031
1784159163.089405,6,0.432296,-0.046528,-0.203125
1784159163.099406,6,0.432296,-0.046528,-0.203125
1784159163.109408,6,0.432296,-0.081425,-0.199219
1784159163.119402,6,0.432327,0.000000,-0.203125
1784159163.129414,6,0.432296,-0.054283,-0.207031
1784159163.139404,6,0.432327,0.015509,-0.199219
1784159163.149412,6,0.432296,-0.038774,-0.203125
1784159163.160404,6,0.432296,-0.038774,-0.199219
1784159163.169405,6,0.432296,-0.038774,-0.203125
1784159163.179405,6,0.432327,0.015509,-0.199219
1784159163.189405,6,0.432266,-0.104689,-0.199219
1784159163.199404,6,0.432327,0.011632,-0.203125
1784159163.209405,6,0.432296,-0.038774,-0.199219
1784159163.220413,6,0.432296,-0.038774,-0.203125
1784159163.229408,6,0.432296,-0.038774,-0.203125
1784159163.240412,6,0.432327,0.015509,-0.207031
1784159163.250405,6,0.432296,-0.038774,-0.199219
1784159163.260412,6,0.432296,-0.046528,-0.199219
1784159163.269404,6,0.432296,-0.031019,-0.199219
1784159163.280405,6,0.432296,-0.054283,-0.203125
1784159163.289404,6,0.432327,0.019387,-0.203125
1784159163.300410,6,0.432296,-0.034896,-0.199219
1784159163.310390,6,0.432357,0.069793,-0.191406
1784159163.320413,6,0.432327,0.027142,-0.203125
1784159163.330406,6,0.432357,0.062038,-0.191406
1784159163.340383,6,0.432357,0.015509,-0.199219
1784159163.350385,6,0.432296,-0.038774,-0.203125
1784159163.360393,6,0.432266,-0.104689,-0.199219
1784159163.370383,6,0.432296,-0.050406,-0.203125
1784159163.380390,6,0.432327,0.011632,-0.199219
1784159163.390384,6,0.432296,-0.038774,-0.203125
1784159163.400386,6,0.432296,-0.031019,-0.207031
1784159163.410383,6,0.432296,-0.062038,-0.203125
1784159163.420384,6,0.432296,-0.046528,-0.199219
1784159163.430392,6,0.432327,0.015509,-0.199219
1784159163.440386,6,0.432296,-0.054283,-0.191406
1784159163.450385,6,0.432296,-0.096934,-0.191406
1784159163.460383,6,0.432296,-0.054283,-0.199219
1784159163.470387,6,0.432327,0.011632,-0.207031
1784159163.480396,6,0.432296,-0.034896,-0.203125
1784159163.490391,6,0.432327,0.019387,-0.199219
1784159163.500385,6,0.432296,0.003877,-0.199219
1784159163.510388,6,0.432296,-0.034896,-0.199219
1784159163.520385,6,0.432296,-0.058161,-0.199219
1784159163.530393,6,0.432327,0.015509,-0.203125
1784159163.540388,6,0.432266,-0.042651,-0.199219
1784159163.550387,6,0.432296,-0.038774,-0.199219
1784159163.560391,6,0.432327,0.019387,-0.203125
1784159163.570390,6,0.432296,-0.038774,-0.199219
1784159163.580370,6,0.432296,-0.042651,-0.199219
1784159163.590386,6,0.432327,0.023264,-0.199219
1784159163.600390,6,0.432327,0.019387,-0.203125
1784159163.610368,6,0.432296,-0.054283,-0.199219
1784159163.620454,6,0.432327,-0.042651,-0.203125
1784159163.630371,6,0.432327,0.000000,-0.207031
1784159163.640373,6,0.432296,-0.042651,-0.199219
1784159163.650365,6,0.432296,-0.042651,-0.199219
1784159163.660523,6,0.432296,-0.042651,-0.199219
1784159163.670365,6,0.432296,-0.046528,-0.199219
1784159163.680365,6,0.432327,0.003877,-0.203125
1784159163.690365,6,0.432327,0.007755,-0.203125
1784159163.700365,6,0.432327,0.019387,-0.203125
1784159163.710366,6,0.432327,0.011632,-0.199219
1784159163.720365,6,0.432296,-0.050406,-0.199219
1784159163.730369,6,0.432296,-0.058161,-0.207031
1784159163.740367,6,0.432327,0.003877,-0.199219
1784159163.750366,6,0.432327,0.019387,-0.199219
1784159163.760495,6,0.432327,0.007755,-0.199219
1784159163.770459,6,0.432327,0.000000,-0.199219
1784159163.780368,6,0.432327,0.011632,-0.199219
1784159163.790370,6,0.432327,-0.007755,-0.203125
1784159163.800376,6,0.432296,-0.038774,-0.199219
1784159163.810369,6,0.432327,0.003877,-0.191406
1784159163.820368,6,0.432296,-0.054283,-0.203125
1784159163.830372,6,0.432296,-0.042651,-0.199219
1784159163.840369,6,0.432296,-0.034896,-0.203125
1784159163.850371,6,0.432327,-0.007755,-0.199219
1784159163.860369,6,0.432296,-0.038774,-0.199219
1784159163.870374,6,0.432296,-0.054283,-0.199219
1784159163.880370,6,0.432296,-0.031019,-0.207031
1784159163.890349,6,0.432296,-0.054283,-0.191406
1784159163.900347,6,0.432327,0.000000,-0.203125
1784159163.910349,6,0.432327,0.011632,-0.199219
1784159163.920357,6,0.432296,-0.042651,-0.203125
1784159163.930350,6,0.432327,0.019387,-0.203125
1784159163.940352,6,0.432296,-0.054283,-0.199219
1784159163.950350,6,0.432327,-0.038774,-0.191406
1784159163.960351,6,0.432296,-0.058161,-0.199219
1784159163.970348,6,0.432296,-0.031019,-0.199219
1784159163.980350,6,0.432327,0.000000,-0.203125
1784159163.990348,6,0.432266,-0.093057,-0.199219
1784159164.000351,6,0.432296,0.015509,-0.203125
1784159164.010350,6,0.432296,-0.050406,-0.199219
1784159164.020348,6,0.432296,-0.042651,-0.199219
1784159164.030357,6,0.432296,-0.050406,-0.203125
1784159164.040349,6,0.432296,-0.038774,-0.199219
1784159164.050352,6,0.432296,-0.038774,-0.203125
1784159164.060353,6,0.432266,-0.096934,-0.203125
1784159164.070358,6,0.432296,-0.050406,-0.203125
1784159164.080358,6,0.432266,-0.093057,-0.199219
1784159164.090359,6,0.432296,-0.038774,-0.191406
1784159164.100360,6,0.432296,-0.038774,-0.199219
1784159164.110356,6,0.432296,-0.038774,-0.203125
1784159164.120351,6,0.432296,-0.038774,-0.207031
1784159164.130351,6,0.432327,0.015509,-0.203125
1784159164.140351,6,0.432296,-0.038774,-0.199219
1784159164.150350,6,0.432296,-0.100812,-0.199219
1784159164.160330,6,0.432296,-0.046528,-0.191406
1784159164.170330,6,0.432296,-0.034896,-0.207031
1784159164.180330,6,0.432327,0.007755,-0.203125
1784159164.190333,6,0.432296,-0.042651,-0.203125
1784159164.200328,6,0.432296,-0.038774,-0.203125
1784159164.210332,6,0.432266,-0.096934,-0.203125
1784159164.220328,6,0.432296,-0.046528,-0.203125
1784159164.230331,6,0.432327,0.019387,-0.203125
1784159164.240330,6,0.432266,-0.093057,-0.199219
1784159164.250330,6,0.432327,0.015509,-0.199219
1784159164.260329,6,0.432327,0.007755,-0.203125
1784159164.270335,6,0.432296,-0.031019,-0.199219
1784159164.280329,6,0.432296,0.000000,-0.203125
1784159164.290332,6,0.432327,0.007755,-0.203125
1784159164.300338,6,0.432327,0.019387,-0.199219
1784159164.310330,6,0.432327,0.007755,-0.203125
1784159164.320333,6,0.432296,-0.038774,-0.203125
1784159164.330331,6,0.432296,-0.038774,-0.203125
1784159164.340338,6,0.432296,-0.042651,-0.199219
1784159164.350331,6,0.432296,-0.050406,-0.199219
1784159164.360332,6,0.432296,-0.046528,-0.203125
1784159164.370330,6,0.432296,-0.050406,-0.199219
1784159164.380327,6,0.432296,-0.050406,-0.203125
1784159164.390323,6,0.432296,-0.038774,-0.191406
1784159164.400338,6,0.432296,-0.054283,-0.203125
1784159164.410325,6,0.432296,-0.038774,-0.203125
1784159164.420341,6,0.432296,-0.042651,-0.203125
1784159164.430322,6,0.432327,0.015509,-0.199219
1784159164.440321,6,0.432327,0.015509,-0.203125
1784159164.450320,6,0.432327,0.000000,-0.203125
1784159164.460321,6,0.432296,-0.050406,-0.203125
1784159164.470322,6,0.432327,0.023264,-0.207031
1784159164.480321,6,0.432296,-0.038774,-0.191406
1784159164.490323,6,0.432327,0.019387,-0.199219
1784159164.500320,6,0.432296,-0.038774,-0.191406
1784159164.510321,6,0.432296,-0.046528,-0.199219
1784159164.520322,6,0.432296,-0.050406,-0.203125
1784159164.530321,6,0.432296,-0.038774,-0.199219
1784159164.540324,6,0.432357,0.069793,-0.199219
1784159164.550327,6,0.432327,0.015509,-0.203125
1784159164.560324,6,0.432296,-0.042651,-0.199219
1784159164.570324,6,0.432296,-0.058161,-0.199219
1784159164.580325,6,0.432327,0.015509,-0.199219
1784159164.590323,6,0.432327,0.011632,-0.203125
1784159164.600325,6,0.432266,-0.093057,-0.203125
1784159164.610322,6,0.432327,0.000000,-0.203125
1784159164.620321,6,0.432296,-0.046528,-0.203125
1784159164.630326,6,0.432327,-0.042651,-0.199219
1784159164.640324,6,0.432327,0.011632,-0.191406
1784159164.650323,6,0.432327,0.019387,-0.199219
1784159164.660323,6,0.432296,-0.034896,-0.203125
1784159164.670324,6,0.432266,-0.104689,-0.203125
1784159164.680323,6,0.432296,-0.038774,-0.203125
1784159164.690305,6,0.432296,-0.054283,-0.199219
1784159164.700303,6,0.432327,0.007755,-0.203125
1784159164.710306,6,0.432296,-0.058161,-0.199219
1784159164.720302,6,0.432327,0.019387,-0.199219
1784159164.730305,6,0.432327,0.023264,-0.203125
1784159164.740304,6,0.432296,-0.042651,-0.207031
1784159164.750443,6,0.432327,0.003877,-0.203125
1784159164.760296,6,0.432296,-0.046528,-0.199219
1784159164.770296,6,0.432296,-0.050406,-0.207031
1784159164.780397,6,0.432327,0.011632,-0.203125
1784159164.790297,6,0.432296,-0.050406,-0.199219
1784159164.800298,6,0.432327,0.003877,-0.199219
1784159164.810304,6,0.432296,-0.050406,-0.199219
1784159164.820296,6,0.432296,-0.062038,-0.207031
1784159164.830296,6,0.432296,-0.046528,-0.203125
1784159164.840296,6,0.432296,-0.042651,-0.199219
1784159164.850298,6,0.432296,-0.042651,-0.203125
1784159164.860299,6,0.432266,-0.100812,-0.199219
1784159164.870299,6,0.432327,0.003877,-0.207031
1784159164.880299,6,0.432327,0.003877,-0.191406
1784159164.890296,6,0.432327,0.000000,-0.203125
1784159164.900304,6,0.432327,0.007755,-0.199219
1784159164.910298,6,0.432296,-0.038774,-0.203125
1784159164.920300,6,0.432357,0.054283,-0.191406
1784159164.930297,6,0.432296,-0.038774,-0.199219
1784159164.940297,6,0.432296,-0.042651,-0.191406
1784159164.950298,6,0.432296,-0.046528,-0.191406
1784159164.960296,6,0.432327,0.003877,-0.191406
1784159164.970276,6,0.432327,-0.003877,-0.203125
1784159164.980276,6,0.432296,0.007755,-0.199219
1784159164.990276,6,0.432296,-0.054283,-0.199219
1784159165.000278,6,0.432327,0.000000,-0.203125
1784159165.010278,6,0.432327,0.000000,-0.199219
1784159165.020276,6,0.432327,0.003877,-0.203125
1784159165.030277,6,0.432296,-0.034896,-0.199219
1784159165.040277,6,0.432296,-0.054283,-0.199219
1784159165.050286,6,0.432327,0.000000,-0.199219
1784159165.060277,6,0.432296,-0.050406,-0.199219
1784159165.070276,6,0.432327,0.003877,-0.191406
1784159165.080290,6,0.432327,0.007755,-0.203125
1784159165.090276,6,0.432327,0.019387,-0.199219
1784159165.100277,6,0.432296,-0.062038,-0.199219
1784159165.110278,6,0.432327,0.015509,-0.199219
1784159165.120279,6,0.432296,-0.050406,-0.203125
1784159165.130276,6,0.432327,0.019387,-0.199219
1784159165.140278,6,0.432327,0.027142,-0.199219
1784159165.150275,6,0.432296,-0.046528,-0.199219
1784159165.160276,6,0.432296,-0.046528,-0.191406
1784159165.170277,6,0.432327,0.011632,-0.199219
1784159165.180285,6,0.432327,0.019387,-0.203125
1784159165.190280,6,0.432296,-0.038774,-0.199219
1784159165.200291,6,0.432357,0.062038,-0.203125
1784159165.210281,6,0.432296,-0.054283,-0.203125
1784159165.220275,6,0.432296,-0.038774,-0.203125
1784159165.230280,6,0.432296,-0.038774,-0.199219
1784159165.240278,6,0.432327,0.019387,-0.203125
1784159165.250259,6,0.432296,0.000000,-0.199219
1784159165.260258,6,0.432327,0.011632,-0.199219
1784159165.270255,6,0.432327,0.003877,-0.207031
1784159165.280259,6,0.432296,-0.038774,-0.199219
1784159165.290257,6,0.432327,0.003877,-0.199219
1784159165.300256,6,0.432296,-0.046528,-0.203125
1784159165.310258,6,0.432327,0.015509,-0.207031
1784159165.320257,6,0.432296,-0.054283,-0.199219
1784159165.330257,6,0.432296,-0.031019,-0.199219
1784159165.340262,6,0.432296,-0.042651,-0.203125
1784159165.350260,6,0.432296,0.007755,-0.191406
1784159165.360260,6,0.432327,0.003877,-0.199219
1784159165.370262,6,0.432296,-0.050406,-0.203125
1784159165.380263,6,0.432296,-0.034896,-0.191406
1784159165.390263,6,0.432296,-0.038774,-0.207031
1784159165.400259,6,0.432327,0.011632,-0.199219
1784159165.410258,6,0.432296,-0.062038,-0.191406
1784159165.420259,6,0.432327,0.000000,-0.203125
1784159165.430261,6,0.432296,-0.054283,-0.199219
1784159165.440263,6,0.432296,-0.058161,-0.199219
1784159165.450264,6,0.432296,-0.042651,-0.199219
1784159165.460259,6,0.432296,-0.038774,-0.207031
1784159165.470259,6,0.432296,-0.046528,-0.203125
1784159165.480263,6,0.432327,0.000000,-0.203125
1784159165.490262,6,0.432296,-0.058161,-0.199219
1784159165.500262,6,0.432327,0.000000,-0.207031
1784159165.510261,6,0.432327,0.003877,-0.199219
1784159165.520239,6,0.432327,0.003877,-0.207031
1784159165.530241,6,0.432327,-0.104689,-0.203125
1784159165.540239,6,0.432327,0.000000,-0.199219
1784159165.550239,6,0.432296,-0.058161,-0.199219
1784159165.560243,6,0.432327,0.019387,-0.203125
1784159165.570239,6,0.432296,-0.054283,-0.203125
1784159165.580243,6,0.432327,0.000000,-0.199219
1784159165.590240,6,0.432327,-0.003877,-0.203125
1784159165.600244,6,0.432327,0.019387,-0.203125
1784159165.610241,6,0.432327,0.019387,-0.199219
1784159165.620251,6,0.432327,0.000000,-0.199219
1784159165.630247,6,0.432327,-0.050406,-0.203125
1784159165.640246,6,0.432327,-0.003877,-0.203125
1784159165.650243,6,0.432327,0.000000,-0.191406
1784159165.660247,6,0.432357,0.046528,-0.199219
1784159165.670246,6,0.432266,-0.116321,-0.199219
1784159165.680243,6,0.432357,0.050406,-0.199219
1784159165.690245,6,0.432296,0.000000,-0.199219
1784159165.700242,6,0.432327,0.000000,-0.199219
1784159165.710246,6,0.432327,0.007755,-0.199219
1784159165.720243,6,0.432327,0.003877,-0.191406
1784159165.730243,6,0.432296,-0.058161,-0.207031
1784159165.740246,6,0.432327,-0.003877,-0.199219
1784159165.750247,6,0.432327,-0.007755,-0.191406
1784159165.760295,6,0.432296,-0.058161,-0.199219
1784159165.770247,6,0.432296,-0.054283,-0.199219
1784159165.780243,6,0.432327,0.000000,-0.199219
1784159165.790295,6,0.432327,0.000000,-0.199219
1784159165.800220,6,0.432296,-0.058161,-0.199219
1784159165.810225,6,0.432296,-0.046528,-0.207031
1784159165.820226,6,0.432296,-0.054283,-0.199219
1784159165.830226,6,0.432296,-0.042651,-0.199219
1784159165.840231,6,0.432296,-0.058161,-0.199219
1784159165.850222,6,0.432327,0.000000,-0.199219
1784159165.860222,6,0.432327,0.007755,-0.199219
1784159165.870227,6,0.432296,-0.050406,-0.203125
1784159165.880226,6,0.432327,0.000000,-0.203125
1784159165.890224,6,0.432296,-0.062038,-0.199219
1784159165.900243,6,0.432266,-0.108566,-0.199219
1784159165.910226,6,0.432327,0.000000,-0.199219
1784159165.920233,6,0.432327,0.007755,-0.199219
1784159165.930224,6,0.432327,0.000000,-0.207031
1784159165.940223,6,0.432327,0.015509,-0.207031
1784159165.950227,6,0.432296,-0.054283,-0.203125
1784159165.960222,6,0.432296,-0.058161,-0.203125
1784159165.970222,6,0.432327,0.000000,-0.203125
1784159165.980223,6,0.432327,0.000000,-0.207031
1784159165.990223,6,0.432296,-0.038774,-0.203125
1784159166.001233,6,0.432327,0.003877,-0.199219
1784159166.010231,6,0.432296,-0.054283,-0.199219
1784159166.020229,6,0.432296,-0.031019,-0.199219
1784159166.030227,6,0.432296,-0.046528,-0.199219
1784159166.040228,6,0.432327,0.000000,-0.199219
1784159166.050224,6,0.432327,0.007755,-0.199219
1784159166.060224,6,0.432327,0.011632,-0.203125
1784159166.070204,6,0.432296,-0.042651,-0.203125
1784159166.080293,6,0.432327,0.011632,-0.199219
1784159166.090279,6,0.432296,-0.042651,-0.203125
1784159166.100203,6,0.432296,-0.054283,-0.191406
1784159166.110204,6,0.432327,0.000000,-0.203125
1784159166.120214,6,0.432327,0.000000,-0.203125
1784159166.130205,6,0.432327,0.015509,-0.203125
1784159166.140210,6,0.432296,-0.062038,-0.199219
1784159166.150205,6,0.432296,-0.058161,-0.203125
1784159166.160210,6,0.432296,-0.062038,-0.203125
1784159166.170212,6,0.432327,0.007755,-0.203125
1784159166.180202,6,0.432327,0.000000,-0.203125
1784159166.190202,6,0.432296,-0.038774,-0.199219
1784159166.200205,6,0.432327,0.000000,-0.199219
1784159166.210204,6,0.432327,0.015509,-0.199219
1784159166.220204,6,0.432296,-0.062038,-0.199219
1784159166.230208,6,0.432327,-0.011632,-0.199219
1784159166.240205,6,0.432296,-0.062038,-0.199219
1784159166.250207,6,0.432327,0.000000,-0.199219
1784159166.260207,6,0.432327,0.007755,-0.203125
1784159166.270207,6,0.432296,-0.046528,-0.203125
1784159166.280207,6,0.432296,-0.031019,-0.199219
1784159166.290205,6,0.432327,0.007755,-0.199219
1784159166.300209,6,0.432296,-0.038774,-0.203125
1784159166.310207,6,0.432296,-0.046528,-0.199219
1784159166.320207,6,0.432296,-0.054283,-0.199219
1784159166.330207,6,0.432327,0.000000,-0.207031
1784159166.340215,6,0.432327,0.003877,-0.199219
1784159166.350188,6,0.432327,0.019387,-0.199219
1784159166.360188,6,0.432327,0.007755,-0.199219
1784159166.370198,6,0.432296,-0.054283,-0.203125
1784159166.380189,6,0.432327,0.019387,-0.199219
1784159166.390189,6,0.432357,0.054283,-0.203125
1784159166.400190,6,0.432327,0.011632,-0.203125
1784159166.410189,6,0.432327,-0.003877,-0.203125
1784159166.420192,6,0.432327,0.003877,-0.203125
1784159166.430191,6,0.432327,-0.003877,-0.203125
1784159166.440191,6,0.432296,-0.054283,-0.203125
1784159166.450191,6,0.432296,-0.054283,-0.199219
1784159166.460191,6,0.432327,0.000000,-0.199219
1784159166.470192,6,0.432296,-0.050406,-0.199219
1784159166.480292,6,0.432296,-0.038774,-0.203125
1784159166.490191,6,0.432327,0.011632,-0.218750
1784159166.500196,6,0.432327,0.000000,-0.199219
1784159166.510192,6,0.432327,0.000000,-0.199219
1784159166.520195,6,0.432327,0.000000,-0.199219
1784159166.530200,6,0.432296,-0.054283,-0.203125
1784159166.540201,6,0.432327,0.007755,-0.203125
1784159166.550200,6,0.432357,0.062038,-0.199219
1784159166.560192,6,0.432327,0.003877,-0.203125
1784159166.570193,6,0.432327,-0.003877,-0.199219
1784159166.580196,6,0.432357,0.019387,-0.199219
1784159166.590197,6,0.432327,0.000000,-0.207031
1784159166.600191,6,0.432296,-0.058161,-0.199219
1784159166.610173,6,0.432296,-0.042651,-0.199219
1784159166.620171,6,0.432327,0.007755,-0.207031
1784159166.630284,6,0.432327,-0.007755,-0.199219
1784159166.640232,6,0.432296,-0.042651,-0.203125
1784159166.650253,6,0.432296,-0.058161,-0.199219
1784159166.660253,6,0.432357,0.038774,-0.199219
1784159166.670170,6,0.432296,-0.038774,-0.199219
1784159166.680172,6,0.432296,-0.058161,-0.199219
1784159166.690172,6,0.432266,-0.096934,-0.199219
1784159166.700171,6,0.432296,-0.058161,-0.199219
1784159166.710306,6,0.432296,-0.038774,-0.199219
1784159166.720282,6,0.432327,0.000000,-0.199219
1784159166.730172,6,0.432327,0.011632,-0.199219
1784159166.740174,6,0.432327,0.000000,-0.203125
1784159166.750175,6,0.432327,0.003877,-0.207031
1784159166.760174,6,0.438385,1.046890,-0.074219
1784159166.770188,6,0.448866,0.790983,-0.070312
1784159166.780189,6,0.452531,0.000000,-0.074219
1784159166.790181,6,0.450563,-0.290803,-0.089844
1784159166.800183,6,0.448654,-0.248152,-0.101562
1784159166.810184,6,0.444656,-0.511813,-0.093750
1784159166.820179,6,0.438749,-0.597115,-0.085938
1784159166.830179,6,0.433054,-0.453652,-0.093750
1784159166.840185,6,0.428752,-0.391614,-0.105469
1784159166.850183,6,0.424723,-0.395492,-0.101562
1784159166.860165,6,0.419937,-0.515690,-0.101562
1784159166.870164,6,0.415848,-0.399369,-0.105469
1784159166.880184,6,0.411971,-0.364473,-0.101562
1784159166.890163,6,0.406791,-0.542832,-0.101562
1784159166.900162,6,0.400096,-0.701804,-0.101562
1784159166.910163,6,0.393795,-0.515690,-0.101562
1784159166.920160,6,0.388858,-0.465284,-0.101562
1784159166.930161,6,0.384890,-0.364473,-0.105469
1784159166.940161,6,0.379982,-0.608747,-0.089844
1784159166.950161,6,0.374348,-0.597115,-0.105469
1784159166.960159,6,0.368986,-0.562219,-0.105469
1784159166.970167,6,0.364927,-0.352841,-0.105469
1784159166.980167,6,0.362019,-0.248152,-0.121094
1784159166.990164,6,0.359232,-0.310190,-0.125000
1784159167.000163,6,0.356021,-0.364473,-0.121094
1784159167.010165,6,0.352507,-0.418756,-0.132812
1784159167.020162,6,0.348539,-0.469162,-0.132812
1784159167.030164,6,0.344147,-0.473039,-0.140625
1784159167.040165,6,0.340027,-0.473039,-0.140625
1784159167.050167,6,0.336029,-0.411001,-0.140625
1784159167.060163,6,0.332151,-0.403246,-0.140625
1784159167.070164,6,0.328880,-0.290803,-0.140625
1784159167.080162,6,0.327002,-0.108566,-0.140625
1784159167.090165,6,0.326517,-0.054283,-0.132812
1784159167.100269,6,0.325911,-0.116321,-0.136719
1784159167.110217,6,0.325336,-0.065915,-0.140625
1784159167.120163,6,0.325396,-0.011632,-0.132812
1784159167.130161,6,0.325366,-0.058161,-0.136719
1784159167.140161,6,0.325366,-0.023264,-0.136719
1784159167.150169,6,0.325366,0.019387,-0.132812
1784159167.160136,6,0.325245,-0.054283,-0.132812
1784159167.170141,6,0.325002,0.027142,-0.132812
1784159167.180148,6,0.324487,-0.147340,-0.132812
1784159167.190141,6,0.324033,-0.100812,-0.132812
1784159167.200149,6,0.323064,-0.065915,-0.125000
1784159167.210144,6,0.321337,-0.240397,-0.125000
1784159167.220141,6,0.320368,-0.120198,-0.125000
1784159167.230143,6,0.320216,-0.120198,-0.121094
1784159167.240141,6,0.319429,-0.151217,-0.109375
1784159167.250142,6,0.318308,-0.170604,-0.117188
1784159167.260142,6,0.317611,0.023264,-0.109375
1784159167.270144,6,0.317641,-0.038774,-0.109375
1784159167.280144,6,0.317611,-0.038774,-0.117188
1784159167.290142,6,0.317641,-0.003877,-0.109375
1784159167.300149,6,0.317823,-0.003877,-0.121094
1784159167.310144,6,0.317793,0.015509,-0.109375
1784159167.320143,6,0.317520,-0.120198,-0.109375
1784159167.330133,6,0.317126,-0.046528,-0.117188
1784159167.340146,6,0.317126,0.027142,-0.117188
1784159167.350143,6,0.317126,0.000000,-0.117188
1784159167.360142,6,0.317096,-0.038774,-0.109375
1784159167.370141,6,0.317096,0.007755,-0.109375
1784159167.380144,6,0.317066,-0.003877,-0.109375
1784159167.390141,6,0.316914,-0.073670,-0.105469
1784159167.400144,6,0.316369,-0.046528,-0.105469
1784159167.410148,6,0.315248,-0.116321,-0.109375
1784159167.420123,6,0.313431,-0.244274,-0.089844
1784159167.430144,6,0.312340,-0.065915,-0.105469
1784159167.440122,6,0.312340,-0.011632,-0.105469
1784159167.450143,6,0.312280,-0.003877,-0.101562
1784159167.460123,6,0.312128,-0.073670,-0.105469
1784159167.470124,6,0.311825,-0.108566,-0.105469
1784159167.480123,6,0.311765,0.000000,-0.093750
1784159167.490125,6,0.311795,-0.062038,-0.101562
1784159167.500122,6,0.311916,0.007755,-0.105469
1784159167.510130,6,0.311916,-0.050406,-0.101562
1784159167.520123,6,0.311916,-0.019387,-0.101562
1784159167.530124,6,0.311916,0.019387,-0.093750
1784159167.540115,6,0.311886,-0.015509,-0.093750
1784159167.550121,6,0.311886,0.031019,-0.085938
1784159167.560116,6,0.311795,-0.077547,-0.093750
1784159167.570118,6,0.311674,-0.015509,-0.101562
1784159167.580117,6,0.311341,-0.065915,-0.089844
1784159167.590122,6,0.310492,-0.170604,-0.089844
1784159167.600123,6,0.309069,-0.089180,-0.093750
1784159167.610115,6,0.308736,0.007755,-0.089844
1784159167.620118,6,0.308736,-0.031019,-0.085938
1784159167.630120,6,0.308736,0.003877,-0.089844
1784159167.640117,6,0.308645,-0.089180,-0.089844
1784159167.650116,6,0.308645,-0.042651,-0.089844
1784159167.660118,6,0.308675,-0.050406,-0.089844
1784159167.670123,6,0.308826,0.007755,-0.089844
1784159167.680197,6,0.309129,0.023264,-0.093750
1784159167.690120,6,0.309432,0.038774,-0.093750
1784159167.700116,6,0.309523,-0.073670,-0.085938
1784159167.710096,6,0.309523,0.019387,-0.085938
1784159167.720098,6,0.309372,-0.038774,-0.093750
1784159167.730100,6,0.309251,-0.050406,-0.093750
1784159167.740101,6,0.309129,0.015509,-0.089844
1784159167.750100,6,0.308948,-0.062038,-0.089844
1784159167.760165,6,0.308948,0.000000,-0.089844
1784159167.770168,6,0.308948,0.000000,-0.089844
1784159167.780100,6,0.308917,-0.007755,-0.089844
1784159167.790107,6,0.308887,-0.050406,-0.089844
1784159167.800113,6,0.308948,0.038774,-0.089844
1784159167.810099,6,0.308887,-0.100812,-0.093750
1784159167.820102,6,0.308978,0.011632,-0.089844
1784159167.830102,6,0.309129,0.050406,-0.089844
1784159167.840100,6,0.309523,0.050406,-0.093750
1784159167.850101,6,0.310250,0.073670,-0.105469
1784159167.860099,6,0.311613,0.170604,-0.109375
1784159167.870106,6,0.313461,0.085302,-0.101562
1784159167.880179,6,0.313491,-0.116321,-0.101562
1784159167.890104,6,0.313401,-0.050406,-0.089844
1784159167.900100,6,0.313279,-0.077547,-0.101562
1784159167.910099,6,0.313310,-0.042651,-0.101562
1784159167.920101,6,0.313370,-0.011632,-0.101562
1784159167.930099,6,0.313431,0.023264,-0.093750
1784159167.940099,6,0.313401,-0.085302,-0.101562
1784159167.950101,6,0.313491,0.007755,-0.101562
1784159167.960081,6,0.313643,0.000000,-0.105469
1784159167.970102,6,0.313794,-0.027142,-0.101562
1784159167.980085,6,0.313794,-0.042651,-0.101562
1784159167.990083,6,0.313825,0.069793,-0.093750
1784159168.000081,6,0.313794,0.019387,-0.101562
1784159168.010084,6,0.313855,-0.042651,-0.105469
1784159168.020084,6,0.314279,-0.042651,-0.117188
1784159168.030085,6,0.316066,0.236520,-0.125000
1784159168.040086,6,0.318823,0.228765,-0.121094
1784159168.050084,6,0.320640,0.143463,-0.121094
1784159168.060083,6,0.321216,0.015509,-0.121094
1784159168.070086,6,0.321216,0.019387,-0.121094
1784159168.080082,6,0.321246,0.000000,-0.125000
1784159168.090085,6,0.321549,0.062038,-0.125000
1784159168.100084,6,0.322125,0.062038,-0.132812
1784159168.110082,6,0.322912,0.062038,-0.132812
1784159168.120086,6,0.324427,0.174482,-0.136719
1784159168.130087,6,0.325608,0.038774,-0.136719
1784159168.140085,6,0.325729,-0.023264,-0.140625
1784159168.150083,6,0.326396,0.089180,-0.140625
1784159168.160084,6,0.328789,0.302435,-0.156250
1784159168.170084,6,0.332000,0.329576,-0.167969
1784159168.180086,6,0.334938,0.166727,-0.167969
1784159168.190094,6,0.337361,0.209378,-0.171875
1784159168.200084,6,0.338240,0.054283,-0.167969
1784159168.210084,6,0.338997,0.127953,-0.175781
1784159168.220065,6,0.341027,0.228765,-0.187500
1784159168.230084,6,0.342481,0.124076,-0.175781
1784159168.240092,6,0.343602,0.120198,-0.191406
1784159168.250066,6,0.345086,0.104689,-0.187500
1784159168.260068,6,0.345813,0.034896,-0.191406
1784159168.270077,6,0.346661,0.112444,-0.199219
1784159168.280121,6,0.348388,0.162850,-0.199219
1784159168.290068,6,0.349145,0.007755,-0.191406
1784159168.300065,6,0.349145,0.000000,-0.203125
1784159168.310063,6,0.349175,-0.003877,-0.199219
1784159168.320066,6,0.349327,-0.011632,-0.199219
1784159168.330070,6,0.349751,0.042651,-0.203125
1784159168.340087,6,0.350054,0.050406,-0.203125
1784159168.350066,6,0.350478,-0.007755,-0.199219
1784159168.360065,6,0.351629,0.127953,-0.207031
1784159168.370065,6,0.353719,0.193868,-0.222656
1784159168.380065,6,0.355779,0.155095,-0.218750
1784159168.390063,6,0.357082,-0.015509,-0.214844
1784159168.400063,6,0.357021,-0.007755,-0.218750
1784159168.410065,6,0.357021,-0.058161,-0.222656
1784159168.420063,6,0.357203,0.007755,-0.230469
1784159168.430067,6,0.357778,0.081425,-0.218750
1784159168.440064,6,0.359475,0.209378,-0.246094
1784159168.450064,6,0.362019,0.205501,-0.230469
1784159168.460069,6,0.363655,0.143463,-0.238281
1784159168.470066,6,0.364685,0.000000,-0.246094
1784159168.480074,6,0.364867,-0.031019,-0.238281
1784159168.490067,6,0.364897,-0.038774,-0.246094
1784159168.500066,6,0.364957,0.038774,-0.234375
1784159168.510066,6,0.365079,-0.027142,-0.246094
1784159168.520044,6,0.365715,0.089180,-0.250000
1784159168.530169,6,0.366775,0.096934,-0.250000
1784159168.540044,6,0.367744,0.042651,-0.246094
1784159168.550048,6,0.367926,-0.038774,-0.246094
1784159168.560046,6,0.368199,0.019387,-0.250000
1784159168.570057,6,0.368411,-0.011632,-0.250000
1784159168.580045,6,0.368320,-0.027142,-0.250000
1784159168.590046,6,0.368259,0.000000,-0.246094
1784159168.600055,6,0.368320,0.000000,-0.250000
1784159168.610046,6,0.368683,0.031019,-0.253906
1784159168.620044,6,0.370016,0.193868,-0.265625
1784159168.630045,6,0.373015,0.306312,-0.269531
1784159168.640046,6,0.375590,0.197746,-0.265625
1784159168.650045,6,0.376165,-0.104689,-0.269531
1784159168.660148,6,0.376075,0.000000,-0.269531
1784159168.670047,6,0.376135,0.000000,-0.269531
1784159168.680052,6,0.376377,0.046528,-0.265625
1784159168.690051,6,0.376711,0.046528,-0.269531
1784159168.700045,6,0.377165,0.019387,-0.265625
1784159168.710045,6,0.377468,-0.015509,-0.273438
1784159168.720049,6,0.377559,-0.011632,-0.273438
1784159168.730051,6,0.377680,-0.050406,-0.269531
1784159168.740052,6,0.378165,0.085302,-0.285156
1784159168.750048,6,0.379225,0.127953,-0.285156
1784159168.760048,6,0.380558,-0.015509,-0.281250
1784159168.770049,6,0.380588,0.015509,-0.285156
1784159168.780049,6,0.380649,0.050406,-0.273438
1784159168.790034,6,0.380649,0.000000,-0.281250
1784159168.800029,6,0.380588,-0.073670,-0.273438
1784159168.810037,6,0.380618,0.000000,-0.281250
1784159168.820033,6,0.380618,-0.023264,-0.281250
1784159168.830039,6,0.380709,0.000000,-0.281250
1784159168.840041,6,0.380679,-0.054283,-0.273438
1784159168.850044,6,0.380679,-0.034896,-0.285156
1784159168.860027,6,0.380649,-0.077547,-0.289062
1784159168.870028,6,0.380649,-0.038774,-0.281250
1784159168.880109,6,0.380588,-0.050406,-0.285156
1784159168.890096,6,0.380588,-0.027142,-0.289062
1784159168.900120,6,0.380952,0.038774,-0.273438
1784159168.910120,6,0.382254,0.162850,-0.300781
1784159168.920109,6,0.384708,0.186114,-0.296875
1784159168.930039,6,0.385677,-0.003877,-0.285156
1784159168.940039,6,0.385738,0.000000,-0.296875
1784159168.950043,6,0.385889,-0.011632,-0.289062
1784159168.960039,6,0.386253,0.019387,-0.300781
1784159168.970037,6,0.386646,-0.007755,-0.296875
1784159168.980044,6,0.387040,-0.034896,-0.300781
1784159168.990038,6,0.387252,0.003877,-0.296875
1784159169.000038,6,0.387283,-0.015509,-0.273438
1784159169.010039,6,0.387283,-0.023264,-0.296875
1784159169.020042,6,0.387252,-0.050406,-0.300781
1784159169.030041,6,0.387313,-0.023264,-0.296875
1784159169.040041,6,0.387404,0.054283,-0.296875
1784159169.050031,6,0.387495,-0.003877,-0.300781
1784159169.060019,6,0.387555,-0.003877,-0.296875
1784159169.070021,6,0.387646,-0.031019,-0.296875
1784159169.080018,6,0.387707,0.011632,-0.300781
1784159169.090018,6,0.387737,0.003877,-0.304688
1784159169.100092,6,0.387737,-0.023264,-0.304688
1784159169.110079,6,0.387707,-0.046528,-0.300781
1784159169.120075,6,0.387676,-0.031019,-0.300781
1784159169.130015,6,0.387616,-0.085302,-0.300781
1784159169.140040,6,0.387616,-0.038774,-0.296875
1784159169.150011,6,0.387616,-0.015509,-0.300781
1784159169.160012,6,0.387586,-0.027142,-0.296875
1784159169.170139,6,0.387525,-0.034896,-0.296875
1784159169.180095,6,0.387464,-0.054283,-0.304688
1784159169.194020,6,0.387525,-0.038774,-0.296875
1784159169.202022,6,0.387676,0.000000,-0.300781
1784159169.210046,6,0.387676,-0.093057,-0.300781
1784159169.220013,6,0.387798,0.054283,-0.304688
1784159169.230260,6,0.387798,0.015509,-0.300781
1784159169.240026,6,0.387767,-0.038774,-0.300781
1784159169.250020,6,0.387798,0.038774,-0.304688
1784159169.260012,6,0.387767,-0.085302,-0.304688
1784159169.270020,6,0.387798,0.046528,-0.304688
1784159169.280013,6,0.387767,0.058161,-0.300781
1784159169.290094,6,0.387676,0.000000,-0.289062
1784159169.300024,6,0.387646,-0.054283,-0.296875
1784159169.310019,6,0.387676,-0.003877,-0.289062
1784159169.320021,6,0.387676,-0.038774,-0.300781
1784159169.330067,6,0.387676,-0.038774,-0.300781
1784159169.340171,6,0.387737,-0.007755,-0.300781
1784159169.349989,6,0.387676,-0.031019,-0.300781
1784159169.359988,6,0.387676,-0.038774,-0.300781
1784159169.369997,6,0.387676,-0.062038,-0.300781
1784159169.379991,6,0.387737,0.019387,-0.300781
1784159169.389988,6,0.387737,-0.038774,-0.300781
1784159169.399995,6,0.387737,-0.027142,-0.300781
1784159169.409989,6,0.387737,0.019387,-0.300781
1784159169.419991,6,0.387707,-0.046528,-0.304688
1784159169.429990,6,0.387707,-0.058161,-0.304688
1784159169.439994,6,0.387737,0.011632,-0.300781
1784159169.449991,6,0.387737,0.007755,-0.300781
1784159169.459991,6,0.387707,-0.015509,-0.300781
1784159169.469989,6,0.387676,-0.023264,-0.289062
1784159169.479992,6,0.387676,0.000000,-0.300781
1784159169.489993,6,0.387646,-0.054283,-0.296875
1784159169.499997,6,0.387616,0.000000,-0.296875
1784159169.509991,6,0.387525,-0.046528,-0.300781
1784159169.519992,6,0.387495,0.015509,-0.300781
1784159169.529992,6,0.387404,-0.038774,-0.300781
1784159169.539991,6,0.387373,-0.011632,-0.296875
1784159169.549995,6,0.387343,-0.027142,-0.300781
1784159169.559993,6,0.387313,-0.085302,-0.296875
1784159169.569993,6,0.387283,-0.050406,-0.300781
1784159169.580000,6,0.387283,-0.046528,-0.300781
1784159169.589996,6,0.387313,0.015509,-0.296875
1784159169.599977,6,0.387313,0.000000,-0.296875
1784159169.609974,6,0.387313,0.003877,-0.296875
1784159169.619976,6,0.387283,-0.065915,-0.296875
1784159169.629977,6,0.387313,-0.011632,-0.296875
1784159169.639975,6,0.387313,-0.027142,-0.300781
1784159169.649979,6,0.387313,-0.019387,-0.300781
1784159169.659986,6,0.387313,-0.038774,-0.296875
1784159169.669980,6,0.387313,0.000000,-0.289062
1784159169.679978,6,0.387313,-0.019387,-0.289062
1784159169.689974,6,0.387313,0.003877,-0.300781
1784159169.699980,6,0.387283,-0.093057,-0.300781
1784159169.709978,6,0.387313,0.000000,-0.300781
1784159169.719990,6,0.387283,-0.054283,-0.300781
1784159169.729979,6,0.387283,-0.023264,-0.296875
1784159169.739975,6,0.387283,0.015509,-0.296875
1784159169.749976,6,0.387252,0.011632,-0.296875
1784159169.759981,6,0.387131,-0.058161,-0.300781
1784159169.769982,6,0.386889,-0.069793,-0.300781
1784159169.779979,6,0.386677,-0.077547,-0.296875
1784159169.789988,6,0.386616,-0.038774,-0.300781
1784159169.799980,6,0.386556,-0.015509,-0.300781
1784159169.809978,6,0.386313,-0.023264,-0.296875
1784159169.819982,6,0.385859,-0.131831,-0.300781
1784159169.829977,6,0.385404,-0.062038,-0.289062
1784159169.839978,6,0.384799,-0.127953,-0.285156
1784159169.849981,6,0.384314,-0.031019,-0.285156
1784159169.859977,6,0.384102,0.046528,-0.285156
1784159169.869959,6,0.384041,-0.007755,-0.289062
1784159169.879982,6,0.383981,-0.046528,-0.296875
1784159169.889957,6,0.383951,-0.019387,-0.289062
1784159169.899964,6,0.383829,-0.058161,-0.296875
1784159169.909956,6,0.383769,-0.023264,-0.285156
1784159169.919956,6,0.383708,-0.011632,-0.289062
1784159169.929961,6,0.383617,0.007755,-0.285156
1784159169.939970,6,0.383496,-0.023264,-0.281250
1784159169.949963,6,0.383345,-0.042651,-0.296875
1784159169.959964,6,0.383223,-0.011632,-0.289062
1784159169.969972,6,0.383072,-0.058161,-0.285156
1784159169.979965,6,0.382739,-0.096934,-0.289062
1784159169.989964,6,0.381860,-0.178359,-0.285156
1784159169.999963,6,0.380043,-0.271416,-0.273438
1784159170.009964,6,0.378801,-0.050406,-0.281250
1784159170.019968,6,0.378558,0.034896,-0.281250
1784159170.029974,6,0.378256,-0.073670,-0.273438
1784159170.039970,6,0.377377,-0.174482,-0.269531
1784159170.049963,6,0.375802,-0.189991,-0.257812
1784159170.059973,6,0.375196,-0.050406,-0.265625
1784159170.069969,6,0.375014,-0.050406,-0.265625
1784159170.079968,6,0.374651,-0.089180,-0.257812
1784159170.089964,6,0.374196,-0.085302,-0.265625
1784159170.099967,6,0.373833,-0.081425,-0.257812
1784159170.109969,6,0.373469,-0.038774,-0.257812
1784159170.119950,6,0.372954,-0.077547,-0.253906
1784159170.129968,6,0.372621,-0.038774,-0.257812
1784159170.139967,6,0.372742,0.000000,-0.257812
1784159170.149957,6,0.372833,0.007755,-0.265625
1784159170.159936,6,0.372833,-0.042651,-0.265625
1784159170.169938,6,0.372833,-0.038774,-0.257812
1784159170.179937,6,0.372864,-0.023264,-0.265625
1784159170.189938,6,0.372864,-0.089180,-0.257812
1784159170.200036,6,0.372954,0.054283,-0.257812
1784159170.209937,6,0.372924,-0.042651,-0.265625
1784159170.219936,6,0.372954,0.054283,-0.257812
1784159170.229939,6,0.372894,-0.038774,-0.257812
1784159170.239939,6,0.372924,0.007755,-0.257812
1784159170.249939,6,0.372864,-0.038774,-0.257812
1784159170.259940,6,0.372833,0.011632,-0.265625
1784159170.269938,6,0.372742,0.011632,-0.257812
1784159170.279946,6,0.372621,-0.038774,-0.257812
1784159170.289938,6,0.372500,-0.058161,-0.257812
1784159170.300024,6,0.372318,-0.093057,-0.257812
1784159170.309939,6,0.372046,-0.058161,-0.253906
1784159170.319941,6,0.371834,-0.096934,-0.253906
1784159170.329941,6,0.371288,-0.073670,-0.253906
1784159170.339940,6,0.369986,-0.259784,-0.246094
1784159170.349939,6,0.367593,-0.252029,-0.238281
1784159170.359942,6,0.365079,-0.290803,-0.230469
1784159170.369939,6,0.362534,-0.228765,-0.230469
1784159170.379940,6,0.360202,-0.356718,-0.218750
1784159170.389940,6,0.358172,-0.248152,-0.218750
1784159170.399940,6,0.355900,-0.329576,-0.218750
1784159170.410032,6,0.353749,-0.213255,-0.199219
1784159170.420016,6,0.351114,-0.252029,-0.203125
1784159170.430036,6,0.348630,-0.341209,-0.187500
1784159170.439920,6,0.346510,-0.178359,-0.187500
1784159170.449920,6,0.344813,-0.209378,-0.183594
1784159170.459921,6,0.343995,-0.027142,-0.187500
1784159170.469930,6,0.343935,-0.096934,-0.183594
1784159170.479925,6,0.343935,0.000000,-0.183594
1784159170.489922,6,0.343753,-0.093057,-0.187500
1784159170.499920,6,0.343450,-0.065915,-0.183594
1784159170.510002,6,0.342996,-0.100812,-0.183594
1784159170.519921,6,0.342360,-0.046528,-0.175781
1784159170.529922,6,0.341087,-0.197746,-0.171875
1784159170.539923,6,0.340209,0.000000,-0.175781
1784159170.549923,6,0.340148,0.007755,-0.171875
1784159170.559929,6,0.340118,-0.031019,-0.171875
1784159170.569921,6,0.340057,-0.038774,-0.171875
1784159170.579924,6,0.340027,0.046528,-0.171875
1784159170.589921,6,0.339936,-0.015509,-0.171875
1784159170.599921,6,0.339815,-0.081425,-0.167969
1784159170.609924,6,0.339724,-0.116321,-0.171875
1784159170.619924,6,0.339664,-0.046528,-0.175781
1784159170.629924,6,0.339512,-0.046528,-0.171875
1784159170.639922,6,0.339361,-0.058161,-0.171875
1784159170.649923,6,0.339149,-0.019387,-0.167969
1784159170.659923,6,0.338967,-0.038774,-0.175781
1784159170.669922,6,0.338846,-0.062038,-0.164062
1784159170.679922,6,0.338543,-0.019387,-0.164062
1784159170.689922,6,0.337876,-0.077547,-0.167969
1784159170.699924,6,0.336937,-0.147340,-0.164062
1784159170.709906,6,0.336756,0.000000,-0.164062
1784159170.719904,6,0.336725,-0.023264,-0.156250
1784159170.729907,6,0.336665,-0.093057,-0.167969
1784159170.739902,6,0.336665,0.034896,-0.167969
1784159170.749902,6,0.336695,0.019387,-0.167969
1784159170.759904,6,0.336604,-0.093057,-0.156250
1784159170.769905,6,0.336634,0.023264,-0.167969
1784159170.779903,6,0.336574,0.000000,-0.164062
1784159170.789908,6,0.336513,0.000000,-0.164062
1784159170.799904,6,0.336453,-0.023264,-0.171875
1784159170.809905,6,0.336392,-0.015509,-0.164062
1784159170.819904,6,0.336362,0.019387,-0.164062
1784159170.829907,6,0.336301,0.015509,-0.164062
1784159170.839911,6,0.336241,0.011632,-0.167969
1784159170.849910,6,0.336210,-0.038774,-0.164062
1784159170.859904,6,0.336180,-0.038774,-0.167969
1784159170.869911,6,0.336150,-0.023264,-0.164062
1784159170.879908,6,0.336120,-0.054283,-0.164062
1784159170.889905,6,0.336120,-0.007755,-0.164062
1784159170.899905,6,0.336059,-0.038774,-0.164062
1784159170.909907,6,0.336029,-0.007755,-0.164062
1784159170.920029,6,0.335998,0.011632,-0.152344
1784159170.929909,6,0.335938,0.003877,-0.167969
1784159170.939905,6,0.335817,-0.050406,-0.156250
1784159170.949896,6,0.335726,-0.058161,-0.167969
1784159170.959906,6,0.335514,-0.085302,-0.164062
1784159170.969908,6,0.335362,-0.027142,-0.164062
1784159170.979904,6,0.335180,-0.054283,-0.167969
1784159170.989885,6,0.335180,0.023264,-0.164062
1784159170.999886,6,0.335120,0.027142,-0.164062
1784159171.009887,6,0.334968,-0.011632,-0.156250
1784159171.019888,6,0.334696,-0.085302,-0.164062
1784159171.029887,6,0.334241,-0.100812,-0.167969
1784159171.039891,6,0.333393,-0.093057,-0.156250
1784159171.049885,6,0.332727,-0.081425,-0.156250
1784159171.059888,6,0.332757,-0.015509,-0.148438
1784159171.069890,6,0.332727,-0.054283,-0.156250
1784159171.079885,6,0.332727,0.019387,-0.156250
1784159171.089886,6,0.332696,0.015509,-0.156250
1784159171.099887,6,0.332606,-0.038774,-0.148438
1784159171.109887,6,0.332545,-0.042651,-0.156250
1784159171.119884,6,0.332484,-0.042651,-0.156250
1784159171.129966,6,0.332424,-0.096934,-0.152344
1784159171.139969,6,0.332424,-0.038774,-0.152344
1784159171.149996,6,0.332363,0.000000,-0.152344
1784159171.159968,6,0.332303,-0.058161,-0.148438
1784159171.169890,6,0.332303,0.019387,-0.152344
1784159171.179889,6,0.332272,0.019387,-0.152344
1784159171.189889,6,0.332182,-0.050406,-0.152344
1784159171.199889,6,0.332121,-0.058161,-0.152344
1784159171.209890,6,0.332091,-0.023264,-0.152344
1784159171.219892,6,0.332060,-0.015509,-0.152344
1784159171.229889,6,0.332030,0.019387,-0.152344
1784159171.239870,6,0.331969,-0.023264,-0.156250
1784159171.249871,6,0.331939,0.019387,-0.156250
1784159171.259871,6,0.331848,-0.050406,-0.148438
1784159171.269868,6,0.331788,-0.038774,-0.152344
1784159171.279869,6,0.331727,-0.058161,-0.156250
1784159171.289870,6,0.331667,-0.038774,-0.152344
1784159171.299875,6,0.331606,0.000000,-0.152344
1784159171.309876,6,0.331485,-0.015509,-0.152344
1784159171.319868,6,0.331364,-0.027142,-0.152344
1784159171.329869,6,0.331333,0.007755,-0.140625
1784159171.339877,6,0.331273,-0.007755,-0.148438
1784159171.349874,6,0.331273,0.011632,-0.152344
1784159171.359879,6,0.331182,-0.069793,-0.156250
1784159171.369869,6,0.331152,-0.007755,-0.152344
1784159171.379867,6,0.331061,-0.007755,-0.148438
1784159171.389868,6,0.330849,-0.096934,-0.148438
1784159171.399872,6,0.330576,-0.038774,-0.148438
1784159171.409873,6,0.330001,-0.127953,-0.148438
1784159171.419880,6,0.329334,-0.143463,-0.152344
1784159171.429870,6,0.329152,-0.011632,-0.140625
1784159171.439879,6,0.329152,-0.023264,-0.140625
1784159171.449871,6,0.329122,-0.096934,-0.136719
1784159171.459873,6,0.329092,-0.027142,-0.140625
1784159171.469871,6,0.329031,-0.062038,-0.148438
1784159171.479872,6,0.329001,-0.058161,-0.140625
1784159171.489879,6,0.329061,0.011632,-0.152344
1784159171.499879,6,0.329001,-0.019387,-0.152344
1784159171.509851,6,0.329031,0.050406,-0.148438
1784159171.519850,6,0.328971,-0.042651,-0.140625
1784159171.529853,6,0.328971,-0.019387,-0.136719
1784159171.539854,6,0.329001,0.054283,-0.140625
1784159171.549854,6,0.328940,0.015509,-0.140625
1784159171.559849,6,0.328940,-0.015509,-0.140625
1784159171.569851,6,0.328940,0.019387,-0.140625
1784159171.579861,6,0.328880,-0.062038,-0.140625
1784159171.589859,6,0.328880,-0.027142,-0.140625
1784159171.599860,6,0.328880,0.031019,-0.140625
1784159171.609850,6,0.328819,-0.104689,-0.136719
1784159171.619868,6,0.328819,-0.019387,-0.148438
1784159171.629852,6,0.328819,0.000000,-0.148438
1784159171.639860,6,0.328789,-0.003877,-0.140625
1784159171.649861,6,0.328728,-0.046528,-0.136719
1784159171.659862,6,0.328698,-0.077547,-0.140625
1784159171.669852,6,0.328759,0.050406,-0.140625
1784159171.679861,6,0.328728,0.019387,-0.140625
1784159171.689861,6,0.328698,-0.038774,-0.140625
1784159171.699863,6,0.328698,-0.038774,-0.152344
1784159171.709864,6,0.328728,0.054283,-0.148438
1784159171.719862,6,0.328668,-0.038774,-0.140625
1784159171.729854,6,0.328637,-0.038774,-0.140625
1784159171.739855,6,0.328607,-0.058161,-0.140625
1784159171.749855,6,0.328577,-0.058161,-0.140625
1784159171.759851,6,0.328577,-0.023264,-0.140625
1784159171.769862,6,0.328607,0.027142,-0.140625
1784159171.779835,6,0.328577,-0.003877,-0.132812
1784159171.789834,6,0.328546,-0.050406,-0.148438
1784159171.799843,6,0.328577,0.034896,-0.140625
1784159171.809836,6,0.328516,-0.081425,-0.148438
1784159171.819833,6,0.328516,-0.073670,-0.140625
1784159171.829833,6,0.328486,-0.096934,-0.140625
1784159171.839838,6,0.328516,-0.050406,-0.136719
1784159171.849840,6,0.328546,0.015509,-0.140625
1784159171.859835,6,0.328516,-0.015509,-0.132812
1784159171.869834,6,0.328486,-0.058161,-0.148438
1784159171.879841,6,0.328456,-0.027142,-0.148438
1784159171.889834,6,0.328486,-0.038774,-0.148438
1784159171.899841,6,0.328516,0.027142,-0.140625
1784159171.909842,6,0.328456,-0.069793,-0.140625
1784159171.919846,6,0.328486,-0.027142,-0.148438
1784159171.929906,6,0.328486,0.000000,-0.148438
1784159171.939904,6,0.328456,-0.015509,-0.148438
1784159171.949941,6,0.328456,-0.042651,-0.136719
1784159171.959939,6,0.328425,-0.085302,-0.140625
1784159171.969962,6,0.328456,-0.015509,-0.140625
1784159171.979845,6,0.328456,0.007755,-0.140625
1784159171.989835,6,0.328425,-0.034896,-0.148438
1784159171.999837,6,0.328425,-0.023264,-0.140625
1784159172.009837,6,0.328425,-0.003877,-0.140625
1784159172.019843,6,0.328395,-0.042651,-0.140625
1784159172.029947,6,0.328425,-0.031019,-0.136719
1784159172.039838,6,0.328395,-0.027142,-0.136719
1784159172.049837,6,0.328365,-0.038774,-0.148438
1784159172.059838,6,0.328365,-0.027142,-0.148438
1784159172.069821,6,0.328395,-0.011632,-0.136719
1784159172.079815,6,0.328365,0.015509,-0.148438
1784159172.089816,6,0.328334,-0.038774,-0.152344
1784159172.099814,6,0.328365,0.038774,-0.140625
1784159172.109817,6,0.328365,0.054283,-0.140625
1784159172.119816,6,0.328334,0.000000,-0.140625
1784159172.129818,6,0.328304,-0.034896,-0.148438
1784159172.139813,6,0.328274,-0.050406,-0.148438
1784159172.149823,6,0.328304,0.019387,-0.148438
1784159172.159821,6,0.328274,-0.019387,-0.148438
1784159172.169818,6,0.328274,-0.003877,-0.140625
1784159172.179820,6,0.328244,-0.073670,-0.148438
1784159172.189818,6,0.328304,0.081425,-0.148438
1784159172.199816,6,0.328213,-0.065915,-0.140625
1784159172.209819,6,0.328244,0.027142,-0.140625
1784159172.219816,6,0.328213,-0.027142,-0.140625
1784159172.229817,6,0.328213,0.019387,-0.140625
1784159172.239817,6,0.328153,-0.015509,-0.140625
1784159172.249817,6,0.328153,-0.027142,-0.148438
1784159172.259818,6,0.328153,-0.003877,-0.140625
1784159172.269813,6,0.328122,-0.034896,-0.148438
1784159172.279817,6,0.328122,-0.031019,-0.148438
1784159172.289820,6,0.328153,-0.003877,-0.140625
1784159172.299820,6,0.328062,-0.069793,-0.140625
1784159172.309815,6,0.328092,-0.003877,-0.140625
1784159172.319815,6,0.328092,0.003877,-0.140625
1784159172.329897,6,0.328062,-0.038774,-0.148438
1784159172.339816,6,0.328062,-0.031019,-0.140625
1784159172.349810,6,0.328062,-0.003877,-0.140625
1784159172.359797,6,0.328001,-0.077547,-0.140625
1784159172.369873,6,0.328032,0.003877,-0.152344
1784159172.379799,6,0.328001,-0.027142,-0.136719
1784159172.389795,6,0.328001,0.015509,-0.136719
1784159172.399793,6,0.327971,0.019387,-0.148438
1784159172.409792,6,0.327971,0.023264,-0.140625
1784159172.419799,6,0.327941,-0.003877,-0.140625
1784159172.429798,6,0.327910,-0.027142,-0.140625
1784159172.439797,6,0.327910,-0.015509,-0.148438
1784159172.449801,6,0.327910,0.015509,-0.140625
1784159172.459800,6,0.327880,0.000000,-0.152344
1784159172.469796,6,0.327850,-0.038774,-0.140625
1784159172.479795,6,0.327850,-0.034896,-0.140625
1784159172.489800,6,0.327850,0.000000,-0.140625
1784159172.499800,6,0.327850,0.003877,-0.140625
1784159172.509797,6,0.327850,0.000000,-0.140625
1784159172.519798,6,0.327850,0.015509,-0.148438
1784159172.529801,6,0.327819,-0.034896,-0.140625
1784159172.539795,6,0.327819,-0.038774,-0.140625
1784159172.549904,6,0.327789,-0.019387,-0.140625
1784159172.559794,6,0.327819,0.007755,-0.140625
1784159172.569807,6,0.327789,-0.042651,-0.140625
1784159172.579792,6,0.327789,-0.034896,-0.140625
1784159172.589793,6,0.327789,-0.011632,-0.140625
1784159172.599796,6,0.327759,-0.054283,-0.140625
1784159172.609800,6,0.327729,-0.073670,-0.136719
1784159172.619777,6,0.327789,0.069793,-0.152344
1784159172.629778,6,0.327729,-0.038774,-0.140625
1784159172.639779,6,0.327729,-0.038774,-0.152344
1784159172.649778,6,0.327729,0.027142,-0.140625
1784159172.659779,6,0.327698,0.007755,-0.140625
1784159172.669837,6,0.327729,0.038774,-0.140625
1784159172.679779,6,0.327698,-0.003877,-0.140625
1784159172.689874,6,0.327668,-0.046528,-0.140625
1784159172.699877,6,0.327638,-0.065915,-0.136719
1784159172.709784,6,0.327638,-0.062038,-0.152344
1784159172.719783,6,0.327668,0.019387,-0.140625
1784159172.729784,6,0.327638,-0.038774,-0.140625
1784159172.739782,6,0.327668,0.027142,-0.140625
1784159172.749779,6,0.327607,-0.093057,-0.140625
1784159172.759784,6,0.327607,-0.073670,-0.132812
1784159172.769779,6,0.327638,-0.011632,-0.136719
1784159172.779785,6,0.327638,-0.003877,-0.136719
1784159172.789783,6,0.327638,-0.003877,-0.140625
1784159172.799943,6,0.327638,0.000000,-0.140625
1784159172.809778,6,0.327638,0.007755,-0.148438
1784159172.819779,6,0.327577,-0.065915,-0.152344
1784159172.829781,6,0.327607,-0.015509,-0.140625
1784159172.839834,6,0.327577,-0.023264,-0.136719
1784159172.849783,6,0.327577,-0.003877,-0.140625
1784159172.859782,6,0.327547,-0.058161,-0.148438
1784159172.869761,6,0.327547,-0.027142,-0.148438
1784159172.879768,6,0.327547,0.011632,-0.148438
1784159172.889760,6,0.327517,-0.003877,-0.136719
1784159172.899780,6,0.327517,-0.031019,-0.152344
1784159172.909763,6,0.327517,-0.007755,-0.140625
1784159172.919762,6,0.327486,-0.015509,-0.136719
1784159172.929762,6,0.327456,-0.062038,-0.140625
1784159172.939765,6,0.327456,-0.069793,-0.140625
1784159172.949763,6,0.327486,0.007755,-0.136719
1784159172.959764,6,0.327486,0.015509,-0.132812
1784159172.969759,6,0.327456,-0.050406,-0.140625
1784159172.979763,6,0.327486,0.038774,-0.136719
1784159172.989763,6,0.327486,0.019387,-0.140625
1784159172.999768,6,0.327456,-0.019387,-0.136719
1784159173.009763,6,0.327426,-0.069793,-0.140625
1784159173.019760,6,0.327456,-0.011632,-0.140625
1784159173.029767,6,0.327486,0.054283,-0.136719
1784159173.039763,6,0.327426,-0.065915,-0.132812
1784159173.049763,6,0.327456,-0.007755,-0.148438
1784159173.059768,6,0.327456,0.000000,-0.140625
1784159173.069759,6,0.327426,-0.038774,-0.140625
1784159173.079765,6,0.327426,-0.027142,-0.140625
1784159173.089765,6,0.327426,-0.031019,-0.132812
1784159173.099789,6,0.327456,0.019387,-0.140625
1784159173.109764,6,0.327456,0.023264,-0.140625
1784159173.119765,6,0.327426,-0.023264,-0.140625
1784159173.129746,6,0.327426,-0.019387,-0.140625
1784159173.139768,6,0.327426,-0.031019,-0.136719
1784159173.149765,6,0.327426,-0.027142,-0.136719
1784159173.159743,6,0.327426,-0.011632,-0.140625
1784159173.169743,6,0.327426,-0.003877,-0.136719
1784159173.179746,6,0.327426,-0.007755,-0.140625
1784159173.189740,6,0.327426,0.000000,-0.136719
1784159173.199751,6,0.327395,-0.034896,-0.140625
1784159173.209743,6,0.327426,0.046528,-0.136719
1784159173.219748,6,0.327395,0.000000,-0.136719
1784159173.229809,6,0.327365,-0.038774,-0.140625
1784159173.239841,6,0.327395,0.019387,-0.136719
1784159173.249743,6,0.327365,-0.031019,-0.136719
1784159173.259746,6,0.327335,-0.069793,-0.136719
1784159173.269746,6,0.327335,-0.065915,-0.136719
1784159173.279747,6,0.327335,0.000000,-0.136719
1784159173.289744,6,0.327305,-0.069793,-0.132812
1784159173.299751,6,0.327335,0.011632,-0.136719
1784159173.309755,6,0.327335,0.027142,-0.148438
1784159173.319750,6,0.327274,-0.081425,-0.148438
1784159173.329745,6,0.327305,0.003877,-0.136719
1784159173.339748,6,0.327244,-0.054283,-0.140625
1784159173.349745,6,0.327244,-0.038774,-0.148438
1784159173.359746,6,0.327244,-0.031019,-0.148438
1784159173.369750,6,0.327214,-0.038774,-0.140625
1784159173.379756,6,0.327214,-0.023264,-0.136719
1784159173.389752,6,0.327214,-0.003877,-0.136719
1784159173.399746,6,0.327214,0.015509,-0.132812
1784159173.409748,6,0.327183,-0.027142,-0.136719
1784159173.419753,6,0.327123,-0.065915,-0.136719
1784159173.429729,6,0.327123,-0.027142,-0.136719
1784159173.439727,6,0.327092,0.007755,-0.136719
1784159173.449723,6,0.327062,-0.073670,-0.136719
1784159173.459732,6,0.327032,-0.065915,-0.140625
1784159173.469740,6,0.327062,0.042651,-0.136719
1784159173.479727,6,0.327002,-0.054283,-0.132812
1784159173.489759,6,0.327002,0.000000,-0.136719
1784159173.499725,6,0.326971,-0.027142,-0.136719
1784159173.509733,6,0.326911,-0.085302,-0.140625
1784159173.519728,6,0.326880,-0.062038,-0.136719
1784159173.529731,6,0.326850,-0.042651,-0.140625
1784159173.539734,6,0.326820,-0.011632,-0.136719
1784159173.549733,6,0.326729,-0.038774,-0.132812
1784159173.559735,6,0.326608,-0.058161,-0.136719
1784159173.569727,6,0.326396,-0.093057,-0.136719
1784159173.579733,6,0.326214,-0.058161,-0.136719
1784159173.589729,6,0.325972,-0.127953,-0.136719
1784159173.599726,6,0.325699,-0.089180,-0.136719
1784159173.609726,6,0.325487,-0.015509,-0.132812
1784159173.619730,6,0.325487,-0.011632,-0.132812
1784159173.629733,6,0.325487,0.015509,-0.132812
1784159173.639730,6,0.325426,-0.050406,-0.132812
1784159173.649730,6,0.325457,0.050406,-0.132812
1784159173.659733,6,0.325426,0.019387,-0.132812
1784159173.669727,6,0.325366,-0.073670,-0.136719
1784159173.679727,6,0.325426,0.031019,-0.132812
1784159173.689726,6,0.325366,-0.031019,-0.132812
1784159173.699742,6,0.325366,-0.027142,-0.136719
1784159173.709795,6,0.325366,-0.019387,-0.132812
1784159173.719707,6,0.325336,-0.058161,-0.132812
1784159173.729710,6,0.325366,0.019387,-0.132812
1784159173.739710,6,0.325336,-0.038774,-0.132812
1784159173.749707,6,0.325336,-0.023264,-0.132812
1784159173.759796,6,0.325336,-0.019387,-0.136719
1784159173.769707,6,0.325305,-0.058161,-0.132812
1784159173.779721,6,0.325336,0.000000,-0.132812
1784159173.789710,6,0.325336,-0.046528,-0.140625
1784159173.799715,6,0.325305,-0.019387,-0.132812
1784159173.809712,6,0.325305,-0.003877,-0.132812
1784159173.820794,6,0.325305,0.011632,-0.132812
1784159173.829709,6,0.325275,-0.034896,-0.132812
1784159173.839714,6,0.325305,0.038774,-0.132812
1784159173.849710,6,0.325275,0.003877,-0.136719
1784159173.859710,6,0.325245,-0.034896,-0.125000
1784159173.869711,6,0.325245,-0.015509,-0.136719
1784159173.879713,6,0.325245,0.007755,-0.132812
1784159173.889711,6,0.325245,0.015509,-0.132812
1784159173.899712,6,0.325245,0.042651,-0.132812
1784159173.909708,6,0.325214,0.000000,-0.132812
1784159173.919714,6,0.325184,-0.054283,-0.136719
1784159173.929714,6,0.325214,0.027142,-0.132812
1784159173.939715,6,0.325184,0.000000,-0.132812
1784159173.949715,6,0.325184,0.027142,-0.132812
1784159173.959713,6,0.325184,0.027142,-0.132812
1784159173.969708,6,0.325154,-0.011632,-0.132812
1784159173.979690,6,0.325154,0.000000,-0.132812
1784159173.989689,6,0.325154,-0.007755,-0.136719
1784159173.999691,6,0.325124,-0.042651,-0.136719
1784159174.009689,6,0.325124,-0.038774,-0.132812
1784159174.019690,6,0.325124,-0.038774,-0.132812
1784159174.029692,6,0.325124,0.000000,-0.132812
1784159174.039691,6,0.325093,-0.031019,-0.132812
1784159174.049691,6,0.325063,-0.077547,-0.132812
1784159174.059693,6,0.325063,-0.058161,-0.136719
1784159174.069692,6,0.325063,-0.058161,-0.136719
1784159174.079691,6,0.325063,-0.050406,-0.132812
1784159174.089693,6,0.325093,0.027142,-0.132812
1784159174.099691,6,0.325063,-0.011632,-0.132812
1784159174.109692,6,0.325033,-0.073670,-0.136719
1784159174.119691,6,0.325063,0.015509,-0.132812
1784159174.129694,6,0.325033,-0.038774,-0.132812
1784159174.139692,6,0.325033,-0.019387,-0.132812
1784159174.149696,6,0.325033,-0.015509,-0.132812
1784159174.159692,6,0.325033,0.015509,-0.132812
1784159174.169695,6,0.325002,-0.027142,-0.136719
1784159174.179698,6,0.325002,-0.034896,-0.136719
1784159174.189698,6,0.325002,0.000000,-0.136719
1784159174.199695,6,0.324972,-0.038774,-0.132812
1784159174.209693,6,0.325002,0.034896,-0.132812
1784159174.219694,6,0.324972,-0.007755,-0.132812
1784159174.229679,6,0.324972,-0.007755,-0.132812
1784159174.239692,6,0.324972,-0.007755,-0.136719
1784159174.249692,6,0.324972,0.019387,-0.132812
1784159174.259673,6,0.324942,-0.034896,-0.132812
1784159174.269673,6,0.324942,-0.015509,-0.132812
1784159174.279673,6,0.324972,0.050406,-0.132812
1784159174.289672,6,0.324911,-0.062038,-0.132812
1784159174.299675,6,0.324911,-0.038774,-0.136719
1784159174.309674,6,0.324911,-0.031019,-0.132812
1784159174.319676,6,0.324911,-0.027142,-0.136719
1784159174.329674,6,0.324881,-0.081425,-0.132812
1784159174.339673,6,0.324881,-0.069793,-0.132812
1784159174.349675,6,0.324911,-0.023264,-0.136719
1784159174.359670,6,0.324881,-0.054283,-0.132812
1784159174.369678,6,0.324911,0.019387,-0.132812
1784159174.379676,6,0.324881,-0.031019,-0.132812
1784159174.389683,6,0.324851,-0.085302,-0.132812
1784159174.399673,6,0.324851,-0.065915,-0.132812
1784159174.409672,6,0.324851,-0.085302,-0.132812
1784159174.419673,6,0.324881,0.003877,-0.132812
1784159174.429676,6,0.324881,0.000000,-0.132812
1784159174.439675,6,0.324881,0.019387,-0.136719
1784159174.449675,6,0.324851,-0.034896,-0.132812
1784159174.459675,6,0.324821,-0.093057,-0.132812
1784159174.469675,6,0.324851,-0.003877,-0.132812
1784159174.479682,6,0.324821,-0.077547,-0.132812
1784159174.489677,6,0.324851,0.000000,-0.132812
1784159174.499674,6,0.324851,-0.003877,-0.132812
1784159174.509657,6,0.324851,0.000000,-0.125000
1784159174.519657,6,0.324851,0.019387,-0.132812
1784159174.529659,6,0.324821,-0.011632,-0.132812
1784159174.539661,6,0.324821,-0.023264,-0.148438
1784159174.549657,6,0.324821,-0.038774,-0.136719
1784159174.559656,6,0.324821,-0.031019,-0.136719
1784159174.569658,6,0.324851,0.054283,-0.132812
1784159174.579731,6,0.324821,0.000000,-0.136719
1784159174.589752,6,0.324790,-0.050406,-0.132812
1784159174.599744,6,0.324790,-0.011632,-0.132812
1784159174.609661,6,0.324790,-0.027142,-0.132812
1784159174.619658,6,0.324790,-0.015509,-0.132812
1784159174.629710,6,0.324821,0.046528,-0.136719
1784159174.639661,6,0.324790,-0.015509,-0.136719
1784159174.649662,6,0.324790,-0.015509,-0.132812
1784159174.659659,6,0.324760,-0.085302,-0.136719
1784159174.669661,6,0.324790,0.000000,-0.132812
1784159174.679661,6,0.324760,-0.031019,-0.132812
1784159174.689660,6,0.324790,0.019387,-0.132812
1784159174.699660,6,0.324760,-0.038774,-0.132812
1784159174.709661,6,0.324790,0.019387,-0.132812
1784159174.719659,6,0.324760,-0.015509,-0.132812
1784159174.729739,6,0.324730,-0.062038,-0.132812
1784159174.739659,6,0.324760,0.000000,-0.132812
1784159174.749658,6,0.324760,-0.003877,-0.136719
1784159174.759660,6,0.324760,0.019387,-0.132812
1784159174.769657,6,0.324730,-0.038774,-0.132812
1784159174.779638,6,0.324730,-0.027142,-0.132812
1784159174.789641,6,0.324730,-0.023264,-0.136719
1784159174.799636,6,0.324760,0.019387,-0.136719
1784159174.809635,6,0.324730,-0.003877,-0.132812
1784159174.819635,6,0.324699,-0.065915,-0.132812
1784159174.829636,6,0.324730,-0.007755,-0.132812
1784159174.839641,6,0.324699,-0.062038,-0.132812
1784159174.849636,6,0.324699,-0.038774,-0.132812
1784159174.859637,6,0.324730,0.003877,-0.132812
1784159174.869636,6,0.324699,-0.038774,-0.136719
1784159174.879639,6,0.324699,-0.042651,-0.132812
1784159174.889640,6,0.324699,-0.038774,-0.136719
1784159174.899640,6,0.324699,-0.038774,-0.132812
1784159174.909639,6,0.324730,0.027142,-0.136719
1784159174.919650,6,0.324699,-0.015509,-0.132812
1784159174.929639,6,0.324699,-0.019387,-0.136719
1784159174.939641,6,0.324699,-0.003877,-0.132812
1784159174.949637,6,0.324730,0.034896,-0.132812
1784159174.959641,6,0.324699,-0.011632,-0.132812
1784159174.969640,6,0.324699,0.062038,-0.132812
1784159174.979637,6,0.324699,0.000000,-0.136719
1784159174.989641,6,0.324699,0.000000,-0.132812
1784159174.999640,6,0.324669,-0.034896,-0.132812
1784159175.009638,6,0.324669,-0.011632,-0.132812
1784159175.019638,6,0.324669,-0.027142,-0.132812
1784159175.029706,6,0.324669,-0.003877,-0.132812
1784159175.039649,6,0.324639,-0.085302,-0.132812
1784159175.049640,6,0.324639,-0.054283,-0.132812
1784159175.059639,6,0.324669,-0.003877,-0.132812
1784159175.069623,6,0.324639,-0.027142,-0.132812
1784159175.079622,6,0.324669,0.019387,-0.132812
1784159175.089620,6,0.324669,0.046528,-0.132812
1784159175.099621,6,0.324609,-0.062038,-0.132812
1784159175.109620,6,0.324609,-0.058161,-0.132812
1784159175.119627,6,0.324609,-0.054283,-0.132812
1784159175.129622,6,0.324639,0.000000,-0.125000
1784159175.139620,6,0.324578,-0.085302,-0.132812
1784159175.149620,6,0.324639,0.046528,-0.132812
1784159175.159622,6,0.324609,-0.023264,-0.132812
1784159175.169622,6,0.324609,-0.023264,-0.136719
1784159175.179626,6,0.324609,-0.015509,-0.132812
1784159175.189630,6,0.324548,-0.116321,-0.136719
1784159175.199619,6,0.324609,0.000000,-0.132812
1784159175.209638,6,0.324578,-0.046528,-0.132812
1784159175.219623,6,0.324609,0.019387,-0.132812
1784159175.229620,6,0.324609,0.027142,-0.136719
1784159175.239622,6,0.324578,-0.003877,-0.136719
1784159175.249628,6,0.324578,0.003877,-0.132812
1784159175.259622,6,0.324548,-0.042651,-0.136719
1784159175.269622,6,0.324578,0.015509,-0.132812
1784159175.279621,6,0.324578,0.034896,-0.132812
1784159175.289628,6,0.324548,-0.031019,-0.132812
1784159175.299621,6,0.324578,0.015509,-0.132812
1784159175.309620,6,0.324518,-0.081425,-0.132812
1784159175.319625,6,0.324518,-0.062038,-0.136719
1784159175.329609,6,0.324578,0.054283,-0.132812
