timestamp,motor_id,position,velocity,torque
1784159145.208750,7,0.301284,-0.065915,0.000000
1784159145.218585,7,0.301253,-0.077547,-0.007812
1784159145.228593,7,0.301163,-0.038774,-0.019531
1784159145.238577,7,0.300829,-0.069793,-0.023438
1784159145.248592,7,0.300254,-0.081425,-0.042969
1784159145.258586,7,0.299406,-0.104689,-0.039062
1784159145.268572,7,0.298164,-0.170604,-0.039062
1784159145.278573,7,0.296619,-0.197746,-0.035156
1784159145.288563,7,0.296195,-0.058161,-0.042969
1784159145.298557,7,0.296255,-0.023264,-0.039062
1784159145.308556,7,0.296286,0.000000,-0.039062
1784159145.318558,7,0.296316,0.034896,-0.042969
1784159145.328559,7,0.296286,-0.023264,-0.042969
1784159145.338559,7,0.296286,-0.038774,-0.042969
1784159145.348558,7,0.296286,-0.042651,-0.039062
1784159145.358578,7,0.296316,-0.011632,-0.042969
1784159145.368559,7,0.296376,0.003877,-0.042969
1784159145.378556,7,0.296437,0.011632,-0.042969
1784159145.388556,7,0.296407,-0.096934,-0.039062
1784159145.398558,7,0.296407,-0.034896,-0.039062
1784159145.408558,7,0.296376,-0.073670,-0.035156
1784159145.418559,7,0.296407,-0.023264,-0.039062
1784159145.428559,7,0.296407,-0.031019,-0.042969
1784159145.438561,7,0.296407,-0.019387,-0.039062
1784159145.448561,7,0.296376,-0.027142,-0.039062
1784159145.458558,7,0.296346,-0.003877,-0.039062
1784159145.468558,7,0.296316,-0.034896,-0.039062
1784159145.478562,7,0.296134,-0.077547,-0.039062
1784159145.488560,7,0.295680,-0.054283,-0.039062
1784159145.498560,7,0.294195,-0.248152,-0.023438
1784159145.508559,7,0.291287,-0.310190,-0.023438
1784159145.518648,7,0.288076,-0.325699,-0.019531
1784159145.528648,7,0.286229,-0.174482,-0.011719
1784159145.538589,7,0.284684,-0.096934,-0.011719
1784159145.548666,7,0.284290,-0.027142,-0.007812
1784159145.558541,7,0.284320,-0.007755,-0.007812
1784159145.568540,7,0.284351,0.023264,-0.011719
1784159145.578542,7,0.284351,0.019387,-0.011719
1784159145.588542,7,0.284290,-0.089180,-0.011719
1784159145.598539,7,0.284320,-0.015509,-0.007812
1784159145.608541,7,0.284351,0.000000,-0.007812
1784159145.618540,7,0.284441,0.000000,-0.011719
1784159145.628549,7,0.284502,-0.003877,-0.011719
1784159145.638539,7,0.284532,-0.038774,-0.007812
1784159145.648541,7,0.284532,-0.046528,-0.003906
1784159145.658540,7,0.284532,-0.050406,-0.003906
1784159145.668542,7,0.284532,-0.038774,-0.011719
1784159145.678542,7,0.284532,-0.062038,-0.011719
1784159145.688542,7,0.284563,-0.003877,-0.019531
1784159145.698542,7,0.284502,-0.096934,-0.011719
1784159145.708542,7,0.284472,-0.038774,-0.007812
1784159145.718543,7,0.284411,-0.031019,-0.011719
1784159145.728540,7,0.284351,-0.038774,-0.007812
1784159145.738543,7,0.284169,-0.085302,0.000000
1784159145.748547,7,0.283866,-0.054283,0.000000
1784159145.758543,7,0.283321,-0.073670,0.000000
1784159145.768545,7,0.282230,-0.155095,0.000000
1784159145.778542,7,0.280746,-0.182236,-0.007812
1784159145.788542,7,0.280322,-0.034896,-0.007812
1784159145.798542,7,0.280110,-0.038774,0.003906
1784159145.808549,7,0.279807,-0.054283,0.000000
1784159145.818542,7,0.279564,-0.023264,0.000000
1784159145.828545,7,0.279292,-0.023264,0.011719
1784159145.838544,7,0.278656,-0.178359,0.007812
1784159145.848524,7,0.277232,-0.186114,0.007812
1784159145.858522,7,0.276475,-0.023264,0.003906
1784159145.868522,7,0.276475,0.019387,0.011719
1784159145.878524,7,0.276444,-0.046528,0.003906
1784159145.888528,7,0.276505,0.054283,0.007812
1784159145.898528,7,0.276444,-0.058161,0.007812
1784159145.908523,7,0.276475,-0.027142,0.007812
1784159145.918526,7,0.276475,-0.038774,0.003906
1784159145.928523,7,0.276475,-0.034896,0.003906
1784159145.938523,7,0.276505,-0.011632,0.003906
1784159145.948523,7,0.276596,0.019387,0.007812
1784159145.958522,7,0.276656,-0.058161,0.007812
1784159145.968522,7,0.276656,-0.081425,0.011719
1784159145.978523,7,0.276687,-0.023264,0.007812
1784159145.988524,7,0.276687,-0.031019,0.011719
1784159145.998524,7,0.276687,-0.027142,0.007812
1784159146.008527,7,0.276687,-0.011632,0.007812
1784159146.018524,7,0.276656,-0.062038,0.003906
1784159146.028524,7,0.276656,-0.069793,0.003906
1784159146.038524,7,0.276656,-0.062038,0.007812
1784159146.049598,7,0.276687,-0.011632,0.007812
1784159146.058530,7,0.276687,-0.034896,0.007812
1784159146.068532,7,0.276687,-0.046528,0.003906
1784159146.078532,7,0.276687,-0.058161,0.007812
1784159146.088532,7,0.276656,0.007755,0.003906
1784159146.098532,7,0.276656,0.000000,0.007812
1784159146.108531,7,0.276656,-0.120198,0.007812
1784159146.118510,7,0.276687,0.019387,0.003906
1784159146.128503,7,0.276717,0.069793,0.007812
1784159146.138511,7,0.276656,-0.034896,0.003906
1784159146.148512,7,0.276687,-0.003877,0.007812
1784159146.158511,7,0.276717,-0.015509,0.007812
1784159146.168510,7,0.276717,-0.038774,0.003906
1784159146.178510,7,0.276687,-0.065915,0.007812
1784159146.188509,7,0.276717,0.007755,0.007812
1784159146.198512,7,0.276717,-0.038774,0.007812
1784159146.208512,7,0.276747,0.011632,0.003906
1784159146.218512,7,0.276717,-0.011632,0.000000
1784159146.228513,7,0.276717,-0.038774,0.007812
1784159146.238503,7,0.276687,-0.085302,0.007812
1784159146.248512,7,0.276747,0.007755,0.003906
1784159146.258513,7,0.276717,-0.023264,0.011719
1784159146.268513,7,0.276747,0.019387,0.007812
1784159146.278513,7,0.276717,-0.023264,0.007812
1784159146.288512,7,0.276717,-0.081425,0.003906
1784159146.298512,7,0.276717,-0.031019,0.003906
1784159146.308515,7,0.276687,-0.038774,0.003906
1784159146.318505,7,0.276717,-0.034896,0.003906
1784159146.328504,7,0.276717,-0.011632,0.007812
1784159146.338503,7,0.276717,0.000000,0.003906
1784159146.348499,7,0.276687,-0.031019,0.007812
1784159146.358572,7,0.276717,0.000000,0.007812
1784159146.368504,7,0.276717,-0.038774,0.007812
1784159146.378509,7,0.276747,-0.054283,0.007812
1784159146.388494,7,0.276778,0.000000,0.003906
1784159146.398483,7,0.276778,0.000000,0.003906
1784159146.408575,7,0.276778,0.000000,0.019531
1784159146.418591,7,0.276778,-0.038774,0.003906
1784159146.428492,7,0.276778,0.038774,0.007812
1784159146.438487,7,0.276808,-0.054283,0.011719
1784159146.449588,7,0.276868,-0.038774,0.007812
1784159146.458490,7,0.276959,0.000000,0.007812
1784159146.468490,7,0.276990,-0.038774,0.007812
1784159146.478488,7,0.276990,-0.011632,0.007812
1784159146.488486,7,0.276990,0.000000,0.007812
1784159146.498488,7,0.276990,-0.031019,0.011719
1784159146.508488,7,0.276959,-0.093057,0.007812
1784159146.518487,7,0.276990,0.023264,0.003906
1784159146.528489,7,0.276959,0.034896,0.007812
1784159146.538486,7,0.276959,0.019387,0.007812
1784159146.548488,7,0.276929,-0.058161,0.003906
1784159146.558486,7,0.276959,0.000000,0.007812
1784159146.568493,7,0.276929,-0.023264,0.007812
1784159146.578489,7,0.276899,-0.042651,0.000000
1784159146.588488,7,0.276868,-0.038774,0.011719
1784159146.598489,7,0.276899,-0.027142,0.011719
1784159146.608491,7,0.276929,-0.019387,0.003906
1784159146.618490,7,0.276899,-0.093057,0.007812
1784159146.628487,7,0.276929,0.011632,0.007812
1784159146.638489,7,0.276838,-0.093057,0.003906
1784159146.648487,7,0.276808,0.027142,0.007812
1784159146.658488,7,0.276717,-0.023264,0.003906
1784159146.668471,7,0.276656,-0.089180,0.011719
1784159146.678470,7,0.276687,-0.007755,0.011719
1784159146.688471,7,0.276656,0.003877,0.011719
1784159146.698473,7,0.276384,-0.046528,0.007812
1784159146.708472,7,0.275505,-0.143463,0.011719
1784159146.718471,7,0.273203,-0.333454,0.023438
1784159146.728472,7,0.270719,-0.224887,0.023438
1784159146.738475,7,0.269114,-0.124076,0.023438
1784159146.748471,7,0.268962,-0.019387,0.027344
1784159146.758474,7,0.268750,-0.081425,0.035156
1784159146.768475,7,0.268599,-0.031019,0.027344
1784159146.778472,7,0.268599,-0.003877,0.023438
1784159146.788473,7,0.268447,-0.038774,0.023438
1784159146.798472,7,0.267841,-0.112444,0.027344
1784159146.808475,7,0.266569,-0.189991,0.039062
1784159146.818471,7,0.264721,-0.131831,0.042969
1784159146.828475,7,0.263843,-0.108566,0.039062
1784159146.838473,7,0.263843,0.019387,0.042969
1784159146.848475,7,0.263934,0.023264,0.042969
1784159146.858474,7,0.263934,-0.089180,0.039062
1784159146.869576,7,0.263903,-0.054283,0.039062
1784159146.878481,7,0.263843,-0.023264,0.039062
1784159146.888479,7,0.263570,-0.065915,0.042969
1784159146.898480,7,0.262874,-0.096934,0.054688
1784159146.908459,7,0.261904,-0.077547,0.042969
1784159146.918461,7,0.261874,-0.031019,0.050781
1784159146.928486,7,0.261844,0.000000,0.042969
1784159146.938461,7,0.261844,-0.007755,0.050781
1784159146.948460,7,0.261874,-0.058161,0.050781
1784159146.958459,7,0.262086,0.031019,0.042969
1784159146.968460,7,0.262207,-0.003877,0.042969
1784159146.978461,7,0.262268,-0.050406,0.039062
1784159146.988456,7,0.262268,0.000000,0.042969
1784159146.998457,7,0.262237,-0.073670,0.035156
1784159147.008452,7,0.262268,-0.038774,0.039062
1784159147.018453,7,0.262268,-0.038774,0.042969
1784159147.028452,7,0.262237,-0.038774,0.042969
1784159147.038455,7,0.262237,0.000000,0.050781
1784159147.048452,7,0.262207,-0.058161,0.042969
1784159147.058452,7,0.262237,-0.019387,0.050781
1784159147.068455,7,0.262268,0.007755,0.042969
1784159147.078452,7,0.262268,-0.038774,0.039062
1784159147.088454,7,0.262268,0.011632,0.039062
1784159147.098453,7,0.262298,0.019387,0.042969
1784159147.108454,7,0.262268,-0.027142,0.035156
1784159147.118453,7,0.262237,-0.054283,0.050781
1784159147.128453,7,0.262237,-0.031019,0.050781
1784159147.138456,7,0.262237,-0.007755,0.039062
1784159147.148454,7,0.262237,0.000000,0.039062
1784159147.158453,7,0.262177,-0.034896,0.042969
1784159147.168454,7,0.262086,-0.093057,0.035156
1784159147.178453,7,0.262147,-0.003877,0.042969
1784159147.188453,7,0.262177,0.050406,0.042969
1784159147.198453,7,0.262086,-0.073670,0.050781
1784159147.208432,7,0.261995,-0.007755,0.035156
1784159147.218432,7,0.261844,-0.003877,0.050781
1784159147.228433,7,0.261844,0.000000,0.050781
1784159147.238435,7,0.261844,0.000000,0.042969
1784159147.248434,7,0.261904,0.019387,0.050781
1784159147.258436,7,0.261904,0.003877,0.050781
1784159147.268433,7,0.261874,-0.031019,0.054688
1784159147.278436,7,0.261813,-0.038774,0.050781
1784159147.288434,7,0.261813,0.023264,0.050781
1784159147.298434,7,0.261783,-0.011632,0.054688
1784159147.308434,7,0.261813,-0.058161,0.050781
1784159147.318434,7,0.261813,-0.038774,0.054688
1784159147.328435,7,0.261783,0.023264,0.050781
1784159147.338434,7,0.261632,-0.050406,0.050781
1784159147.348436,7,0.261450,-0.027142,0.054688
1784159147.359517,7,0.261420,-0.046528,0.054688
1784159147.369493,7,0.261450,-0.038774,0.042969
1784159147.379441,7,0.261359,-0.120198,0.050781
1784159147.388443,7,0.261359,0.007755,0.050781
1784159147.398443,7,0.261026,-0.015509,0.050781
1784159147.408443,7,0.260480,-0.116321,0.054688
1784159147.418443,7,0.260238,-0.069793,0.050781
1784159147.428445,7,0.260268,-0.003877,0.050781
1784159147.438443,7,0.260238,-0.038774,0.050781
1784159147.448442,7,0.260208,-0.038774,0.042969
1784159147.458446,7,0.260178,-0.031019,0.039062
1784159147.468443,7,0.260117,-0.093057,0.050781
1784159147.478443,7,0.260056,-0.034896,0.050781
1784159147.488423,7,0.260056,0.034896,0.054688
1784159147.498423,7,0.259966,-0.038774,0.050781
1784159147.508425,7,0.259905,-0.046528,0.058594
1784159147.518423,7,0.259784,-0.015509,0.054688
1784159147.528423,7,0.259541,-0.073670,0.066406
1784159147.538423,7,0.258905,-0.096934,0.054688
1784159147.548424,7,0.257694,-0.182236,0.058594
1784159147.558426,7,0.257209,-0.003877,0.058594
1784159147.568424,7,0.257270,-0.054283,0.058594
1784159147.578421,7,0.257330,0.015509,0.058594
1784159147.589423,7,0.257300,-0.038774,0.054688
1784159147.598423,7,0.257270,0.007755,0.058594
1784159147.609430,7,0.257239,0.031019,0.054688
1784159147.619423,7,0.257209,0.019387,0.050781
1784159147.629422,7,0.257118,-0.034896,0.054688
1784159147.639425,7,0.257057,-0.015509,0.058594
1784159147.649423,7,0.256906,-0.077547,0.054688
1784159147.659426,7,0.256876,-0.038774,0.058594
1784159147.669426,7,0.256876,-0.042651,0.054688
1784159147.679426,7,0.256906,-0.054283,0.054688
1784159147.689426,7,0.256967,0.000000,0.054688
1784159147.698425,7,0.256997,0.019387,0.066406
1784159147.709426,7,0.256997,-0.015509,0.058594
1784159147.719425,7,0.257027,-0.027142,0.058594
1784159147.729425,7,0.257088,-0.031019,0.066406
1784159147.739427,7,0.257209,-0.007755,0.058594
1784159147.749424,7,0.257239,-0.054283,0.058594
1784159147.759406,7,0.257209,-0.065915,0.058594
1784159147.769404,7,0.257209,-0.062038,0.066406
1784159147.779403,7,0.257209,-0.038774,0.066406
1784159147.789404,7,0.257239,0.003877,0.070312
1784159147.799404,7,0.257239,-0.023264,0.058594
1784159147.809407,7,0.257270,0.034896,0.058594
1784159147.819409,7,0.257239,-0.019387,0.066406
1784159147.829406,7,0.257330,0.054283,0.058594
1784159147.839409,7,0.257330,-0.038774,0.058594
1784159147.849404,7,0.257391,-0.023264,0.058594
1784159147.859407,7,0.257421,0.019387,0.058594
1784159147.869397,7,0.257421,0.000000,0.058594
1784159147.879425,7,0.257451,-0.011632,0.058594
1784159147.889480,7,0.257451,-0.065915,0.058594
1784159147.899403,7,0.257512,-0.003877,0.058594
1784159147.909400,7,0.257542,-0.038774,0.050781
1784159147.919405,7,0.257603,0.015509,0.070312
1784159147.929406,7,0.257542,-0.050406,0.058594
1784159147.939427,7,0.257542,-0.011632,0.058594
1784159147.949409,7,0.257603,0.073670,0.058594
1784159147.959409,7,0.257633,0.000000,0.058594
1784159147.969409,7,0.257815,0.054283,0.058594
1784159147.979408,7,0.257875,0.019387,0.066406
1784159147.989407,7,0.257875,0.000000,0.050781
1784159147.999409,7,0.257875,0.003877,0.058594
1784159148.009408,7,0.257845,-0.015509,0.070312
1784159148.019407,7,0.257845,-0.015509,0.058594
1784159148.029408,7,0.257815,-0.003877,0.054688
1784159148.039386,7,0.257754,-0.007755,0.058594
1784159148.049387,7,0.257724,-0.031019,0.058594
1784159148.059389,7,0.257724,-0.038774,0.058594
1784159148.069394,7,0.257754,0.000000,0.054688
1784159148.079388,7,0.257754,0.000000,0.058594
1784159148.089394,7,0.257724,-0.038774,0.058594
1784159148.099387,7,0.257663,-0.050406,0.058594
1784159148.109391,7,0.257663,-0.027142,0.058594
1784159148.119389,7,0.257663,-0.046528,0.058594
1784159148.129390,7,0.257663,-0.003877,0.050781
1784159148.139391,7,0.257633,-0.003877,0.058594
1784159148.149389,7,0.257572,-0.081425,0.058594
1784159148.159394,7,0.257572,0.000000,0.058594
1784159148.169391,7,0.257512,-0.093057,0.058594
1784159148.179389,7,0.257572,-0.038774,0.058594
1784159148.189388,7,0.257603,-0.019387,0.058594
1784159148.199392,7,0.257603,-0.054283,0.070312
1784159148.209390,7,0.257633,-0.023264,0.070312
1784159148.219389,7,0.257663,0.011632,0.058594
1784159148.229388,7,0.257663,-0.027142,0.058594
1784159148.239389,7,0.257663,-0.011632,0.058594
1784159148.249391,7,0.257633,-0.038774,0.058594
1784159148.259373,7,0.257633,-0.019387,0.058594
1784159148.269390,7,0.257633,-0.031019,0.058594
1784159148.279390,7,0.257633,-0.027142,0.058594
1784159148.289392,7,0.257633,0.000000,0.042969
1784159148.299390,7,0.257603,0.000000,0.058594
1784159148.309374,7,0.257572,-0.038774,0.050781
1784159148.319375,7,0.257663,0.054283,0.058594
1784159148.329369,7,0.257633,-0.038774,0.058594
1784159148.339374,7,0.257633,0.000000,0.058594
1784159148.349369,7,0.257572,-0.062038,0.050781
1784159148.359374,7,0.257633,0.038774,0.066406
1784159148.369375,7,0.257603,0.000000,0.070312
1784159148.379373,7,0.257512,0.019387,0.058594
1784159148.389375,7,0.257542,-0.038774,0.058594
1784159148.399369,7,0.257572,-0.015509,0.066406
1784159148.409370,7,0.257572,-0.085302,0.058594
1784159148.419376,7,0.257663,0.054283,0.058594
1784159148.429376,7,0.257633,-0.038774,0.058594
1784159148.439371,7,0.257633,-0.054283,0.058594
1784159148.449371,7,0.257572,-0.046528,0.058594
1784159148.459369,7,0.257542,0.015509,0.058594
1784159148.469373,7,0.257512,-0.081425,0.058594
1784159148.479372,7,0.257512,-0.054283,0.058594
1784159148.489375,7,0.257542,-0.054283,0.054688
1784159148.499377,7,0.257603,0.031019,0.058594
1784159148.509371,7,0.257542,-0.096934,0.058594
1784159148.519366,7,0.257542,-0.023264,0.058594
1784159148.529373,7,0.257512,-0.038774,0.058594
1784159148.539356,7,0.257542,-0.019387,0.058594
1784159148.549354,7,0.257542,-0.100812,0.058594
1784159148.559373,7,0.257603,0.015509,0.058594
1784159148.569352,7,0.257572,-0.112444,0.050781
1784159148.579357,7,0.257633,-0.031019,0.058594
1784159148.589357,7,0.257633,-0.038774,0.058594
1784159148.599352,7,0.257603,-0.031019,0.050781
1784159148.609352,7,0.257633,0.011632,0.058594
1784159148.619351,7,0.257633,-0.038774,0.058594
1784159148.629342,7,0.257663,-0.023264,0.066406
1784159148.639352,7,0.257724,0.023264,0.058594
1784159148.649355,7,0.257754,0.015509,0.058594
1784159148.659358,7,0.257724,-0.046528,0.050781
1784159148.669355,7,0.257754,-0.108566,0.058594
1784159148.679352,7,0.257754,0.003877,0.058594
1784159148.689357,7,0.257754,-0.031019,0.054688
1784159148.699353,7,0.257754,-0.003877,0.058594
1784159148.709417,7,0.257784,0.054283,0.058594
1784159148.719357,7,0.257815,0.031019,0.058594
1784159148.729355,7,0.257784,-0.073670,0.054688
1784159148.739355,7,0.257815,0.011632,0.058594
1784159148.749352,7,0.257754,-0.054283,0.070312
1784159148.759358,7,0.257724,-0.038774,0.054688
1784159148.769356,7,0.257784,0.011632,0.054688
1784159148.779360,7,0.257784,0.015509,0.054688
1784159148.789354,7,0.257724,-0.077547,0.050781
1784159148.799357,7,0.257754,-0.054283,0.058594
1784159148.809341,7,0.257815,-0.046528,0.054688
1784159148.819357,7,0.257906,0.007755,0.054688
1784159148.829353,7,0.258057,0.015509,0.058594
1784159148.839335,7,0.258178,-0.042651,0.058594
1784159148.849333,7,0.258299,0.000000,0.054688
1784159148.859355,7,0.258633,0.011632,0.050781
1784159148.869337,7,0.259420,0.069793,0.042969
1784159148.879334,7,0.261086,0.182236,0.042969
1784159148.889336,7,0.262086,0.019387,0.039062
1784159148.899338,7,0.262086,-0.015509,0.050781
1784159148.909336,7,0.262086,-0.046528,0.042969
1784159148.919335,7,0.262359,0.042651,0.035156
1784159148.929335,7,0.262692,-0.007755,0.039062
1784159148.939336,7,0.262934,-0.003877,0.042969
1784159148.949335,7,0.263055,0.011632,0.042969
1784159148.959325,7,0.263176,0.003877,0.042969
1784159148.969336,7,0.263479,0.038774,0.042969
1784159148.979334,7,0.264297,0.089180,0.039062
1784159148.989335,7,0.265176,-0.011632,0.035156
1784159148.999336,7,0.265509,0.000000,0.039062
1784159149.009338,7,0.265600,0.065915,0.035156
1784159149.019338,7,0.265570,-0.038774,0.039062
1784159149.029337,7,0.265600,-0.031019,0.042969
1784159149.039335,7,0.265630,0.019387,0.039062
1784159149.049336,7,0.265630,0.015509,0.042969
1784159149.059339,7,0.265600,-0.054283,0.042969
1784159149.069337,7,0.265570,-0.054283,0.042969
1784159149.079341,7,0.265509,-0.077547,0.035156
1784159149.089338,7,0.265479,-0.042651,0.035156
1784159149.099320,7,0.265388,-0.038774,0.035156
1784159149.109338,7,0.265327,-0.073670,0.039062
1784159149.119338,7,0.265297,-0.015509,0.035156
1784159149.129310,7,0.265145,-0.077547,0.042969
1784159149.139316,7,0.265024,-0.031019,0.042969
1784159149.149317,7,0.264903,-0.073670,0.027344
1784159149.159318,7,0.264933,-0.027142,0.039062
1784159149.169319,7,0.264964,0.015509,0.035156
1784159149.179317,7,0.264933,-0.062038,0.039062
1784159149.189317,7,0.264964,-0.027142,0.039062
1784159149.199319,7,0.264994,0.019387,0.039062
1784159149.209317,7,0.264964,-0.058161,0.035156
1784159149.219319,7,0.264964,-0.077547,0.039062
1784159149.229320,7,0.265024,0.007755,0.039062
1784159149.239316,7,0.264994,-0.077547,0.039062
1784159149.249317,7,0.265055,-0.027142,0.039062
1784159149.259320,7,0.265085,-0.034896,0.035156
1784159149.269317,7,0.265115,0.000000,0.039062
1784159149.279319,7,0.265115,-0.027142,0.042969
1784159149.289308,7,0.265115,-0.034896,0.039062
1784159149.299320,7,0.265115,-0.112444,0.039062
1784159149.309320,7,0.265206,-0.015509,0.039062
1784159149.319318,7,0.265206,-0.031019,0.039062
1784159149.329324,7,0.265206,-0.031019,0.039062
1784159149.339318,7,0.265267,0.069793,0.039062
1784159149.349301,7,0.265206,-0.038774,0.035156
1784159149.359318,7,0.265206,-0.038774,0.027344
1784159149.369318,7,0.265176,-0.065915,0.035156
1784159149.379320,7,0.265176,-0.062038,0.039062
1784159149.389320,7,0.265206,0.019387,0.039062
1784159149.399298,7,0.265145,-0.038774,0.035156
1784159149.409297,7,0.265085,0.019387,0.039062
1784159149.419358,7,0.265085,-0.042651,0.039062
1784159149.429318,7,0.265085,-0.011632,0.039062
1784159149.439297,7,0.265055,-0.038774,0.039062
1784159149.449297,7,0.264994,-0.096934,0.039062
1784159149.459297,7,0.264994,-0.062038,0.035156
1784159149.469297,7,0.264994,-0.058161,0.039062
1784159149.479296,7,0.264994,-0.054283,0.039062
1784159149.489297,7,0.265024,-0.003877,0.035156
1784159149.499297,7,0.265024,-0.038774,0.039062
1784159149.509305,7,0.265024,-0.058161,0.039062
1784159149.519296,7,0.265055,0.054283,0.039062
1784159149.529302,7,0.265055,-0.058161,0.039062
1784159149.539298,7,0.265055,0.054283,0.039062
1784159149.549300,7,0.265085,-0.038774,0.039062
1784159149.559298,7,0.265115,-0.011632,0.039062
1784159149.569301,7,0.265145,0.011632,0.039062
1784159149.579297,7,0.265176,0.034896,0.039062
1784159149.589297,7,0.265145,-0.034896,0.042969
1784159149.599298,7,0.265145,-0.038774,0.039062
1784159149.609298,7,0.265176,0.023264,0.035156
1784159149.619293,7,0.265145,-0.038774,0.039062
1784159149.629299,7,0.265176,0.031019,0.039062
1784159149.639300,7,0.265145,-0.003877,0.039062
1784159149.649300,7,0.265115,-0.050406,0.039062
1784159149.659302,7,0.265115,-0.042651,0.039062
1784159149.669298,7,0.265115,0.000000,0.039062
1784159149.679277,7,0.265085,-0.046528,0.039062
1784159149.689276,7,0.265085,-0.038774,0.039062
1784159149.699278,7,0.265115,0.019387,0.039062
1784159149.709287,7,0.265085,-0.011632,0.039062
1784159149.719282,7,0.265085,0.000000,0.039062
1784159149.729277,7,0.265055,-0.038774,0.035156
1784159149.739277,7,0.265024,-0.065915,0.039062
1784159149.749278,7,0.265055,-0.003877,0.039062
1784159149.759282,7,0.265055,0.000000,0.042969
1784159149.769279,7,0.265024,-0.062038,0.039062
1784159149.779278,7,0.265055,-0.011632,0.039062
1784159149.789279,7,0.265024,-0.065915,0.042969
1784159149.799277,7,0.265055,-0.031019,0.035156
1784159149.809290,7,0.265024,-0.104689,0.039062
1784159149.819279,7,0.265024,-0.104689,0.039062
1784159149.829286,7,0.265085,-0.007755,0.039062
1784159149.839280,7,0.265085,-0.023264,0.039062
1784159149.849336,7,0.265115,0.023264,0.039062
1784159149.859350,7,0.265115,0.015509,0.039062
1784159149.869355,7,0.265115,-0.011632,0.039062
1784159149.879287,7,0.265085,-0.015509,0.039062
1784159149.889284,7,0.265115,-0.031019,0.042969
1784159149.899283,7,0.265085,-0.069793,0.039062
1784159149.909278,7,0.265145,0.023264,0.039062
1784159149.919285,7,0.265115,-0.027142,0.039062
1784159149.929283,7,0.265115,-0.038774,0.042969
1784159149.939282,7,0.265085,-0.069793,0.039062
1784159149.949254,7,0.265115,0.000000,0.039062
1784159149.959264,7,0.265085,-0.042651,0.039062
1784159149.969265,7,0.265115,0.019387,0.035156
1784159149.979262,7,0.265085,-0.038774,0.039062
1784159149.989264,7,0.265085,-0.011632,0.035156
1784159149.999263,7,0.265055,-0.062038,0.039062
1784159150.009264,7,0.265085,0.007755,0.039062
1784159150.019263,7,0.265055,-0.007755,0.035156
1784159150.029267,7,0.265055,-0.027142,0.039062
1784159150.039262,7,0.265055,-0.027142,0.027344
1784159150.049351,7,0.265085,0.034896,0.039062
1784159150.059340,7,0.265055,-0.019387,0.027344
1784159150.069264,7,0.265055,-0.034896,0.042969
1784159150.079261,7,0.265085,0.000000,0.039062
1784159150.089261,7,0.265085,0.000000,0.039062
1784159150.099263,7,0.265085,-0.003877,0.039062
1784159150.109254,7,0.265055,-0.081425,0.035156
1784159150.119261,7,0.265085,-0.038774,0.039062
1784159150.129261,7,0.265085,-0.031019,0.042969
1784159150.139263,7,0.265115,0.019387,0.039062
1784159150.149261,7,0.265055,-0.096934,0.042969
1784159150.159262,7,0.265085,-0.038774,0.035156
1784159150.169282,7,0.265115,-0.007755,0.039062
1784159150.179246,7,0.265085,-0.038774,0.035156
1784159150.189263,7,0.265085,-0.058161,0.039062
1784159150.199262,7,0.265115,0.003877,0.027344
1784159150.209265,7,0.265085,-0.069793,0.042969
1784159150.219242,7,0.265085,-0.038774,0.039062
1784159150.229243,7,0.265085,-0.038774,0.042969
1784159150.239242,7,0.265085,-0.038774,0.035156
1784159150.249243,7,0.265085,-0.038774,0.035156
1784159150.259247,7,0.265085,-0.038774,0.035156
1784159150.269240,7,0.265085,-0.019387,0.039062
1784159150.279237,7,0.265085,-0.031019,0.039062
1784159150.289242,7,0.265085,-0.003877,0.039062
1784159150.299247,7,0.265085,-0.007755,0.039062
1784159150.309245,7,0.265085,0.000000,0.042969
1784159150.319248,7,0.265024,-0.104689,0.039062
1784159150.329244,7,0.265085,0.000000,0.039062
1784159150.339245,7,0.265024,-0.100812,0.039062
1784159150.349245,7,0.265055,-0.038774,0.039062
1784159150.359244,7,0.265085,0.000000,0.035156
1784159150.369245,7,0.265085,0.000000,0.039062
1784159150.379242,7,0.265085,-0.019387,0.027344
1784159150.389243,7,0.265085,0.000000,0.042969
1784159150.399245,7,0.265085,-0.003877,0.039062
1784159150.409247,7,0.265085,-0.011632,0.035156
1784159150.419245,7,0.265085,-0.038774,0.039062
1784159150.429246,7,0.265115,-0.038774,0.039062
1784159150.439248,7,0.265085,-0.038774,0.035156
1784159150.449229,7,0.265145,0.054283,0.039062
1784159150.459248,7,0.265085,-0.038774,0.035156
1784159150.469231,7,0.265085,-0.031019,0.035156
1784159150.479247,7,0.265085,-0.038774,0.035156
1784159150.489223,7,0.265115,0.023264,0.039062
1784159150.499224,7,0.265085,-0.038774,0.042969
1784159150.509225,7,0.265085,-0.027142,0.042969
1784159150.519226,7,0.265085,-0.038774,0.042969
1784159150.529226,7,0.265085,-0.015509,0.039062
1784159150.539227,7,0.265085,-0.003877,0.039062
1784159150.549225,7,0.265085,0.003877,0.035156
1784159150.559226,7,0.265055,-0.038774,0.039062
1784159150.569232,7,0.265055,-0.042651,0.039062
1784159150.579225,7,0.265055,-0.046528,0.039062
1784159150.589227,7,0.265085,0.034896,0.039062
1784159150.599225,7,0.265055,-0.034896,0.023438
1784159150.609226,7,0.265055,-0.034896,0.039062
1784159150.619227,7,0.265085,0.031019,0.039062
1784159150.629227,7,0.265055,-0.031019,0.035156
1784159150.639225,7,0.265085,0.000000,0.042969
1784159150.649233,7,0.265055,-0.054283,0.039062
1784159150.659226,7,0.265085,-0.007755,0.039062
1784159150.669227,7,0.265085,-0.031019,0.039062
1784159150.679230,7,0.265085,-0.038774,0.039062
1784159150.689227,7,0.265085,-0.038774,0.035156
1784159150.699227,7,0.265085,-0.042651,0.035156
1784159150.709233,7,0.265115,0.019387,0.039062
1784159150.719227,7,0.265115,0.019387,0.039062
1784159150.729227,7,0.265115,0.019387,0.035156
1784159150.739228,7,0.265085,-0.027142,0.039062
1784159150.749209,7,0.265115,0.011632,0.039062
1784159150.759229,7,0.265085,-0.038774,0.039062
1784159150.769207,7,0.265115,0.019387,0.042969
1784159150.779207,7,0.265085,-0.031019,0.039062
1784159150.789207,7,0.265115,0.031019,0.035156
1784159150.799209,7,0.265055,-0.085302,0.039062
1784159150.809213,7,0.265085,-0.031019,0.039062
1784159150.819208,7,0.265115,0.027142,0.039062
1784159150.829206,7,0.265085,0.000000,0.039062
1784159150.839213,7,0.265085,-0.023264,0.039062
1784159150.849212,7,0.265085,0.000000,0.042969
1784159150.859201,7,0.265085,-0.003877,0.039062
1784159150.869202,7,0.265085,0.007755,0.039062
1784159150.879203,7,0.265085,0.011632,0.039062
1784159150.889200,7,0.265055,-0.054283,0.039062
1784159150.899205,7,0.265085,0.000000,0.039062
1784159150.909200,7,0.265085,-0.007755,0.039062
1784159150.919201,7,0.265085,-0.007755,0.039062
1784159150.929201,7,0.265085,-0.038774,0.035156
1784159150.939202,7,0.265115,0.011632,0.039062
1784159150.949205,7,0.265115,0.019387,0.039062
1784159150.959204,7,0.265085,-0.034896,0.042969
1784159150.969206,7,0.265085,-0.038774,0.039062
1784159150.979205,7,0.265115,0.019387,0.039062
1784159150.989201,7,0.265085,-0.038774,0.039062
1784159150.999203,7,0.265115,0.011632,0.039062
1784159151.009202,7,0.265085,-0.050406,0.039062
1784159151.019304,7,0.265085,-0.046528,0.035156
1784159151.029203,7,0.265085,-0.050406,0.039062
1784159151.039181,7,0.265115,0.015509,0.039062
1784159151.049180,7,0.265085,-0.038774,0.039062
1784159151.059183,7,0.265115,0.019387,0.039062
1784159151.069181,7,0.265085,-0.023264,0.039062
1784159151.079186,7,0.265055,-0.089180,0.035156
1784159151.089185,7,0.265085,-0.023264,0.039062
1784159151.099185,7,0.265115,0.015509,0.039062
1784159151.109185,7,0.265085,-0.019387,0.039062
1784159151.119190,7,0.265055,-0.085302,0.039062
1784159151.129188,7,0.265085,-0.015509,0.042969
1784159151.139186,7,0.265085,0.000000,0.039062
1784159151.149195,7,0.265085,-0.019387,0.039062
1784159151.159207,7,0.265085,-0.011632,0.039062
1784159151.169194,7,0.265085,-0.034896,0.039062
1784159151.179186,7,0.265085,-0.011632,0.039062
1784159151.189186,7,0.265085,-0.023264,0.039062
1784159151.199185,7,0.265085,-0.031019,0.039062
1784159151.209184,7,0.265085,0.038774,0.039062
1784159151.219188,7,0.265085,-0.031019,0.039062
1784159151.229182,7,0.265085,-0.019387,0.039062
1784159151.239188,7,0.265115,0.011632,0.039062
1784159151.249183,7,0.265115,0.019387,0.035156
1784159151.259286,7,0.265085,-0.038774,0.039062
1784159151.269283,7,0.265085,-0.038774,0.039062
1784159151.279189,7,0.265085,-0.038774,0.039062
1784159151.289188,7,0.265115,0.015509,0.035156
1784159151.299186,7,0.265085,-0.046528,0.035156
1784159151.309187,7,0.265085,-0.038774,0.039062
1784159151.319172,7,0.265085,-0.038774,0.035156
1784159151.329167,7,0.265085,-0.038774,0.039062
1784159151.339168,7,0.265085,-0.031019,0.039062
1784159151.349166,7,0.265115,0.007755,0.035156
1784159151.359167,7,0.265085,-0.058161,0.039062
1784159151.369166,7,0.265085,-0.046528,0.035156
1784159151.379168,7,0.265115,0.027142,0.039062
1784159151.389166,7,0.265085,-0.019387,0.039062
1784159151.399169,7,0.265085,-0.027142,0.039062
1784159151.409168,7,0.265085,0.000000,0.039062
1784159151.419168,7,0.265115,0.054283,0.039062
1784159151.429169,7,0.265055,-0.003877,0.042969
1784159151.439168,7,0.265055,-0.058161,0.039062
1784159151.449171,7,0.265085,-0.054283,0.039062
1784159151.459168,7,0.265085,0.000000,0.035156
1784159151.469277,7,0.265085,0.000000,0.039062
1784159151.479235,7,0.265055,-0.065915,0.042969
1784159151.489260,7,0.265085,-0.007755,0.039062
1784159151.499233,7,0.265055,-0.069793,0.039062
1784159151.509169,7,0.265085,-0.031019,0.039062
1784159151.519166,7,0.265085,-0.034896,0.039062
1784159151.529168,7,0.265085,-0.015509,0.039062
1784159151.539166,7,0.265085,-0.038774,0.039062
1784159151.549168,7,0.265085,-0.019387,0.039062
1784159151.559169,7,0.265085,-0.034896,0.039062
1784159151.569168,7,0.265085,-0.038774,0.035156
1784159151.579169,7,0.265115,0.003877,0.039062
1784159151.589174,7,0.265115,0.019387,0.039062
1784159151.599149,7,0.265085,-0.034896,0.042969
1784159151.609171,7,0.265085,-0.034896,0.039062
1784159151.619154,7,0.265115,0.019387,0.039062
1784159151.629154,7,0.265085,-0.027142,0.039062
1784159151.639149,7,0.265115,0.015509,0.039062
1784159151.649155,7,0.265085,-0.027142,0.039062
1784159151.659151,7,0.265085,-0.038774,0.035156
1784159151.669160,7,0.265085,0.000000,0.042969
1784159151.679150,7,0.265055,-0.081425,0.039062
1784159151.689152,7,0.265085,-0.027142,0.039062
1784159151.699151,7,0.265085,-0.015509,0.039062
1784159151.709158,7,0.265085,-0.011632,0.039062
1784159151.719151,7,0.265085,0.000000,0.039062
1784159151.729154,7,0.265055,-0.062038,0.035156
1784159151.739149,7,0.265115,0.042651,0.035156
1784159151.749151,7,0.265085,-0.027142,0.039062
1784159151.759151,7,0.265085,-0.023264,0.042969
1784159151.769150,7,0.265085,0.000000,0.039062
1784159151.779152,7,0.265085,-0.007755,0.039062
1784159151.789155,7,0.265085,-0.031019,0.039062
1784159151.799152,7,0.265085,-0.007755,0.039062
1784159151.809232,7,0.265055,-0.085302,0.039062
1784159151.819155,7,0.265085,-0.023264,0.039062
1784159151.829153,7,0.265115,0.038774,0.039062
1784159151.839153,7,0.265085,-0.027142,0.035156
1784159151.849152,7,0.265085,-0.011632,0.039062
1784159151.859132,7,0.265085,-0.038774,0.039062
1784159151.869130,7,0.265085,-0.038774,0.039062
1784159151.879128,7,0.265085,0.000000,0.042969
1784159151.889129,7,0.265055,-0.073670,0.042969
1784159151.899129,7,0.265085,-0.023264,0.039062
1784159151.909132,7,0.265115,0.011632,0.039062
1784159151.919128,7,0.265085,-0.015509,0.042969
1784159151.929130,7,0.265085,-0.031019,0.039062
1784159151.939138,7,0.265055,-0.065915,0.039062
1784159151.949131,7,0.265085,-0.003877,0.039062
1784159151.959134,7,0.265055,-0.054283,0.039062
1784159151.969134,7,0.265085,-0.011632,0.039062
1784159151.979131,7,0.265115,0.046528,0.039062
1784159151.989130,7,0.265055,-0.073670,0.035156
1784159151.999133,7,0.265115,0.054283,0.035156
1784159152.009132,7,0.265085,-0.027142,0.035156
1784159152.019145,7,0.265085,-0.011632,0.042969
1784159152.029131,7,0.265085,-0.015509,0.039062
1784159152.039132,7,0.265085,-0.027142,0.042969
1784159152.049136,7,0.265115,0.031019,0.039062
1784159152.059131,7,0.265085,-0.019387,0.042969
1784159152.069132,7,0.265085,-0.015509,0.042969
1784159152.079132,7,0.265115,0.023264,0.039062
1784159152.089131,7,0.265115,0.038774,0.039062
1784159152.099134,7,0.265085,-0.003877,0.035156
1784159152.109133,7,0.265085,-0.038774,0.039062
1784159152.119133,7,0.265085,-0.031019,0.039062
1784159152.129113,7,0.265115,0.034896,0.039062
1784159152.139197,7,0.265115,0.015509,0.035156
1784159152.149109,7,0.265085,-0.031019,0.035156
1784159152.159112,7,0.265085,-0.031019,0.035156
1784159152.169114,7,0.265085,-0.023264,0.035156
1784159152.179112,7,0.265085,-0.038774,0.039062
1784159152.189112,7,0.265085,-0.023264,0.039062
1784159152.199120,7,0.265145,0.073670,0.039062
1784159152.209115,7,0.265085,-0.023264,0.035156
1784159152.219113,7,0.265024,-0.112444,0.035156
1784159152.229113,7,0.265085,-0.019387,0.039062
1784159152.239114,7,0.265085,-0.007755,0.039062
1784159152.249113,7,0.265085,-0.003877,0.035156
1784159152.259115,7,0.265085,-0.003877,0.042969
1784159152.269115,7,0.265085,0.007755,0.039062
1784159152.279124,7,0.265085,-0.003877,0.039062
1784159152.289123,7,0.265085,-0.007755,0.039062
1784159152.299113,7,0.265085,-0.027142,0.039062
1784159152.309119,7,0.265055,-0.062038,0.039062
1784159152.319121,7,0.265085,0.000000,0.035156
1784159152.329113,7,0.265085,-0.027142,0.039062
1784159152.339123,7,0.265055,-0.069793,0.039062
1784159152.349126,7,0.265115,0.031019,0.039062
1784159152.359117,7,0.265085,-0.034896,0.035156
1784159152.369112,7,0.265085,-0.038774,0.039062
1784159152.379117,7,0.265085,-0.038774,0.035156
1784159152.389112,7,0.265085,-0.081425,0.039062
1784159152.399122,7,0.265055,-0.089180,0.035156
1784159152.409095,7,0.265085,-0.015509,0.039062
1784159152.419097,7,0.265085,-0.015509,0.027344
1784159152.429092,7,0.265085,-0.007755,0.039062
1784159152.439093,7,0.265085,-0.015509,0.039062
1784159152.449097,7,0.265085,-0.011632,0.042969
1784159152.459092,7,0.265085,-0.007755,0.035156
1784159152.469093,7,0.265115,-0.015509,0.035156
1784159152.479094,7,0.265085,-0.011632,0.042969
1784159152.489094,7,0.265055,-0.065915,0.039062
1784159152.499094,7,0.265055,-0.065915,0.039062
1784159152.509098,7,0.265055,-0.058161,0.039062
1784159152.519098,7,0.265085,0.015509,0.042969
1784159152.529099,7,0.265085,-0.019387,0.035156
1784159152.539098,7,0.265085,-0.023264,0.039062
1784159152.549095,7,0.265115,-0.007755,0.042969
1784159152.559098,7,0.265085,-0.027142,0.039062
1784159152.569094,7,0.265085,-0.038774,0.039062
1784159152.579102,7,0.265085,-0.011632,0.039062
1784159152.589101,7,0.265085,-0.015509,0.039062
1784159152.599099,7,0.265085,-0.027142,0.039062
1784159152.609098,7,0.265085,-0.019387,0.039062
1784159152.619104,7,0.265085,-0.031019,0.042969
1784159152.629096,7,0.265055,-0.073670,0.039062
1784159152.639095,7,0.265055,-0.081425,0.039062
1784159152.649094,7,0.265085,-0.065915,0.035156
1784159152.659096,7,0.265085,-0.015509,0.042969
1784159152.669086,7,0.265115,0.050406,0.039062
1784159152.679103,7,0.265055,-0.093057,0.039062
1784159152.689083,7,0.265085,-0.023264,0.039062
1784159152.699074,7,0.265085,-0.027142,0.039062
1784159152.709076,7,0.265055,-0.054283,0.027344
1784159152.719080,7,0.265115,0.050406,0.039062
1784159152.729078,7,0.265085,-0.015509,0.035156
1784159152.739078,7,0.265085,-0.007755,0.039062
1784159152.749074,7,0.265085,0.000000,0.039062
1784159152.759075,7,0.265085,-0.003877,0.042969
1784159152.769078,7,0.265085,-0.011632,0.039062
1784159152.779075,7,0.265115,0.038774,0.039062
1784159152.789074,7,0.265085,0.000000,0.039062
1784159152.799077,7,0.265085,-0.019387,0.039062
1784159152.809078,7,0.265055,-0.073670,0.039062
1784159152.819077,7,0.265085,-0.023264,0.035156
1784159152.829078,7,0.265115,0.038774,0.042969
1784159152.839080,7,0.265085,-0.015509,0.039062
1784159152.849080,7,0.265085,-0.011632,0.039062
1784159152.859076,7,0.265115,0.027142,0.039062
1784159152.869076,7,0.265085,-0.023264,0.035156
1784159152.879091,7,0.265085,-0.027142,0.035156
1784159152.889081,7,0.265085,-0.003877,0.042969
1784159152.899079,7,0.265085,-0.023264,0.039062
1784159152.909080,7,0.265115,0.019387,0.039062
1784159152.919080,7,0.265085,-0.011632,0.039062
1784159152.929080,7,0.265085,-0.027142,0.039062
1784159152.939080,7,0.265085,-0.023264,0.039062
1784159152.949080,7,0.265055,-0.081425,0.035156
1784159152.959060,7,0.265115,0.023264,0.035156
1784159152.969060,7,0.265085,-0.003877,0.039062
1784159152.979059,7,0.265085,-0.011632,0.027344
1784159152.989057,7,0.265085,-0.019387,0.039062
1784159152.999058,7,0.265085,-0.003877,0.035156
1784159153.009063,7,0.265085,-0.011632,0.042969
1784159153.019059,7,0.265055,-0.062038,0.039062
1784159153.029059,7,0.265085,-0.011632,0.039062
1784159153.039059,7,0.265085,0.000000,0.039062
1784159153.049057,7,0.265115,0.046528,0.039062
1784159153.059057,7,0.265085,-0.027142,0.039062
1784159153.069062,7,0.265085,0.000000,0.039062
1784159153.079062,7,0.265055,-0.069793,0.039062
1784159153.089063,7,0.265085,0.000000,0.027344
1784159153.099059,7,0.265085,0.000000,0.039062
1784159153.109062,7,0.265085,-0.027142,0.039062
1784159153.119060,7,0.265055,-0.069793,0.039062
1784159153.129062,7,0.265085,-0.011632,0.039062
1784159153.139064,7,0.265085,-0.034896,0.039062
1784159153.149059,7,0.265085,-0.003877,0.035156
1784159153.159060,7,0.265055,-0.073670,0.039062
1784159153.169063,7,0.265085,-0.031019,0.039062
1784159153.179070,7,0.265085,-0.015509,0.042969
1784159153.189065,7,0.265085,-0.007755,0.027344
1784159153.199062,7,0.265085,-0.011632,0.039062
1784159153.209044,7,0.265115,0.027142,0.039062
1784159153.219048,7,0.265085,0.015509,0.035156
1784159153.229050,7,0.265085,-0.038774,0.039062
1784159153.239043,7,0.265085,-0.007755,0.039062
1784159153.249046,7,0.265085,-0.015509,0.035156
1784159153.259049,7,0.265055,-0.081425,0.039062
1784159153.269140,7,0.265085,-0.019387,0.035156
1784159153.279042,7,0.265085,-0.015509,0.035156
1784159153.289041,7,0.265115,0.023264,0.039062
1784159153.299041,7,0.265085,-0.031019,0.042969
1784159153.309042,7,0.265085,-0.015509,0.039062
1784159153.319045,7,0.265085,-0.003877,0.039062
1784159153.329043,7,0.265085,-0.015509,0.039062
1784159153.339043,7,0.265085,-0.031019,0.035156
1784159153.349044,7,0.265085,-0.019387,0.027344
1784159153.359048,7,0.265115,0.050406,0.039062
1784159153.369045,7,0.265055,-0.065915,0.039062
1784159153.379044,7,0.265085,-0.015509,0.039062
1784159153.389040,7,0.265085,-0.007755,0.039062
1784159153.399047,7,0.265085,-0.019387,0.039062
1784159153.409048,7,0.265085,-0.015509,0.039062
1784159153.419052,7,0.265115,0.031019,0.039062
1784159153.429047,7,0.265085,-0.007755,0.039062
1784159153.439047,7,0.265085,-0.019387,0.035156
1784159153.449053,7,0.265085,-0.027142,0.039062
1784159153.459053,7,0.265085,-0.034896,0.039062
1784159153.469047,7,0.265085,-0.015509,0.042969
1784159153.479045,7,0.265085,-0.019387,0.042969
1784159153.489047,7,0.265115,0.027142,0.039062
1784159153.499021,7,0.265085,-0.003877,0.039062
1784159153.509024,7,0.265085,-0.027142,0.035156
1784159153.519020,7,0.265085,0.000000,0.039062
1784159153.529035,7,0.265085,-0.023264,0.039062
1784159153.539026,7,0.265055,-0.073670,0.035156
1784159153.549025,7,0.265085,-0.003877,0.042969
1784159153.559026,7,0.265055,-0.077547,0.039062
1784159153.569025,7,0.265085,-0.007755,0.039062
1784159153.579024,7,0.265115,0.050406,0.035156
1784159153.589024,7,0.265085,-0.019387,0.042969
1784159153.599026,7,0.265085,-0.003877,0.035156
1784159153.609026,7,0.265085,-0.007755,0.039062
1784159153.619028,7,0.265085,-0.007755,0.039062
1784159153.629027,7,0.265055,-0.062038,0.042969
1784159153.639026,7,0.265085,-0.011632,0.039062
1784159153.649024,7,0.265085,-0.003877,0.039062
1784159153.659024,7,0.265085,-0.007755,0.039062
1784159153.669022,7,0.265055,-0.065915,0.039062
1784159153.679027,7,0.265115,0.042651,0.035156
1784159153.689029,7,0.265115,-0.007755,0.042969
1784159153.699025,7,0.265055,-0.058161,0.039062
1784159153.709027,7,0.265055,0.000000,0.039062
1784159153.719025,7,0.265055,-0.062038,0.039062
1784159153.729024,7,0.265085,-0.011632,0.039062
1784159153.739025,7,0.265085,-0.019387,0.042969
1784159153.749023,7,0.265085,-0.011632,0.039062
1784159153.759010,7,0.265085,-0.027142,0.039062
1784159153.769015,7,0.265085,0.000000,0.039062
1784159153.779079,7,0.265085,-0.011632,0.035156
1784159153.789014,7,0.265085,-0.019387,0.039062
1784159153.799018,7,0.265085,-0.003877,0.039062
1784159153.809014,7,0.265085,-0.011632,0.039062
1784159153.819015,7,0.265085,-0.003877,0.039062
1784159153.829006,7,0.265085,-0.023264,0.039062
1784159153.839027,7,0.265055,-0.054283,0.039062
1784159153.849017,7,0.265085,0.007755,0.027344
1784159153.859076,7,0.265085,-0.003877,0.039062
1784159153.869091,7,0.265085,0.000000,0.039062
1784159153.879079,7,0.265085,-0.003877,0.039062
1784159153.889014,7,0.265055,0.054283,0.039062
1784159153.899013,7,0.265055,-0.069793,0.039062
1784159153.909014,7,0.265085,-0.019387,0.042969
1784159153.919012,7,0.265055,-0.058161,0.035156
1784159153.929015,7,0.265085,0.000000,0.039062
1784159153.939013,7,0.265085,-0.027142,0.039062
1784159153.949017,7,0.265085,0.046528,0.039062
1784159153.959013,7,0.265055,-0.065915,0.039062
1784159153.969015,7,0.265115,0.034896,0.042969
1784159153.979014,7,0.265085,-0.007755,0.039062
1784159153.989018,7,0.265055,-0.065915,0.039062
1784159153.999006,7,0.265085,-0.019387,0.039062
1784159154.009014,7,0.265085,-0.015509,0.039062
1784159154.019018,7,0.265085,-0.015509,0.039062
1784159154.029019,7,0.265115,0.000000,0.039062
1784159154.039014,7,0.265085,-0.011632,0.042969
1784159154.048994,7,0.265115,0.038774,0.039062
1784159154.058993,7,0.265055,-0.077547,0.039062
1784159154.068997,7,0.265085,-0.003877,0.039062
1784159154.078994,7,0.265085,-0.007755,0.039062
1784159154.088994,7,0.265085,-0.007755,0.039062
1784159154.098995,7,0.265115,0.054283,0.035156
1784159154.108994,7,0.265085,-0.011632,0.035156
1784159154.118994,7,0.265085,-0.003877,0.039062
1784159154.129009,7,0.265055,-0.058161,0.035156
1784159154.138991,7,0.265085,-0.003877,0.039062
1784159154.148995,7,0.265085,-0.007755,0.039062
1784159154.158994,7,0.265055,-0.065915,0.039062
1784159154.168988,7,0.265085,0.000000,0.039062
1784159154.179002,7,0.265115,0.034896,0.039062
1784159154.189033,7,0.265085,-0.011632,0.042969
1784159154.199113,7,0.265085,-0.011632,0.039062
1784159154.208992,7,0.265115,0.034896,0.039062
1784159154.223454,7,0.265085,-0.015509,0.039062
1784159154.230998,7,0.265115,0.042651,0.039062
1784159154.239111,7,0.265085,-0.034896,0.039062
1784159154.248988,7,0.265055,-0.096934,0.039062
1784159154.258990,7,0.265085,-0.038774,0.027344
1784159154.268991,7,0.265085,-0.019387,0.042969
1784159154.278993,7,0.265115,0.038774,0.039062
1784159154.289000,7,0.265085,-0.023264,0.042969
1784159154.299098,7,0.265085,-0.023264,0.039062
1784159154.308987,7,0.265085,-0.015509,0.039062
1784159154.319002,7,0.265085,-0.015509,0.042969
1784159154.328976,7,0.265085,-0.038774,0.039062
1784159154.338969,7,0.265085,-0.031019,0.042969
1784159154.348981,7,0.265115,0.038774,0.039062
1784159154.359072,7,0.265115,-0.027142,0.039062
1784159154.368969,7,0.265115,0.007755,0.039062
1784159154.379093,7,0.265085,-0.015509,0.039062
1784159154.388973,7,0.265085,0.000000,0.039062
1784159154.399098,7,0.265085,-0.011632,0.042969
1784159154.408977,7,0.265085,-0.019387,0.039062
1784159154.419095,7,0.265085,-0.003877,0.027344
1784159154.429097,7,0.265085,-0.003877,0.039062
1784159154.438975,7,0.265085,-0.019387,0.039062
1784159154.448979,7,0.265055,-0.081425,0.039062
1784159154.458972,7,0.265085,-0.003877,0.039062
1784159154.468981,7,0.265085,0.000000,0.039062
1784159154.478968,7,0.265055,-0.054283,0.039062
1784159154.489050,7,0.265085,-0.019387,0.039062
1784159154.499125,7,0.265085,-0.015509,0.035156
1784159154.509041,7,0.265085,0.000000,0.039062
1784159154.518979,7,0.265115,0.054283,0.035156
1784159154.528998,7,0.265055,-0.073670,0.039062
1784159154.538981,7,0.265085,-0.007755,0.039062
1784159154.548981,7,0.265085,0.000000,0.039062
1784159154.559081,7,0.265055,-0.050406,0.039062
1784159154.568980,7,0.265085,0.011632,0.039062
1784159154.578988,7,0.265085,-0.007755,0.042969
1784159154.588974,7,0.265085,-0.015509,0.035156
1784159154.598956,7,0.265085,-0.003877,0.042969
1784159154.609081,7,0.265055,-0.058161,0.039062
1784159154.619061,7,0.265055,-0.062038,0.039062
1784159154.628958,7,0.265085,-0.003877,0.039062
1784159154.638959,7,0.265055,-0.054283,0.039062
1784159154.648958,7,0.265085,0.000000,0.035156
1784159154.658960,7,0.265115,0.050406,0.039062
1784159154.668952,7,0.265085,-0.003877,0.039062
1784159154.678954,7,0.265085,-0.011632,0.039062
1784159154.688953,7,0.265055,-0.050406,0.035156
1784159154.698954,7,0.265085,0.000000,0.042969
1784159154.708958,7,0.265085,-0.011632,0.039062
1784159154.718961,7,0.265085,0.007755,0.035156
1784159154.728957,7,0.265055,-0.058161,0.039062
1784159154.738961,7,0.265085,0.000000,0.035156
1784159154.748963,7,0.265085,-0.062038,0.039062
1784159154.758958,7,0.265085,-0.023264,0.042969
1784159154.768977,7,0.265055,-0.058161,0.039062
1784159154.778953,7,0.265085,-0.003877,0.039062
1784159154.788950,7,0.265085,0.000000,0.039062
1784159154.798952,7,0.265115,0.027142,0.039062
1784159154.809040,7,0.265085,0.000000,0.039062
1784159154.818951,7,0.265055,-0.058161,0.035156
1784159154.828960,7,0.265085,-0.003877,0.039062
1784159154.838932,7,0.265085,-0.003877,0.035156
1784159154.848933,7,0.265085,-0.015509,0.039062
1784159154.858939,7,0.265085,-0.015509,0.039062
1784159154.868941,7,0.265085,-0.011632,0.039062
1784159154.878932,7,0.265085,0.000000,0.042969
1784159154.888933,7,0.265085,-0.011632,0.039062
1784159154.898933,7,0.265085,0.000000,0.039062
1784159154.908934,7,0.265085,-0.011632,0.039062
1784159154.918935,7,0.265055,-0.062038,0.035156
1784159154.928934,7,0.265085,-0.015509,0.039062
1784159154.938941,7,0.265085,-0.007755,0.039062
1784159154.948936,7,0.265055,-0.062038,0.042969
1784159154.958937,7,0.265085,-0.003877,0.039062
1784159154.968940,7,0.265085,-0.003877,0.039062
1784159154.978937,7,0.265055,-0.073670,0.039062
1784159154.988940,7,0.265085,-0.027142,0.042969
1784159154.998937,7,0.265085,-0.011632,0.039062
1784159155.008938,7,0.265085,-0.015509,0.039062
1784159155.018936,7,0.265055,-0.085302,0.039062
1784159155.028940,7,0.265085,-0.003877,0.039062
1784159155.038936,7,0.265085,-0.019387,0.042969
1784159155.048936,7,0.265085,-0.007755,0.039062
1784159155.058937,7,0.265085,-0.003877,0.039062
1784159155.068946,7,0.265085,-0.019387,0.039062
1784159155.078936,7,0.265055,-0.085302,0.039062
1784159155.088936,7,0.265085,-0.031019,0.042969
1784159155.098940,7,0.265085,-0.023264,0.042969
1784159155.108941,7,0.265085,-0.027142,0.042969
1784159155.118936,7,0.265055,-0.003877,0.042969
1784159155.128937,7,0.265085,-0.011632,0.039062
1784159155.138917,7,0.265085,-0.011632,0.042969
1784159155.148917,7,0.265055,-0.069793,0.039062
1784159155.158916,7,0.265085,-0.038774,0.039062
1784159155.168915,7,0.265085,-0.038774,0.035156
1784159155.178915,7,0.265085,-0.031019,0.035156
1784159155.188918,7,0.265085,-0.038774,0.035156
1784159155.198920,7,0.265085,-0.038774,0.039062
1784159155.208916,7,0.265085,-0.031019,0.039062
1784159155.218914,7,0.265085,-0.011632,0.039062
1784159155.228919,7,0.265085,-0.038774,0.035156
1784159155.238915,7,0.265085,-0.027142,0.039062
1784159155.248921,7,0.265085,-0.027142,0.027344
1784159155.258920,7,0.265085,-0.027142,0.039062
1784159155.268916,7,0.265085,-0.023264,0.039062
1784159155.279030,7,0.265085,-0.007755,0.039062
1784159155.288917,7,0.265085,-0.023264,0.039062
1784159155.298916,7,0.265085,-0.027142,0.039062
1784159155.308917,7,0.265085,-0.034896,0.039062
1784159155.318916,7,0.265085,-0.023264,0.035156
1784159155.328917,7,0.265115,0.015509,0.039062
1784159155.338926,7,0.265115,0.019387,0.039062
1784159155.348919,7,0.265085,-0.019387,0.039062
1784159155.358917,7,0.265115,0.027142,0.039062
1784159155.368923,7,0.265055,-0.093057,0.039062
1784159155.378918,7,0.265085,-0.011632,0.039062
1784159155.388916,7,0.265055,-0.077547,0.042969
1784159155.398917,7,0.265085,-0.027142,0.039062
1784159155.408917,7,0.265085,-0.023264,0.039062
1784159155.418896,7,0.265085,-0.027142,0.039062
1784159155.428897,7,0.265085,-0.031019,0.035156
1784159155.438895,7,0.265115,0.019387,0.035156
1784159155.448898,7,0.265085,-0.038774,0.039062
1784159155.458894,7,0.265115,0.019387,0.039062
1784159155.468899,7,0.265085,-0.038774,0.042969
1784159155.478899,7,0.265085,-0.038774,0.039062
1784159155.488901,7,0.265085,-0.031019,0.039062
1784159155.498900,7,0.265085,-0.038774,0.039062
1784159155.508900,7,0.265085,-0.019387,0.035156
1784159155.518899,7,0.265085,-0.019387,0.042969
1784159155.528901,7,0.265085,-0.027142,0.035156
1784159155.538903,7,0.265085,-0.027142,0.035156
1784159155.548899,7,0.265085,-0.034896,0.042969
1784159155.558902,7,0.265085,-0.027142,0.039062
1784159155.568903,7,0.265085,-0.042651,0.035156
1784159155.578905,7,0.265085,-0.011632,0.039062
1784159155.588902,7,0.265085,-0.015509,0.035156
1784159155.598902,7,0.265085,-0.015509,0.042969
1784159155.608900,7,0.265085,-0.023264,0.039062
1784159155.618902,7,0.265085,-0.038774,0.039062
1784159155.628901,7,0.265085,-0.015509,0.039062
1784159155.638979,7,0.265085,-0.019387,0.035156
1784159155.648988,7,0.265085,-0.031019,0.039062
1784159155.658900,7,0.265055,-0.085302,0.039062
1784159155.668904,7,0.265115,0.038774,0.039062
1784159155.678902,7,0.265085,-0.019387,0.039062
1784159155.688880,7,0.265085,-0.027142,0.039062
1784159155.698884,7,0.265085,-0.038774,0.042969
1784159155.708883,7,0.265115,0.031019,0.039062
1784159155.718880,7,0.265085,-0.085302,0.039062
1784159155.728880,7,0.265085,-0.019387,0.035156
1784159155.738880,7,0.265085,0.085302,0.039062
1784159155.748880,7,0.265085,-0.038774,0.039062
1784159155.758881,7,0.265085,-0.023264,0.039062
1784159155.768884,7,0.265115,0.027142,0.035156
1784159155.778882,7,0.265085,-0.019387,0.039062
1784159155.788885,7,0.265085,-0.031019,0.027344
1784159155.798883,7,0.265085,-0.015509,0.039062
1784159155.808885,7,0.265085,-0.023264,0.039062
1784159155.818882,7,0.265085,-0.027142,0.027344
1784159155.828882,7,0.265085,0.000000,0.039062
1784159155.838881,7,0.265085,-0.019387,0.027344
1784159155.848883,7,0.265085,-0.015509,0.039062
1784159155.858883,7,0.265085,-0.034896,0.042969
1784159155.868883,7,0.265085,-0.038774,0.039062
1784159155.878884,7,0.265085,-0.038774,0.039062
1784159155.888885,7,0.265085,-0.031019,0.039062
1784159155.898881,7,0.265085,-0.027142,0.035156
1784159155.908884,7,0.265085,-0.038774,0.042969
1784159155.918882,7,0.265085,-0.031019,0.039062
1784159155.928883,7,0.265085,-0.023264,0.039062
1784159155.938887,7,0.265085,-0.038774,0.039062
1784159155.948889,7,0.265085,-0.034896,0.039062
1784159155.958885,7,0.265085,-0.023264,0.039062
1784159155.968864,7,0.265115,0.019387,0.039062
1784159155.978865,7,0.265085,-0.038774,0.035156
1784159155.988862,7,0.265085,-0.038774,0.039062
1784159155.998864,7,0.265085,-0.015509,0.035156
1784159156.008866,7,0.265085,-0.019387,0.039062
1784159156.018872,7,0.265085,-0.003877,0.035156
1784159156.028864,7,0.265115,0.038774,0.039062
1784159156.038869,7,0.265085,-0.031019,0.042969
1784159156.048862,7,0.265085,-0.031019,0.039062
1784159156.058864,7,0.265115,0.019387,0.039062
1784159156.068863,7,0.265085,-0.034896,0.039062
1784159156.078868,7,0.265085,-0.038774,0.039062
1784159156.088866,7,0.265085,-0.038774,0.039062
1784159156.098866,7,0.265085,-0.038774,0.039062
1784159156.108891,7,0.265085,-0.027142,0.042969
1784159156.118867,7,0.265085,-0.038774,0.039062
1784159156.128865,7,0.265085,-0.034896,0.039062
1784159156.138955,7,0.265115,0.015509,0.039062
1784159156.148865,7,0.265085,-0.038774,0.039062
1784159156.158863,7,0.265085,-0.054283,0.042969
1784159156.168882,7,0.265085,-0.031019,0.042969
1784159156.178864,7,0.265085,-0.038774,0.039062
1784159156.188938,7,0.265085,-0.031019,0.039062
1784159156.198961,7,0.265115,-0.031019,0.035156
1784159156.208862,7,0.265085,-0.031019,0.039062
1784159156.218863,7,0.265085,-0.023264,0.039062
1784159156.228863,7,0.265085,-0.027142,0.039062
1784159156.238841,7,0.265085,-0.034896,0.042969
1784159156.248842,7,0.265115,0.023264,0.035156
1784159156.258853,7,0.265115,0.046528,0.039062
1784159156.268851,7,0.265085,-0.015509,0.039062
1784159156.278853,7,0.265115,0.023264,0.039062
1784159156.288845,7,0.265055,-0.093057,0.039062
1784159156.298844,7,0.265085,-0.027142,0.039062
1784159156.308844,7,0.265085,-0.027142,0.039062
1784159156.318843,7,0.265085,-0.019387,0.039062
1784159156.328853,7,0.265085,-0.042651,0.039062
1784159156.338847,7,0.265085,-0.038774,0.027344
1784159156.348847,7,0.265115,0.019387,0.039062
1784159156.358847,7,0.265115,0.019387,0.039062
1784159156.368844,7,0.265115,0.015509,0.039062
1784159156.378847,7,0.265115,0.038774,0.035156
1784159156.388844,7,0.265085,-0.031019,0.039062
1784159156.398844,7,0.265055,-0.093057,0.039062
1784159156.408844,7,0.265085,-0.038774,0.039062
1784159156.418845,7,0.265085,-0.031019,0.039062
1784159156.428845,7,0.265085,-0.031019,0.039062
1784159156.438848,7,0.265085,-0.023264,0.039062
1784159156.448851,7,0.265085,-0.038774,0.039062
1784159156.458848,7,0.265085,-0.011632,0.039062
1784159156.468846,7,0.265085,-0.038774,0.042969
1784159156.478828,7,0.265085,-0.027142,0.039062
1784159156.488827,7,0.265085,-0.038774,0.039062
1784159156.498831,7,0.265085,-0.031019,0.039062
1784159156.508831,7,0.265085,-0.023264,0.039062
1784159156.518831,7,0.265055,-0.023264,0.035156
1784159156.528827,7,0.265085,-0.038774,0.039062
1784159156.538833,7,0.265115,0.019387,0.042969
1784159156.548831,7,0.265085,-0.027142,0.039062
1784159156.558830,7,0.265085,-0.038774,0.035156
1784159156.568830,7,0.265115,0.019387,0.039062
1784159156.578837,7,0.265085,-0.034896,0.039062
1784159156.588831,7,0.265085,-0.023264,0.039062
1784159156.598831,7,0.265085,-0.031019,0.035156
1784159156.608830,7,0.265085,-0.027142,0.039062
1784159156.618831,7,0.265085,-0.027142,0.039062
1784159156.628829,7,0.265085,-0.031019,0.039062
1784159156.638831,7,0.265085,-0.007755,0.039062
1784159156.648829,7,0.265055,-0.073670,0.042969
1784159156.658830,7,0.265085,-0.038774,0.039062
1784159156.668839,7,0.265085,-0.011632,0.039062
1784159156.678832,7,0.265085,-0.015509,0.039062
1784159156.688830,7,0.265055,-0.085302,0.039062
1784159156.698835,7,0.265085,-0.011632,0.039062
1784159156.708832,7,0.265085,-0.011632,0.039062
1784159156.718834,7,0.265085,-0.031019,0.039062
1784159156.728834,7,0.265085,-0.015509,0.039062
1784159156.738829,7,0.265115,0.034896,0.039062
1784159156.748829,7,0.265085,-0.034896,0.039062
1784159156.758848,7,0.265085,-0.034896,0.042969
1784159156.768835,7,0.265085,-0.034896,0.042969
1784159156.778813,7,0.265085,-0.031019,0.035156
1784159156.788812,7,0.265115,0.034896,0.039062
1784159156.798809,7,0.265085,-0.031019,0.039062
1784159156.808813,7,0.265085,-0.038774,0.039062
1784159156.818810,7,0.265085,-0.038774,0.039062
1784159156.828809,7,0.265085,-0.034896,0.035156
1784159156.838813,7,0.265085,-0.034896,0.039062
1784159156.848809,7,0.265085,-0.031019,0.039062
1784159156.858814,7,0.265085,-0.038774,0.039062
1784159156.868814,7,0.265085,-0.015509,0.042969
1784159156.878814,7,0.265055,-0.065915,0.039062
1784159156.888811,7,0.265055,-0.085302,0.039062
1784159156.898812,7,0.265085,-0.031019,0.039062
1784159156.908813,7,0.265085,-0.038774,0.039062
1784159156.918810,7,0.265085,-0.038774,0.039062
1784159156.928814,7,0.265085,-0.011632,0.039062
1784159156.938812,7,0.265085,-0.034896,0.039062
1784159156.948810,7,0.265115,0.027142,0.039062
1784159156.958815,7,0.265085,-0.031019,0.042969
1784159156.968811,7,0.265085,-0.015509,0.039062
1784159156.978814,7,0.265085,-0.023264,0.035156
1784159156.988811,7,0.265085,-0.034896,0.039062
1784159156.998813,7,0.265085,-0.038774,0.039062
1784159157.008812,7,0.265085,-0.038774,0.039062
1784159157.018815,7,0.265085,-0.038774,0.042969
1784159157.028811,7,0.265085,-0.038774,0.039062
1784159157.038862,7,0.265024,-0.131831,0.039062
1784159157.048812,7,0.265085,-0.019387,0.042969
1784159157.058789,7,0.265085,-0.031019,0.039062
1784159157.068808,7,0.265085,-0.031019,0.039062
1784159157.078795,7,0.265085,-0.038774,0.042969
1784159157.088794,7,0.265085,-0.023264,0.035156
1784159157.098792,7,0.265085,-0.031019,0.039062
1784159157.108791,7,0.265085,-0.031019,0.039062
1784159157.118791,7,0.265085,-0.038774,0.039062
1784159157.128796,7,0.265085,-0.038774,0.039062
1784159157.138793,7,0.265085,-0.038774,0.039062
1784159157.148795,7,0.265085,-0.085302,0.042969
1784159157.158795,7,0.265085,-0.034896,0.035156
1784159157.168792,7,0.265085,-0.023264,0.042969
1784159157.178799,7,0.265085,-0.038774,0.035156
1784159157.188793,7,0.265085,-0.038774,0.039062
1784159157.198792,7,0.265085,-0.034896,0.039062
1784159157.208792,7,0.265085,-0.038774,0.039062
1784159157.218796,7,0.265115,0.019387,0.035156
1784159157.228794,7,0.265085,-0.038774,0.039062
1784159157.238795,7,0.265055,-0.085302,0.039062
1784159157.248798,7,0.265085,-0.038774,0.039062
1784159157.258797,7,0.265085,-0.038774,0.042969
1784159157.268797,7,0.265085,-0.038774,0.039062
1784159157.278795,7,0.265085,-0.038774,0.039062
1784159157.288800,7,0.265085,-0.038774,0.039062
1784159157.298794,7,0.265085,-0.034896,0.027344
1784159157.308796,7,0.265055,-0.089180,0.035156
1784159157.318797,7,0.265085,-0.038774,0.039062
1784159157.328772,7,0.265085,-0.038774,0.039062
1784159157.338779,7,0.265085,-0.031019,0.039062
1784159157.348773,7,0.265085,-0.034896,0.039062
1784159157.358773,7,0.265115,0.034896,0.039062
1784159157.368778,7,0.265115,0.031019,0.035156
1784159157.378772,7,0.265085,-0.038774,0.039062
1784159157.388777,7,0.265085,-0.031019,0.042969
1784159157.398777,7,0.265085,-0.034896,0.042969
1784159157.408778,7,0.265085,-0.038774,0.039062
1784159157.418776,7,0.265055,-0.089180,0.039062
1784159157.428773,7,0.265085,-0.034896,0.035156
1784159157.438787,7,0.265085,-0.038774,0.039062
1784159157.448782,7,0.265085,-0.038774,0.039062
1784159157.458775,7,0.265085,-0.038774,0.039062
1784159157.468774,7,0.265085,-0.023264,0.039062
1784159157.478774,7,0.265085,-0.031019,0.039062
1784159157.488779,7,0.265085,-0.023264,0.039062
1784159157.498774,7,0.265085,-0.034896,0.039062
1784159157.508775,7,0.265085,-0.007755,0.039062
1784159157.518775,7,0.265085,-0.019387,0.027344
1784159157.528773,7,0.265024,-0.120198,0.027344
1784159157.538787,7,0.265085,-0.015509,0.042969
1784159157.548779,7,0.265085,-0.023264,0.039062
1784159157.558775,7,0.265085,-0.015509,0.042969
1784159157.568778,7,0.265085,0.000000,0.042969
1784159157.578778,7,0.265085,-0.007755,0.039062
1784159157.588777,7,0.265085,-0.015509,0.039062
1784159157.598780,7,0.265085,-0.015509,0.039062
1784159157.608760,7,0.265085,-0.011632,0.039062
1784159157.618766,7,0.265055,-0.054283,0.039062
1784159157.628756,7,0.265085,-0.003877,0.039062
1784159157.638783,7,0.265085,-0.003877,0.042969
1784159157.648767,7,0.265085,-0.003877,0.039062
1784159157.658761,7,0.265085,-0.003877,0.039062
1784159157.668756,7,0.265085,-0.019387,0.039062
1784159157.678755,7,0.265085,0.000000,0.039062
1784159157.688756,7,0.265085,-0.003877,0.042969
1784159157.698757,7,0.265055,-0.054283,0.039062
1784159157.708762,7,0.265085,-0.015509,0.039062
1784159157.718759,7,0.265085,-0.027142,0.039062
1784159157.728759,7,0.265085,-0.007755,0.039062
1784159157.738759,7,0.265085,-0.019387,0.039062
1784159157.748759,7,0.265085,-0.019387,0.039062
1784159157.758759,7,0.265085,-0.011632,0.039062
1784159157.768758,7,0.265055,-0.081425,0.039062
1784159157.778787,7,0.265085,-0.007755,0.039062
1784159157.788759,7,0.265085,-0.027142,0.042969
1784159157.798756,7,0.265085,-0.015509,0.039062
1784159157.808759,7,0.265085,-0.015509,0.039062
1784159157.818759,7,0.265085,-0.003877,0.039062
1784159157.828758,7,0.265085,-0.027142,0.035156
1784159157.838761,7,0.265085,-0.027142,0.042969
1784159157.848764,7,0.265085,0.000000,0.039062
1784159157.858759,7,0.265085,-0.011632,0.042969
1784159157.868760,7,0.265055,-0.058161,0.035156
1784159157.878739,7,0.265085,-0.011632,0.042969
1784159157.888737,7,0.265085,-0.011632,0.039062
1784159157.898737,7,0.265085,-0.003877,0.039062
1784159157.908739,7,0.265085,-0.003877,0.042969
1784159157.918746,7,0.265085,-0.011632,0.039062
1784159157.928739,7,0.265085,-0.027142,0.039062
1784159157.938740,7,0.265085,-0.011632,0.039062
1784159157.948742,7,0.265085,-0.007755,0.039062
1784159157.958746,7,0.265085,-0.007755,0.042969
1784159157.968739,7,0.265085,-0.015509,0.042969
1784159157.978745,7,0.265085,-0.019387,0.039062
1784159157.988747,7,0.265085,-0.011632,0.035156
1784159157.998740,7,0.265085,-0.023264,0.039062
1784159158.008749,7,0.265085,-0.023264,0.039062
1784159158.018748,7,0.265085,-0.031019,0.039062
1784159158.028741,7,0.265055,-0.069793,0.039062
1784159158.038739,7,0.265085,-0.031019,0.039062
1784159158.048743,7,0.265115,0.038774,0.039062
1784159158.058739,7,0.265115,0.038774,0.035156
1784159158.068739,7,0.265085,-0.019387,0.035156
1784159158.078743,7,0.265085,-0.031019,0.039062
1784159158.088739,7,0.265145,0.093057,0.039062
1784159158.098746,7,0.265085,-0.015509,0.039062
1784159158.108743,7,0.265055,-0.077547,0.027344
1784159158.118723,7,0.265085,-0.023264,0.035156
1784159158.128722,7,0.265055,-0.069793,0.039062
1784159158.138721,7,0.265085,-0.015509,0.039062
1784159158.148723,7,0.265085,-0.003877,0.039062
1784159158.158734,7,0.265085,0.038774,0.039062
1784159158.168725,7,0.265085,-0.027142,0.039062
1784159158.178727,7,0.265085,-0.031019,0.039062
1784159158.188724,7,0.265085,0.000000,0.039062
1784159158.198724,7,0.265085,-0.027142,0.039062
1784159158.208725,7,0.265055,-0.069793,0.042969
1784159158.218728,7,0.265085,-0.081425,0.039062
1784159158.228728,7,0.265085,-0.034896,0.039062
1784159158.238734,7,0.265085,-0.019387,0.039062
1784159158.248728,7,0.265085,-0.023264,0.039062
1784159158.258726,7,0.265085,-0.003877,0.039062
1784159158.268723,7,0.265085,-0.031019,0.042969
1784159158.278725,7,0.265085,-0.015509,0.039062
1784159158.288725,7,0.265085,-0.019387,0.039062
1784159158.298727,7,0.265085,-0.015509,0.039062
1784159158.308728,7,0.265085,-0.031019,0.042969
1784159158.318724,7,0.265085,-0.003877,0.039062
1784159158.328726,7,0.265115,0.046528,0.039062
1784159158.338726,7,0.265085,-0.027142,0.039062
1784159158.348728,7,0.265115,0.019387,0.039062
1784159158.358727,7,0.265085,0.042651,0.039062
1784159158.368729,7,0.265085,-0.015509,0.039062
1784159158.378723,7,0.265085,-0.011632,0.035156
1784159158.388704,7,0.265085,-0.027142,0.035156
1784159158.398728,7,0.265085,0.000000,0.035156
1784159158.408730,7,0.265085,-0.058161,0.042969
1784159158.418705,7,0.265085,-0.069793,0.039062
1784159158.428707,7,0.265055,-0.065915,0.042969
1784159158.438792,7,0.265085,0.000000,0.039062
1784159158.448705,7,0.265085,-0.015509,0.035156
1784159158.458707,7,0.265055,-0.062038,0.039062
1784159158.468714,7,0.265085,-0.003877,0.042969
1784159158.478710,7,0.265085,-0.011632,0.039062
1784159158.488713,7,0.265085,0.000000,0.039062
1784159158.498711,7,0.265085,-0.015509,0.039062
1784159158.508707,7,0.265085,-0.015509,0.039062
1784159158.518708,7,0.265085,-0.011632,0.042969
1784159158.528706,7,0.265085,-0.027142,0.042969
1784159158.538705,7,0.265085,-0.003877,0.039062
1784159158.548707,7,0.265055,-0.065915,0.039062
1784159158.558709,7,0.265085,-0.003877,0.039062
1784159158.568718,7,0.265085,-0.015509,0.039062
1784159158.578703,7,0.265085,-0.015509,0.042969
1784159158.588707,7,0.265085,-0.027142,0.039062
1784159158.598706,7,0.265085,-0.011632,0.039062
1784159158.608713,7,0.265085,-0.015509,0.042969
1784159158.618705,7,0.265055,-0.069793,0.039062
1784159158.628704,7,0.265085,-0.011632,0.039062
1784159158.638706,7,0.265115,0.038774,0.039062
1784159158.648710,7,0.265085,0.000000,0.042969
1784159158.658818,7,0.265055,-0.054283,0.039062
1784159158.668705,7,0.265085,-0.007755,0.039062
1784159158.678703,7,0.265085,-0.007755,0.042969
1784159158.688689,7,0.265085,-0.011632,0.039062
1784159158.698684,7,0.265085,-0.015509,0.039062
1784159158.708690,7,0.265055,-0.062038,0.039062
1784159158.718683,7,0.265085,0.000000,0.039062
1784159158.728687,7,0.265085,0.000000,0.042969
1784159158.738685,7,0.265055,-0.062038,0.039062
1784159158.748683,7,0.265085,0.000000,0.039062
1784159158.758684,7,0.265085,-0.003877,0.039062
1784159158.768684,7,0.265085,-0.011632,0.039062
1784159158.778686,7,0.265085,-0.003877,0.042969
1784159158.788691,7,0.265055,-0.062038,0.042969
1784159158.798689,7,0.265085,-0.027142,0.039062
1784159158.808687,7,0.265085,-0.003877,0.039062
1784159158.818685,7,0.265085,0.000000,0.039062
1784159158.828686,7,0.265085,-0.007755,0.039062
1784159158.838848,7,0.265085,-0.011632,0.039062
1784159158.848687,7,0.265085,-0.027142,0.042969
1784159158.858689,7,0.265085,0.000000,0.042969
1784159158.868687,7,0.265085,-0.011632,0.039062
1784159158.878686,7,0.265085,-0.003877,0.042969
1784159158.888691,7,0.265085,-0.015509,0.039062
1784159158.898687,7,0.265085,-0.027142,0.035156
1784159158.908691,7,0.265085,-0.003877,0.039062
1784159158.918688,7,0.265085,-0.007755,0.042969
1784159158.928687,7,0.265085,-0.015509,0.039062
1784159158.938691,7,0.265085,-0.007755,0.035156
1784159158.948687,7,0.265085,-0.031019,0.039062
1784159158.958688,7,0.265085,-0.038774,0.039062
1784159158.968675,7,0.265085,-0.031019,0.039062
1784159158.978679,7,0.265085,-0.003877,0.039062
1784159158.988676,7,0.265085,-0.003877,0.039062
1784159158.998666,7,0.265085,-0.027142,0.039062
1784159159.008668,7,0.265085,-0.015509,0.042969
1784159159.018667,7,0.265085,-0.019387,0.039062
1784159159.028667,7,0.265085,-0.007755,0.039062
1784159159.038672,7,0.265085,-0.007755,0.039062
1784159159.048669,7,0.265085,-0.038774,0.035156
1784159159.058669,7,0.265085,-0.031019,0.039062
1784159159.068670,7,0.265055,-0.069793,0.039062
1784159159.078669,7,0.265085,-0.062038,0.035156
1784159159.088670,7,0.265085,-0.015509,0.039062
1784159159.098728,7,0.265115,0.031019,0.039062
1784159159.108671,7,0.265055,-0.065915,0.042969
1784159159.118670,7,0.265085,-0.019387,0.039062
1784159159.128669,7,0.265055,-0.062038,0.042969
1784159159.138674,7,0.265085,-0.003877,0.035156
1784159159.148673,7,0.265055,-0.065915,0.039062
1784159159.158669,7,0.265055,-0.023264,0.039062
1784159159.168670,7,0.265055,-0.093057,0.039062
1784159159.178676,7,0.265085,-0.011632,0.042969
1784159159.188676,7,0.265085,-0.015509,0.039062
1784159159.198670,7,0.265085,-0.007755,0.039062
1784159159.208671,7,0.265085,-0.019387,0.039062
1784159159.218670,7,0.265085,-0.023264,0.039062
1784159159.228668,7,0.265085,-0.023264,0.039062
1784159159.238653,7,0.265085,-0.019387,0.035156
1784159159.248652,7,0.265085,-0.023264,0.035156
1784159159.258652,7,0.265055,-0.062038,0.039062
1784159159.268650,7,0.265085,-0.031019,0.042969
1784159159.278649,7,0.265085,-0.011632,0.039062
1784159159.288649,7,0.265085,-0.019387,0.039062
1784159159.298723,7,0.265085,-0.023264,0.039062
1784159159.308649,7,0.265085,-0.015509,0.039062
1784159159.318653,7,0.265055,-0.065915,0.039062
1784159159.328654,7,0.265055,-0.073670,0.039062
1784159159.338649,7,0.265085,-0.015509,0.039062
1784159159.348661,7,0.265085,-0.031019,0.042969
1784159159.358651,7,0.265085,-0.031019,0.039062
1784159159.368655,7,0.265085,-0.031019,0.039062
1784159159.378651,7,0.265085,0.000000,0.027344
1784159159.388651,7,0.265085,-0.003877,0.039062
1784159159.398657,7,0.265085,0.000000,0.039062
1784159159.408653,7,0.265085,-0.019387,0.039062
1784159159.418654,7,0.265085,-0.011632,0.039062
1784159159.428654,7,0.265085,0.003877,0.039062
1784159159.438664,7,0.265085,0.000000,0.042969
1784159159.448660,7,0.265085,-0.007755,0.042969
1784159159.458661,7,0.265085,-0.003877,0.042969
1784159159.468651,7,0.265055,-0.058161,0.039062
1784159159.478654,7,0.265085,0.000000,0.035156
1784159159.488658,7,0.265115,0.003877,0.039062
1784159159.498652,7,0.265085,-0.003877,0.039062
1784159159.508659,7,0.265085,-0.003877,0.039062
1784159159.518632,7,0.265085,0.000000,0.035156
1784159159.528689,7,0.265055,-0.081425,0.039062
1784159159.538703,7,0.265055,-0.073670,0.035156
1784159159.548633,7,0.265085,0.000000,0.039062
1784159159.558634,7,0.265085,-0.015509,0.035156
1784159159.568635,7,0.265085,0.000000,0.039062
1784159159.578634,7,0.265055,-0.073670,0.039062
1784159159.588636,7,0.265085,-0.015509,0.039062
1784159159.598633,7,0.265055,-0.058161,0.039062
1784159159.608637,7,0.265085,-0.011632,0.039062
1784159159.618639,7,0.265085,-0.007755,0.027344
1784159159.628633,7,0.265055,-0.065915,0.039062
1784159159.638634,7,0.265085,-0.027142,0.035156
1784159159.648638,7,0.265055,-0.085302,0.035156
1784159159.658710,7,0.265115,0.054283,0.039062
1784159159.668630,7,0.265085,-0.019387,0.039062
1784159159.678644,7,0.265085,-0.003877,0.042969
1784159159.688634,7,0.265085,-0.011632,0.039062
1784159159.698636,7,0.265085,0.003877,0.035156
1784159159.708637,7,0.265055,-0.050406,0.042969
1784159159.718636,7,0.265085,-0.062038,0.039062
1784159159.728637,7,0.265085,-0.011632,0.039062
1784159159.738636,7,0.265055,-0.062038,0.039062
1784159159.748635,7,0.265085,-0.007755,0.035156
1784159159.758637,7,0.265085,-0.007755,0.039062
1784159159.768617,7,0.265055,0.000000,0.039062
1784159159.778618,7,0.265085,-0.003877,0.042969
1784159159.788616,7,0.265085,-0.027142,0.042969
1784159159.798618,7,0.265055,-0.062038,0.039062
1784159159.808617,7,0.265085,-0.007755,0.039062
1784159159.818619,7,0.265085,0.000000,0.039062
1784159159.828618,7,0.265055,-0.007755,0.039062
1784159159.838620,7,0.265085,-0.003877,0.039062
1784159159.848616,7,0.265085,-0.058161,0.039062
1784159159.858617,7,0.265085,0.011632,0.035156
1784159159.868619,7,0.265085,-0.003877,0.039062
1784159159.878624,7,0.265085,-0.007755,0.039062
1784159159.888624,7,0.265085,-0.015509,0.039062
1784159159.898624,7,0.265055,-0.077547,0.039062
1784159159.908626,7,0.265055,-0.065915,0.042969
1784159159.918625,7,0.265115,0.050406,0.039062
1784159159.928627,7,0.265085,-0.003877,0.035156
1784159159.938618,7,0.265085,-0.011632,0.035156
1784159159.948628,7,0.265085,0.000000,0.042969
1784159159.958625,7,0.265085,0.015509,0.027344
1784159159.968626,7,0.265085,0.000000,0.042969
1784159159.978615,7,0.265085,-0.003877,0.035156
1784159159.988630,7,0.265085,-0.003877,0.039062
1784159159.998630,7,0.265085,-0.003877,0.027344
1784159160.008624,7,0.265085,-0.003877,0.039062
1784159160.018625,7,0.265085,-0.003877,0.039062
1784159160.028625,7,0.265085,-0.015509,0.042969
1784159160.038715,7,0.265085,-0.015509,0.035156
1784159160.048605,7,0.265055,-0.054283,0.039062
1784159160.058631,7,0.265085,-0.015509,0.035156
1784159160.068604,7,0.265085,-0.034896,0.042969
1784159160.078606,7,0.265055,-0.069793,0.042969
1784159160.088609,7,0.265085,-0.027142,0.039062
1784159160.098670,7,0.265055,-0.069793,0.039062
1784159160.108604,7,0.265085,-0.015509,0.035156
1784159160.118605,7,0.265085,-0.027142,0.042969
1784159160.128606,7,0.265055,-0.081425,0.039062
1784159160.138607,7,0.265085,-0.015509,0.039062
1784159160.148598,7,0.265085,-0.011632,0.042969
1784159160.158604,7,0.265085,-0.015509,0.039062
1784159160.168602,7,0.265085,-0.019387,0.035156
1784159160.178608,7,0.265085,-0.007755,0.039062
1784159160.188617,7,0.265085,-0.019387,0.039062
1784159160.198610,7,0.265085,-0.027142,0.039062
1784159160.208605,7,0.265085,-0.011632,0.035156
1784159160.218605,7,0.265085,-0.019387,0.039062
1784159160.228605,7,0.265085,-0.003877,0.039062
1784159160.238657,7,0.265085,-0.003877,0.042969
1784159160.248607,7,0.265085,-0.019387,0.039062
1784159160.258606,7,0.265085,-0.011632,0.039062
1784159160.268605,7,0.265085,-0.007755,0.035156
1784159160.278606,7,0.265085,-0.027142,0.039062
1784159160.288608,7,0.265085,-0.038774,0.039062
1784159160.298589,7,0.265085,-0.023264,0.035156
1784159160.308606,7,0.265085,-0.038774,0.039062
1784159160.318607,7,0.265085,-0.019387,0.039062
1784159160.328621,7,0.265115,0.031019,0.039062
1784159160.338581,7,0.265085,-0.015509,0.039062
1784159160.348585,7,0.265085,-0.023264,0.039062
1784159160.358648,7,0.265085,0.000000,0.035156
1784159160.368680,7,0.265085,-0.019387,0.042969
1784159160.378662,7,0.265085,-0.023264,0.042969
1784159160.388580,7,0.265085,-0.007755,0.035156
1784159160.398581,7,0.265085,-0.003877,0.039062
1784159160.408583,7,0.265085,-0.031019,0.039062
1784159160.418694,7,0.265085,-0.011632,0.039062
1784159160.428587,7,0.265085,-0.019387,0.035156
1784159160.438594,7,0.265085,-0.015509,0.027344
1784159160.448587,7,0.265085,-0.003877,0.039062
1784159160.458582,7,0.265085,-0.007755,0.039062
1784159160.468581,7,0.265085,-0.015509,0.039062
1784159160.478581,7,0.265055,-0.062038,0.039062
1784159160.488584,7,0.265085,0.003877,0.039062
1784159160.498583,7,0.265085,-0.019387,0.039062
1784159160.508582,7,0.265085,-0.003877,0.039062
1784159160.518688,7,0.265085,-0.019387,0.035156
1784159160.528697,7,0.265055,-0.065915,0.039062
1784159160.538591,7,0.265085,0.000000,0.039062
1784159160.548581,7,0.265085,-0.019387,0.039062
1784159160.558584,7,0.265085,-0.003877,0.039062
1784159160.568581,7,0.265085,-0.019387,0.039062
1784159160.578585,7,0.265085,-0.003877,0.039062
1784159160.588581,7,0.265085,0.000000,0.039062
1784159160.598585,7,0.265055,-0.050406,0.039062
1784159160.608559,7,0.265085,-0.023264,0.039062
1784159160.618562,7,0.265085,0.000000,0.039062
1784159160.629564,7,0.265085,-0.007755,0.039062
1784159160.638561,7,0.265085,-0.019387,0.039062
1784159160.648562,7,0.265085,-0.007755,0.042969
1784159160.658562,7,0.265085,-0.007755,0.039062
1784159160.668562,7,0.265085,-0.011632,0.039062
1784159160.678561,7,0.265085,-0.007755,0.042969
1784159160.688562,7,0.265055,-0.062038,0.042969
1784159160.698562,7,0.265115,0.046528,0.039062
1784159160.708570,7,0.265085,-0.003877,0.039062
1784159160.718563,7,0.265085,0.000000,0.039062
1784159160.728563,7,0.265085,-0.003877,0.039062
1784159160.738579,7,0.265085,-0.031019,0.039062
1784159160.748564,7,0.265085,-0.011632,0.039062
1784159160.758560,7,0.265085,-0.015509,0.039062
1784159160.768561,7,0.265085,-0.015509,0.039062
1784159160.778563,7,0.265085,0.000000,0.039062
1784159160.788562,7,0.265085,0.000000,0.039062
1784159160.798575,7,0.265115,0.054283,0.042969
1784159160.808563,7,0.265085,0.000000,0.039062
1784159160.818561,7,0.265085,-0.073670,0.042969
1784159160.828561,7,0.265085,-0.027142,0.042969
1784159160.838573,7,0.265055,-0.011632,0.039062
1784159160.848562,7,0.265055,-0.085302,0.039062
1784159160.858564,7,0.265085,-0.015509,0.039062
1784159160.868574,7,0.265085,-0.015509,0.035156
1784159160.878561,7,0.265085,-0.011632,0.039062
1784159160.888544,7,0.265085,-0.003877,0.039062
1784159160.898545,7,0.265115,0.034896,0.039062
1784159160.908546,7,0.265085,-0.027142,0.042969
1784159160.918545,7,0.265055,-0.085302,0.039062
1784159160.928546,7,0.265055,-0.073670,0.039062
1784159160.938544,7,0.265055,-0.054283,0.039062
1784159160.948542,7,0.265085,-0.019387,0.042969
1784159160.958551,7,0.265085,-0.003877,0.039062
1784159160.968547,7,0.265085,-0.027142,0.042969
1784159160.978542,7,0.265085,-0.027142,0.039062
1784159160.988543,7,0.265085,-0.007755,0.039062
1784159160.998549,7,0.265055,-0.065915,0.039062
1784159161.008548,7,0.265085,-0.015509,0.039062
1784159161.018544,7,0.265055,-0.077547,0.039062
1784159161.028546,7,0.265085,-0.011632,0.039062
1784159161.038546,7,0.265085,-0.023264,0.027344
1784159161.048581,7,0.265055,-0.065915,0.039062
1784159161.058545,7,0.265115,0.027142,0.039062
1784159161.068547,7,0.265085,-0.011632,0.035156
1784159161.078542,7,0.265085,-0.003877,0.039062
1784159161.088543,7,0.265055,-0.058161,0.039062
1784159161.098547,7,0.265085,-0.011632,0.039062
1784159161.108547,7,0.265055,-0.069793,0.042969
1784159161.118549,7,0.265115,0.050406,0.039062
1784159161.128546,7,0.265085,0.000000,0.042969
1784159161.138531,7,0.265085,-0.007755,0.039062
1784159161.149628,7,0.265085,-0.015509,0.042969
1784159161.158522,7,0.265085,-0.015509,0.039062
1784159161.168523,7,0.265055,-0.081425,0.042969
1784159161.178523,7,0.265085,0.000000,0.039062
1784159161.188524,7,0.265085,-0.007755,0.035156
1784159161.198524,7,0.265085,0.007755,0.042969
1784159161.208528,7,0.265085,-0.027142,0.042969
1784159161.218526,7,0.265055,-0.046528,0.042969
1784159161.228525,7,0.265085,-0.011632,0.035156
1784159161.238524,7,0.265085,-0.023264,0.035156
1784159161.248526,7,0.265115,0.046528,0.042969
1784159161.258525,7,0.265085,-0.023264,0.039062
1784159161.268529,7,0.265055,-0.065915,0.039062
1784159161.278525,7,0.265085,-0.003877,0.042969
1784159161.288526,7,0.265085,-0.034896,0.039062
1784159161.298528,7,0.265085,0.000000,0.039062
1784159161.308529,7,0.265085,-0.019387,0.039062
1784159161.318526,7,0.265115,0.054283,0.039062
1784159161.328527,7,0.265085,0.003877,0.042969
1784159161.338531,7,0.265085,-0.007755,0.039062
1784159161.348527,7,0.265085,-0.015509,0.039062
1784159161.358527,7,0.265055,-0.077547,0.039062
1784159161.368527,7,0.265085,-0.027142,0.039062
1784159161.378526,7,0.265085,-0.019387,0.039062
1784159161.388530,7,0.265085,0.007755,0.042969
1784159161.398530,7,0.265055,-0.062038,0.039062
1784159161.408532,7,0.265055,-0.058161,0.035156
1784159161.418511,7,0.265085,0.007755,0.042969
1784159161.428509,7,0.265085,0.000000,0.039062
1784159161.438511,7,0.265085,0.000000,0.035156
1784159161.448510,7,0.265055,-0.062038,0.039062
1784159161.458510,7,0.265085,0.003877,0.039062
1784159161.468512,7,0.265085,0.000000,0.039062
1784159161.478516,7,0.265055,-0.058161,0.039062
1784159161.488515,7,0.265055,-0.042651,0.039062
1784159161.499508,7,0.265055,-0.038774,0.039062
1784159161.508511,7,0.265055,-0.042651,0.039062
1784159161.518513,7,0.265055,-0.046528,0.039062
1784159161.528513,7,0.265055,-0.038774,0.035156
1784159161.538514,7,0.265055,-0.054283,0.039062
1784159161.548515,7,0.265085,0.011632,0.035156
1784159161.558510,7,0.265085,0.019387,0.027344
1784159161.568514,7,0.265085,0.011632,0.039062
1784159161.578513,7,0.265055,-0.046528,0.039062
1784159161.588512,7,0.265055,-0.038774,0.027344
1784159161.598513,7,0.265085,0.015509,0.035156
1784159161.608511,7,0.265085,0.015509,0.039062
1784159161.618608,7,0.265085,0.003877,0.039062
1784159161.628512,7,0.265055,-0.038774,0.039062
1784159161.638511,7,0.265085,0.000000,0.042969
1784159161.648512,7,0.265055,-0.054283,0.042969
1784159161.658513,7,0.265055,-0.031019,0.039062
1784159161.668493,7,0.265085,0.011632,0.039062
1784159161.678495,7,0.265055,-0.042651,0.039062
1784159161.688492,7,0.265085,0.015509,0.035156
1784159161.698488,7,0.265085,0.007755,0.039062
1784159161.708531,7,0.265055,-0.050406,0.035156
1784159161.718498,7,0.265055,0.011632,0.027344
1784159161.728493,7,0.265055,-0.038774,0.042969
1784159161.738488,7,0.265085,0.019387,0.039062
1784159161.748489,7,0.265085,0.007755,0.039062
1784159161.758494,7,0.265085,0.000000,0.039062
1784159161.768495,7,0.265085,0.007755,0.039062
1784159161.778488,7,0.265085,0.019387,0.039062
1784159161.788494,7,0.265085,0.007755,0.039062
1784159161.798491,7,0.265085,0.000000,0.042969
1784159161.808490,7,0.265055,-0.054283,0.039062
1784159161.818489,7,0.265085,0.007755,0.035156
1784159161.828489,7,0.265055,-0.038774,0.027344
1784159161.838489,7,0.265055,-0.054283,0.039062
1784159161.848490,7,0.265055,0.019387,0.039062
1784159161.858490,7,0.265085,0.000000,0.039062
1784159161.868496,7,0.265055,-0.046528,0.039062
1784159161.878494,7,0.265085,0.000000,0.039062
1784159161.888494,7,0.265085,0.011632,0.042969
1784159161.898495,7,0.265055,-0.050406,0.039062
1784159161.908493,7,0.265085,0.015509,0.035156
1784159161.918599,7,0.265055,-0.038774,0.042969
1784159161.928492,7,0.265055,-0.042651,0.039062
1784159161.938490,7,0.265055,-0.050406,0.039062
1784159161.948492,7,0.265085,0.000000,0.039062
1784159161.958470,7,0.265085,0.000000,0.039062
1784159161.968472,7,0.265055,-0.062038,0.039062
1784159161.978473,7,0.265085,-0.011632,0.042969
1784159161.988472,7,0.265085,0.000000,0.039062
1784159161.998473,7,0.265085,-0.007755,0.035156
1784159162.008475,7,0.265085,-0.003877,0.039062
1784159162.018474,7,0.265055,-0.065915,0.039062
1784159162.028476,7,0.265085,0.000000,0.027344
1784159162.038474,7,0.265115,0.034896,0.039062
1784159162.048473,7,0.265085,-0.003877,0.039062
1784159162.058471,7,0.265085,-0.027142,0.039062
1784159162.068528,7,0.265055,-0.073670,0.035156
1784159162.078538,7,0.265085,-0.003877,0.035156
1784159162.088473,7,0.265085,0.003877,0.039062
1784159162.098472,7,0.265085,-0.007755,0.042969
1784159162.108475,7,0.265055,-0.073670,0.039062
1784159162.118473,7,0.265055,-0.073670,0.039062
1784159162.128473,7,0.265085,-0.019387,0.039062
1784159162.138473,7,0.265085,-0.019387,0.035156
1784159162.148474,7,0.265085,-0.011632,0.035156
1784159162.158476,7,0.265085,-0.011632,0.042969
1784159162.168476,7,0.265085,0.000000,0.039062
1784159162.178476,7,0.265055,-0.058161,0.039062
1784159162.188477,7,0.265085,-0.003877,0.042969
1784159162.198473,7,0.265085,0.000000,0.039062
1784159162.208474,7,0.265085,0.007755,0.027344
1784159162.218476,7,0.265085,0.000000,0.039062
1784159162.228475,7,0.265055,-0.058161,0.039062
1784159162.238474,7,0.265085,-0.007755,0.039062
1784159162.248456,7,0.265085,-0.015509,0.027344
1784159162.258455,7,0.265085,-0.023264,0.027344
1784159162.268456,7,0.265085,-0.011632,0.035156
1784159162.278463,7,0.265085,-0.007755,0.039062
1784159162.288459,7,0.265085,-0.003877,0.039062
1784159162.298454,7,0.265085,-0.003877,0.039062
1784159162.308456,7,0.265115,0.054283,0.039062
1784159162.318461,7,0.265115,0.046528,0.035156
1784159162.328459,7,0.265085,0.007755,0.039062
1784159162.338467,7,0.265085,-0.003877,0.039062
1784159162.348455,7,0.265085,0.000000,0.039062
1784159162.358453,7,0.265055,-0.054283,0.042969
1784159162.368453,7,0.265085,-0.011632,0.039062
1784159162.378457,7,0.265085,0.000000,0.039062
1784159162.388457,7,0.265055,-0.046528,0.039062
1784159162.398456,7,0.265055,-0.038774,0.035156
1784159162.408454,7,0.265085,0.015509,0.035156
1784159162.418454,7,0.265055,-0.038774,0.035156
1784159162.428455,7,0.265055,-0.054283,0.039062
1784159162.438457,7,0.265055,-0.058161,0.039062
1784159162.448454,7,0.265055,-0.038774,0.035156
1784159162.458454,7,0.265085,0.015509,0.039062
1784159162.468457,7,0.265055,-0.050406,0.035156
1784159162.478455,7,0.265085,0.000000,0.042969
1784159162.488456,7,0.265055,-0.031019,0.035156
1784159162.498457,7,0.265055,-0.038774,0.039062
1784159162.508455,7,0.265085,0.007755,0.039062
1784159162.518455,7,0.265085,0.019387,0.035156
1784159162.528436,7,0.265055,-0.038774,0.039062
1784159162.538435,7,0.265055,-0.046528,0.039062
1784159162.548436,7,0.265055,-0.038774,0.039062
1784159162.558436,7,0.265055,-0.038774,0.039062
1784159162.568436,7,0.265085,0.015509,0.035156
1784159162.578436,7,0.265055,-0.046528,0.035156
1784159162.588441,7,0.265085,0.015509,0.039062
1784159162.598437,7,0.265055,-0.038774,0.035156
1784159162.608438,7,0.265085,0.015509,0.039062
1784159162.618437,7,0.265085,0.019387,0.035156
1784159162.628438,7,0.265055,-0.038774,0.039062
1784159162.638438,7,0.265055,-0.042651,0.039062
1784159162.648437,7,0.265055,-0.038774,0.027344
1784159162.658448,7,0.265055,-0.038774,0.039062
1784159162.668444,7,0.265085,0.019387,0.039062
1784159162.678438,7,0.265085,0.019387,0.039062
1784159162.688439,7,0.265055,-0.038774,0.039062
1784159162.698440,7,0.265024,-0.104689,0.035156
1784159162.708444,7,0.265055,-0.050406,0.039062
1784159162.718439,7,0.265055,-0.038774,0.027344
1784159162.728436,7,0.265055,-0.038774,0.039062
1784159162.738437,7,0.265085,0.019387,0.035156
1784159162.748442,7,0.265055,-0.038774,0.035156
1784159162.758443,7,0.265055,-0.038774,0.039062
1784159162.768442,7,0.265085,0.007755,0.039062
1784159162.778438,7,0.265055,-0.046528,0.039062
1784159162.788441,7,0.265055,-0.034896,0.027344
1784159162.798422,7,0.265085,0.023264,0.039062
1784159162.808422,7,0.265085,0.007755,0.039062
1784159162.818418,7,0.265055,-0.038774,0.035156
1784159162.828418,7,0.265085,0.019387,0.039062
1784159162.838419,7,0.265055,-0.038774,0.039062
1784159162.848421,7,0.265085,0.019387,0.039062
1784159162.858420,7,0.265085,0.015509,0.035156
1784159162.868425,7,0.265085,0.015509,0.039062
1784159162.878425,7,0.265055,-0.038774,0.039062
1784159162.888423,7,0.265055,-0.050406,0.035156
1784159162.898419,7,0.265055,-0.034896,0.035156
1784159162.908420,7,0.265085,0.015509,0.039062
1784159162.918420,7,0.265085,-0.003877,0.039062
1784159162.928425,7,0.265085,0.007755,0.039062
1784159162.938430,7,0.265055,-0.038774,0.042969
1784159162.948422,7,0.265055,-0.038774,0.027344
1784159162.958420,7,0.265085,0.007755,0.035156
1784159162.968419,7,0.265055,-0.042651,0.039062
1784159162.978419,7,0.265055,-0.038774,0.035156
1784159162.988420,7,0.265055,-0.054283,0.039062
1784159162.998420,7,0.265055,-0.116321,0.039062
1784159163.008426,7,0.265085,-0.011632,0.039062
1784159163.018419,7,0.265085,-0.062038,0.035156
1784159163.028420,7,0.265055,-0.038774,0.035156
1784159163.038425,7,0.265055,-0.042651,0.039062
1784159163.049424,7,0.265085,0.003877,0.035156
1784159163.058420,7,0.265115,0.054283,0.035156
1784159163.068421,7,0.265085,0.019387,0.035156
1784159163.078407,7,0.265055,-0.054283,0.039062
1784159163.088411,7,0.265055,-0.042651,0.035156
1784159163.098406,7,0.265085,0.000000,0.039062
1784159163.108411,7,0.265085,0.007755,0.027344
1784159163.118404,7,0.265055,-0.038774,0.039062
1784159163.128404,7,0.265055,-0.050406,0.039062
1784159163.138403,7,0.265055,-0.058161,0.039062
1784159163.148409,7,0.265055,-0.034896,0.039062
1784159163.159405,7,0.265055,-0.038774,0.039062
1784159163.168407,7,0.265055,-0.038774,0.042969
1784159163.178407,7,0.265085,0.019387,0.039062
1784159163.188405,7,0.265085,0.019387,0.039062
1784159163.198402,7,0.265085,0.019387,0.039062
1784159163.208405,7,0.265085,0.015509,0.027344
1784159163.219409,7,0.265055,-0.038774,0.039062
1784159163.228412,7,0.265055,-0.038774,0.039062
1784159163.239410,7,0.265085,0.015509,0.039062
1784159163.249404,7,0.265085,-0.003877,0.039062
1784159163.259410,7,0.265055,-0.058161,0.042969
1784159163.268405,7,0.265055,-0.058161,0.039062
1784159163.279412,7,0.265055,-0.038774,0.035156
1784159163.288403,7,0.265055,-0.038774,0.039062
1784159163.299407,7,0.265085,-0.058161,0.039062
1784159163.309405,7,0.265085,0.015509,0.039062
1784159163.319389,7,0.265055,0.019387,0.035156
1784159163.329386,7,0.265055,-0.038774,0.035156
1784159163.339388,7,0.265085,0.015509,0.039062
1784159163.349385,7,0.265055,-0.038774,0.039062
1784159163.359401,7,0.265085,0.019387,0.039062
1784159163.369384,7,0.265055,-0.050406,0.035156
1784159163.379384,7,0.265055,-0.038774,0.039062
1784159163.389385,7,0.265085,0.019387,0.039062
1784159163.399384,7,0.265085,-0.058161,0.042969
1784159163.409383,7,0.265024,-0.108566,0.039062
1784159163.419385,7,0.265085,0.011632,0.039062
1784159163.429395,7,0.265055,-0.015509,0.039062
1784159163.439384,7,0.265055,-0.015509,0.042969
1784159163.449383,7,0.265055,-0.034896,0.039062
1784159163.459383,7,0.265085,0.003877,0.039062
1784159163.469388,7,0.265085,0.003877,0.039062
1784159163.479383,7,0.265085,0.000000,0.039062
1784159163.489385,7,0.265024,-0.108566,0.039062
1784159163.499387,7,0.265055,-0.042651,0.039062
1784159163.509385,7,0.265085,0.003877,0.039062
1784159163.519384,7,0.265055,-0.038774,0.035156
1784159163.529393,7,0.265055,0.011632,0.039062
1784159163.539402,7,0.265055,-0.042651,0.039062
1784159163.549386,7,0.265085,-0.031019,0.035156
1784159163.559390,7,0.265055,-0.038774,0.039062
1784159163.569387,7,0.265055,-0.034896,0.039062
1784159163.579396,7,0.265055,-0.038774,0.039062
1784159163.589387,7,0.265055,-0.046528,0.039062
1784159163.599388,7,0.265055,-0.050406,0.039062
1784159163.609363,7,0.265055,-0.038774,0.039062
1784159163.619364,7,0.265055,-0.038774,0.035156
1784159163.629374,7,0.265055,-0.038774,0.027344
1784159163.639372,7,0.265085,0.019387,0.035156
1784159163.649372,7,0.265055,-0.046528,0.039062
1784159163.659460,7,0.265055,-0.038774,0.039062
1784159163.669364,7,0.265085,0.000000,0.027344
1784159163.679369,7,0.265055,-0.042651,0.042969
1784159163.689367,7,0.265055,0.000000,0.039062
1784159163.699365,7,0.265085,0.015509,0.039062
1784159163.709369,7,0.265085,0.000000,0.039062
1784159163.719364,7,0.265085,0.007755,0.035156
1784159163.729365,7,0.265085,0.007755,0.039062
1784159163.739366,7,0.265055,-0.054283,0.039062
1784159163.749370,7,0.265085,0.015509,0.042969
1784159163.759465,7,0.265024,-0.038774,0.035156
1784159163.769485,7,0.265055,-0.046528,0.039062
1784159163.779372,7,0.265085,0.007755,0.035156
1784159163.789368,7,0.265055,-0.046528,0.027344
1784159163.799371,7,0.265055,-0.038774,0.027344
1784159163.809373,7,0.265055,-0.050406,0.027344
1784159163.819371,7,0.265055,-0.038774,0.039062
1784159163.829370,7,0.265085,0.000000,0.027344
1784159163.839369,7,0.265085,0.007755,0.039062
1784159163.849375,7,0.265055,-0.054283,0.039062
1784159163.859370,7,0.265085,0.019387,0.027344
1784159163.869349,7,0.265085,0.019387,0.039062
1784159163.879370,7,0.265055,-0.038774,0.039062
1784159163.889348,7,0.265085,0.007755,0.027344
1784159163.899351,7,0.265024,-0.077547,0.039062
1784159163.909350,7,0.265055,-0.003877,0.042969
1784159163.919350,7,0.265085,0.007755,0.042969
1784159163.929350,7,0.265085,0.000000,0.042969
1784159163.939351,7,0.265055,-0.050406,0.039062
1784159163.949350,7,0.265055,-0.046528,0.035156
1784159163.959350,7,0.265055,-0.058161,0.039062
1784159163.969353,7,0.265055,-0.062038,0.035156
1784159163.979358,7,0.265055,-0.058161,0.042969
1784159163.989349,7,0.265055,-0.050406,0.039062
1784159163.999352,7,0.265085,0.015509,0.035156
1784159164.009349,7,0.265055,-0.050406,0.039062
1784159164.019348,7,0.265055,-0.058161,0.039062
1784159164.029352,7,0.265085,-0.003877,0.039062
1784159164.039358,7,0.265085,0.000000,0.039062
1784159164.049363,7,0.265085,0.015509,0.039062
1784159164.059349,7,0.265055,-0.046528,0.039062
1784159164.069359,7,0.265085,0.000000,0.039062
1784159164.079361,7,0.265085,0.000000,0.039062
1784159164.089357,7,0.265055,-0.058161,0.039062
1784159164.099355,7,0.265085,0.000000,0.042969
1784159164.109357,7,0.265085,-0.007755,0.039062
1784159164.119350,7,0.265055,-0.050406,0.039062
1784159164.129348,7,0.265085,0.000000,0.042969
1784159164.139350,7,0.265055,-0.058161,0.039062
1784159164.149349,7,0.265115,0.050406,0.039062
1784159164.159328,7,0.265085,-0.003877,0.035156
1784159164.169332,7,0.265055,-0.062038,0.035156
1784159164.179331,7,0.265085,0.000000,0.042969
1784159164.189332,7,0.265085,0.003877,0.039062
1784159164.199332,7,0.265085,0.000000,0.042969
1784159164.209332,7,0.265085,0.003877,0.035156
1784159164.219329,7,0.265085,-0.007755,0.039062
1784159164.229329,7,0.265085,-0.007755,0.039062
1784159164.239330,7,0.265085,0.000000,0.039062
1784159164.249330,7,0.265085,-0.003877,0.039062
1784159164.259333,7,0.265085,-0.015509,0.039062
1784159164.269330,7,0.265085,0.000000,0.039062
1784159164.279332,7,0.265055,-0.042651,0.035156
1784159164.289329,7,0.265055,-0.031019,0.035156
1784159164.299334,7,0.265085,0.000000,0.039062
1784159164.309332,7,0.265085,0.007755,0.039062
1784159164.319332,7,0.265115,0.054283,0.027344
1784159164.329353,7,0.265085,-0.058161,0.039062
1784159164.339337,7,0.265085,0.000000,0.039062
1784159164.349330,7,0.265085,0.000000,0.035156
1784159164.359333,7,0.265055,-0.058161,0.039062
1784159164.369444,7,0.265085,0.003877,0.039062
1784159164.379338,7,0.265055,-0.038774,0.039062
1784159164.389338,7,0.265055,-0.042651,0.035156
1784159164.399324,7,0.265024,-0.089180,0.039062
1784159164.409343,7,0.265085,0.019387,0.039062
1784159164.419341,7,0.265085,0.003877,0.035156
1784159164.429341,7,0.265024,-0.100812,0.039062
1784159164.439320,7,0.265115,0.065915,0.039062
1784159164.449321,7,0.265085,-0.015509,0.039062
1784159164.459325,7,0.265085,-0.003877,0.042969
1784159164.469319,7,0.265085,0.015509,0.039062
1784159164.479325,7,0.265085,0.003877,0.035156
1784159164.489321,7,0.265085,0.019387,0.042969
1784159164.499321,7,0.265055,-0.054283,0.039062
1784159164.509322,7,0.265055,-0.046528,0.039062
1784159164.519320,7,0.265085,0.015509,0.039062
1784159164.529323,7,0.265085,0.011632,0.035156
1784159164.539321,7,0.265055,-0.058161,0.027344
1784159164.549321,7,0.265055,-0.038774,0.039062
1784159164.559322,7,0.265055,-0.038774,0.039062
1784159164.569327,7,0.265055,-0.050406,0.027344
1784159164.579325,7,0.265055,-0.019387,0.039062
1784159164.589326,7,0.265055,-0.058161,0.039062
1784159164.599326,7,0.265055,-0.042651,0.027344
1784159164.609326,7,0.265024,-0.096934,0.035156
1784159164.619322,7,0.265055,-0.038774,0.039062
1784159164.629322,7,0.265055,-0.054283,0.039062
1784159164.639321,7,0.265024,-0.096934,0.039062
1784159164.649309,7,0.265055,-0.038774,0.039062
1784159164.659323,7,0.265024,-0.096934,0.039062
1784159164.669322,7,0.265055,-0.054283,0.035156
1784159164.679321,7,0.265085,0.000000,0.039062
1784159164.689299,7,0.265055,-0.023264,0.039062
1784159164.699301,7,0.265055,-0.050406,0.042969
1784159164.709294,7,0.265085,0.003877,0.039062
1784159164.719306,7,0.265085,0.000000,0.039062
1784159164.729300,7,0.265085,0.019387,0.039062
1784159164.739306,7,0.265055,-0.054283,0.035156
1784159164.749553,7,0.265055,0.019387,0.039062
1784159164.759297,7,0.265055,-0.038774,0.035156
1784159164.769298,7,0.265085,-0.038774,0.039062
1784159164.779398,7,0.265085,0.015509,0.035156
1784159164.789300,7,0.265055,-0.042651,0.039062
1784159164.799298,7,0.265085,0.000000,0.035156
1784159164.809314,7,0.265085,0.019387,0.039062
1784159164.819295,7,0.265055,-0.038774,0.039062
1784159164.829296,7,0.265055,-0.050406,0.039062
1784159164.839297,7,0.265085,0.000000,0.039062
1784159164.849295,7,0.265055,-0.042651,0.035156
1784159164.859298,7,0.265085,0.003877,0.027344
1784159164.869299,7,0.265055,-0.038774,0.039062
1784159164.879309,7,0.265055,-0.031019,0.039062
1784159164.889301,7,0.265085,0.000000,0.039062
1784159164.899297,7,0.265055,-0.038774,0.039062
1784159164.909300,7,0.265055,-0.046528,0.035156
1784159164.919298,7,0.265085,0.015509,0.039062
1784159164.929297,7,0.265055,-0.054283,0.035156
1784159164.939297,7,0.265055,-0.058161,0.039062
1784159164.949277,7,0.265085,0.019387,0.039062
1784159164.959279,7,0.265055,-0.050406,0.039062
1784159164.969278,7,0.265055,-0.038774,0.039062
1784159164.979276,7,0.265055,-0.015509,0.039062
1784159164.989276,7,0.265055,-0.007755,0.039062
1784159164.999277,7,0.265055,-0.027142,0.039062
1784159165.009284,7,0.265024,-0.015509,0.035156
1784159165.019284,7,0.265055,-0.058161,0.039062
1784159165.029275,7,0.265055,-0.046528,0.039062
1784159165.039277,7,0.265055,-0.038774,0.039062
1784159165.049339,7,0.265055,-0.031019,0.039062
1784159165.059278,7,0.265055,-0.038774,0.035156
1784159165.069277,7,0.265085,0.007755,0.035156
1784159165.079287,7,0.265085,-0.003877,0.039062
1784159165.089279,7,0.265085,0.003877,0.039062
1784159165.099276,7,0.265085,0.015509,0.039062
1784159165.109281,7,0.265085,0.003877,0.039062
1784159165.119277,7,0.265055,-0.038774,0.039062
1784159165.129274,7,0.265055,-0.034896,0.039062
1784159165.139278,7,0.265055,-0.046528,0.039062
1784159165.149280,7,0.265085,0.003877,0.039062
1784159165.159279,7,0.265055,-0.027142,0.039062
1784159165.169285,7,0.265024,-0.089180,0.039062
1784159165.179282,7,0.265085,-0.019387,0.035156
1784159165.189278,7,0.265055,-0.038774,0.035156
1784159165.199275,7,0.265055,-0.038774,0.039062
1784159165.209280,7,0.265055,-0.042651,0.035156
1784159165.219280,7,0.265085,0.007755,0.039062
1784159165.229280,7,0.265085,0.019387,0.039062
1784159165.239278,7,0.265055,0.015509,0.039062
1784159165.249260,7,0.265085,0.015509,0.039062
1784159165.259260,7,0.265085,0.000000,0.039062
1784159165.269261,7,0.265085,0.015509,0.039062
1784159165.279259,7,0.265055,0.000000,0.039062
1784159165.289257,7,0.265055,-0.038774,0.039062
1784159165.299259,7,0.265055,0.015509,0.035156
1784159165.309258,7,0.265055,-0.038774,0.035156
1784159165.319259,7,0.265055,-0.054283,0.035156
1784159165.329259,7,0.265085,0.000000,0.035156
1784159165.339264,7,0.265055,-0.058161,0.039062
1784159165.349258,7,0.265055,-0.038774,0.042969
1784159165.359259,7,0.265055,-0.038774,0.035156
1784159165.369261,7,0.265085,0.015509,0.035156
1784159165.379262,7,0.265085,0.019387,0.039062
1784159165.389259,7,0.265055,-0.034896,0.039062
1784159165.399262,7,0.265085,0.003877,0.039062
1784159165.409259,7,0.265085,0.011632,0.027344
1784159165.419257,7,0.265055,-0.038774,0.039062
1784159165.429264,7,0.265085,0.031019,0.039062
1784159165.439267,7,0.265055,-0.031019,0.027344
1784159165.449270,7,0.265055,-0.054283,0.027344
1784159165.459260,7,0.265085,0.011632,0.039062
1784159165.469263,7,0.265055,0.000000,0.039062
1784159165.479260,7,0.265024,-0.062038,0.039062
1784159165.489259,7,0.265055,0.000000,0.039062
1784159165.499268,7,0.265085,0.007755,0.039062
1784159165.509261,7,0.265085,-0.038774,0.039062
1784159165.519261,7,0.265085,0.015509,0.039062
1784159165.529238,7,0.265055,-0.038774,0.035156
1784159165.539239,7,0.265055,-0.034896,0.035156
1784159165.549245,7,0.265055,-0.015509,0.035156
1784159165.559243,7,0.265085,0.023264,0.039062
1784159165.569242,7,0.265024,-0.093057,0.039062
1784159165.579239,7,0.265055,-0.034896,0.042969
1784159165.589243,7,0.265055,-0.038774,0.039062
1784159165.599243,7,0.265085,0.027142,0.039062
1784159165.609242,7,0.265085,0.015509,0.027344
1784159165.619308,7,0.265085,0.034896,0.039062
1784159165.629246,7,0.265055,-0.046528,0.039062
1784159165.639243,7,0.265085,0.019387,0.039062
1784159165.649242,7,0.265055,-0.031019,0.035156
1784159165.659245,7,0.265085,0.019387,0.039062
1784159165.669241,7,0.265085,-0.034896,0.039062
1784159165.679241,7,0.265085,0.019387,0.039062
1784159165.689243,7,0.265055,-0.034896,0.035156
1784159165.699243,7,0.265085,0.011632,0.039062
1784159165.709246,7,0.265024,-0.077547,0.039062
1784159165.719242,7,0.265055,-0.038774,0.035156
1784159165.729248,7,0.265055,-0.042651,0.035156
1784159165.739244,7,0.265055,-0.019387,0.035156
1784159165.749244,7,0.265085,0.019387,0.039062
1784159165.759351,7,0.265055,-0.038774,0.039062
1784159165.769248,7,0.265055,-0.031019,0.039062
1784159165.779244,7,0.265055,-0.034896,0.039062
1784159165.789243,7,0.265085,0.000000,0.027344
1784159165.799223,7,0.265024,-0.093057,0.039062
1784159165.809226,7,0.265055,-0.027142,0.039062
1784159165.819224,7,0.265085,0.027142,0.035156
1784159165.829222,7,0.265055,-0.031019,0.042969
1784159165.839222,7,0.265085,0.007755,0.039062
1784159165.849222,7,0.265085,0.007755,0.039062
1784159165.859223,7,0.265055,-0.034896,0.035156
1784159165.869230,7,0.265055,-0.038774,0.027344
1784159165.879222,7,0.265055,-0.042651,0.027344
1784159165.889226,7,0.265085,0.000000,0.039062
1784159165.899339,7,0.265055,-0.058161,0.039062
1784159165.909223,7,0.265085,0.019387,0.039062
1784159165.919222,7,0.265085,0.019387,0.039062
1784159165.929222,7,0.265085,0.023264,0.035156
1784159165.939222,7,0.265055,-0.050406,0.039062
1784159165.949353,7,0.265085,0.000000,0.039062
1784159165.959222,7,0.265055,-0.058161,0.035156
1784159165.969221,7,0.265055,-0.054283,0.035156
1784159165.979222,7,0.265085,-0.058161,0.039062
1784159165.989224,7,0.265055,-0.058161,0.039062
1784159166.000231,7,0.265085,0.003877,0.039062
1784159166.009234,7,0.265024,-0.093057,0.039062
1784159166.019226,7,0.265085,0.000000,0.039062
1784159166.029233,7,0.265055,-0.054283,0.035156
1784159166.039228,7,0.265085,0.003877,0.039062
1784159166.049231,7,0.265085,0.000000,0.039062
1784159166.059224,7,0.265085,0.007755,0.035156
1784159166.069224,7,0.265055,-0.054283,0.035156
1784159166.079215,7,0.265055,-0.058161,0.027344
1784159166.089288,7,0.265055,-0.050406,0.039062
1784159166.099202,7,0.265055,-0.038774,0.035156
1784159166.109204,7,0.265085,0.031019,0.039062
1784159166.119213,7,0.265055,-0.038774,0.039062
1784159166.129204,7,0.265024,-0.112444,0.039062
1784159166.139209,7,0.265085,0.019387,0.039062
1784159166.149203,7,0.265024,-0.096934,0.035156
1784159166.159207,7,0.265085,0.015509,0.039062
1784159166.169210,7,0.265024,-0.062038,0.035156
1784159166.179202,7,0.265085,-0.011632,0.035156
1784159166.189203,7,0.264994,-0.112444,0.039062
1784159166.199205,7,0.265085,0.019387,0.035156
1784159166.209208,7,0.265085,0.000000,0.039062
1784159166.219206,7,0.265085,0.003877,0.039062
1784159166.229205,7,0.265055,-0.038774,0.035156
1784159166.239204,7,0.265085,0.015509,0.039062
1784159166.249208,7,0.265055,-0.046528,0.035156
1784159166.259205,7,0.265085,0.000000,0.039062
1784159166.269206,7,0.265085,0.007755,0.039062
1784159166.279204,7,0.265055,-0.038774,0.039062
1784159166.289205,7,0.265055,-0.019387,0.039062
1784159166.299207,7,0.265085,-0.031019,0.042969
1784159166.309207,7,0.265085,0.003877,0.039062
1784159166.319210,7,0.265055,0.015509,0.039062
1784159166.329206,7,0.265055,-0.038774,0.035156
1784159166.339211,7,0.265085,0.015509,0.035156
1784159166.349188,7,0.265055,-0.058161,0.039062
1784159166.359194,7,0.265055,-0.034896,0.039062
1784159166.369191,7,0.265055,-0.003877,0.035156
1784159166.379189,7,0.265055,-0.023264,0.039062
1784159166.389189,7,0.265085,0.019387,0.039062
1784159166.399189,7,0.265085,0.011632,0.035156
1784159166.409190,7,0.265055,-0.038774,0.042969
1784159166.419189,7,0.265055,-0.038774,0.039062
1784159166.429191,7,0.265024,-0.085302,0.039062
1784159166.439192,7,0.265055,-0.046528,0.039062
1784159166.449189,7,0.265085,0.011632,0.039062
1784159166.459187,7,0.265085,0.023264,0.039062
1784159166.469193,7,0.265055,-0.003877,0.039062
1784159166.479271,7,0.265055,-0.019387,0.042969
1784159166.489194,7,0.265085,0.023264,0.027344
1784159166.499195,7,0.265055,-0.038774,0.042969
1784159166.509190,7,0.265055,-0.023264,0.042969
1784159166.519193,7,0.265085,0.019387,0.039062
1784159166.529195,7,0.265055,-0.015509,0.039062
1784159166.539198,7,0.265055,-0.031019,0.027344
1784159166.549194,7,0.265055,-0.034896,0.039062
1784159166.559193,7,0.265055,-0.027142,0.039062
1784159166.569195,7,0.265055,-0.019387,0.039062
1784159166.579192,7,0.265055,-0.046528,0.039062
1784159166.589172,7,0.265085,0.003877,0.039062
1784159166.599172,7,0.265055,-0.046528,0.035156
1784159166.609174,7,0.265085,0.038774,0.039062
1784159166.619172,7,0.265055,-0.015509,0.035156
1784159166.629245,7,0.265024,-0.093057,0.027344
1784159166.639238,7,0.265085,0.019387,0.039062
1784159166.649256,7,0.265055,0.011632,0.035156
1784159166.659290,7,0.265024,-0.058161,0.039062
1784159166.669173,7,0.265055,0.003877,0.039062
1784159166.679177,7,0.265055,-0.019387,0.039062
1784159166.689170,7,0.265055,-0.093057,0.035156
1784159166.699172,7,0.265055,-0.038774,0.035156
1784159166.709279,7,0.265055,-0.034896,0.042969
1784159166.719264,7,0.265055,-0.034896,0.035156
1784159166.729173,7,0.265055,-0.034896,0.039062
1784159166.739173,7,0.265085,0.019387,0.039062
1784159166.749172,7,0.265055,-0.031019,0.035156
1784159166.759175,7,0.264358,-0.143463,0.007812
1784159166.769188,7,0.262268,-0.325699,0.035156
1784159166.779181,7,0.258663,-0.411001,0.050781
1784159166.789179,7,0.256028,-0.193868,0.066406
1784159166.799180,7,0.256391,0.155095,0.066406
1784159166.809185,7,0.257784,0.151217,0.082031
1784159166.819179,7,0.259390,0.193868,0.089844
1784159166.829180,7,0.261238,0.147340,0.101562
1784159166.839184,7,0.261510,-0.050406,0.101562
1784159166.849182,7,0.261541,-0.038774,0.101562
1784159166.859162,7,0.261632,0.003877,0.101562
1784159166.869187,7,0.261753,-0.058161,0.089844
1784159166.879172,7,0.261995,0.034896,0.093750
1784159166.889163,7,0.262692,0.096934,0.093750
1784159166.899160,7,0.264630,0.283048,0.070312
1784159166.909159,7,0.267599,0.255906,0.074219
1784159166.919160,7,0.270447,0.255906,0.074219
1784159166.929155,7,0.272264,0.263661,0.066406
1784159166.939161,7,0.274597,0.248152,0.054688
1784159166.949162,7,0.277535,0.337331,0.050781
1784159166.959163,7,0.280382,0.236520,0.039062
1784159166.969163,7,0.282321,0.069793,0.050781
1784159166.979162,7,0.282685,0.023264,0.054688
1784159166.989162,7,0.282594,-0.007755,0.042969
1784159166.999164,7,0.282594,0.003877,0.042969
1784159167.009162,7,0.282594,-0.031019,0.039062
1784159167.019161,7,0.282594,-0.034896,0.039062
1784159167.029153,7,0.282563,-0.065915,0.050781
1784159167.039165,7,0.282624,0.031019,0.042969
1784159167.049162,7,0.282654,0.000000,0.039062
1784159167.059169,7,0.282775,0.027142,0.042969
1784159167.069164,7,0.283018,0.023264,0.039062
1784159167.079154,7,0.283381,0.003877,0.039062
1784159167.089163,7,0.284139,0.038774,0.035156
1784159167.099234,7,0.285168,0.003877,0.035156
1784159167.109242,7,0.285774,-0.038774,0.035156
1784159167.119238,7,0.285986,0.054283,0.027344
1784159167.129163,7,0.285986,-0.050406,0.027344
1784159167.139161,7,0.285895,-0.065915,0.035156
1784159167.149164,7,0.285714,-0.027142,0.027344
1784159167.159138,7,0.285683,-0.054283,0.035156
1784159167.169143,7,0.285653,-0.015509,0.039062
1784159167.179136,7,0.285623,-0.062038,0.039062
1784159167.189142,7,0.285623,-0.058161,0.039062
1784159167.199213,7,0.285623,-0.011632,0.039062
1784159167.209141,7,0.285592,-0.065915,0.027344
1784159167.219140,7,0.285623,-0.034896,0.039062
1784159167.229143,7,0.285683,0.000000,0.039062
1784159167.239141,7,0.285774,0.000000,0.039062
1784159167.249144,7,0.285774,-0.027142,0.039062
1784159167.259143,7,0.285774,0.000000,0.035156
1784159167.269141,7,0.285744,-0.062038,0.027344
1784159167.279134,7,0.285744,-0.019387,0.039062
1784159167.289141,7,0.285805,0.050406,0.039062
1784159167.299148,7,0.285835,0.023264,0.039062
1784159167.309144,7,0.285865,-0.031019,0.027344
1784159167.319144,7,0.285895,0.027142,0.035156
1784159167.329137,7,0.285895,0.042651,0.035156
1784159167.339142,7,0.285865,-0.015509,0.035156
1784159167.349143,7,0.285835,-0.100812,0.035156
1784159167.359143,7,0.285926,0.019387,0.027344
1784159167.369143,7,0.286077,-0.007755,0.035156
1784159167.379144,7,0.286350,0.007755,0.027344
1784159167.389140,7,0.286713,-0.058161,0.019531
1784159167.399145,7,0.287713,0.116321,0.023438
1784159167.409145,7,0.289712,0.158972,0.023438
1784159167.419126,7,0.290803,0.046528,0.023438
1784159167.429144,7,0.291651,0.081425,0.011719
1784159167.439125,7,0.292741,0.100812,0.019531
1784159167.449143,7,0.293378,0.000000,0.023438
1784159167.459126,7,0.293468,-0.027142,0.019531
1784159167.469144,7,0.293499,0.019387,0.011719
1784159167.479118,7,0.293468,-0.054283,0.019531
1784159167.489123,7,0.293529,0.000000,0.019531
1784159167.499124,7,0.293529,-0.031019,0.019531
1784159167.509124,7,0.293499,-0.058161,0.019531
1784159167.519123,7,0.293499,-0.062038,0.011719
1784159167.529124,7,0.293529,0.011632,0.019531
1784159167.539117,7,0.293529,0.000000,0.011719
1784159167.549119,7,0.293529,-0.011632,0.019531
1784159167.559120,7,0.293559,0.019387,0.019531
1784159167.569121,7,0.293529,-0.038774,0.019531
1784159167.579118,7,0.293559,-0.031019,0.011719
1784159167.589125,7,0.293620,-0.050406,0.007812
1784159167.599117,7,0.293741,0.023264,0.007812
1784159167.609123,7,0.293893,0.027142,0.011719
1784159167.619121,7,0.293953,-0.031019,0.011719
1784159167.629120,7,0.293953,-0.046528,0.011719
1784159167.639118,7,0.293983,0.015509,0.007812
1784159167.649117,7,0.293983,0.015509,0.007812
1784159167.659118,7,0.294014,0.027142,0.011719
1784159167.669195,7,0.294014,-0.015509,0.007812
1784159167.679203,7,0.293983,-0.031019,0.011719
1784159167.689117,7,0.293953,-0.042651,0.011719
1784159167.699119,7,0.293953,-0.054283,0.007812
1784159167.709098,7,0.293983,-0.015509,0.011719
1784159167.719102,7,0.293983,0.000000,0.007812
1784159167.729099,7,0.293983,-0.027142,0.011719
1784159167.739101,7,0.294014,0.023264,0.019531
1784159167.749098,7,0.294014,-0.015509,0.011719
1784159167.759100,7,0.294044,0.007755,0.011719
1784159167.769169,7,0.294014,-0.062038,0.007812
1784159167.779101,7,0.294044,-0.007755,0.011719
1784159167.789100,7,0.294044,0.000000,0.011719
1784159167.799110,7,0.294044,-0.073670,0.011719
1784159167.809101,7,0.294014,-0.073670,0.011719
1784159167.819101,7,0.294014,-0.031019,0.011719
1784159167.829101,7,0.294014,-0.034896,0.007812
1784159167.839107,7,0.294044,0.015509,0.007812
1784159167.849102,7,0.294044,0.015509,0.011719
1784159167.859099,7,0.294014,-0.038774,0.011719
1784159167.869101,7,0.294044,0.000000,0.007812
1784159167.879189,7,0.294014,-0.031019,0.011719
1784159167.889110,7,0.293983,-0.054283,0.011719
1784159167.899100,7,0.293983,-0.038774,0.007812
1784159167.909100,7,0.294014,0.019387,0.011719
1784159167.919110,7,0.294014,0.000000,0.011719
1784159167.929101,7,0.293983,0.019387,0.011719
1784159167.939102,7,0.293862,-0.011632,0.011719
1784159167.949102,7,0.293590,-0.104689,0.007812
1784159167.959081,7,0.293378,-0.031019,0.019531
1784159167.969102,7,0.293166,-0.089180,0.019531
1784159167.979086,7,0.292832,-0.023264,0.019531
1784159167.989082,7,0.292499,-0.011632,0.019531
1784159167.999084,7,0.292348,-0.015509,0.011719
1784159168.009085,7,0.292378,-0.015509,0.011719
1784159168.019087,7,0.292378,-0.038774,0.019531
1784159168.029080,7,0.292378,0.019387,0.011719
1784159168.039084,7,0.292105,-0.131831,0.019531
1784159168.049083,7,0.290984,-0.209378,0.027344
1784159168.059085,7,0.288622,-0.228765,0.027344
1784159168.069085,7,0.287774,-0.015509,0.019531
1784159168.079094,7,0.288076,-0.011632,0.023438
1784159168.089082,7,0.287986,0.003877,0.023438
1784159168.099090,7,0.287683,-0.077547,0.027344
1784159168.109088,7,0.287471,-0.062038,0.039062
1784159168.119088,7,0.287440,0.019387,0.023438
1784159168.129086,7,0.287319,-0.073670,0.035156
1784159168.139084,7,0.286622,-0.166727,0.039062
1784159168.149083,7,0.283987,-0.271416,0.050781
1784159168.159084,7,0.280503,-0.407124,0.054688
1784159168.169088,7,0.278080,-0.248152,0.058594
1784159168.179085,7,0.277141,-0.062038,0.054688
1784159168.189088,7,0.277141,-0.015509,0.058594
1784159168.199086,7,0.276778,-0.065915,0.058594
1784159168.209086,7,0.275566,-0.236520,0.066406
1784159168.219083,7,0.272930,-0.333454,0.085938
1784159168.229067,7,0.268780,-0.461407,0.089844
1784159168.239067,7,0.265024,-0.379982,0.101562
1784159168.249092,7,0.262783,-0.197746,0.093750
1784159168.259065,7,0.261389,-0.104689,0.093750
1784159168.269069,7,0.260723,-0.081425,0.101562
1784159168.279169,7,0.260450,-0.015509,0.101562
1784159168.289069,7,0.260178,-0.038774,0.101562
1784159168.299065,7,0.259875,-0.073670,0.109375
1784159168.309065,7,0.259329,-0.096934,0.117188
1784159168.319066,7,0.258178,-0.186114,0.121094
1784159168.329070,7,0.256755,-0.147340,0.109375
1784159168.339108,7,0.256270,-0.089180,0.117188
1784159168.349068,7,0.256088,-0.108566,0.117188
1784159168.359064,7,0.255240,-0.135708,0.121094
1784159168.369063,7,0.252998,-0.279171,0.125000
1784159168.379070,7,0.251151,-0.131831,0.121094
1784159168.389063,7,0.250333,-0.089180,0.132812
1784159168.399064,7,0.250151,-0.050406,0.125000
1784159168.409065,7,0.249999,-0.104689,0.136719
1784159168.419067,7,0.249848,-0.019387,0.132812
1784159168.429064,7,0.249333,-0.100812,0.136719
1784159168.439067,7,0.248485,-0.093057,0.136719
1784159168.449067,7,0.247455,-0.120198,0.140625
1784159168.459063,7,0.245122,-0.310190,0.148438
1784159168.469068,7,0.242336,-0.321822,0.156250
1784159168.479066,7,0.240245,-0.081425,0.152344
1784159168.489068,7,0.240003,0.077547,0.156250
1784159168.499066,7,0.239912,-0.038774,0.156250
1784159168.509064,7,0.239791,-0.019387,0.167969
1784159168.519070,7,0.239003,-0.166727,0.167969
1784159168.529127,7,0.236883,-0.244274,0.167969
1784159168.539043,7,0.235368,-0.077547,0.167969
1784159168.549048,7,0.234248,-0.124076,0.171875
1784159168.559045,7,0.233097,-0.100812,0.171875
1784159168.569049,7,0.232430,-0.077547,0.171875
1784159168.579044,7,0.232248,-0.058161,0.175781
1784159168.589046,7,0.232127,-0.073670,0.167969
1784159168.599051,7,0.231612,-0.104689,0.183594
1784159168.609049,7,0.229552,-0.283048,0.187500
1784159168.619044,7,0.226432,-0.364473,0.203125
1784159168.629044,7,0.223676,-0.186114,0.199219
1784159168.639046,7,0.222676,-0.073670,0.199219
1784159168.649046,7,0.222313,-0.073670,0.203125
1784159168.659136,7,0.221858,-0.096934,0.203125
1784159168.669045,7,0.221586,-0.034896,0.203125
1784159168.679049,7,0.221525,-0.058161,0.207031
1784159168.689051,7,0.221283,-0.073670,0.207031
1784159168.699046,7,0.220525,-0.104689,0.207031
1784159168.709051,7,0.219314,-0.178359,0.218750
1784159168.719049,7,0.217496,-0.217133,0.218750
1784159168.729056,7,0.216194,-0.120198,0.218750
1784159168.739047,7,0.215800,-0.112444,0.222656
1784159168.749047,7,0.215436,-0.050406,0.218750
1784159168.759056,7,0.214588,-0.178359,0.222656
1784159168.769049,7,0.213558,-0.104689,0.230469
1784159168.779065,7,0.213286,-0.104689,0.222656
1784159168.789059,7,0.213225,-0.112444,0.222656
1784159168.799033,7,0.213134,-0.038774,0.238281
1784159168.809028,7,0.213043,0.038774,0.222656
1784159168.819037,7,0.212619,-0.069793,0.222656
1784159168.829105,7,0.211983,-0.085302,0.234375
1784159168.839035,7,0.211165,-0.158972,0.238281
1784159168.849021,7,0.210256,-0.124076,0.230469
1784159168.859032,7,0.209681,-0.093057,0.238281
1784159168.869031,7,0.209711,-0.058161,0.246094
1784159168.879130,7,0.209741,-0.038774,0.238281
1784159168.889100,7,0.209590,-0.077547,0.230469
1784159168.899116,7,0.208924,-0.112444,0.234375
1784159168.909152,7,0.207288,-0.232642,0.250000
1784159168.919133,7,0.204501,-0.310190,0.253906
1784159168.929037,7,0.203017,-0.170604,0.253906
1784159168.939037,7,0.202350,-0.081425,0.257812
1784159168.949038,7,0.201441,-0.143463,0.265625
1784159168.959037,7,0.200684,-0.058161,0.257812
1784159168.969038,7,0.199957,-0.038774,0.269531
1784159168.979039,7,0.199139,-0.085302,0.265625
1784159168.989038,7,0.198109,-0.158972,0.269531
1784159168.999038,7,0.197625,-0.038774,0.265625
1784159169.009040,7,0.197594,-0.085302,0.269531
1784159169.019037,7,0.197594,-0.050406,0.269531
1784159169.029039,7,0.197261,-0.085302,0.269531
1784159169.039041,7,0.196716,0.003877,0.269531
1784159169.049038,7,0.196564,-0.042651,0.269531
1784159169.059099,7,0.196413,0.000000,0.269531
1784159169.069038,7,0.196413,-0.011632,0.273438
1784159169.079016,7,0.196443,-0.062038,0.269531
1784159169.089019,7,0.196443,-0.003877,0.269531
1784159169.099077,7,0.196443,0.077547,0.265625
1784159169.109084,7,0.196504,-0.007755,0.269531
1784159169.119074,7,0.196625,-0.015509,0.265625
1784159169.129035,7,0.196777,-0.015509,0.269531
1784159169.139032,7,0.196867,0.011632,0.265625
1784159169.149014,7,0.196898,0.003877,0.269531
1784159169.159014,7,0.197019,0.019387,0.269531
1784159169.169118,7,0.197170,-0.015509,0.269531
1784159169.179134,7,0.197261,-0.046528,0.265625
1784159169.193065,7,0.197352,-0.034896,0.269531
1784159169.201019,7,0.197352,-0.054283,0.269531
1784159169.209177,7,0.197352,0.019387,0.269531
1784159169.219018,7,0.197322,-0.038774,0.269531
1784159169.229082,7,0.197291,-0.073670,0.269531
1784159169.239018,7,0.197322,-0.046528,0.265625
1784159169.249011,7,0.197261,-0.019387,0.269531
1784159169.259095,7,0.197201,-0.038774,0.265625
1784159169.269039,7,0.197110,-0.054283,0.265625
1784159169.279016,7,0.197110,-0.027142,0.265625
1784159169.289241,7,0.197140,0.015509,0.265625
1784159169.299003,7,0.197140,-0.042651,0.269531
1784159169.309019,7,0.197170,0.003877,0.265625
1784159169.319018,7,0.197140,-0.038774,0.265625
1784159169.329179,7,0.197201,0.015509,0.273438
1784159169.339086,7,0.197170,-0.058161,0.265625
1784159169.348989,7,0.197201,-0.069793,0.265625
1784159169.358989,7,0.197291,0.019387,0.269531
1784159169.368991,7,0.197231,-0.042651,0.265625
1784159169.378990,7,0.197201,-0.054283,0.269531
1784159169.388990,7,0.197231,0.027142,0.269531
1784159169.398997,7,0.197201,-0.042651,0.265625
1784159169.408989,7,0.197231,-0.042651,0.269531
1784159169.418993,7,0.197291,0.058161,0.269531
1784159169.428990,7,0.197231,-0.015509,0.269531
1784159169.438988,7,0.197201,-0.031019,0.269531
1784159169.448992,7,0.197170,-0.038774,0.265625
1784159169.458991,7,0.197231,0.027142,0.265625
1784159169.468991,7,0.197231,-0.050406,0.265625
1784159169.478992,7,0.197261,-0.003877,0.269531
1784159169.488991,7,0.197201,-0.112444,0.265625
1784159169.498998,7,0.197261,0.000000,0.269531
1784159169.508991,7,0.197261,-0.038774,0.265625
1784159169.518992,7,0.197322,0.000000,0.269531
1784159169.528991,7,0.197352,0.000000,0.269531
1784159169.538992,7,0.197413,-0.003877,0.265625
1784159169.548991,7,0.197443,-0.015509,0.269531
1784159169.558994,7,0.197443,-0.065915,0.273438
1784159169.568996,7,0.197473,-0.073670,0.269531
1784159169.578985,7,0.197564,-0.031019,0.269531
1784159169.588999,7,0.197594,0.000000,0.269531
1784159169.598974,7,0.197564,-0.058161,0.269531
1784159169.608974,7,0.197564,-0.038774,0.265625
1784159169.618975,7,0.197564,-0.058161,0.269531
1784159169.628976,7,0.197564,-0.038774,0.269531
1784159169.638981,7,0.197564,0.011632,0.265625
1784159169.648980,7,0.197534,-0.069793,0.269531
1784159169.658984,7,0.197564,0.011632,0.265625
1784159169.668979,7,0.197564,0.000000,0.269531
1784159169.678975,7,0.197564,-0.015509,0.265625
1784159169.688981,7,0.197594,0.011632,0.273438
1784159169.698980,7,0.197594,-0.003877,0.269531
1784159169.708978,7,0.197594,-0.027142,0.269531
1784159169.718985,7,0.197594,-0.027142,0.257812
1784159169.728984,7,0.197594,-0.038774,0.265625
1784159169.738976,7,0.197655,-0.058161,0.257812
1784159169.748980,7,0.197806,0.007755,0.269531
1784159169.758979,7,0.197928,0.023264,0.273438
1784159169.768981,7,0.198079,0.023264,0.269531
1784159169.778978,7,0.198170,-0.019387,0.269531
1784159169.788983,7,0.198231,0.003877,0.269531
1784159169.798981,7,0.198231,-0.038774,0.269531
1784159169.808976,7,0.198291,-0.015509,0.265625
1784159169.818982,7,0.198352,-0.003877,0.269531
1784159169.828977,7,0.198382,-0.023264,0.253906
1784159169.838989,7,0.198503,-0.031019,0.257812
1784159169.848986,7,0.198836,-0.023264,0.257812
1784159169.858982,7,0.199412,0.031019,0.257812
1784159169.868977,7,0.200169,0.050406,0.257812
1784159169.878963,7,0.200866,0.011632,0.257812
1784159169.888959,7,0.201260,-0.007755,0.257812
1784159169.898964,7,0.201472,0.007755,0.257812
1784159169.908956,7,0.201684,0.042651,0.257812
1784159169.918966,7,0.201926,-0.046528,0.253906
1784159169.928966,7,0.202168,-0.054283,0.265625
1784159169.938966,7,0.202290,-0.042651,0.250000
1784159169.948965,7,0.202350,-0.015509,0.253906
1784159169.958973,7,0.202532,0.108566,0.250000
1784159169.968970,7,0.202805,0.023264,0.253906
1784159169.978959,7,0.203198,0.062038,0.250000
1784159169.988963,7,0.204168,0.116321,0.246094
1784159169.998965,7,0.205652,0.085302,0.250000
1784159170.008964,7,0.206106,-0.081425,0.246094
1784159170.018960,7,0.206167,0.034896,0.250000
1784159170.028971,7,0.206167,0.007755,0.246094
1784159170.038975,7,0.206228,-0.062038,0.238281
1784159170.048975,7,0.206288,0.054283,0.246094
1784159170.058969,7,0.206531,-0.062038,0.234375
1784159170.068972,7,0.207015,0.019387,0.238281
1784159170.078973,7,0.207985,0.124076,0.234375
1784159170.088969,7,0.209772,0.174482,0.234375
1784159170.098967,7,0.210953,0.062038,0.234375
1784159170.108973,7,0.211377,0.069793,0.234375
1784159170.118971,7,0.211710,0.011632,0.230469
1784159170.128952,7,0.212165,-0.034896,0.222656
1784159170.138970,7,0.212468,0.011632,0.234375
1784159170.148958,7,0.212589,0.015509,0.222656
1784159170.158939,7,0.212801,-0.031019,0.230469
1784159170.168937,7,0.213164,-0.007755,0.230469
1784159170.178939,7,0.213376,-0.054283,0.222656
1784159170.188942,7,0.213376,-0.027142,0.230469
1784159170.198945,7,0.213528,0.000000,0.222656
1784159170.208936,7,0.213982,-0.007755,0.218750
1784159170.218937,7,0.214528,0.023264,0.218750
1784159170.228941,7,0.215315,0.108566,0.218750
1784159170.238938,7,0.217466,0.298557,0.199219
1784159170.248942,7,0.221131,0.438143,0.187500
1784159170.258940,7,0.225857,0.438143,0.175781
1784159170.268940,7,0.229674,0.325699,0.171875
1784159170.278950,7,0.232430,0.255906,0.167969
1784159170.288942,7,0.234005,0.096934,0.171875
1784159170.299004,7,0.234126,0.015509,0.171875
1784159170.308939,7,0.234126,-0.038774,0.167969
1784159170.318940,7,0.234187,-0.038774,0.171875
1784159170.328942,7,0.234217,-0.050406,0.171875
1784159170.338939,7,0.234339,0.000000,0.167969
1784159170.348939,7,0.234490,0.023264,0.167969
1784159170.358940,7,0.234551,0.011632,0.164062
1784159170.368939,7,0.234611,0.003877,0.171875
1784159170.378938,7,0.234672,0.007755,0.164062
1784159170.388940,7,0.234793,0.003877,0.171875
1784159170.398942,7,0.234944,-0.038774,0.171875
1784159170.409025,7,0.235368,0.096934,0.167969
1784159170.419035,7,0.235974,0.081425,0.164062
1784159170.428998,7,0.237186,0.124076,0.156250
1784159170.438918,7,0.238125,0.058161,0.167969
1784159170.448920,7,0.238307,0.007755,0.164062
1784159170.458920,7,0.238428,0.003877,0.164062
1784159170.468920,7,0.238579,0.000000,0.164062
1784159170.478922,7,0.238731,0.000000,0.156250
1784159170.488927,7,0.238913,0.019387,0.164062
1784159170.498921,7,0.239155,0.011632,0.152344
1784159170.509007,7,0.239397,-0.046528,0.152344
1784159170.518919,7,0.239791,0.046528,0.152344
1784159170.528921,7,0.240579,0.050406,0.152344
1784159170.538924,7,0.241336,0.003877,0.156250
1784159170.548925,7,0.241518,-0.081425,0.156250
1784159170.558925,7,0.241578,-0.054283,0.148438
1784159170.568923,7,0.241699,0.011632,0.156250
1784159170.578923,7,0.241760,-0.034896,0.156250
1784159170.588925,7,0.241821,0.019387,0.148438
1784159170.598923,7,0.241881,0.023264,0.152344
1784159170.608922,7,0.241881,-0.027142,0.125000
1784159170.618924,7,0.241942,0.054283,0.156250
1784159170.628921,7,0.241942,-0.015509,0.148438
1784159170.638925,7,0.241972,-0.003877,0.148438
1784159170.648923,7,0.242002,0.000000,0.156250
1784159170.658922,7,0.242033,0.000000,0.148438
1784159170.668926,7,0.242033,-0.007755,0.148438
1784159170.678922,7,0.242063,0.007755,0.156250
1784159170.688925,7,0.242093,-0.054283,0.148438
1784159170.698923,7,0.242063,-0.065915,0.148438
1784159170.708908,7,0.242093,-0.007755,0.148438
1784159170.718913,7,0.242124,-0.011632,0.148438
1784159170.728907,7,0.242124,-0.050406,0.148438
1784159170.738902,7,0.242154,0.000000,0.148438
1784159170.748902,7,0.242184,-0.011632,0.152344
1784159170.758902,7,0.242214,-0.015509,0.152344
1784159170.768905,7,0.242245,0.011632,0.148438
1784159170.778907,7,0.242275,0.007755,0.152344
1784159170.788908,7,0.242275,-0.058161,0.148438
1784159170.798904,7,0.242305,-0.054283,0.152344
1784159170.808904,7,0.242366,0.000000,0.156250
1784159170.818905,7,0.242396,-0.003877,0.156250
1784159170.828907,7,0.242426,0.000000,0.148438
1784159170.838905,7,0.242426,-0.077547,0.148438
1784159170.848911,7,0.242487,-0.038774,0.148438
1784159170.858903,7,0.242548,-0.007755,0.152344
1784159170.868908,7,0.242578,-0.003877,0.152344
1784159170.878911,7,0.242608,-0.003877,0.148438
1784159170.888904,7,0.242639,0.000000,0.156250
1784159170.898905,7,0.242639,-0.050406,0.148438
1784159170.908908,7,0.242669,-0.019387,0.156250
1784159170.918907,7,0.242699,-0.007755,0.156250
1784159170.928908,7,0.242699,-0.038774,0.140625
1784159170.938907,7,0.242699,-0.007755,0.152344
1784159170.948906,7,0.242729,-0.085302,0.152344
1784159170.958905,7,0.242851,-0.054283,0.156250
1784159170.968895,7,0.242911,0.027142,0.152344
1784159170.978906,7,0.243002,-0.015509,0.152344
1784159170.988885,7,0.243093,-0.038774,0.148438
1784159170.998885,7,0.243153,-0.038774,0.148438
1784159171.008884,7,0.243244,-0.062038,0.140625
1784159171.018887,7,0.243396,0.000000,0.148438
1784159171.028885,7,0.243578,-0.034896,0.140625
1784159171.038885,7,0.243880,-0.015509,0.140625
1784159171.048891,7,0.244365,0.027142,0.148438
1784159171.058892,7,0.244941,0.007755,0.136719
1784159171.068886,7,0.245183,-0.042651,0.136719
1784159171.078884,7,0.245244,-0.011632,0.140625
1784159171.088887,7,0.245304,0.034896,0.136719
1784159171.098886,7,0.245304,-0.038774,0.136719
1784159171.108886,7,0.245335,-0.042651,0.140625
1784159171.118887,7,0.245365,-0.038774,0.140625
1784159171.129010,7,0.245425,0.019387,0.140625
1784159171.138976,7,0.245425,-0.007755,0.140625
1784159171.149003,7,0.245456,0.019387,0.140625
1784159171.158978,7,0.245456,-0.023264,0.140625
1784159171.168892,7,0.245486,0.000000,0.140625
1784159171.178887,7,0.245516,0.000000,0.140625
1784159171.188889,7,0.245547,0.000000,0.136719
1784159171.198889,7,0.245547,-0.003877,0.140625
1784159171.208888,7,0.245547,-0.038774,0.140625
1784159171.218872,7,0.245547,-0.058161,0.140625
1784159171.228890,7,0.245577,-0.038774,0.136719
1784159171.238873,7,0.245577,-0.046528,0.140625
1784159171.248868,7,0.245607,-0.027142,0.140625
1784159171.258871,7,0.245577,-0.081425,0.148438
1784159171.268876,7,0.245607,-0.058161,0.140625
1784159171.278868,7,0.245637,-0.050406,0.140625
1784159171.288867,7,0.245668,0.011632,0.136719
1784159171.298868,7,0.245698,0.019387,0.136719
1784159171.308876,7,0.245698,0.011632,0.140625
1784159171.318870,7,0.245668,-0.058161,0.132812
1784159171.328866,7,0.245698,-0.038774,0.136719
1784159171.338874,7,0.245728,0.042651,0.140625
1784159171.348875,7,0.245728,-0.003877,0.140625
1784159171.358867,7,0.245698,-0.073670,0.136719
1784159171.368882,7,0.245759,0.000000,0.136719
1784159171.378876,7,0.245759,0.027142,0.140625
1784159171.388876,7,0.245789,0.019387,0.140625
1784159171.398878,7,0.245789,0.003877,0.140625
1784159171.408868,7,0.245789,-0.031019,0.140625
1784159171.418871,7,0.245819,0.054283,0.140625
1784159171.428870,7,0.245819,-0.011632,0.136719
1784159171.438882,7,0.245849,0.011632,0.140625
1784159171.448873,7,0.245819,-0.058161,0.136719
1784159171.458870,7,0.245849,-0.015509,0.140625
1784159171.468880,7,0.245849,-0.023264,0.140625
1784159171.478880,7,0.245849,-0.038774,0.140625
1784159171.488879,7,0.245849,-0.042651,0.140625
1784159171.498879,7,0.245849,-0.038774,0.140625
1784159171.508870,7,0.245880,-0.023264,0.140625
1784159171.518879,7,0.245910,0.003877,0.136719
1784159171.528859,7,0.245910,-0.038774,0.140625
1784159171.538860,7,0.245880,-0.093057,0.140625
1784159171.548861,7,0.245910,-0.073670,0.136719
1784159171.558852,7,0.245940,-0.031019,0.136719
1784159171.568860,7,0.245910,-0.054283,0.140625
1784159171.578863,7,0.245940,-0.015509,0.140625
1784159171.588865,7,0.245910,-0.073670,0.136719
1784159171.598853,7,0.245971,0.003877,0.140625
1784159171.608850,7,0.245910,-0.093057,0.140625
1784159171.618859,7,0.246001,0.000000,0.136719
1784159171.628854,7,0.245971,-0.034896,0.140625
1784159171.638849,7,0.246001,-0.019387,0.140625
1784159171.648851,7,0.246001,-0.034896,0.140625
1784159171.658853,7,0.246031,0.011632,0.140625
1784159171.668851,7,0.246031,-0.007755,0.136719
1784159171.678855,7,0.246031,-0.027142,0.136719
1784159171.688865,7,0.246031,-0.027142,0.136719
1784159171.698852,7,0.246062,0.054283,0.140625
1784159171.708856,7,0.246031,-0.034896,0.136719
1784159171.718860,7,0.246062,-0.011632,0.140625
1784159171.728860,7,0.246062,-0.034896,0.140625
1784159171.738882,7,0.246062,-0.038774,0.140625
1784159171.748856,7,0.246062,-0.042651,0.136719
1784159171.758852,7,0.246062,-0.038774,0.140625
1784159171.768858,7,0.246122,0.019387,0.140625
1784159171.778862,7,0.246092,-0.042651,0.140625
1784159171.788861,7,0.246092,-0.073670,0.140625
1784159171.798836,7,0.246152,0.023264,0.140625
1784159171.808837,7,0.246122,-0.015509,0.140625
1784159171.818840,7,0.246122,-0.038774,0.136719
1784159171.828832,7,0.246122,-0.073670,0.140625
1784159171.838840,7,0.246152,-0.038774,0.140625
1784159171.848842,7,0.246213,0.073670,0.140625
1784159171.858834,7,0.246152,-0.042651,0.140625
1784159171.868840,7,0.246183,-0.019387,0.140625
1784159171.878833,7,0.246183,-0.003877,0.140625
1784159171.888842,7,0.246152,-0.081425,0.140625
1784159171.898834,7,0.246183,-0.038774,0.140625
1784159171.908836,7,0.246213,0.007755,0.140625
1784159171.918834,7,0.246213,-0.011632,0.136719
1784159171.928914,7,0.246243,0.019387,0.136719
1784159171.938918,7,0.246243,0.027142,0.140625
1784159171.948984,7,0.246243,0.003877,0.132812
1784159171.958941,7,0.246274,0.011632,0.140625
1784159171.968925,7,0.246274,0.011632,0.136719
1784159171.978842,7,0.246274,0.000000,0.140625
1784159171.988844,7,0.246274,0.000000,0.140625
1784159171.998837,7,0.246243,-0.069793,0.140625
1784159172.008837,7,0.246304,0.019387,0.140625
1784159172.018843,7,0.246274,-0.038774,0.140625
1784159172.028953,7,0.246304,0.019387,0.140625
1784159172.038835,7,0.246304,0.031019,0.140625
1784159172.048838,7,0.246274,-0.027142,0.140625
1784159172.058840,7,0.246274,-0.062038,0.148438
1784159172.068818,7,0.246334,0.019387,0.140625
1784159172.078818,7,0.246304,-0.050406,0.140625
1784159172.088816,7,0.246304,-0.058161,0.140625
1784159172.098817,7,0.246334,0.000000,0.148438
1784159172.108816,7,0.246334,-0.011632,0.140625
1784159172.118815,7,0.246334,-0.034896,0.136719
1784159172.128815,7,0.246334,-0.038774,0.140625
1784159172.138818,7,0.246334,-0.038774,0.140625
1784159172.148817,7,0.246334,-0.031019,0.140625
1784159172.158819,7,0.246334,-0.038774,0.140625
1784159172.168821,7,0.246364,-0.019387,0.140625
1784159172.178823,7,0.246364,-0.038774,0.136719
1784159172.188818,7,0.246364,-0.058161,0.140625
1784159172.198816,7,0.246364,-0.054283,0.140625
1784159172.208819,7,0.246395,-0.019387,0.140625
1784159172.218817,7,0.246425,0.023264,0.136719
1784159172.228816,7,0.246455,0.058161,0.140625
1784159172.238817,7,0.246395,-0.042651,0.140625
1784159172.248813,7,0.246395,-0.050406,0.140625
1784159172.258817,7,0.246425,-0.003877,0.136719
1784159172.268821,7,0.246395,-0.058161,0.132812
1784159172.278818,7,0.246486,0.046528,0.136719
1784159172.288819,7,0.246425,-0.116321,0.136719
1784159172.298817,7,0.246486,0.000000,0.140625
1784159172.308820,7,0.246486,-0.027142,0.136719
1784159172.318812,7,0.246516,0.011632,0.136719
1784159172.328823,7,0.246516,0.000000,0.136719
1784159172.338826,7,0.246546,0.019387,0.140625
1784159172.348795,7,0.246576,0.038774,0.140625
1784159172.358808,7,0.246546,-0.034896,0.136719
1784159172.368800,7,0.246546,-0.038774,0.136719
1784159172.378798,7,0.246576,-0.062038,0.140625
1784159172.388804,7,0.246637,0.019387,0.140625
1784159172.398793,7,0.246637,-0.007755,0.136719
1784159172.408804,7,0.246667,-0.042651,0.140625
1784159172.418797,7,0.246698,-0.038774,0.140625
1784159172.428794,7,0.246728,0.046528,0.140625
1784159172.438812,7,0.246849,0.011632,0.140625
1784159172.448802,7,0.246940,0.007755,0.136719
1784159172.458802,7,0.246940,-0.046528,0.125000
1784159172.468795,7,0.246970,0.003877,0.140625
1784159172.478795,7,0.246970,-0.038774,0.136719
1784159172.488795,7,0.247031,-0.011632,0.136719
1784159172.498804,7,0.247031,-0.046528,0.136719
1784159172.508799,7,0.247061,-0.046528,0.125000
1784159172.518795,7,0.247122,0.031019,0.136719
1784159172.528797,7,0.247122,0.031019,0.136719
1784159172.538800,7,0.247152,-0.031019,0.136719
1784159172.548800,7,0.247182,-0.058161,0.132812
1784159172.558806,7,0.247273,-0.011632,0.136719
1784159172.568806,7,0.247394,0.000000,0.132812
1784159172.578794,7,0.247546,-0.038774,0.132812
1784159172.588794,7,0.247940,0.031019,0.132812
1784159172.598795,7,0.248515,0.054283,0.132812
1784159172.608802,7,0.249000,0.019387,0.132812
1784159172.618781,7,0.249091,0.000000,0.132812
1784159172.628775,7,0.249121,0.003877,0.125000
1784159172.638783,7,0.249121,0.007755,0.132812
1784159172.648782,7,0.249151,0.015509,0.132812
1784159172.658780,7,0.249121,-0.038774,0.132812
1784159172.668832,7,0.249151,-0.003877,0.125000
1784159172.678777,7,0.249212,0.042651,0.125000
1784159172.688881,7,0.249182,-0.019387,0.125000
1784159172.698883,7,0.249212,-0.038774,0.132812
1784159172.708780,7,0.249212,-0.038774,0.132812
1784159172.718782,7,0.249242,-0.019387,0.125000
1784159172.728783,7,0.249242,-0.034896,0.132812
1784159172.738785,7,0.249242,-0.054283,0.132812
1784159172.748779,7,0.249272,-0.019387,0.132812
1784159172.758782,7,0.249272,-0.031019,0.132812
1784159172.768785,7,0.249303,0.023264,0.125000
1784159172.778778,7,0.249272,0.019387,0.132812
1784159172.788783,7,0.249303,0.019387,0.132812
1784159172.798787,7,0.249333,0.054283,0.132812
1784159172.808782,7,0.249303,-0.038774,0.125000
1784159172.818799,7,0.249272,-0.096934,0.125000
1784159172.828778,7,0.249333,0.015509,0.132812
1784159172.838789,7,0.249333,0.003877,0.132812
1784159172.848788,7,0.249303,-0.007755,0.132812
1784159172.858783,7,0.249303,-0.054283,0.132812
1784159172.868790,7,0.249303,-0.050406,0.125000
1784159172.878763,7,0.249333,0.000000,0.132812
1784159172.888764,7,0.249333,-0.015509,0.132812
1784159172.898767,7,0.249333,-0.023264,0.132812
1784159172.908769,7,0.249363,0.000000,0.125000
1784159172.918763,7,0.249363,-0.015509,0.132812
1784159172.928765,7,0.249424,0.073670,0.132812
1784159172.938766,7,0.249363,-0.034896,0.125000
1784159172.948765,7,0.249424,0.058161,0.132812
1784159172.958764,7,0.249363,-0.065915,0.132812
1784159172.968860,7,0.249394,-0.007755,0.132812
1784159172.978761,7,0.249363,-0.046528,0.136719
1784159172.988767,7,0.249363,-0.038774,0.125000
1784159172.998771,7,0.249394,-0.054283,0.132812
1784159173.008762,7,0.249424,0.011632,0.132812
1784159173.018760,7,0.249424,0.003877,0.125000
1784159173.028762,7,0.249394,-0.073670,0.125000
1784159173.038765,7,0.249454,0.023264,0.132812
1784159173.048761,7,0.249394,-0.069793,0.132812
1784159173.058762,7,0.249454,0.007755,0.125000
1784159173.068853,7,0.249424,-0.038774,0.125000
1784159173.078764,7,0.249424,-0.003877,0.132812
1784159173.088765,7,0.249424,-0.015509,0.125000
1784159173.098768,7,0.249454,0.007755,0.125000
1784159173.108770,7,0.249454,-0.003877,0.125000
1784159173.118763,7,0.249454,-0.003877,0.136719
1784159173.128764,7,0.249454,-0.023264,0.125000
1784159173.138770,7,0.249424,-0.031019,0.136719
1784159173.148748,7,0.249454,-0.034896,0.132812
1784159173.158742,7,0.249454,-0.038774,0.132812
1784159173.168741,7,0.249454,-0.007755,0.132812
1784159173.178743,7,0.249454,-0.011632,0.136719
1784159173.188744,7,0.249454,-0.038774,0.132812
1784159173.198750,7,0.249454,-0.031019,0.125000
1784159173.208744,7,0.249484,0.011632,0.125000
1784159173.218748,7,0.249484,-0.027142,0.132812
1784159173.228805,7,0.249515,0.027142,0.125000
1784159173.238837,7,0.249484,-0.031019,0.125000
1784159173.248747,7,0.249515,0.023264,0.132812
1784159173.258744,7,0.249484,-0.046528,0.132812
1784159173.268743,7,0.249515,0.038774,0.132812
1784159173.278745,7,0.249454,-0.085302,0.136719
1784159173.288745,7,0.249484,-0.038774,0.132812
1784159173.298761,7,0.249515,-0.003877,0.132812
1784159173.308752,7,0.249515,0.000000,0.132812
1784159173.318752,7,0.249484,-0.081425,0.125000
1784159173.328746,7,0.249515,-0.019387,0.132812
1784159173.338745,7,0.249515,-0.023264,0.132812
1784159173.348747,7,0.249545,0.019387,0.132812
1784159173.358744,7,0.249515,-0.003877,0.132812
1784159173.368746,7,0.249545,0.034896,0.125000
1784159173.378752,7,0.249484,-0.085302,0.132812
1784159173.388746,7,0.249515,-0.038774,0.132812
1784159173.398757,7,0.249545,-0.058161,0.136719
1784159173.408732,7,0.249545,-0.007755,0.132812
1784159173.418746,7,0.249545,-0.003877,0.132812
1784159173.428754,7,0.249545,-0.003877,0.132812
1784159173.438735,7,0.249545,-0.015509,0.125000
1784159173.448732,7,0.249515,-0.077547,0.132812
1784159173.458731,7,0.249575,0.034896,0.132812
1784159173.468742,7,0.249545,0.007755,0.125000
1784159173.478728,7,0.249515,-0.046528,0.125000
1784159173.488732,7,0.249545,-0.003877,0.125000
1784159173.498726,7,0.249515,-0.058161,0.125000
1784159173.508726,7,0.249575,0.015509,0.132812
1784159173.518734,7,0.249545,-0.031019,0.132812
1784159173.528734,7,0.249545,-0.038774,0.125000
1784159173.538737,7,0.249545,-0.038774,0.132812
1784159173.548738,7,0.249545,-0.042651,0.132812
1784159173.558728,7,0.249545,-0.038774,0.125000
1784159173.568731,7,0.249575,0.031019,0.132812
1784159173.578729,7,0.249545,-0.027142,0.132812
1784159173.588731,7,0.249575,0.015509,0.136719
1784159173.598728,7,0.249545,-0.038774,0.136719
1784159173.608726,7,0.249545,-0.046528,0.132812
1784159173.618727,7,0.249545,-0.065915,0.132812
1784159173.628730,7,0.249575,-0.011632,0.132812
1784159173.638726,7,0.249575,-0.015509,0.132812
1784159173.648733,7,0.249545,-0.062038,0.132812
1784159173.658732,7,0.249575,-0.034896,0.136719
1784159173.668729,7,0.249606,0.019387,0.136719
1784159173.678725,7,0.249575,0.000000,0.132812
1784159173.688734,7,0.249575,-0.003877,0.125000
1784159173.698738,7,0.249575,-0.023264,0.132812
1784159173.708796,7,0.249575,-0.023264,0.132812
1784159173.718709,7,0.249575,-0.046528,0.125000
1784159173.728710,7,0.249606,-0.011632,0.132812
1784159173.738705,7,0.249606,-0.007755,0.132812
1784159173.748706,7,0.249636,0.034896,0.125000
1784159173.758791,7,0.249636,0.015509,0.132812
1784159173.768707,7,0.249606,-0.050406,0.125000
1784159173.778715,7,0.249606,-0.031019,0.132812
1784159173.788708,7,0.249606,-0.003877,0.125000
1784159173.798709,7,0.249606,-0.027142,0.125000
1784159173.808706,7,0.249606,-0.054283,0.132812
1784159173.819835,7,0.249636,-0.019387,0.125000
1784159173.828710,7,0.249636,-0.019387,0.132812
1784159173.838714,7,0.249666,0.031019,0.125000
1784159173.848708,7,0.249606,-0.089180,0.125000
1784159173.858707,7,0.249606,-0.065915,0.132812
1784159173.868708,7,0.249666,0.019387,0.125000
1784159173.878710,7,0.249666,0.000000,0.125000
1784159173.888713,7,0.249636,-0.007755,0.132812
1784159173.898712,7,0.249606,-0.073670,0.125000
1784159173.908710,7,0.249666,-0.023264,0.125000
1784159173.918710,7,0.249666,-0.027142,0.125000
1784159173.928715,7,0.249666,-0.046528,0.125000
1784159173.938711,7,0.249666,-0.031019,0.125000
1784159173.948709,7,0.249666,-0.038774,0.136719
1784159173.958711,7,0.249697,0.007755,0.125000
1784159173.968710,7,0.249697,0.007755,0.132812
1784159173.978714,7,0.249666,-0.038774,0.125000
1784159173.988687,7,0.249666,-0.038774,0.132812
1784159173.998693,7,0.249697,0.023264,0.132812
1784159174.008688,7,0.249666,-0.046528,0.132812
1784159174.018691,7,0.249697,-0.015509,0.132812
1784159174.028693,7,0.249697,-0.015509,0.132812
1784159174.038691,7,0.249697,-0.038774,0.125000
1784159174.048690,7,0.249727,0.019387,0.125000
1784159174.058690,7,0.249727,0.015509,0.125000
1784159174.068698,7,0.249727,0.019387,0.132812
1784159174.078692,7,0.249697,-0.007755,0.136719
1784159174.088694,7,0.249727,0.042651,0.136719
1784159174.098691,7,0.249697,-0.042651,0.125000
1784159174.108692,7,0.249727,0.023264,0.132812
1784159174.118694,7,0.249697,-0.038774,0.125000
1784159174.128694,7,0.249697,-0.054283,0.132812
1784159174.138693,7,0.249727,-0.003877,0.125000
1784159174.148692,7,0.249727,-0.038774,0.132812
1784159174.158694,7,0.249757,0.023264,0.132812
1784159174.168692,7,0.249727,-0.038774,0.132812
1784159174.178696,7,0.249727,-0.038774,0.132812
1784159174.188702,7,0.249727,-0.003877,0.125000
1784159174.198699,7,0.249697,0.000000,0.136719
1784159174.208691,7,0.249727,-0.034896,0.125000
1784159174.218689,7,0.249727,-0.038774,0.136719
1784159174.228696,7,0.249757,0.011632,0.132812
1784159174.238689,7,0.249757,0.015509,0.132812
1784159174.248694,7,0.249757,-0.003877,0.136719
1784159174.258673,7,0.249757,-0.003877,0.125000
1784159174.268671,7,0.249757,0.000000,0.125000
1784159174.278673,7,0.249757,-0.023264,0.132812
1784159174.288668,7,0.249757,0.000000,0.125000
1784159174.298679,7,0.249727,-0.054283,0.125000
1784159174.308682,7,0.249757,0.003877,0.125000
1784159174.318678,7,0.249757,-0.031019,0.136719
1784159174.328672,7,0.249787,0.019387,0.132812
1784159174.338670,7,0.249757,-0.042651,0.125000
1784159174.348673,7,0.249757,-0.050406,0.132812
1784159174.358676,7,0.249757,-0.023264,0.136719
1784159174.368683,7,0.249757,-0.038774,0.132812
1784159174.378675,7,0.249757,0.000000,0.132812
1784159174.388674,7,0.249727,-0.062038,0.132812
1784159174.398674,7,0.249757,-0.011632,0.132812
1784159174.408674,7,0.249757,-0.050406,0.125000
1784159174.418674,7,0.249757,-0.058161,0.125000
1784159174.428678,7,0.249757,-0.050406,0.132812
1784159174.438677,7,0.249787,-0.003877,0.136719
1784159174.448676,7,0.249757,-0.062038,0.136719
1784159174.458678,7,0.249757,-0.073670,0.132812
1784159174.468676,7,0.249787,-0.007755,0.125000
1784159174.478674,7,0.249818,0.042651,0.125000
1784159174.488677,7,0.249757,-0.058161,0.125000
1784159174.498676,7,0.249787,0.003877,0.132812
1784159174.508659,7,0.249787,-0.042651,0.132812
1784159174.518659,7,0.249818,0.019387,0.132812
1784159174.528661,7,0.249787,-0.038774,0.136719
1784159174.538659,7,0.249787,-0.038774,0.125000
1784159174.548657,7,0.249787,-0.042651,0.136719
1784159174.558654,7,0.249787,-0.038774,0.132812
1784159174.568657,7,0.249757,-0.038774,0.125000
1784159174.578717,7,0.249818,0.038774,0.132812
1784159174.588738,7,0.249787,-0.054283,0.125000
1784159174.598755,7,0.249818,0.000000,0.136719
1784159174.608660,7,0.249818,-0.062038,0.125000
1784159174.618658,7,0.249818,0.000000,0.132812
1784159174.628746,7,0.249818,-0.019387,0.132812
1784159174.638661,7,0.249818,-0.027142,0.132812
1784159174.648663,7,0.249818,-0.011632,0.136719
1784159174.658660,7,0.249818,0.000000,0.132812
1784159174.668657,7,0.249787,-0.058161,0.132812
1784159174.678666,7,0.249818,0.003877,0.136719
1784159174.688662,7,0.249787,-0.054283,0.132812
1784159174.698659,7,0.249818,-0.058161,0.132812
1784159174.708660,7,0.249848,0.003877,0.125000
1784159174.718660,7,0.249818,-0.054283,0.125000
1784159174.728745,7,0.249818,-0.046528,0.125000
1784159174.738658,7,0.249848,0.003877,0.132812
1784159174.748668,7,0.249848,-0.003877,0.132812
1784159174.758661,7,0.249818,-0.027142,0.125000
1784159174.768661,7,0.249848,0.015509,0.132812
1784159174.778656,7,0.249878,0.042651,0.132812
1784159174.788658,7,0.249848,-0.027142,0.132812
1784159174.798641,7,0.249848,-0.038774,0.132812
1784159174.808640,7,0.249878,0.031019,0.132812
1784159174.818636,7,0.249848,-0.027142,0.125000
1784159174.828636,7,0.249848,-0.034896,0.125000
1784159174.838643,7,0.249848,-0.015509,0.132812
1784159174.848639,7,0.249818,-0.050406,0.132812
1784159174.858637,7,0.249818,-0.058161,0.125000
1784159174.868635,7,0.249818,-0.011632,0.136719
1784159174.878643,7,0.249878,0.031019,0.132812
1784159174.888637,7,0.249878,0.000000,0.125000
1784159174.898637,7,0.249818,-0.135708,0.125000
1784159174.908638,7,0.249878,-0.038774,0.132812
1784159174.918638,7,0.249909,0.015509,0.132812
1784159174.928642,7,0.249878,-0.042651,0.125000
1784159174.938639,7,0.249878,-0.038774,0.125000
1784159174.948640,7,0.249909,-0.031019,0.125000
1784159174.958639,7,0.249878,-0.038774,0.125000
1784159174.968640,7,0.249878,-0.038774,0.125000
1784159174.978641,7,0.249878,-0.038774,0.125000
1784159174.988638,7,0.249939,0.065915,0.125000
1784159174.998638,7,0.249909,-0.007755,0.125000
1784159175.008641,7,0.249939,0.054283,0.132812
1784159175.018641,7,0.249909,-0.027142,0.125000
1784159175.028717,7,0.249939,0.019387,0.132812
1784159175.038651,7,0.249909,-0.038774,0.125000
1784159175.048638,7,0.249909,-0.038774,0.132812
1784159175.058639,7,0.249909,-0.027142,0.125000
1784159175.068623,7,0.249909,-0.019387,0.132812
1784159175.078620,7,0.249878,-0.096934,0.132812
1784159175.088620,7,0.249939,0.019387,0.132812
1784159175.098624,7,0.249939,-0.011632,0.132812
1784159175.108619,7,0.249939,-0.015509,0.125000
1784159175.118625,7,0.249969,0.000000,0.125000
1784159175.128621,7,0.249939,-0.038774,0.132812
1784159175.138619,7,0.249969,0.027142,0.132812
1784159175.148620,7,0.249969,0.015509,0.132812
1784159175.158623,7,0.249939,-0.038774,0.132812
1784159175.168629,7,0.249909,-0.081425,0.132812
1784159175.178624,7,0.249939,-0.027142,0.132812
1784159175.188627,7,0.249939,-0.058161,0.132812
1784159175.198623,7,0.249969,-0.015509,0.132812
1784159175.208632,7,0.249969,0.003877,0.136719
1784159175.218622,7,0.249939,-0.065915,0.136719
1784159175.228621,7,0.249969,-0.019387,0.132812
1784159175.238621,7,0.249969,-0.015509,0.132812
1784159175.248748,7,0.249969,-0.027142,0.132812
1784159175.258621,7,0.249969,-0.093057,0.132812
1784159175.268622,7,0.249969,-0.007755,0.125000
1784159175.278629,7,0.249969,0.000000,0.125000
1784159175.288630,7,0.249969,-0.034896,0.125000
1784159175.298624,7,0.249999,-0.046528,0.125000
1784159175.308626,7,0.249999,0.000000,0.136719
1784159175.318624,7,0.249969,-0.050406,0.132812
1784159175.328621,7,0.249999,0.015509,0.132812
