timestamp,motor_id,position,velocity,torque
1784159145.210654,5,0.895642,0.023264,0.000000
1784159145.220590,5,0.895612,-0.042651,0.000000
1784159145.230596,5,0.895733,-0.027142,0.007812
1784159145.240582,5,0.896066,0.019387,0.023438
1784159145.250593,5,0.896248,0.007755,0.035156
1784159145.260589,5,0.896581,0.031019,0.050781
1784159145.270587,5,0.896945,0.011632,0.066406
1784159145.280594,5,0.897126,-0.081425,0.089844
1784159145.290586,5,0.897460,-0.054283,0.093750
1784159145.300556,5,0.897672,-0.077547,0.105469
1784159145.310556,5,0.898156,0.038774,0.121094
1784159145.320556,5,0.898914,0.042651,0.125000
1784159145.330559,5,0.899913,0.019387,0.140625
1784159145.340559,5,0.900549,-0.003877,0.148438
1784159145.350562,5,0.900580,-0.038774,0.164062
1784159145.360559,5,0.900822,-0.034896,0.183594
1784159145.370559,5,0.901367,0.046528,0.187500
1784159145.380558,5,0.902397,0.131831,0.191406
1784159145.390558,5,0.904124,0.155095,0.207031
1784159145.400573,5,0.905578,0.124076,0.218750
1784159145.410557,5,0.906729,0.127953,0.230469
1784159145.420561,5,0.908425,0.104689,0.246094
1784159145.430561,5,0.910606,0.217133,0.238281
1784159145.440560,5,0.913393,0.240397,0.250000
1784159145.450561,5,0.916119,0.209378,0.257812
1784159145.460558,5,0.917513,0.034896,0.273438
1784159145.470561,5,0.918058,0.015509,0.281250
1784159145.480556,5,0.918937,0.100812,0.304688
1784159145.490559,5,0.920421,0.089180,0.316406
1784159145.500560,5,0.921663,0.042651,0.328125
1784159145.510560,5,0.923117,0.139585,0.328125
1784159145.520620,5,0.924298,0.073670,0.335938
1784159145.530657,5,0.924692,0.023264,0.347656
1784159145.540670,5,0.925025,-0.027142,0.355469
1784159145.550579,5,0.926358,0.174482,0.367188
1784159145.560562,5,0.928357,0.151217,0.371094
1784159145.570541,5,0.930296,0.050406,0.386719
1784159145.580542,5,0.931750,0.116321,0.398438
1784159145.590541,5,0.932205,0.019387,0.414062
1784159145.600542,5,0.932598,0.038774,0.421875
1784159145.610543,5,0.933901,0.139585,0.433594
1784159145.620539,5,0.936021,0.147340,0.437500
1784159145.630541,5,0.938293,0.217133,0.449219
1784159145.640541,5,0.940292,0.158972,0.460938
1784159145.650542,5,0.941716,0.127953,0.468750
1784159145.660544,5,0.943534,0.197746,0.464844
1784159145.670542,5,0.945957,0.244274,0.476562
1784159145.680544,5,0.948592,0.255906,0.484375
1784159145.690543,5,0.951046,0.182236,0.500000
1784159145.700542,5,0.953257,0.228765,0.496094
1784159145.710541,5,0.956075,0.240397,0.511719
1784159145.720542,5,0.959346,0.298557,0.515625
1784159145.730541,5,0.962103,0.232642,0.519531
1784159145.740542,5,0.964344,0.170604,0.531250
1784159145.750542,5,0.967161,0.306312,0.535156
1784159145.760541,5,0.970524,0.314067,0.535156
1784159145.770552,5,0.973311,0.174482,0.546875
1784159145.780549,5,0.975552,0.205501,0.550781
1784159145.790542,5,0.978369,0.283048,0.562500
1784159145.800540,5,0.981308,0.197746,0.574219
1784159145.810549,5,0.983822,0.170604,0.582031
1784159145.820541,5,0.986397,0.221010,0.593750
1784159145.830545,5,0.988305,0.120198,0.585938
1784159145.840524,5,0.989759,0.116321,0.593750
1784159145.850521,5,0.991001,0.058161,0.613281
1784159145.860523,5,0.992546,0.193868,0.625000
1784159145.870520,5,0.994606,0.174482,0.632812
1784159145.880522,5,0.996454,0.174482,0.648438
1784159145.890521,5,0.998332,0.174482,0.640625
1784159145.900521,5,1.000513,0.228765,0.656250
1784159145.910527,5,1.003088,0.236520,0.664062
1784159145.920526,5,1.005390,0.248152,0.667969
1784159145.930525,5,1.007207,0.120198,0.691406
1784159145.940521,5,1.008752,0.081425,0.683594
1784159145.950522,5,1.010691,0.127953,0.699219
1784159145.960523,5,1.012630,0.178359,0.707031
1784159145.970526,5,1.014659,0.186114,0.722656
1784159145.980524,5,1.016507,0.158972,0.722656
1784159145.990522,5,1.018476,0.155095,0.730469
1784159146.000523,5,1.020960,0.232642,0.726562
1784159146.010521,5,1.024171,0.348963,0.738281
1784159146.020522,5,1.027170,0.236520,0.761719
1784159146.030523,5,1.029593,0.228765,0.757812
1784159146.040525,5,1.032047,0.294680,0.761719
1784159146.051536,5,1.034349,0.139585,0.781250
1784159146.060533,5,1.035924,0.174482,0.789062
1784159146.070531,5,1.038257,0.189991,0.792969
1784159146.080533,5,1.041013,0.201623,0.804688
1784159146.090531,5,1.042528,0.058161,0.812500
1784159146.100530,5,1.044224,0.201623,0.812500
1784159146.110511,5,1.046950,0.337331,0.820312
1784159146.120512,5,1.050313,0.341209,0.832031
1784159146.130512,5,1.052554,0.155095,0.839844
1784159146.140516,5,1.053857,0.112444,0.839844
1784159146.150518,5,1.055917,0.193868,0.847656
1784159146.160515,5,1.058249,0.224887,0.863281
1784159146.170499,5,1.060158,0.166727,0.875000
1784159146.180513,5,1.061703,0.120198,0.890625
1784159146.190514,5,1.063490,0.182236,0.894531
1784159146.200511,5,1.065307,0.143463,0.894531
1784159146.210512,5,1.067246,0.147340,0.914062
1784159146.220508,5,1.069154,0.151217,0.921875
1784159146.230516,5,1.070820,0.120198,0.925781
1784159146.240511,5,1.072638,0.186114,0.937500
1784159146.250514,5,1.074546,0.205501,0.941406
1784159146.260530,5,1.076939,0.267539,0.945312
1784159146.270512,5,1.078908,0.151217,0.968750
1784159146.280513,5,1.080181,0.003877,0.976562
1784159146.290514,5,1.081180,0.124076,0.988281
1784159146.300515,5,1.083361,0.244274,0.984375
1784159146.310514,5,1.086209,0.221010,0.996094
1784159146.320581,5,1.087875,0.108566,1.011719
1784159146.330511,5,1.088662,0.170604,1.019531
1784159146.340504,5,1.090541,0.228765,1.019531
1784159146.350602,5,1.094054,0.352841,1.019531
1784159146.360574,5,1.096781,0.093057,1.042969
1784159146.370503,5,1.098114,0.104689,1.054688
1784159146.380506,5,1.099901,0.221010,1.050781
1784159146.390485,5,1.102203,0.182236,1.070312
1784159146.400585,5,1.103778,0.124076,1.078125
1784159146.410600,5,1.104293,0.023264,1.093750
1784159146.420594,5,1.105747,0.197746,1.101562
1784159146.430490,5,1.108140,0.147340,1.101562
1784159146.440487,5,1.110079,0.104689,1.121094
1784159146.451595,5,1.111260,0.081425,1.125000
1784159146.460489,5,1.111927,-0.011632,1.136719
1784159146.470488,5,1.114047,0.228765,1.148438
1784159146.480486,5,1.116592,0.193868,1.152344
1784159146.490485,5,1.118561,0.124076,1.160156
1784159146.500487,5,1.119954,0.062038,1.171875
1784159146.510492,5,1.121620,0.189991,1.175781
1784159146.520487,5,1.123226,0.058161,1.191406
1784159146.530491,5,1.123983,0.003877,1.203125
1784159146.540488,5,1.125195,0.112444,1.203125
1784159146.550487,5,1.127527,0.174482,1.222656
1784159146.560487,5,1.129890,0.186114,1.230469
1784159146.570490,5,1.132101,0.112444,1.234375
1784159146.580489,5,1.134009,0.158972,1.250000
1784159146.590490,5,1.135524,0.093057,1.250000
1784159146.600490,5,1.137857,0.325699,1.250000
1784159146.610489,5,1.142279,0.418756,1.250000
1784159146.620488,5,1.146157,0.314067,1.273438
1784159146.630489,5,1.148883,0.248152,1.269531
1784159146.640485,5,1.151670,0.228765,1.281250
1784159146.650489,5,1.154760,0.298557,1.281250
1784159146.660492,5,1.159667,0.531200,1.273438
1784159146.670476,5,1.164756,0.562219,1.269531
1784159146.680472,5,1.170572,0.647521,1.269531
1784159146.690473,5,1.176963,0.635889,1.281250
1784159146.700473,5,1.182083,0.407124,1.285156
1784159146.710472,5,1.186778,0.581605,1.253906
1784159146.720470,5,1.194351,0.829757,1.253906
1784159146.730474,5,1.201560,0.635889,1.265625
1784159146.740471,5,1.206559,0.407124,1.257812
1784159146.750474,5,1.212163,0.616502,1.238281
1784159146.760473,5,1.220947,0.895672,1.238281
1784159146.770475,5,1.229671,0.775474,1.250000
1784159146.780473,5,1.236457,0.705681,1.222656
1784159146.790473,5,1.245120,0.880163,1.218750
1784159146.800474,5,1.254178,0.694049,1.230469
1784159146.810474,5,1.260448,0.542832,1.214844
1784159146.820472,5,1.267264,0.732823,1.199219
1784159146.830474,5,1.276109,0.868531,1.203125
1784159146.840474,5,1.283924,0.798738,1.183594
1784159146.850473,5,1.292800,0.911182,1.183594
1784159146.860473,5,1.301524,0.849144,1.175781
1784159146.871563,5,1.309733,0.752210,1.160156
1784159146.880460,5,1.316306,0.818125,1.156250
1784159146.890478,5,1.324092,0.670785,1.156250
1784159146.900477,5,1.331695,0.794861,1.148438
1784159146.910477,5,1.339995,0.806493,1.140625
1784159146.920479,5,1.346932,0.523445,1.152344
1784159146.930472,5,1.351566,0.445898,1.140625
1784159146.940478,5,1.357897,0.794861,1.132812
1784159146.950461,5,1.366712,0.833634,1.132812
1784159146.960463,5,1.374043,0.492426,1.136719
1784159146.970458,5,1.379435,0.573851,1.109375
1784159146.980459,5,1.386251,0.628134,1.121094
1784159146.990456,5,1.391885,0.422633,1.121094
1784159147.000478,5,1.396853,0.492426,1.121094
1784159147.010453,5,1.403396,0.686294,1.109375
1784159147.020452,5,1.411272,0.694049,1.105469
1784159147.030453,5,1.418027,0.546709,1.105469
1784159147.040453,5,1.423570,0.566096,1.089844
1784159147.050452,5,1.430719,0.732823,1.093750
1784159147.060453,5,1.437838,0.604870,1.105469
1784159147.070456,5,1.443169,0.488549,1.101562
1784159147.080450,5,1.448228,0.577728,1.093750
1784159147.090452,5,1.454801,0.752210,1.078125
1784159147.100453,5,1.460981,0.496303,1.101562
1784159147.110459,5,1.465343,0.348963,1.085938
1784159147.120453,5,1.469887,0.507935,1.074219
1784159147.130459,5,1.476248,0.616502,1.093750
1784159147.140455,5,1.482427,0.453652,1.089844
1784159147.150455,5,1.486396,0.321822,1.093750
1784159147.160454,5,1.490485,0.515690,1.085938
1784159147.170465,5,1.495756,0.496303,1.089844
1784159147.180454,5,1.501481,0.558341,1.085938
1784159147.190464,5,1.506055,0.368350,1.101562
1784159147.200454,5,1.509478,0.333454,1.101562
1784159147.210433,5,1.512962,0.337331,1.105469
1784159147.220436,5,1.516203,0.259784,1.117188
1784159147.230430,5,1.520171,0.399369,1.109375
1784159147.240433,5,1.524261,0.368350,1.121094
1784159147.250435,5,1.528562,0.376105,1.121094
1784159147.260435,5,1.532379,0.345086,1.125000
1784159147.270434,5,1.535681,0.310190,1.136719
1784159147.280434,5,1.538468,0.155095,1.152344
1784159147.290434,5,1.540982,0.302435,1.148438
1784159147.300434,5,1.545404,0.476916,1.140625
1784159147.310435,5,1.551433,0.573851,1.140625
1784159147.320434,5,1.556431,0.360595,1.160156
1784159147.330438,5,1.558975,0.213255,1.167969
1784159147.340436,5,1.561399,0.197746,1.156250
1784159147.350436,5,1.565458,0.480794,1.156250
1784159147.361444,5,1.571395,0.519568,1.167969
1784159147.371442,5,1.576696,0.473039,1.160156
1784159147.381446,5,1.581452,0.504058,1.160156
1784159147.390442,5,1.586056,0.453652,1.160156
1784159147.400444,5,1.590812,0.492426,1.156250
1784159147.410443,5,1.594689,0.283048,1.175781
1784159147.420441,5,1.598840,0.473039,1.160156
1784159147.430443,5,1.603353,0.372227,1.175781
1784159147.440442,5,1.607261,0.306312,1.167969
1784159147.450443,5,1.611714,0.449775,1.171875
1784159147.460443,5,1.618226,0.647521,1.160156
1784159147.470425,5,1.624557,0.507935,1.175781
1784159147.480444,5,1.629434,0.473039,1.171875
1784159147.490422,5,1.634554,0.484671,1.175781
1784159147.500424,5,1.640794,0.585483,1.167969
1784159147.510424,5,1.646640,0.504058,1.171875
1784159147.520420,5,1.649669,0.263661,1.183594
1784159147.530424,5,1.653577,0.624257,1.171875
1784159147.540423,5,1.659908,0.756087,1.156250
1784159147.550424,5,1.668329,0.849144,1.160156
1784159147.560423,5,1.676023,0.663030,1.152344
1784159147.570427,5,1.682869,0.686294,1.136719
1784159147.580425,5,1.691079,0.868531,1.132812
1784159147.591423,5,1.699590,0.678540,1.140625
1784159147.600422,5,1.704528,0.550587,1.140625
1784159147.611426,5,1.712343,0.899550,1.117188
1784159147.621424,5,1.722946,1.019748,1.101562
1784159147.631425,5,1.731912,0.763842,1.093750
1784159147.641425,5,1.739394,0.779351,1.085938
1784159147.651423,5,1.748088,0.818125,1.089844
1784159147.661424,5,1.756994,0.829757,1.066406
1784159147.671425,5,1.766899,1.000361,1.066406
1784159147.681426,5,1.776350,0.907305,1.058594
1784159147.691423,5,1.784741,0.845267,1.039062
1784159147.700427,5,1.792344,0.779351,1.042969
1784159147.711424,5,1.801735,0.845267,1.007812
1784159147.721425,5,1.812549,1.240758,0.992188
1784159147.731425,5,1.824848,1.143824,0.984375
1784159147.741424,5,1.836116,1.081786,0.976562
1784159147.751425,5,1.845174,0.771597,0.972656
1784159147.761405,5,1.852656,0.872408,0.957031
1784159147.771409,5,1.862016,1.015871,0.953125
1784159147.781404,5,1.872467,0.961588,0.929688
1784159147.791406,5,1.882493,0.992607,0.914062
1784159147.801405,5,1.892429,0.946078,0.906250
1784159147.811407,5,1.902304,1.019748,0.906250
1784159147.821399,5,1.912755,0.973220,0.878906
1784159147.831408,5,1.921661,0.880163,0.859375
1784159147.841409,5,1.931900,1.046890,0.855469
1784159147.851409,5,1.942562,0.961588,0.839844
1784159147.861409,5,1.953740,1.027503,0.824219
1784159147.871411,5,1.964282,0.930569,0.824219
1784159147.881453,5,1.973460,0.903427,0.812500
1784159147.891414,5,1.982548,0.887918,0.792969
1784159147.901402,5,1.990696,0.736700,0.789062
1784159147.911533,5,2.000056,0.930569,0.777344
1784159147.921409,5,2.009386,0.810370,0.777344
1784159147.931406,5,2.017595,0.744455,0.757812
1784159147.941408,5,2.025380,0.810370,0.761719
1784159147.951429,5,2.033165,0.783229,0.746094
1784159147.961409,5,2.040224,0.659153,0.742188
1784159147.971409,5,2.047251,0.709559,0.746094
1784159147.981406,5,2.054612,0.740578,0.730469
1784159147.991405,5,2.062246,0.721191,0.726562
1784159148.001392,5,2.070394,0.868531,0.710938
1784159148.011407,5,2.079330,0.880163,0.710938
1784159148.021390,5,2.087661,0.845267,0.699219
1784159148.031409,5,2.095870,0.744455,0.691406
1784159148.041386,5,2.103534,0.647521,0.691406
1784159148.051394,5,2.110501,0.655276,0.679688
1784159148.061393,5,2.117559,0.604870,0.675781
1784159148.071390,5,2.123920,0.597115,0.691406
1784159148.081386,5,2.129282,0.457530,0.683594
1784159148.091390,5,2.135098,0.593238,0.664062
1784159148.101390,5,2.142459,0.752210,0.660156
1784159148.111388,5,2.150002,0.752210,0.664062
1784159148.121394,5,2.156847,0.632011,0.656250
1784159148.131388,5,2.163512,0.632011,0.656250
1784159148.141387,5,2.169994,0.573851,0.664062
1784159148.151389,5,2.175356,0.457530,0.660156
1784159148.161395,5,2.180263,0.531200,0.648438
1784159148.171394,5,2.186746,0.690172,0.640625
1784159148.181393,5,2.195015,0.837512,0.632812
1784159148.191427,5,2.203103,0.732823,0.628906
1784159148.201389,5,2.210161,0.624257,0.628906
1784159148.211391,5,2.216341,0.531200,0.648438
1784159148.221389,5,2.221915,0.569973,0.628906
1784159148.231387,5,2.227549,0.527322,0.628906
1784159148.241389,5,2.233971,0.713436,0.613281
1784159148.251389,5,2.241604,0.810370,0.613281
1784159148.261391,5,2.249117,0.624257,0.613281
1784159148.271375,5,2.255781,0.566096,0.613281
1784159148.281392,5,2.261779,0.554464,0.609375
1784159148.291384,5,2.267413,0.523445,0.601562
1784159148.301390,5,2.273320,0.663030,0.597656
1784159148.311372,5,2.280348,0.767719,0.597656
1784159148.321375,5,2.288466,0.775474,0.582031
1784159148.331368,5,2.296130,0.721191,0.578125
1784159148.341373,5,2.303794,0.705681,0.582031
1784159148.351372,5,2.310731,0.566096,0.582031
1784159148.361371,5,2.316789,0.608747,0.574219
1784159148.371374,5,2.323665,0.632011,0.550781
1784159148.381374,5,2.331753,0.825880,0.542969
1784159148.391369,5,2.340780,0.887918,0.535156
1784159148.401369,5,2.349444,0.798738,0.542969
1784159148.411371,5,2.357380,0.655276,0.546875
1784159148.421370,5,2.364075,0.612624,0.527344
1784159148.431374,5,2.370375,0.581605,0.515625
1784159148.441372,5,2.378009,0.725068,0.511719
1784159148.451370,5,2.387157,0.845267,0.500000
1784159148.461373,5,2.396457,0.810370,0.496094
1784159148.471372,5,2.404848,0.705681,0.496094
1784159148.481370,5,2.412148,0.713436,0.484375
1784159148.491372,5,2.419388,0.759964,0.468750
1784159148.501372,5,2.427627,0.876286,0.464844
1784159148.511373,5,2.436382,0.798738,0.460938
1784159148.521372,5,2.445015,0.713436,0.453125
1784159148.531374,5,2.453375,0.732823,0.445312
1784159148.541374,5,2.460736,0.694049,0.433594
1784159148.551373,5,2.468431,0.798738,0.429688
1784159148.561372,5,2.477397,0.915059,0.417969
1784159148.571354,5,2.486606,0.903427,0.410156
1784159148.581355,5,2.495905,0.907305,0.394531
1784159148.591354,5,2.504660,0.775474,0.394531
1784159148.601354,5,2.511960,0.678540,0.394531
1784159148.611353,5,2.518897,0.666908,0.378906
1784159148.621368,5,2.526470,0.794861,0.367188
1784159148.631353,5,2.534739,0.744455,0.355469
1784159148.641353,5,2.543615,0.837512,0.351562
1784159148.651356,5,2.552218,0.790983,0.347656
1784159148.661358,5,2.560154,0.721191,0.339844
1784159148.671356,5,2.567425,0.639766,0.335938
1784159148.681342,5,2.574422,0.756087,0.332031
1784159148.691356,5,2.582086,0.783229,0.312500
1784159148.701353,5,2.589962,0.721191,0.316406
1784159148.711421,5,2.597777,0.647521,0.312500
1784159148.721357,5,2.605502,0.779351,0.304688
1784159148.731354,5,2.613287,0.744455,0.296875
1784159148.741355,5,2.620769,0.663030,0.289062
1784159148.751355,5,2.627918,0.682417,0.289062
1784159148.761343,5,2.634855,0.643643,0.289062
1784159148.771353,5,2.641367,0.655276,0.285156
1784159148.781361,5,2.647153,0.542832,0.281250
1784159148.791355,5,2.652969,0.531200,0.273438
1784159148.801337,5,2.659179,0.670785,0.269531
1784159148.811339,5,2.666479,0.798738,0.265625
1784159148.821357,5,2.673598,0.651398,0.265625
1784159148.831345,5,2.680232,0.659153,0.265625
1784159148.841336,5,2.686381,0.507935,0.257812
1784159148.851334,5,2.692197,0.585483,0.257812
1784159148.861336,5,2.697650,0.527322,0.269531
1784159148.871339,5,2.702193,0.372227,0.265625
1784159148.881334,5,2.707161,0.511813,0.265625
1784159148.891335,5,2.712765,0.573851,0.257812
1784159148.901335,5,2.719399,0.635889,0.250000
1784159148.911336,5,2.726790,0.721191,0.250000
1784159148.921334,5,2.733394,0.573851,0.246094
1784159148.931338,5,2.739240,0.546709,0.246094
1784159148.941333,5,2.744572,0.449775,0.253906
1784159148.951348,5,2.749540,0.515690,0.246094
1784159148.961337,5,2.754599,0.496303,0.250000
1784159148.971335,5,2.759354,0.453652,0.257812
1784159148.981337,5,2.763686,0.368350,0.250000
1784159148.991336,5,2.767412,0.317944,0.269531
1784159149.001338,5,2.771138,0.310190,0.265625
1784159149.011337,5,2.774500,0.356718,0.269531
1784159149.021333,5,2.776894,0.197746,0.253906
1784159149.031337,5,2.778287,0.042651,0.265625
1784159149.041335,5,2.778347,-0.011632,0.265625
1784159149.051337,5,2.778196,-0.023264,0.269531
1784159149.061336,5,2.778044,-0.007755,0.257812
1784159149.071336,5,2.778014,-0.046528,0.265625
1784159149.081321,5,2.778044,-0.015509,0.265625
1784159149.091326,5,2.778014,-0.093057,0.257812
1784159149.101319,5,2.778014,0.050406,0.265625
1784159149.111338,5,2.778014,-0.011632,0.265625
1784159149.121338,5,2.777954,-0.038774,0.265625
1784159149.131321,5,2.777984,0.019387,0.265625
1784159149.141317,5,2.777954,-0.038774,0.257812
1784159149.151316,5,2.777893,-0.003877,0.257812
1784159149.161318,5,2.777863,-0.058161,0.257812
1784159149.171318,5,2.777863,0.000000,0.265625
1784159149.181317,5,2.777802,-0.058161,0.269531
1784159149.191316,5,2.777802,0.000000,0.265625
1784159149.201319,5,2.777863,0.054283,0.257812
1784159149.211316,5,2.777833,-0.007755,0.265625
1784159149.221316,5,2.777863,0.011632,0.257812
1784159149.231317,5,2.777893,-0.058161,0.257812
1784159149.241320,5,2.777954,-0.042651,0.265625
1784159149.251317,5,2.778105,0.038774,0.265625
1784159149.261324,5,2.778166,-0.023264,0.265625
1784159149.271321,5,2.778226,-0.038774,0.257812
1784159149.281313,5,2.778347,0.000000,0.257812
1784159149.291321,5,2.778469,0.069793,0.265625
1784159149.301319,5,2.778469,-0.038774,0.265625
1784159149.311318,5,2.778499,-0.011632,0.265625
1784159149.321321,5,2.778529,0.015509,0.265625
1784159149.331322,5,2.778529,0.023264,0.265625
1784159149.341319,5,2.778499,-0.027142,0.265625
1784159149.351323,5,2.778469,-0.085302,0.265625
1784159149.361303,5,2.778499,0.000000,0.265625
1784159149.371320,5,2.778438,-0.062038,0.253906
1784159149.381321,5,2.778438,-0.046528,0.265625
1784159149.391320,5,2.778378,-0.054283,0.265625
1784159149.401299,5,2.778408,0.031019,0.265625
1784159149.411299,5,2.778378,-0.003877,0.265625
1784159149.421361,5,2.778287,-0.089180,0.265625
1784159149.431318,5,2.778287,-0.023264,0.265625
1784159149.441296,5,2.778257,-0.027142,0.265625
1784159149.451296,5,2.778257,0.003877,0.265625
1784159149.461298,5,2.778226,-0.058161,0.265625
1784159149.471296,5,2.778257,-0.042651,0.269531
1784159149.481297,5,2.778226,-0.038774,0.265625
1784159149.491296,5,2.778226,-0.081425,0.265625
1784159149.501301,5,2.778226,-0.050406,0.257812
1784159149.511296,5,2.778226,-0.050406,0.265625
1784159149.521296,5,2.778226,-0.077547,0.257812
1784159149.531302,5,2.778287,0.019387,0.257812
1784159149.541318,5,2.778287,0.015509,0.257812
1784159149.551296,5,2.778287,0.000000,0.257812
1784159149.561298,5,2.778317,0.011632,0.265625
1784159149.571299,5,2.778317,-0.027142,0.265625
1784159149.581297,5,2.778347,-0.042651,0.265625
1784159149.591299,5,2.778408,0.031019,0.265625
1784159149.601297,5,2.778408,0.007755,0.265625
1784159149.611301,5,2.778408,-0.058161,0.265625
1784159149.621302,5,2.778499,0.065915,0.257812
1784159149.631298,5,2.778469,-0.034896,0.265625
1784159149.641298,5,2.778438,-0.081425,0.265625
1784159149.651303,5,2.778469,-0.015509,0.257812
1784159149.661300,5,2.778469,-0.003877,0.257812
1784159149.671299,5,2.778469,0.011632,0.265625
1784159149.681278,5,2.778408,-0.065915,0.265625
1784159149.691278,5,2.778438,0.003877,0.265625
1784159149.701282,5,2.778408,-0.023264,0.257812
1784159149.711277,5,2.778408,0.023264,0.265625
1784159149.721278,5,2.778347,-0.027142,0.265625
1784159149.731279,5,2.778347,0.000000,0.265625
1784159149.741279,5,2.778287,-0.038774,0.265625
1784159149.751271,5,2.778317,0.042651,0.265625
1784159149.761278,5,2.778257,-0.062038,0.265625
1784159149.771278,5,2.778257,-0.054283,0.265625
1784159149.781279,5,2.778257,-0.062038,0.257812
1784159149.791286,5,2.778287,0.031019,0.257812
1784159149.801279,5,2.778287,-0.019387,0.257812
1784159149.811282,5,2.778287,-0.042651,0.257812
1784159149.821284,5,2.778317,0.019387,0.269531
1784159149.831283,5,2.778317,-0.015509,0.269531
1784159149.841280,5,2.778347,0.011632,0.257812
1784159149.851364,5,2.778378,0.031019,0.265625
1784159149.861338,5,2.778378,0.000000,0.265625
1784159149.871338,5,2.778408,0.027142,0.265625
1784159149.881285,5,2.778408,0.015509,0.257812
1784159149.891283,5,2.778408,0.011632,0.265625
1784159149.901268,5,2.778408,0.007755,0.265625
1784159149.911264,5,2.778378,-0.054283,0.265625
1784159149.921284,5,2.778408,-0.031019,0.265625
1784159149.931266,5,2.778378,-0.062038,0.265625
1784159149.941283,5,2.778378,-0.050406,0.265625
1784159149.951263,5,2.778378,-0.058161,0.265625
1784159149.961268,5,2.778408,0.000000,0.265625
1784159149.971262,5,2.778408,-0.003877,0.265625
1784159149.981266,5,2.778378,-0.058161,0.257812
1784159149.991265,5,2.778378,-0.042651,0.265625
1784159150.001267,5,2.778378,-0.038774,0.265625
1784159150.011268,5,2.778408,0.027142,0.257812
1784159150.021266,5,2.778378,-0.011632,0.265625
1784159150.031263,5,2.778378,0.000000,0.265625
1784159150.041345,5,2.778378,0.000000,0.265625
1784159150.051328,5,2.778378,0.000000,0.257812
1784159150.061334,5,2.778347,-0.042651,0.269531
1784159150.071262,5,2.778347,-0.085302,0.265625
1784159150.081261,5,2.778347,-0.034896,0.257812
1784159150.091261,5,2.778378,0.019387,0.257812
1784159150.101262,5,2.778347,-0.038774,0.265625
1784159150.111261,5,2.778378,0.015509,0.257812
1784159150.121261,5,2.778347,-0.054283,0.265625
1784159150.131261,5,2.778378,0.000000,0.265625
1784159150.141262,5,2.778378,-0.034896,0.265625
1784159150.151270,5,2.778378,-0.038774,0.269531
1784159150.161262,5,2.778378,-0.038774,0.265625
1784159150.171270,5,2.778378,-0.038774,0.265625
1784159150.181264,5,2.778378,-0.046528,0.265625
1784159150.191262,5,2.778438,0.034896,0.257812
1784159150.201262,5,2.778438,0.046528,0.265625
1784159150.211263,5,2.778408,-0.027142,0.269531
1784159150.221242,5,2.778378,-0.096934,0.265625
1784159150.231248,5,2.778408,-0.031019,0.265625
1784159150.241244,5,2.778378,-0.081425,0.265625
1784159150.251246,5,2.778408,-0.003877,0.265625
1784159150.261243,5,2.778408,0.019387,0.257812
1784159150.271242,5,2.778378,-0.054283,0.265625
1784159150.281236,5,2.778378,-0.038774,0.265625
1784159150.291248,5,2.778378,-0.038774,0.265625
1784159150.301245,5,2.778347,-0.085302,0.265625
1784159150.311244,5,2.778378,-0.038774,0.265625
1784159150.321246,5,2.778347,-0.069793,0.265625
1784159150.331244,5,2.778378,-0.019387,0.265625
1784159150.341250,5,2.778378,-0.038774,0.269531
1784159150.351244,5,2.778378,0.034896,0.265625
1784159150.361242,5,2.778378,-0.038774,0.265625
1784159150.371249,5,2.778378,-0.038774,0.269531
1784159150.381248,5,2.778378,-0.038774,0.265625
1784159150.391243,5,2.778378,-0.034896,0.265625
1784159150.401248,5,2.778378,-0.038774,0.265625
1784159150.411240,5,2.778378,-0.038774,0.265625
1784159150.421242,5,2.778378,-0.034896,0.265625
1784159150.431243,5,2.778378,-0.034896,0.265625
1784159150.441246,5,2.778378,-0.058161,0.257812
1784159150.451252,5,2.778378,-0.054283,0.265625
1784159150.461250,5,2.778408,0.003877,0.257812
1784159150.471251,5,2.778378,-0.058161,0.265625
1784159150.481246,5,2.778378,-0.058161,0.265625
1784159150.491224,5,2.778408,0.000000,0.265625
1784159150.501225,5,2.778408,-0.019387,0.265625
1784159150.511225,5,2.778378,-0.069793,0.265625
1784159150.521226,5,2.778408,-0.003877,0.265625
1784159150.531225,5,2.778408,0.000000,0.265625
1784159150.541225,5,2.778408,0.000000,0.265625
1784159150.551224,5,2.778408,0.000000,0.257812
1784159150.561227,5,2.778378,-0.054283,0.265625
1784159150.571227,5,2.778378,-0.054283,0.265625
1784159150.581223,5,2.778378,-0.038774,0.265625
1784159150.591231,5,2.778408,0.007755,0.265625
1784159150.601226,5,2.778378,-0.038774,0.265625
1784159150.611226,5,2.778408,0.007755,0.265625
1784159150.621225,5,2.778378,-0.038774,0.265625
1784159150.631226,5,2.778378,-0.038774,0.265625
1784159150.641227,5,2.778408,0.019387,0.265625
1784159150.651219,5,2.778378,-0.050406,0.265625
1784159150.661225,5,2.778408,0.019387,0.265625
1784159150.671227,5,2.778378,-0.038774,0.265625
1784159150.681226,5,2.778378,-0.038774,0.265625
1784159150.691228,5,2.778408,0.019387,0.265625
1784159150.701227,5,2.778378,-0.058161,0.265625
1784159150.711234,5,2.778378,-0.050406,0.265625
1784159150.721226,5,2.778378,-0.038774,0.265625
1784159150.731227,5,2.778408,0.000000,0.257812
1784159150.741220,5,2.778408,-0.011632,0.257812
1784159150.751209,5,2.778438,-0.015509,0.265625
1784159150.761230,5,2.778408,-0.015509,0.257812
1784159150.771207,5,2.778378,-0.062038,0.265625
1784159150.781209,5,2.778408,-0.023264,0.265625
1784159150.791207,5,2.778378,-0.050406,0.265625
1784159150.801212,5,2.778378,-0.062038,0.265625
1784159150.811209,5,2.778408,-0.062038,0.257812
1784159150.821206,5,2.778408,-0.081425,0.265625
1784159150.831207,5,2.778408,0.000000,0.265625
1784159150.841213,5,2.778378,-0.050406,0.257812
1784159150.851297,5,2.778408,0.019387,0.265625
1784159150.861199,5,2.778378,-0.038774,0.265625
1784159150.871204,5,2.778378,-0.038774,0.269531
1784159150.881201,5,2.778378,-0.050406,0.265625
1784159150.891202,5,2.778378,-0.038774,0.257812
1784159150.901201,5,2.778408,0.019387,0.257812
1784159150.911201,5,2.778408,0.015509,0.265625
1784159150.921200,5,2.778438,0.054283,0.265625
1784159150.931199,5,2.778378,-0.038774,0.265625
1784159150.941200,5,2.778378,-0.038774,0.265625
1784159150.951202,5,2.778378,-0.065915,0.265625
1784159150.961201,5,2.778378,-0.042651,0.265625
1784159150.971201,5,2.778408,0.015509,0.265625
1784159150.981205,5,2.778408,0.000000,0.265625
1784159150.991201,5,2.778408,0.015509,0.265625
1784159151.001204,5,2.778408,-0.003877,0.257812
1784159151.011202,5,2.778408,0.000000,0.265625
1784159151.021289,5,2.778408,-0.015509,0.265625
1784159151.031202,5,2.778378,-0.050406,0.265625
1784159151.041180,5,2.778408,0.011632,0.265625
1784159151.051181,5,2.778408,0.011632,0.265625
1784159151.061183,5,2.778378,-0.058161,0.265625
1784159151.071182,5,2.778408,0.011632,0.265625
1784159151.081190,5,2.778378,-0.054283,0.265625
1784159151.091185,5,2.778438,0.050406,0.257812
1784159151.101186,5,2.778378,-0.062038,0.265625
1784159151.111185,5,2.778378,-0.038774,0.257812
1784159151.121187,5,2.778408,0.011632,0.257812
1784159151.131188,5,2.778408,0.019387,0.257812
1784159151.141185,5,2.778438,0.073670,0.265625
1784159151.151185,5,2.778408,0.019387,0.257812
1784159151.161188,5,2.778408,0.007755,0.257812
1784159151.171194,5,2.778378,0.054283,0.265625
1784159151.181189,5,2.778378,0.003877,0.257812
1784159151.191186,5,2.778408,-0.050406,0.257812
1784159151.201251,5,2.778378,-0.042651,0.265625
1784159151.211186,5,2.778378,-0.062038,0.265625
1784159151.221183,5,2.778408,-0.007755,0.265625
1784159151.231183,5,2.778408,0.003877,0.257812
1784159151.241183,5,2.778408,-0.003877,0.265625
1784159151.251183,5,2.778408,0.000000,0.257812
1784159151.261285,5,2.778408,-0.027142,0.265625
1784159151.271257,5,2.778408,-0.007755,0.269531
1784159151.281187,5,2.778378,-0.054283,0.257812
1784159151.291187,5,2.778378,-0.042651,0.265625
1784159151.301188,5,2.778408,0.000000,0.265625
1784159151.311188,5,2.778408,-0.007755,0.265625
1784159151.321178,5,2.778378,-0.062038,0.265625
1784159151.331165,5,2.778408,0.007755,0.257812
1784159151.341168,5,2.778378,-0.054283,0.265625
1784159151.351169,5,2.778408,0.019387,0.265625
1784159151.361166,5,2.778378,-0.042651,0.265625
1784159151.371169,5,2.778378,-0.038774,0.257812
1784159151.381168,5,2.778408,0.000000,0.265625
1784159151.391168,5,2.778408,0.011632,0.257812
1784159151.401167,5,2.778378,-0.038774,0.265625
1784159151.411168,5,2.778378,-0.038774,0.265625
1784159151.421170,5,2.778378,-0.050406,0.257812
1784159151.431169,5,2.778378,-0.046528,0.265625
1784159151.441168,5,2.778378,-0.042651,0.265625
1784159151.451171,5,2.778438,0.054283,0.265625
1784159151.461169,5,2.778408,0.007755,0.265625
1784159151.471244,5,2.778408,0.007755,0.265625
1784159151.481278,5,2.778378,-0.062038,0.257812
1784159151.491227,5,2.778408,-0.003877,0.265625
1784159151.501168,5,2.778408,0.000000,0.265625
1784159151.511166,5,2.778378,-0.050406,0.265625
1784159151.521167,5,2.778408,-0.007755,0.265625
1784159151.531170,5,2.778408,-0.023264,0.265625
1784159151.541167,5,2.778378,-0.007755,0.265625
1784159151.551169,5,2.778408,0.000000,0.257812
1784159151.561174,5,2.778408,-0.015509,0.269531
1784159151.571168,5,2.778438,0.034896,0.265625
1784159151.581175,5,2.778408,-0.003877,0.265625
1784159151.591154,5,2.778408,-0.003877,0.265625
1784159151.601153,5,2.778408,0.003877,0.265625
1784159151.611156,5,2.778378,-0.058161,0.265625
1784159151.621150,5,2.778408,0.000000,0.265625
1784159151.631155,5,2.778408,-0.003877,0.265625
1784159151.641151,5,2.778408,0.003877,0.257812
1784159151.651149,5,2.778378,-0.038774,0.265625
1784159151.661149,5,2.778408,0.003877,0.257812
1784159151.671152,5,2.778378,-0.046528,0.265625
1784159151.681149,5,2.778378,-0.046528,0.265625
1784159151.691153,5,2.778378,-0.054283,0.269531
1784159151.701150,5,2.778438,0.069793,0.257812
1784159151.711151,5,2.778378,-0.058161,0.265625
1784159151.721151,5,2.778378,-0.038774,0.265625
1784159151.731151,5,2.778408,-0.027142,0.265625
1784159151.741152,5,2.778438,-0.015509,0.265625
1784159151.751152,5,2.778378,0.042651,0.265625
1784159151.761153,5,2.778378,-0.058161,0.257812
1784159151.771152,5,2.778408,-0.015509,0.257812
1784159151.781151,5,2.778408,-0.003877,0.265625
1784159151.791152,5,2.778408,-0.034896,0.257812
1784159151.801151,5,2.778438,0.050406,0.265625
1784159151.811264,5,2.778408,-0.019387,0.257812
1784159151.821154,5,2.778408,-0.023264,0.257812
1784159151.831152,5,2.778408,-0.034896,0.257812
1784159151.841150,5,2.778438,0.027142,0.265625
1784159151.851153,5,2.778408,-0.027142,0.257812
1784159151.861133,5,2.778408,-0.007755,0.265625
1784159151.871129,5,2.778378,-0.069793,0.257812
1784159151.881134,5,2.778408,-0.003877,0.265625
1784159151.891129,5,2.778438,0.050406,0.265625
1784159151.901128,5,2.778378,-0.073670,0.265625
1784159151.911128,5,2.778378,-0.065915,0.265625
1784159151.921129,5,2.778408,-0.003877,0.269531
1784159151.931134,5,2.778408,-0.007755,0.265625
1784159151.941131,5,2.778408,0.000000,0.265625
1784159151.951128,5,2.778378,-0.069793,0.265625
1784159151.961129,5,2.778408,-0.065915,0.265625
1784159151.971134,5,2.778408,0.000000,0.265625
1784159151.981146,5,2.778408,0.000000,0.265625
1784159151.991130,5,2.778408,-0.003877,0.265625
1784159152.001131,5,2.778438,0.065915,0.265625
1784159152.011131,5,2.778408,-0.003877,0.265625
1784159152.021133,5,2.778408,-0.003877,0.265625
1784159152.031153,5,2.778408,-0.015509,0.265625
1784159152.041138,5,2.778408,-0.015509,0.265625
1784159152.051132,5,2.778438,0.027142,0.265625
1784159152.061140,5,2.778408,-0.027142,0.265625
1784159152.071133,5,2.778438,0.027142,0.265625
1784159152.081131,5,2.778438,0.019387,0.265625
1784159152.091132,5,2.778408,-0.019387,0.265625
1784159152.101131,5,2.778408,-0.023264,0.265625
1784159152.111134,5,2.778408,-0.027142,0.265625
1784159152.121133,5,2.778438,0.031019,0.265625
1784159152.131232,5,2.778408,-0.038774,0.265625
1784159152.141167,5,2.778408,-0.019387,0.265625
1784159152.151109,5,2.778408,-0.031019,0.257812
1784159152.161111,5,2.778408,-0.034896,0.265625
1784159152.171120,5,2.778378,-0.077547,0.265625
1784159152.181115,5,2.778408,-0.023264,0.265625
1784159152.191117,5,2.778408,-0.011632,0.265625
1784159152.201117,5,2.778378,-0.054283,0.257812
1784159152.211114,5,2.778408,0.000000,0.257812
1784159152.221114,5,2.778408,-0.007755,0.265625
1784159152.231112,5,2.778408,-0.065915,0.265625
1784159152.241115,5,2.778438,0.054283,0.265625
1784159152.251112,5,2.778408,0.015509,0.257812
1784159152.261114,5,2.778408,-0.007755,0.265625
1784159152.271114,5,2.778378,-0.058161,0.265625
1784159152.281120,5,2.778378,-0.046528,0.265625
1784159152.291118,5,2.778408,-0.011632,0.265625
1784159152.301113,5,2.778378,-0.081425,0.265625
1784159152.311121,5,2.778408,-0.007755,0.265625
1784159152.321133,5,2.778378,-0.069793,0.265625
1784159152.331112,5,2.778378,-0.062038,0.265625
1784159152.341118,5,2.778408,-0.003877,0.265625
1784159152.351112,5,2.778408,-0.003877,0.265625
1784159152.361114,5,2.778408,-0.038774,0.265625
1784159152.371113,5,2.778408,-0.038774,0.257812
1784159152.381116,5,2.778438,0.015509,0.265625
1784159152.391118,5,2.778378,-0.096934,0.257812
1784159152.401118,5,2.778438,0.000000,0.265625
1784159152.411097,5,2.778438,0.034896,0.265625
1784159152.421096,5,2.778408,-0.015509,0.265625
1784159152.431095,5,2.778408,-0.007755,0.257812
1784159152.441092,5,2.778408,-0.019387,0.265625
1784159152.451100,5,2.778438,0.019387,0.265625
1784159152.461093,5,2.778408,-0.023264,0.257812
1784159152.471092,5,2.778408,-0.015509,0.257812
1784159152.481092,5,2.778378,-0.058161,0.257812
1784159152.491093,5,2.778408,-0.054283,0.265625
1784159152.501093,5,2.778438,0.058161,0.269531
1784159152.511096,5,2.778408,0.000000,0.265625
1784159152.521105,5,2.778408,-0.003877,0.265625
1784159152.531097,5,2.778378,-0.058161,0.257812
1784159152.541094,5,2.778438,0.054283,0.265625
1784159152.551103,5,2.778378,-0.065915,0.265625
1784159152.561100,5,2.778408,-0.023264,0.265625
1784159152.571096,5,2.778408,-0.003877,0.265625
1784159152.581100,5,2.778378,-0.058161,0.265625
1784159152.591100,5,2.778438,0.034896,0.257812
1784159152.601095,5,2.778408,-0.007755,0.257812
1784159152.611103,5,2.778408,-0.015509,0.265625
1784159152.621101,5,2.778438,0.038774,0.257812
1784159152.631094,5,2.778438,0.034896,0.265625
1784159152.641094,5,2.778408,-0.019387,0.265625
1784159152.651095,5,2.778408,-0.015509,0.265625
1784159152.661098,5,2.778438,0.034896,0.257812
1784159152.671096,5,2.778378,-0.034896,0.265625
1784159152.681078,5,2.778408,-0.011632,0.265625
1784159152.691080,5,2.778408,-0.027142,0.265625
1784159152.701075,5,2.778438,0.034896,0.265625
1784159152.711076,5,2.778408,-0.003877,0.265625
1784159152.721079,5,2.778408,-0.011632,0.265625
1784159152.731079,5,2.778408,0.000000,0.257812
1784159152.741077,5,2.778378,-0.081425,0.265625
1784159152.751073,5,2.778408,0.000000,0.257812
1784159152.761083,5,2.778408,0.000000,0.265625
1784159152.771075,5,2.778408,0.000000,0.257812
1784159152.781077,5,2.778378,-0.058161,0.265625
1784159152.791076,5,2.778378,-0.069793,0.265625
1784159152.801075,5,2.778408,-0.003877,0.265625
1784159152.811081,5,2.778378,-0.073670,0.265625
1784159152.821076,5,2.778408,0.000000,0.265625
1784159152.831076,5,2.778438,0.031019,0.265625
1784159152.841077,5,2.778438,0.050406,0.265625
1784159152.851076,5,2.778378,-0.062038,0.257812
1784159152.861076,5,2.778408,-0.011632,0.265625
1784159152.871083,5,2.778408,-0.027142,0.265625
1784159152.881085,5,2.778408,-0.011632,0.265625
1784159152.891078,5,2.778408,-0.015509,0.265625
1784159152.901078,5,2.778378,-0.077547,0.257812
1784159152.911080,5,2.778408,-0.015509,0.265625
1784159152.921080,5,2.778438,0.027142,0.265625
1784159152.931080,5,2.778438,0.031019,0.265625
1784159152.941081,5,2.778408,-0.023264,0.265625
1784159152.951086,5,2.778378,-0.093057,0.257812
1784159152.961058,5,2.778438,0.023264,0.265625
1784159152.971067,5,2.778408,-0.031019,0.265625
1784159152.981064,5,2.778378,-0.093057,0.257812
1784159152.991057,5,2.778378,-0.089180,0.257812
1784159153.001057,5,2.778408,-0.027142,0.265625
1784159153.011060,5,2.778378,-0.073670,0.265625
1784159153.021061,5,2.778408,-0.019387,0.265625
1784159153.031059,5,2.778408,-0.027142,0.265625
1784159153.041059,5,2.778408,-0.003877,0.265625
1784159153.051058,5,2.778408,-0.007755,0.265625
1784159153.061062,5,2.778438,-0.007755,0.265625
1784159153.071060,5,2.778438,0.046528,0.257812
1784159153.081067,5,2.778408,-0.011632,0.265625
1784159153.091063,5,2.778408,-0.003877,0.265625
1784159153.101061,5,2.778408,-0.019387,0.265625
1784159153.111070,5,2.778438,0.050406,0.265625
1784159153.121061,5,2.778408,-0.015509,0.265625
1784159153.131062,5,2.778408,-0.011632,0.265625
1784159153.141061,5,2.778438,0.054283,0.265625
1784159153.151064,5,2.778438,0.019387,0.257812
1784159153.161063,5,2.778408,-0.023264,0.269531
1784159153.171063,5,2.778408,-0.027142,0.265625
1784159153.181065,5,2.778438,0.027142,0.257812
1784159153.191062,5,2.778408,-0.031019,0.265625
1784159153.201066,5,2.778408,-0.019387,0.269531
1784159153.211043,5,2.778378,-0.065915,0.265625
1784159153.221048,5,2.778408,-0.034896,0.265625
1784159153.231053,5,2.778408,-0.027142,0.257812
1784159153.241045,5,2.778378,-0.062038,0.265625
1784159153.251042,5,2.778408,-0.015509,0.265625
1784159153.261127,5,2.778408,-0.038774,0.257812
1784159153.271124,5,2.778378,-0.077547,0.265625
1784159153.281040,5,2.778408,-0.027142,0.257812
1784159153.291042,5,2.778408,-0.015509,0.265625
1784159153.301041,5,2.778408,-0.015509,0.265625
1784159153.311042,5,2.778408,-0.015509,0.265625
1784159153.321043,5,2.778408,-0.027142,0.265625
1784159153.331048,5,2.778408,-0.027142,0.265625
1784159153.341046,5,2.778438,0.042651,0.265625
1784159153.351049,5,2.778408,-0.003877,0.257812
1784159153.361043,5,2.778438,0.042651,0.265625
1784159153.371041,5,2.778438,0.042651,0.265625
1784159153.381051,5,2.778438,0.038774,0.257812
1784159153.391044,5,2.778408,-0.011632,0.265625
1784159153.401043,5,2.778408,-0.038774,0.265625
1784159153.411043,5,2.778408,-0.015509,0.257812
1784159153.421052,5,2.778438,0.054283,0.265625
1784159153.431052,5,2.778408,-0.027142,0.257812
1784159153.441051,5,2.778438,0.027142,0.257812
1784159153.451055,5,2.778378,-0.077547,0.257812
1784159153.461046,5,2.778408,-0.023264,0.265625
1784159153.471023,5,2.778378,-0.058161,0.265625
1784159153.481045,5,2.778408,-0.019387,0.265625
1784159153.491046,5,2.778408,-0.034896,0.257812
1784159153.501025,5,2.778408,-0.027142,0.257812
1784159153.511022,5,2.778408,-0.031019,0.265625
1784159153.521021,5,2.778408,-0.031019,0.265625
1784159153.531026,5,2.778438,0.023264,0.257812
1784159153.541025,5,2.778408,-0.023264,0.257812
1784159153.551026,5,2.778438,0.027142,0.269531
1784159153.561026,5,2.778408,-0.031019,0.265625
1784159153.571030,5,2.778408,-0.011632,0.265625
1784159153.581025,5,2.778408,-0.034896,0.265625
1784159153.591028,5,2.778408,-0.027142,0.265625
1784159153.601029,5,2.778378,-0.081425,0.265625
1784159153.611027,5,2.778408,-0.031019,0.257812
1784159153.621022,5,2.778438,0.027142,0.257812
1784159153.631025,5,2.778408,-0.034896,0.265625
1784159153.641024,5,2.778408,-0.019387,0.269531
1784159153.651022,5,2.778408,-0.015509,0.265625
1784159153.661028,5,2.778408,-0.015509,0.265625
1784159153.671027,5,2.778408,-0.019387,0.257812
1784159153.681025,5,2.778438,0.050406,0.265625
1784159153.691027,5,2.778408,-0.038774,0.265625
1784159153.701024,5,2.778408,-0.081425,0.265625
1784159153.711030,5,2.778408,-0.031019,0.265625
1784159153.721024,5,2.778408,-0.034896,0.265625
1784159153.731024,5,2.778408,-0.027142,0.265625
1784159153.741030,5,2.778408,-0.015509,0.265625
1784159153.751026,5,2.778408,-0.027142,0.265625
1784159153.761010,5,2.778408,-0.042651,0.257812
1784159153.771015,5,2.778438,0.019387,0.265625
1784159153.781018,5,2.778408,-0.015509,0.265625
1784159153.791011,5,2.778408,-0.031019,0.265625
1784159153.801010,5,2.778378,-0.069793,0.265625
1784159153.811017,5,2.778408,-0.027142,0.257812
1784159153.821017,5,2.778438,0.034896,0.269531
1784159153.831007,5,2.778408,-0.027142,0.265625
1784159153.841092,5,2.778378,-0.096934,0.265625
1784159153.851022,5,2.778378,-0.089180,0.265625
1784159153.861122,5,2.778408,-0.019387,0.265625
1784159153.871102,5,2.778378,-0.077547,0.265625
1784159153.881086,5,2.778408,-0.027142,0.265625
1784159153.891013,5,2.778438,0.031019,0.257812
1784159153.901033,5,2.778408,-0.023264,0.265625
1784159153.911008,5,2.778408,-0.023264,0.257812
1784159153.921009,5,2.778408,-0.023264,0.269531
1784159153.931018,5,2.778408,-0.027142,0.257812
1784159153.941012,5,2.778408,-0.027142,0.265625
1784159153.951016,5,2.778408,-0.023264,0.265625
1784159153.961012,5,2.778408,-0.015509,0.265625
1784159153.971018,5,2.778408,-0.015509,0.265625
1784159153.981020,5,2.778408,-0.011632,0.269531
1784159153.991016,5,2.778378,-0.069793,0.265625
1784159154.001014,5,2.778408,-0.027142,0.265625
1784159154.011017,5,2.778408,-0.027142,0.265625
1784159154.021033,5,2.778408,-0.011632,0.265625
1784159154.031010,5,2.778408,-0.019387,0.265625
1784159154.041014,5,2.778408,-0.015509,0.257812
1784159154.050995,5,2.778408,-0.034896,0.265625
1784159154.060993,5,2.778438,0.038774,0.265625
1784159154.070996,5,2.778408,-0.038774,0.265625
1784159154.080995,5,2.778408,-0.015509,0.265625
1784159154.090993,5,2.778378,-0.096934,0.265625
1784159154.100994,5,2.778438,0.031019,0.265625
1784159154.110995,5,2.778408,-0.027142,0.257812
1784159154.120995,5,2.778378,-0.081425,0.265625
1784159154.133192,5,2.778408,-0.003877,0.265625
1784159154.141002,5,2.778408,-0.007755,0.257812
1784159154.151000,5,2.778408,-0.031019,0.265625
1784159154.161106,5,2.778408,-0.011632,0.265625
1784159154.170999,5,2.778438,0.023264,0.265625
1784159154.181001,5,2.778408,-0.038774,0.265625
1784159154.190999,5,2.778408,-0.031019,0.265625
1784159154.201659,5,2.778438,0.019387,0.257812
1784159154.212592,5,2.778378,-0.081425,0.265625
1784159154.224989,5,2.778408,0.000000,0.265625
1784159154.233005,5,2.778438,0.038774,0.269531
1784159154.240994,5,2.778378,-0.081425,0.269531
1784159154.250991,5,2.778408,-0.015509,0.265625
1784159154.260990,5,2.778408,-0.011632,0.265625
1784159154.270989,5,2.778408,-0.023264,0.265625
1784159154.280993,5,2.778408,-0.027142,0.265625
1784159154.290996,5,2.778408,-0.034896,0.265625
1784159154.301112,5,2.778408,-0.027142,0.265625
1784159154.310987,5,2.778408,-0.003877,0.265625
1784159154.320989,5,2.778408,-0.038774,0.257812
1784159154.330970,5,2.778378,-0.069793,0.265625
1784159154.340973,5,2.778378,-0.093057,0.265625
1784159154.350970,5,2.778408,-0.027142,0.257812
1784159154.361105,5,2.778408,-0.015509,0.265625
1784159154.370967,5,2.778438,0.027142,0.265625
1784159154.380970,5,2.778408,-0.019387,0.257812
1784159154.390973,5,2.778408,-0.019387,0.265625
1784159154.401130,5,2.778408,-0.015509,0.265625
1784159154.410981,5,2.778438,0.038774,0.265625
1784159154.421047,5,2.778408,-0.019387,0.265625
1784159154.431169,5,2.778438,0.034896,0.257812
1784159154.440989,5,2.778408,-0.011632,0.265625
1784159154.450979,5,2.778408,-0.031019,0.265625
1784159154.460971,5,2.778408,-0.015509,0.265625
1784159154.470973,5,2.778408,-0.023264,0.257812
1784159154.481022,5,2.778408,-0.007755,0.265625
1784159154.491081,5,2.778378,-0.093057,0.265625
1784159154.501056,5,2.778408,-0.034896,0.265625
1784159154.510978,5,2.778378,-0.085302,0.257812
1784159154.520997,5,2.778438,0.027142,0.269531
1784159154.530978,5,2.778438,0.023264,0.257812
1784159154.540968,5,2.778408,-0.034896,0.257812
1784159154.550980,5,2.778408,-0.027142,0.265625
1784159154.561076,5,2.778408,-0.027142,0.265625
1784159154.570981,5,2.778408,-0.015509,0.257812
1784159154.580979,5,2.778408,-0.011632,0.265625
1784159154.590980,5,2.778378,-0.077547,0.265625
1784159154.600955,5,2.778378,-0.019387,0.265625
1784159154.610963,5,2.778408,-0.011632,0.265625
1784159154.621056,5,2.778438,0.031019,0.265625
1784159154.630958,5,2.778378,-0.054283,0.269531
1784159154.640964,5,2.778408,-0.019387,0.265625
1784159154.650959,5,2.778378,-0.085302,0.257812
1784159154.660966,5,2.778378,-0.065915,0.257812
1784159154.670961,5,2.778408,-0.031019,0.265625
1784159154.680954,5,2.778438,0.038774,0.265625
1784159154.691079,5,2.778408,-0.015509,0.265625
1784159154.700963,5,2.778378,-0.062038,0.265625
1784159154.710963,5,2.778408,-0.031019,0.265625
1784159154.720962,5,2.778438,-0.015509,0.265625
1784159154.730961,5,2.778408,-0.027142,0.257812
1784159154.740962,5,2.778438,0.019387,0.265625
1784159154.750959,5,2.778378,-0.062038,0.257812
1784159154.760957,5,2.778408,-0.023264,0.265625
1784159154.770954,5,2.778408,-0.015509,0.265625
1784159154.780955,5,2.778408,-0.034896,0.265625
1784159154.790952,5,2.778438,-0.027142,0.257812
1784159154.800951,5,2.778378,-0.069793,0.265625
1784159154.811038,5,2.778378,-0.073670,0.265625
1784159154.820951,5,2.778408,-0.011632,0.265625
1784159154.830952,5,2.778438,0.023264,0.265625
1784159154.840933,5,2.778408,-0.019387,0.265625
1784159154.850954,5,2.778378,-0.077547,0.265625
1784159154.860936,5,2.778378,-0.069793,0.265625
1784159154.870951,5,2.778408,-0.019387,0.265625
1784159154.881050,5,2.778408,-0.023264,0.265625
1784159154.890936,5,2.778408,-0.019387,0.265625
1784159154.900936,5,2.778408,-0.015509,0.269531
1784159154.910936,5,2.778408,-0.015509,0.265625
1784159154.920935,5,2.778438,0.023264,0.257812
1784159154.930934,5,2.778408,-0.015509,0.269531
1784159154.940936,5,2.778408,-0.038774,0.257812
1784159154.950936,5,2.778408,-0.019387,0.265625
1784159154.960943,5,2.778408,-0.038774,0.257812
1784159154.970936,5,2.778378,-0.081425,0.265625
1784159154.980936,5,2.778408,-0.023264,0.265625
1784159154.990934,5,2.778438,0.023264,0.265625
1784159155.000936,5,2.778378,-0.093057,0.265625
1784159155.010937,5,2.778408,-0.031019,0.265625
1784159155.020935,5,2.778408,-0.011632,0.265625
1784159155.030942,5,2.778408,-0.007755,0.265625
1784159155.040935,5,2.778408,-0.031019,0.257812
1784159155.050940,5,2.778408,-0.038774,0.265625
1784159155.060938,5,2.778438,0.031019,0.265625
1784159155.070935,5,2.778408,-0.034896,0.265625
1784159155.080934,5,2.778408,-0.027142,0.257812
1784159155.090935,5,2.778408,-0.027142,0.265625
1784159155.100938,5,2.778408,-0.015509,0.257812
1784159155.110939,5,2.778408,-0.027142,0.265625
1784159155.120936,5,2.778408,-0.027142,0.265625
1784159155.130936,5,2.778408,-0.038774,0.265625
1784159155.140913,5,2.778408,-0.027142,0.265625
1784159155.150913,5,2.778378,-0.093057,0.257812
1784159155.160914,5,2.778408,-0.034896,0.257812
1784159155.170913,5,2.778408,-0.027142,0.265625
1784159155.180918,5,2.778408,-0.015509,0.265625
1784159155.190917,5,2.778438,0.023264,0.265625
1784159155.200927,5,2.778408,-0.031019,0.265625
1784159155.210913,5,2.778408,-0.023264,0.265625
1784159155.220913,5,2.778408,-0.023264,0.257812
1784159155.230916,5,2.778438,0.027142,0.257812
1784159155.240914,5,2.778408,-0.019387,0.265625
1784159155.250920,5,2.778408,-0.015509,0.265625
1784159155.260914,5,2.778438,0.050406,0.257812
1784159155.270914,5,2.778408,0.015509,0.265625
1784159155.280914,5,2.778408,-0.027142,0.265625
1784159155.290914,5,2.778408,-0.019387,0.265625
1784159155.300915,5,2.778408,-0.019387,0.265625
1784159155.310917,5,2.778438,0.034896,0.265625
1784159155.320924,5,2.778408,-0.015509,0.265625
1784159155.330914,5,2.778378,-0.093057,0.265625
1784159155.340918,5,2.778438,0.019387,0.265625
1784159155.350915,5,2.778408,-0.019387,0.265625
1784159155.360917,5,2.778408,-0.027142,0.257812
1784159155.370915,5,2.778408,-0.031019,0.265625
1784159155.380918,5,2.778378,-0.077547,0.265625
1784159155.390915,5,2.778408,-0.015509,0.265625
1784159155.400918,5,2.778408,-0.034896,0.265625
1784159155.410897,5,2.778408,-0.027142,0.265625
1784159155.420898,5,2.778408,-0.015509,0.265625
1784159155.430897,5,2.778408,-0.027142,0.265625
1784159155.440895,5,2.778408,-0.034896,0.257812
1784159155.450898,5,2.778408,-0.031019,0.257812
1784159155.460898,5,2.778408,-0.038774,0.265625
1784159155.470898,5,2.778408,-0.019387,0.265625
1784159155.480896,5,2.778408,-0.027142,0.265625
1784159155.490901,5,2.778408,-0.019387,0.265625
1784159155.500901,5,2.778378,-0.069793,0.265625
1784159155.510900,5,2.778408,-0.031019,0.265625
1784159155.520900,5,2.778408,-0.011632,0.265625
1784159155.530900,5,2.778408,-0.027142,0.265625
1784159155.540899,5,2.778408,0.027142,0.265625
1784159155.550900,5,2.778408,-0.031019,0.265625
1784159155.560899,5,2.778408,-0.077547,0.257812
1784159155.570899,5,2.778408,0.000000,0.265625
1784159155.580904,5,2.778408,-0.031019,0.257812
1784159155.590904,5,2.778378,-0.069793,0.265625
1784159155.600901,5,2.778408,-0.038774,0.265625
1784159155.610901,5,2.778408,-0.015509,0.265625
1784159155.620902,5,2.778408,-0.038774,0.265625
1784159155.630901,5,2.778438,0.027142,0.265625
1784159155.640968,5,2.778408,-0.023264,0.257812
1784159155.650982,5,2.778408,-0.038774,0.265625
1784159155.660902,5,2.778408,-0.023264,0.269531
1784159155.670908,5,2.778438,0.019387,0.257812
1784159155.680901,5,2.778408,-0.038774,0.265625
1784159155.690881,5,2.778438,0.023264,0.257812
1784159155.700881,5,2.778438,-0.034896,0.257812
1784159155.710881,5,2.778408,-0.007755,0.265625
1784159155.720882,5,2.778408,-0.031019,0.265625
1784159155.730883,5,2.778438,0.011632,0.265625
1784159155.740879,5,2.778438,0.023264,0.257812
1784159155.750880,5,2.778408,-0.031019,0.265625
1784159155.760882,5,2.778408,-0.011632,0.265625
1784159155.770882,5,2.778378,-0.093057,0.265625
1784159155.780884,5,2.778438,0.023264,0.265625
1784159155.790881,5,2.778408,-0.027142,0.265625
1784159155.800883,5,2.778408,-0.023264,0.265625
1784159155.810890,5,2.778408,-0.023264,0.265625
1784159155.820882,5,2.778378,-0.093057,0.265625
1784159155.830885,5,2.778408,-0.038774,0.257812
1784159155.840882,5,2.778438,0.034896,0.265625
1784159155.850883,5,2.778408,-0.015509,0.265625
1784159155.860884,5,2.778438,0.015509,0.257812
1784159155.870882,5,2.778408,-0.031019,0.265625
1784159155.880883,5,2.778438,0.027142,0.257812
1784159155.890882,5,2.778408,-0.019387,0.265625
1784159155.900883,5,2.778408,-0.023264,0.265625
1784159155.910884,5,2.778378,-0.081425,0.265625
1784159155.920882,5,2.778378,-0.081425,0.265625
1784159155.930885,5,2.778438,0.015509,0.257812
1784159155.940886,5,2.778378,-0.081425,0.257812
1784159155.950887,5,2.778378,-0.065915,0.269531
1784159155.960882,5,2.778408,-0.034896,0.265625
1784159155.970864,5,2.778408,-0.034896,0.265625
1784159155.980862,5,2.778438,0.027142,0.257812
1784159155.990863,5,2.778408,-0.038774,0.265625
1784159156.000865,5,2.778438,0.038774,0.265625
1784159156.010869,5,2.778378,-0.077547,0.257812
1784159156.020872,5,2.778438,0.034896,0.265625
1784159156.030868,5,2.778438,0.019387,0.265625
1784159156.040874,5,2.778408,-0.027142,0.257812
1784159156.050867,5,2.778408,-0.031019,0.265625
1784159156.060863,5,2.778438,0.042651,0.265625
1784159156.070865,5,2.778408,-0.027142,0.265625
1784159156.080872,5,2.778408,-0.023264,0.257812
1784159156.090864,5,2.778408,-0.085302,0.257812
1784159156.100865,5,2.778408,-0.027142,0.265625
1784159156.110869,5,2.778378,-0.089180,0.265625
1784159156.120865,5,2.778408,0.034896,0.265625
1784159156.130864,5,2.778438,-0.031019,0.265625
1784159156.140866,5,2.778408,-0.015509,0.265625
1784159156.150868,5,2.778408,-0.065915,0.257812
1784159156.160934,5,2.778438,0.011632,0.265625
1784159156.170868,5,2.778378,-0.089180,0.265625
1784159156.180860,5,2.778408,0.034896,0.265625
1784159156.190937,5,2.778408,-0.023264,0.265625
1784159156.200864,5,2.778408,-0.015509,0.265625
1784159156.210861,5,2.778408,-0.011632,0.265625
1784159156.220864,5,2.778408,-0.011632,0.265625
1784159156.230863,5,2.778408,-0.031019,0.265625
1784159156.240841,5,2.778408,-0.031019,0.257812
1784159156.250843,5,2.778438,0.023264,0.257812
1784159156.260852,5,2.778408,-0.034896,0.265625
1784159156.270846,5,2.778408,-0.019387,0.257812
1784159156.280852,5,2.778438,0.034896,0.257812
1784159156.290844,5,2.778438,-0.081425,0.257812
1784159156.300842,5,2.778408,-0.015509,0.265625
1784159156.310845,5,2.778438,0.038774,0.265625
1784159156.320853,5,2.778408,-0.038774,0.265625
1784159156.330858,5,2.778438,0.031019,0.265625
1784159156.340844,5,2.778378,-0.073670,0.265625
1784159156.350848,5,2.778408,-0.011632,0.265625
1784159156.360845,5,2.778408,-0.027142,0.265625
1784159156.370843,5,2.778378,-0.081425,0.257812
1784159156.380847,5,2.778469,0.081425,0.269531
1784159156.390847,5,2.778378,-0.085302,0.265625
1784159156.400844,5,2.778408,-0.015509,0.265625
1784159156.410845,5,2.778438,0.031019,0.257812
1784159156.420844,5,2.778378,-0.093057,0.265625
1784159156.430850,5,2.778408,-0.019387,0.265625
1784159156.440847,5,2.778438,0.034896,0.265625
1784159156.450845,5,2.778408,-0.027142,0.265625
1784159156.460848,5,2.778438,0.027142,0.265625
1784159156.470852,5,2.778408,-0.038774,0.257812
1784159156.480832,5,2.778408,-0.027142,0.265625
1784159156.490832,5,2.778408,-0.023264,0.265625
1784159156.500827,5,2.778408,-0.023264,0.265625
1784159156.510828,5,2.778408,-0.015509,0.265625
1784159156.520834,5,2.778438,0.027142,0.265625
1784159156.530828,5,2.778408,-0.007755,0.265625
1784159156.540833,5,2.778378,-0.077547,0.265625
1784159156.550830,5,2.778408,-0.027142,0.265625
1784159156.560828,5,2.778408,-0.023264,0.265625
1784159156.570831,5,2.778438,0.038774,0.257812
1784159156.580838,5,2.778408,-0.023264,0.269531
1784159156.590831,5,2.778438,0.019387,0.257812
1784159156.600830,5,2.778408,-0.011632,0.265625
1784159156.610833,5,2.778408,-0.031019,0.257812
1784159156.620832,5,2.778408,-0.003877,0.257812
1784159156.630832,5,2.778408,0.000000,0.265625
1784159156.640829,5,2.778408,-0.038774,0.265625
1784159156.650833,5,2.778408,0.019387,0.265625
1784159156.660839,5,2.778408,-0.019387,0.265625
1784159156.670831,5,2.778408,-0.027142,0.265625
1784159156.680830,5,2.778408,-0.027142,0.265625
1784159156.690832,5,2.778408,-0.003877,0.265625
1784159156.700833,5,2.778408,-0.027142,0.265625
1784159156.710838,5,2.778408,-0.007755,0.265625
1784159156.720831,5,2.778438,0.050406,0.265625
1784159156.730835,5,2.778378,-0.077547,0.265625
1784159156.740831,5,2.778408,-0.031019,0.257812
1784159156.750828,5,2.778438,0.031019,0.257812
1784159156.760839,5,2.778438,0.023264,0.265625
1784159156.770830,5,2.778408,-0.027142,0.265625
1784159156.780809,5,2.778438,0.042651,0.265625
1784159156.790810,5,2.778408,-0.019387,0.265625
1784159156.800812,5,2.778438,0.023264,0.265625
1784159156.810810,5,2.778438,0.011632,0.265625
1784159156.820810,5,2.778408,-0.015509,0.265625
1784159156.830810,5,2.778408,-0.011632,0.257812
1784159156.840812,5,2.778408,-0.038774,0.265625
1784159156.850812,5,2.778408,-0.031019,0.257812
1784159156.860810,5,2.778408,-0.007755,0.269531
1784159156.870813,5,2.778408,-0.046528,0.265625
1784159156.880810,5,2.778438,0.015509,0.265625
1784159156.890811,5,2.778438,0.034896,0.265625
1784159156.900814,5,2.778408,-0.034896,0.265625
1784159156.910815,5,2.778408,-0.034896,0.257812
1784159156.920814,5,2.778469,0.096934,0.257812
1784159156.930815,5,2.778408,-0.031019,0.265625
1784159156.940810,5,2.778408,-0.038774,0.257812
1784159156.950814,5,2.778408,0.023264,0.265625
1784159156.960814,5,2.778408,-0.027142,0.265625
1784159156.970814,5,2.778378,-0.077547,0.257812
1784159156.980821,5,2.778408,-0.015509,0.265625
1784159156.990812,5,2.778408,-0.011632,0.265625
1784159157.000810,5,2.778408,-0.027142,0.265625
1784159157.010811,5,2.778408,-0.015509,0.269531
1784159157.020816,5,2.778408,-0.019387,0.257812
1784159157.030811,5,2.778408,-0.038774,0.265625
1784159157.040813,5,2.778408,-0.027142,0.265625
1784159157.050790,5,2.778408,-0.015509,0.265625
1784159157.060790,5,2.778438,0.042651,0.265625
1784159157.070837,5,2.778408,-0.023264,0.265625
1784159157.080795,5,2.778408,-0.031019,0.265625
1784159157.090792,5,2.778408,-0.038774,0.265625
1784159157.100791,5,2.778408,-0.042651,0.265625
1784159157.110791,5,2.778408,-0.027142,0.265625
1784159157.120795,5,2.778438,0.019387,0.265625
1784159157.130793,5,2.778408,-0.015509,0.257812
1784159157.140792,5,2.778378,-0.093057,0.265625
1784159157.150805,5,2.778408,-0.038774,0.269531
1784159157.160793,5,2.778408,-0.034896,0.265625
1784159157.170797,5,2.778408,-0.038774,0.265625
1784159157.180794,5,2.778408,-0.034896,0.257812
1784159157.190793,5,2.778408,-0.031019,0.265625
1784159157.200800,5,2.778408,-0.031019,0.265625
1784159157.210795,5,2.778408,-0.027142,0.265625
1784159157.220793,5,2.778408,-0.019387,0.265625
1784159157.230794,5,2.778438,0.046528,0.265625
1784159157.240796,5,2.778408,-0.027142,0.269531
1784159157.250795,5,2.778408,-0.031019,0.265625
1784159157.260801,5,2.778408,-0.069793,0.265625
1784159157.270794,5,2.778408,-0.007755,0.265625
1784159157.280794,5,2.778408,-0.027142,0.265625
1784159157.290793,5,2.778408,-0.003877,0.265625
1784159157.300794,5,2.778408,-0.038774,0.265625
1784159157.310796,5,2.778438,0.019387,0.265625
1784159157.320798,5,2.778378,-0.069793,0.265625
1784159157.330774,5,2.778408,-0.019387,0.265625
1784159157.340773,5,2.778408,-0.015509,0.257812
1784159157.350772,5,2.778438,0.038774,0.265625
1784159157.360773,5,2.778408,-0.011632,0.265625
1784159157.370772,5,2.778438,0.034896,0.265625
1784159157.380773,5,2.778378,-0.050406,0.265625
1784159157.390776,5,2.778408,-0.031019,0.265625
1784159157.400787,5,2.778408,-0.011632,0.265625
1784159157.410778,5,2.778408,-0.031019,0.265625
1784159157.420774,5,2.778408,-0.038774,0.265625
1784159157.430774,5,2.778438,-0.019387,0.265625
1784159157.440782,5,2.778438,0.023264,0.265625
1784159157.450777,5,2.778408,-0.011632,0.265625
1784159157.460773,5,2.778378,-0.073670,0.265625
1784159157.470773,5,2.778408,-0.015509,0.257812
1784159157.480772,5,2.778408,-0.081425,0.265625
1784159157.490772,5,2.778408,-0.031019,0.265625
1784159157.500774,5,2.778408,-0.015509,0.265625
1784159157.510773,5,2.778378,-0.085302,0.265625
1784159157.520774,5,2.778438,0.027142,0.257812
1784159157.530773,5,2.778438,0.046528,0.265625
1784159157.540778,5,2.778438,0.015509,0.265625
1784159157.550774,5,2.778408,-0.023264,0.265625
1784159157.560775,5,2.778408,-0.027142,0.265625
1784159157.570776,5,2.778408,-0.031019,0.265625
1784159157.580776,5,2.778408,-0.031019,0.269531
1784159157.590778,5,2.778408,-0.034896,0.265625
1784159157.600780,5,2.778408,-0.019387,0.265625
1784159157.610757,5,2.778408,-0.003877,0.265625
1784159157.620759,5,2.778408,-0.019387,0.257812
1784159157.630757,5,2.778408,-0.038774,0.265625
1784159157.640758,5,2.778408,-0.019387,0.265625
1784159157.650785,5,2.778408,-0.038774,0.265625
1784159157.660755,5,2.778378,-0.077547,0.265625
1784159157.670754,5,2.778408,-0.031019,0.265625
1784159157.680755,5,2.778408,-0.027142,0.265625
1784159157.690755,5,2.778438,0.034896,0.265625
1784159157.700759,5,2.778408,-0.027142,0.265625
1784159157.710762,5,2.778378,-0.073670,0.265625
1784159157.720762,5,2.778438,0.019387,0.265625
1784159157.730760,5,2.778408,-0.023264,0.265625
1784159157.740843,5,2.778438,0.019387,0.265625
1784159157.750758,5,2.778408,-0.038774,0.265625
1784159157.760759,5,2.778408,-0.038774,0.257812
1784159157.770765,5,2.778408,-0.038774,0.265625
1784159157.780770,5,2.778408,-0.027142,0.265625
1784159157.790758,5,2.778408,-0.031019,0.265625
1784159157.800757,5,2.778408,-0.011632,0.265625
1784159157.810757,5,2.778378,-0.093057,0.257812
1784159157.820777,5,2.778408,-0.023264,0.257812
1784159157.830756,5,2.778408,-0.023264,0.265625
1784159157.840760,5,2.778408,-0.027142,0.265625
1784159157.850760,5,2.778408,-0.038774,0.257812
1784159157.860758,5,2.778408,-0.007755,0.265625
1784159157.870760,5,2.778408,-0.011632,0.265625
1784159157.880741,5,2.778408,-0.019387,0.265625
1784159157.890738,5,2.778408,-0.019387,0.257812
1784159157.900740,5,2.778408,-0.038774,0.265625
1784159157.910738,5,2.778408,-0.015509,0.257812
1784159157.920738,5,2.778408,-0.015509,0.265625
1784159157.930743,5,2.778408,-0.046528,0.265625
1784159157.940738,5,2.778408,-0.015509,0.265625
1784159157.950741,5,2.778438,0.019387,0.257812
1784159157.960741,5,2.778408,-0.031019,0.257812
1784159157.970745,5,2.778438,0.019387,0.265625
1784159157.980747,5,2.778438,0.027142,0.265625
1784159157.990738,5,2.778408,-0.038774,0.269531
1784159158.000743,5,2.778408,-0.015509,0.265625
1784159158.010742,5,2.778408,-0.019387,0.257812
1784159158.020739,5,2.778438,0.003877,0.265625
1784159158.030747,5,2.778408,-0.034896,0.265625
1784159158.040741,5,2.778378,-0.089180,0.265625
1784159158.050740,5,2.778408,-0.031019,0.257812
1784159158.060740,5,2.778408,-0.007755,0.269531
1784159158.070741,5,2.778438,0.042651,0.265625
1784159158.080740,5,2.778408,-0.015509,0.257812
1784159158.090742,5,2.778438,0.038774,0.265625
1784159158.100743,5,2.778408,-0.038774,0.265625
1784159158.110743,5,2.778438,0.031019,0.265625
1784159158.120725,5,2.778408,-0.015509,0.265625
1784159158.130729,5,2.778408,-0.034896,0.265625
1784159158.140722,5,2.778408,-0.015509,0.265625
1784159158.150720,5,2.778408,-0.042651,0.269531
1784159158.160725,5,2.778408,-0.011632,0.265625
1784159158.170722,5,2.778408,-0.023264,0.265625
1784159158.180733,5,2.778378,-0.069793,0.257812
1784159158.190723,5,2.778438,0.019387,0.257812
1784159158.200723,5,2.778408,-0.007755,0.265625
1784159158.210722,5,2.778408,-0.027142,0.265625
1784159158.220725,5,2.778378,-0.077547,0.265625
1784159158.230733,5,2.778438,0.015509,0.265625
1784159158.240729,5,2.778408,-0.019387,0.265625
1784159158.250726,5,2.778378,-0.077547,0.257812
1784159158.260730,5,2.778438,0.019387,0.265625
1784159158.270725,5,2.778408,-0.038774,0.257812
1784159158.280725,5,2.778408,-0.038774,0.265625
1784159158.290732,5,2.778438,0.019387,0.257812
1784159158.300725,5,2.778408,-0.031019,0.265625
1784159158.310724,5,2.778408,-0.019387,0.265625
1784159158.320735,5,2.778408,-0.031019,0.265625
1784159158.330726,5,2.778408,0.011632,0.257812
1784159158.340727,5,2.778408,0.023264,0.265625
1784159158.350726,5,2.778438,-0.023264,0.265625
1784159158.360726,5,2.778438,0.031019,0.265625
1784159158.370726,5,2.778408,-0.019387,0.257812
1784159158.380728,5,2.778408,-0.007755,0.265625
1784159158.390706,5,2.778408,-0.027142,0.265625
1784159158.400705,5,2.778378,-0.081425,0.265625
1784159158.410728,5,2.778408,-0.038774,0.257812
1784159158.420705,5,2.778408,-0.015509,0.265625
1784159158.430703,5,2.778378,-0.058161,0.265625
1784159158.440708,5,2.778408,-0.027142,0.265625
1784159158.450707,5,2.778408,0.031019,0.257812
1784159158.460709,5,2.778408,-0.027142,0.257812
1784159158.470707,5,2.778408,-0.023264,0.265625
1784159158.480709,5,2.778378,-0.069793,0.265625
1784159158.490710,5,2.778408,-0.034896,0.265625
1784159158.500708,5,2.778378,-0.089180,0.265625
1784159158.510706,5,2.778408,-0.007755,0.257812
1784159158.520706,5,2.778408,-0.042651,0.265625
1784159158.530707,5,2.778408,-0.011632,0.265625
1784159158.540708,5,2.778408,-0.031019,0.265625
1784159158.550709,5,2.778408,-0.034896,0.257812
1784159158.560705,5,2.778408,-0.031019,0.265625
1784159158.570704,5,2.778378,-0.085302,0.265625
1784159158.580703,5,2.778408,-0.015509,0.265625
1784159158.590707,5,2.778408,-0.038774,0.265625
1784159158.600704,5,2.778438,0.031019,0.265625
1784159158.610711,5,2.778438,0.042651,0.265625
1784159158.620708,5,2.778408,-0.038774,0.257812
1784159158.630706,5,2.778408,-0.031019,0.265625
1784159158.640707,5,2.778408,-0.011632,0.265625
1784159158.650706,5,2.778378,-0.081425,0.265625
1784159158.660788,5,2.778408,-0.015509,0.265625
1784159158.670703,5,2.778408,-0.023264,0.265625
1784159158.680708,5,2.778378,-0.093057,0.257812
1784159158.690691,5,2.778408,-0.027142,0.265625
1784159158.700685,5,2.778408,-0.023264,0.257812
1784159158.710695,5,2.778408,-0.023264,0.265625
1784159158.720684,5,2.778408,-0.038774,0.265625
1784159158.730689,5,2.778438,0.023264,0.257812
1784159158.740684,5,2.778408,-0.015509,0.265625
1784159158.750685,5,2.778438,0.034896,0.257812
1784159158.760684,5,2.778408,-0.011632,0.265625
1784159158.770684,5,2.778378,0.042651,0.257812
1784159158.780692,5,2.778408,0.023264,0.265625
1784159158.790689,5,2.778408,-0.034896,0.257812
1784159158.800687,5,2.778408,-0.038774,0.265625
1784159158.810699,5,2.778438,0.019387,0.265625
1784159158.820687,5,2.778438,0.023264,0.257812
1784159158.830685,5,2.778408,-0.019387,0.265625
1784159158.840828,5,2.778408,-0.031019,0.269531
1784159158.850685,5,2.778408,-0.034896,0.265625
1784159158.860687,5,2.778408,-0.038774,0.265625
1784159158.870687,5,2.778408,-0.031019,0.265625
1784159158.880691,5,2.778408,-0.038774,0.257812
1784159158.890697,5,2.778438,0.019387,0.265625
1784159158.900689,5,2.778408,-0.038774,0.257812
1784159158.910720,5,2.778408,-0.038774,0.257812
1784159158.920690,5,2.778378,-0.096934,0.257812
1784159158.930687,5,2.778408,-0.023264,0.265625
1784159158.940690,5,2.778408,-0.011632,0.265625
1784159158.950691,5,2.778438,0.019387,0.257812
1784159158.960688,5,2.778378,-0.085302,0.257812
1784159158.970672,5,2.778408,-0.031019,0.265625
1784159158.980669,5,2.778408,-0.034896,0.265625
1784159158.990677,5,2.778438,0.015509,0.265625
1784159159.000669,5,2.778438,0.019387,0.265625
1784159159.010670,5,2.778408,-0.031019,0.265625
1784159159.020667,5,2.778408,-0.031019,0.265625
1784159159.030667,5,2.778408,-0.038774,0.265625
1784159159.040674,5,2.778438,0.019387,0.265625
1784159159.050674,5,2.778408,-0.031019,0.265625
1784159159.060669,5,2.778408,-0.038774,0.265625
1784159159.070668,5,2.778438,0.015509,0.257812
1784159159.080674,5,2.778438,0.015509,0.257812
1784159159.090668,5,2.778408,-0.023264,0.257812
1784159159.100786,5,2.778438,0.019387,0.265625
1784159159.110670,5,2.778408,0.015509,0.265625
1784159159.120670,5,2.778408,-0.038774,0.257812
1784159159.130669,5,2.778408,-0.019387,0.257812
1784159159.140671,5,2.778408,-0.023264,0.269531
1784159159.150672,5,2.778408,-0.023264,0.265625
1784159159.160672,5,2.778408,-0.031019,0.265625
1784159159.170674,5,2.778438,0.023264,0.257812
1784159159.180668,5,2.778408,-0.015509,0.265625
1784159159.190671,5,2.778378,-0.089180,0.253906
1784159159.200668,5,2.778408,-0.038774,0.265625
1784159159.210673,5,2.778438,0.019387,0.257812
1784159159.220670,5,2.778408,-0.023264,0.265625
1784159159.230669,5,2.778408,-0.034896,0.265625
1784159159.240648,5,2.778408,-0.038774,0.265625
1784159159.250650,5,2.778408,-0.042651,0.265625
1784159159.260650,5,2.778438,0.023264,0.265625
1784159159.270651,5,2.778408,-0.011632,0.257812
1784159159.280648,5,2.778408,-0.038774,0.265625
1784159159.290655,5,2.778438,0.054283,0.265625
1784159159.300679,5,2.778438,0.019387,0.265625
1784159159.310651,5,2.778438,0.023264,0.265625
1784159159.320672,5,2.778408,-0.023264,0.265625
1784159159.330651,5,2.778408,-0.038774,0.257812
1784159159.340654,5,2.778408,-0.038774,0.265625
1784159159.350657,5,2.778378,-0.081425,0.257812
1784159159.360651,5,2.778438,0.015509,0.265625
1784159159.370651,5,2.778408,-0.031019,0.257812
1784159159.380652,5,2.778408,-0.019387,0.265625
1784159159.390649,5,2.778408,-0.027142,0.257812
1784159159.400654,5,2.778378,-0.096934,0.257812
1784159159.410653,5,2.778408,-0.034896,0.265625
1784159159.420655,5,2.778408,-0.023264,0.265625
1784159159.430653,5,2.778438,0.031019,0.265625
1784159159.440672,5,2.778438,-0.015509,0.269531
1784159159.450657,5,2.778378,-0.085302,0.257812
1784159159.460651,5,2.778408,-0.038774,0.265625
1784159159.470652,5,2.778408,0.042651,0.265625
1784159159.480655,5,2.778408,0.034896,0.265625
1784159159.490652,5,2.778408,-0.019387,0.257812
1784159159.500657,5,2.778408,-0.031019,0.265625
1784159159.510665,5,2.778408,-0.011632,0.265625
1784159159.520633,5,2.778438,0.038774,0.265625
1784159159.530706,5,2.778438,0.031019,0.265625
1784159159.540636,5,2.778438,0.034896,0.265625
1784159159.550632,5,2.778408,-0.038774,0.257812
1784159159.560634,5,2.778408,-0.038774,0.265625
1784159159.570634,5,2.778408,-0.019387,0.257812
1784159159.580634,5,2.778408,-0.034896,0.265625
1784159159.590630,5,2.778408,-0.081425,0.265625
1784159159.600633,5,2.778438,0.019387,0.265625
1784159159.610636,5,2.778438,0.019387,0.265625
1784159159.620634,5,2.778408,-0.038774,0.265625
1784159159.630635,5,2.778438,0.023264,0.265625
1784159159.640639,5,2.778408,-0.042651,0.265625
1784159159.650635,5,2.778408,-0.023264,0.265625
1784159159.660702,5,2.778408,-0.038774,0.265625
1784159159.670636,5,2.778408,-0.031019,0.265625
1784159159.680636,5,2.778408,-0.031019,0.265625
1784159159.690638,5,2.778378,-0.096934,0.257812
1784159159.700635,5,2.778408,-0.042651,0.257812
1784159159.710635,5,2.778408,-0.019387,0.265625
1784159159.720636,5,2.778438,0.019387,0.269531
1784159159.730635,5,2.778378,-0.096934,0.265625
1784159159.740635,5,2.778408,-0.038774,0.265625
1784159159.750638,5,2.778408,-0.011632,0.269531
1784159159.760634,5,2.778408,-0.015509,0.265625
1784159159.770619,5,2.778408,-0.031019,0.265625
1784159159.780619,5,2.778408,-0.038774,0.265625
1784159159.790620,5,2.778408,-0.034896,0.265625
1784159159.800617,5,2.778438,0.031019,0.257812
1784159159.810611,5,2.778378,-0.089180,0.265625
1784159159.820619,5,2.778408,-0.003877,0.265625
1784159159.830619,5,2.778408,-0.034896,0.257812
1784159159.840620,5,2.778408,-0.038774,0.257812
1784159159.850620,5,2.778408,-0.038774,0.257812
1784159159.860621,5,2.778408,-0.031019,0.265625
1784159159.870620,5,2.778408,-0.034896,0.265625
1784159159.880618,5,2.778378,-0.089180,0.265625
1784159159.890624,5,2.778408,-0.038774,0.265625
1784159159.900617,5,2.778408,-0.031019,0.265625
1784159159.910629,5,2.778408,-0.085302,0.265625
1784159159.920620,5,2.778408,-0.038774,0.265625
1784159159.930625,5,2.778438,0.038774,0.265625
1784159159.940620,5,2.778438,0.000000,0.265625
1784159159.950618,5,2.778408,-0.054283,0.257812
1784159159.960620,5,2.778438,0.019387,0.265625
1784159159.970628,5,2.778438,0.015509,0.257812
1784159159.980694,5,2.778438,0.015509,0.265625
1784159159.990615,5,2.778408,-0.038774,0.265625
1784159160.000618,5,2.778438,0.027142,0.257812
1784159160.010614,5,2.778408,-0.034896,0.269531
1784159160.020627,5,2.778438,0.023264,0.269531
1784159160.030613,5,2.778408,-0.042651,0.265625
1784159160.040686,5,2.778408,-0.034896,0.265625
1784159160.050624,5,2.778378,-0.077547,0.265625
1784159160.060664,5,2.778438,0.023264,0.265625
1784159160.070783,5,2.778408,-0.031019,0.265625
1784159160.080604,5,2.778408,-0.023264,0.265625
1784159160.090608,5,2.778438,0.023264,0.257812
1784159160.100668,5,2.778408,-0.034896,0.265625
1784159160.110601,5,2.778438,0.019387,0.265625
1784159160.120599,5,2.778408,-0.034896,0.265625
1784159160.130604,5,2.778408,-0.031019,0.257812
1784159160.140603,5,2.778408,-0.038774,0.265625
1784159160.150604,5,2.778408,-0.015509,0.265625
1784159160.160599,5,2.778408,-0.038774,0.257812
1784159160.170601,5,2.778408,-0.034896,0.265625
1784159160.180601,5,2.778438,0.023264,0.265625
1784159160.190609,5,2.778378,-0.069793,0.265625
1784159160.200604,5,2.778408,-0.034896,0.269531
1784159160.210604,5,2.778408,-0.038774,0.265625
1784159160.220602,5,2.778408,-0.027142,0.257812
1784159160.230611,5,2.778438,0.019387,0.257812
1784159160.240681,5,2.778438,0.023264,0.265625
1784159160.250606,5,2.778408,-0.042651,0.257812
1784159160.260605,5,2.778408,-0.042651,0.257812
1784159160.270601,5,2.778408,0.023264,0.265625
1784159160.280611,5,2.778408,-0.027142,0.265625
1784159160.290606,5,2.778408,-0.050406,0.257812
1784159160.300588,5,2.778408,-0.027142,0.265625
1784159160.310606,5,2.778408,-0.023264,0.265625
1784159160.320612,5,2.778408,-0.042651,0.257812
1784159160.330580,5,2.778408,-0.034896,0.257812
1784159160.340581,5,2.778408,-0.023264,0.265625
1784159160.350577,5,2.778438,0.019387,0.269531
1784159160.360584,5,2.778408,-0.015509,0.265625
1784159160.370655,5,2.778408,-0.031019,0.265625
1784159160.380673,5,2.778378,-0.093057,0.257812
1784159160.390583,5,2.778408,-0.089180,0.265625
1784159160.400587,5,2.778438,0.019387,0.257812
1784159160.410582,5,2.778438,0.019387,0.257812
1784159160.420589,5,2.778408,-0.038774,0.265625
1784159160.430589,5,2.778408,-0.038774,0.265625
1784159160.440588,5,2.778408,-0.027142,0.265625
1784159160.450590,5,2.778378,-0.089180,0.257812
1784159160.460582,5,2.778438,0.023264,0.265625
1784159160.470582,5,2.778408,-0.038774,0.265625
1784159160.480584,5,2.778438,0.019387,0.265625
1784159160.490581,5,2.778408,-0.046528,0.265625
1784159160.500610,5,2.778438,0.027142,0.265625
1784159160.510583,5,2.778408,-0.027142,0.265625
1784159160.520635,5,2.778378,-0.081425,0.265625
1784159160.530735,5,2.778408,-0.038774,0.265625
1784159160.540587,5,2.778408,-0.034896,0.265625
1784159160.550581,5,2.778438,0.019387,0.257812
1784159160.560590,5,2.778438,0.019387,0.265625
1784159160.570587,5,2.778438,0.031019,0.265625
1784159160.580573,5,2.778408,-0.019387,0.265625
1784159160.590582,5,2.778438,0.019387,0.265625
1784159160.600581,5,2.778438,0.011632,0.257812
1784159160.610561,5,2.778438,0.031019,0.265625
1784159160.620563,5,2.778408,-0.038774,0.265625
1784159160.631562,5,2.778378,-0.077547,0.265625
1784159160.640561,5,2.778408,0.019387,0.265625
1784159160.650561,5,2.778438,-0.031019,0.257812
1784159160.660562,5,2.778408,-0.038774,0.257812
1784159160.670561,5,2.778408,-0.038774,0.265625
1784159160.680562,5,2.778408,-0.034896,0.257812
1784159160.690561,5,2.778438,-0.038774,0.265625
1784159160.700560,5,2.778408,-0.038774,0.265625
1784159160.710561,5,2.778438,0.011632,0.257812
1784159160.720563,5,2.778408,-0.034896,0.257812
1784159160.730564,5,2.778408,-0.034896,0.265625
1784159160.740579,5,2.778408,-0.038774,0.265625
1784159160.750562,5,2.778438,0.023264,0.265625
1784159160.760560,5,2.778378,-0.069793,0.265625
1784159160.770562,5,2.778408,-0.011632,0.265625
1784159160.780560,5,2.778408,-0.038774,0.265625
1784159160.790569,5,2.778438,0.019387,0.257812
1784159160.800564,5,2.778408,-0.038774,0.265625
1784159160.810561,5,2.778438,0.031019,0.257812
1784159160.820561,5,2.778438,0.011632,0.265625
1784159160.830561,5,2.778408,-0.023264,0.265625
1784159160.840562,5,2.778438,0.011632,0.265625
1784159160.850570,5,2.778438,0.003877,0.265625
1784159160.860562,5,2.778378,-0.081425,0.265625
1784159160.870551,5,2.778408,-0.027142,0.265625
1784159160.880544,5,2.778378,-0.085302,0.257812
1784159160.890545,5,2.778408,-0.038774,0.265625
1784159160.900541,5,2.778408,-0.042651,0.265625
1784159160.910545,5,2.778408,-0.038774,0.265625
1784159160.920542,5,2.778408,-0.038774,0.257812
1784159160.930542,5,2.778408,0.019387,0.265625
1784159160.940543,5,2.778408,-0.038774,0.257812
1784159160.950546,5,2.778408,0.015509,0.265625
1784159160.960549,5,2.778438,0.019387,0.265625
1784159160.970543,5,2.778408,-0.038774,0.265625
1784159160.980544,5,2.778408,-0.038774,0.269531
1784159160.990544,5,2.778438,-0.034896,0.265625
1784159161.000545,5,2.778408,-0.038774,0.257812
1784159161.010544,5,2.778408,-0.023264,0.257812
1784159161.020542,5,2.778408,0.019387,0.265625
1784159161.030547,5,2.778408,-0.050406,0.257812
1784159161.040548,5,2.778408,-0.023264,0.265625
1784159161.050545,5,2.778438,0.015509,0.257812
1784159161.060546,5,2.778408,-0.031019,0.265625
1784159161.070546,5,2.778408,-0.023264,0.257812
1784159161.080543,5,2.778438,0.042651,0.257812
1784159161.090545,5,2.778408,-0.015509,0.265625
1784159161.100546,5,2.778408,-0.034896,0.265625
1784159161.110545,5,2.778438,0.015509,0.257812
1784159161.120544,5,2.778408,-0.031019,0.265625
1784159161.130546,5,2.778408,-0.034896,0.257812
1784159161.140545,5,2.778408,-0.031019,0.265625
1784159161.151532,5,2.778438,0.031019,0.265625
1784159161.160523,5,2.778438,0.038774,0.265625
1784159161.170523,5,2.778378,-0.093057,0.257812
1784159161.180529,5,2.778408,-0.031019,0.265625
1784159161.190524,5,2.778378,-0.081425,0.265625
1784159161.200526,5,2.778438,0.007755,0.265625
1784159161.210526,5,2.778408,-0.027142,0.257812
1784159161.220524,5,2.778438,0.031019,0.265625
1784159161.230525,5,2.778408,-0.038774,0.265625
1784159161.240527,5,2.778408,-0.031019,0.265625
1784159161.250524,5,2.778438,0.019387,0.265625
1784159161.260525,5,2.778408,-0.034896,0.265625
1784159161.270526,5,2.778408,-0.038774,0.257812
1784159161.280527,5,2.778408,-0.042651,0.265625
1784159161.290526,5,2.778438,0.038774,0.265625
1784159161.300526,5,2.778408,-0.038774,0.265625
1784159161.310527,5,2.778408,-0.038774,0.265625
1784159161.320526,5,2.778408,-0.034896,0.265625
1784159161.330526,5,2.778408,-0.003877,0.265625
1784159161.340524,5,2.778408,-0.034896,0.257812
1784159161.350528,5,2.778408,-0.015509,0.265625
1784159161.360526,5,2.778378,-0.093057,0.257812
1784159161.370529,5,2.778438,0.023264,0.265625
1784159161.380526,5,2.778408,-0.038774,0.265625
1784159161.390529,5,2.778438,0.027142,0.265625
1784159161.400526,5,2.778408,-0.034896,0.265625
1784159161.410507,5,2.778438,0.034896,0.265625
1784159161.420510,5,2.778408,-0.031019,0.265625
1784159161.430510,5,2.778408,-0.038774,0.257812
1784159161.440516,5,2.778438,0.011632,0.257812
1784159161.450510,5,2.778438,0.019387,0.265625
1784159161.460511,5,2.778408,-0.027142,0.265625
1784159161.470515,5,2.778378,-0.093057,0.265625
1784159161.480511,5,2.778408,-0.031019,0.265625
1784159161.490595,5,2.778408,-0.027142,0.265625
1784159161.501512,5,2.778408,0.019387,0.257812
1784159161.510510,5,2.778408,-0.038774,0.265625
1784159161.520518,5,2.778408,0.015509,0.257812
1784159161.530514,5,2.778438,0.023264,0.257812
1784159161.540512,5,2.778408,-0.023264,0.265625
1784159161.550515,5,2.778408,0.023264,0.265625
1784159161.560513,5,2.778408,0.038774,0.265625
1784159161.570518,5,2.778408,-0.038774,0.265625
1784159161.580515,5,2.778408,-0.027142,0.257812
1784159161.590513,5,2.778408,-0.031019,0.265625
1784159161.600512,5,2.778438,0.019387,0.265625
1784159161.610512,5,2.778438,0.023264,0.269531
1784159161.620511,5,2.778408,-0.027142,0.265625
1784159161.630512,5,2.778408,-0.019387,0.265625
1784159161.640513,5,2.778408,-0.031019,0.265625
1784159161.650512,5,2.778438,0.034896,0.265625
1784159161.660516,5,2.778408,-0.034896,0.265625
1784159161.670491,5,2.778408,-0.034896,0.265625
1784159161.680491,5,2.778408,-0.034896,0.269531
1784159161.690491,5,2.778408,-0.038774,0.265625
1784159161.700488,5,2.778408,-0.042651,0.265625
1784159161.710488,5,2.778378,0.015509,0.269531
1784159161.720486,5,2.778378,-0.034896,0.265625
1784159161.730489,5,2.778408,-0.031019,0.265625
1784159161.740491,5,2.778408,-0.034896,0.257812
1784159161.750490,5,2.778438,0.015509,0.265625
1784159161.760491,5,2.778438,0.034896,0.265625
1784159161.770489,5,2.778438,0.031019,0.265625
1784159161.780493,5,2.778408,-0.015509,0.265625
1784159161.790490,5,2.778408,-0.034896,0.257812
1784159161.800489,5,2.778408,-0.038774,0.265625
1784159161.810491,5,2.778378,-0.096934,0.265625
1784159161.820489,5,2.778408,-0.027142,0.257812
1784159161.830490,5,2.778438,0.007755,0.257812
1784159161.840489,5,2.778408,-0.038774,0.257812
1784159161.850492,5,2.778408,-0.038774,0.265625
1784159161.860492,5,2.778408,-0.050406,0.265625
1784159161.870490,5,2.778378,-0.093057,0.265625
1784159161.880493,5,2.778438,0.023264,0.265625
1784159161.890490,5,2.778438,0.015509,0.257812
1784159161.900491,5,2.778378,-0.085302,0.265625
1784159161.910492,5,2.778408,-0.038774,0.265625
1784159161.920562,5,2.778408,-0.027142,0.257812
1784159161.930493,5,2.778438,0.011632,0.265625
1784159161.940495,5,2.778408,-0.038774,0.265625
1784159161.950502,5,2.778408,-0.019387,0.265625
1784159161.960490,5,2.778408,-0.038774,0.257812
1784159161.970472,5,2.778438,0.015509,0.257812
1784159161.980475,5,2.778438,0.023264,0.265625
1784159161.990470,5,2.778438,0.019387,0.265625
1784159162.000474,5,2.778408,-0.027142,0.265625
1784159162.010472,5,2.778408,-0.062038,0.257812
1784159162.020473,5,2.778378,-0.069793,0.265625
1784159162.030478,5,2.778408,-0.038774,0.257812
1784159162.040476,5,2.778408,-0.034896,0.265625
1784159162.050475,5,2.778438,0.015509,0.257812
1784159162.060538,5,2.778438,0.034896,0.265625
1784159162.070534,5,2.778408,-0.038774,0.269531
1784159162.080574,5,2.778378,-0.089180,0.257812
1784159162.090477,5,2.778408,-0.027142,0.265625
1784159162.100475,5,2.778408,-0.034896,0.265625
1784159162.110479,5,2.778378,-0.069793,0.265625
1784159162.120472,5,2.778438,0.023264,0.257812
1784159162.130473,5,2.778438,0.011632,0.257812
1784159162.140474,5,2.778438,0.031019,0.265625
1784159162.150472,5,2.778438,0.015509,0.257812
1784159162.160473,5,2.778408,-0.038774,0.257812
1784159162.170474,5,2.778408,-0.027142,0.265625
1784159162.180473,5,2.778438,0.011632,0.265625
1784159162.190474,5,2.778408,-0.027142,0.257812
1784159162.200475,5,2.778408,-0.027142,0.265625
1784159162.210474,5,2.778438,0.019387,0.265625
1784159162.220474,5,2.778408,-0.003877,0.265625
1784159162.230476,5,2.778408,-0.038774,0.265625
1784159162.240476,5,2.778408,-0.031019,0.265625
1784159162.250453,5,2.778438,0.042651,0.269531
1784159162.260461,5,2.778438,0.038774,0.265625
1784159162.270455,5,2.778438,0.019387,0.265625
1784159162.280457,5,2.778408,-0.038774,0.265625
1784159162.290460,5,2.778438,0.042651,0.265625
1784159162.300456,5,2.778438,0.031019,0.265625
1784159162.310457,5,2.778408,-0.015509,0.265625
1784159162.320457,5,2.778408,-0.019387,0.265625
1784159162.330457,5,2.778378,-0.085302,0.265625
1784159162.340560,5,2.778408,-0.031019,0.265625
1784159162.350454,5,2.778408,-0.038774,0.257812
1784159162.360453,5,2.778408,-0.038774,0.257812
1784159162.370454,5,2.778408,-0.023264,0.265625
1784159162.380454,5,2.778408,-0.031019,0.265625
1784159162.390454,5,2.778469,0.077547,0.265625
1784159162.400453,5,2.778408,-0.007755,0.265625
1784159162.410454,5,2.778408,-0.023264,0.265625
1784159162.420454,5,2.778408,-0.038774,0.265625
1784159162.430454,5,2.778438,0.015509,0.265625
1784159162.440457,5,2.778438,0.015509,0.265625
1784159162.450455,5,2.778378,-0.073670,0.265625
1784159162.460455,5,2.778408,-0.031019,0.265625
1784159162.470459,5,2.778408,-0.038774,0.265625
1784159162.480458,5,2.778408,-0.038774,0.257812
1784159162.490457,5,2.778408,-0.011632,0.269531
1784159162.500459,5,2.778438,0.027142,0.265625
1784159162.510457,5,2.778438,0.038774,0.257812
1784159162.520434,5,2.778408,-0.031019,0.265625
1784159162.530438,5,2.778438,0.023264,0.257812
1784159162.540435,5,2.778438,0.019387,0.265625
1784159162.550441,5,2.778438,0.023264,0.257812
1784159162.560437,5,2.778438,0.027142,0.265625
1784159162.570436,5,2.778408,-0.038774,0.257812
1784159162.580435,5,2.778438,0.015509,0.257812
1784159162.590440,5,2.778408,-0.011632,0.265625
1784159162.600437,5,2.778408,-0.019387,0.265625
1784159162.610435,5,2.778408,-0.027142,0.265625
1784159162.620435,5,2.778408,-0.038774,0.265625
1784159162.630439,5,2.778408,-0.015509,0.257812
1784159162.640438,5,2.778438,0.031019,0.265625
1784159162.650439,5,2.778408,-0.046528,0.257812
1784159162.660444,5,2.778408,-0.042651,0.257812
1784159162.670439,5,2.778438,0.015509,0.257812
1784159162.680437,5,2.778408,-0.046528,0.257812
1784159162.690438,5,2.778408,-0.023264,0.265625
1784159162.700437,5,2.778378,-0.023264,0.265625
1784159162.710444,5,2.778408,-0.038774,0.257812
1784159162.720448,5,2.778408,-0.034896,0.265625
1784159162.730451,5,2.778408,-0.023264,0.265625
1784159162.740438,5,2.778408,-0.031019,0.265625
1784159162.750443,5,2.778438,0.019387,0.265625
1784159162.760438,5,2.778408,-0.015509,0.257812
1784159162.770442,5,2.778438,0.034896,0.269531
1784159162.780442,5,2.778408,-0.034896,0.265625
1784159162.790441,5,2.778408,-0.031019,0.265625
1784159162.800420,5,2.778408,-0.038774,0.257812
1784159162.810417,5,2.778408,0.031019,0.265625
1784159162.820422,5,2.778408,-0.038774,0.265625
1784159162.830512,5,2.778438,0.019387,0.265625
1784159162.840418,5,2.778378,-0.093057,0.257812
1784159162.850503,5,2.778378,-0.077547,0.257812
1784159162.860422,5,2.778378,-0.077547,0.265625
1784159162.870421,5,2.778408,-0.027142,0.257812
1784159162.880428,5,2.778438,0.003877,0.257812
1784159162.890423,5,2.778408,-0.015509,0.257812
1784159162.900419,5,2.778408,-0.038774,0.265625
1784159162.910421,5,2.778408,-0.011632,0.265625
1784159162.920421,5,2.778438,0.031019,0.257812
1784159162.930420,5,2.778438,0.027142,0.265625
1784159162.940421,5,2.778438,0.023264,0.265625
1784159162.950420,5,2.778438,0.011632,0.257812
1784159162.960419,5,2.778408,-0.019387,0.265625
1784159162.970422,5,2.778408,-0.034896,0.257812
1784159162.980421,5,2.778408,-0.038774,0.257812
1784159162.990419,5,2.778438,0.019387,0.265625
1784159163.000427,5,2.778378,-0.093057,0.265625
1784159163.010430,5,2.778408,-0.027142,0.257812
1784159163.020420,5,2.778408,-0.038774,0.265625
1784159163.030426,5,2.778438,0.015509,0.265625
1784159163.040430,5,2.778438,0.015509,0.265625
1784159163.051421,5,2.778438,0.019387,0.265625
1784159163.060422,5,2.778408,-0.023264,0.265625
1784159163.070407,5,2.778408,-0.038774,0.257812
1784159163.080402,5,2.778408,-0.031019,0.265625
1784159163.090403,5,2.778438,0.031019,0.269531
1784159163.100403,5,2.778438,0.011632,0.265625
1784159163.110411,5,2.778438,0.023264,0.265625
1784159163.120403,5,2.778408,-0.031019,0.265625
1784159163.130410,5,2.778438,0.023264,0.257812
1784159163.140406,5,2.778408,-0.031019,0.257812
1784159163.150405,5,2.778408,-0.027142,0.265625
1784159163.161404,5,2.778438,-0.085302,0.265625
1784159163.170403,5,2.778408,-0.027142,0.265625
1784159163.180408,5,2.778408,-0.027142,0.265625
1784159163.190406,5,2.778408,-0.038774,0.265625
1784159163.200409,5,2.778408,-0.019387,0.265625
1784159163.210404,5,2.778408,-0.085302,0.265625
1784159163.221404,5,2.778438,0.011632,0.257812
1784159163.230408,5,2.778438,0.015509,0.265625
1784159163.241404,5,2.778408,-0.038774,0.265625
1784159163.251407,5,2.778408,-0.038774,0.265625
1784159163.261414,5,2.778378,-0.069793,0.265625
1784159163.270404,5,2.778378,-0.073670,0.265625
1784159163.281406,5,2.778408,-0.015509,0.265625
1784159163.290406,5,2.778408,-0.038774,0.265625
1784159163.301412,5,2.778408,-0.031019,0.265625
1784159163.311412,5,2.778408,-0.038774,0.265625
1784159163.321394,5,2.778438,0.011632,0.257812
1784159163.331387,5,2.778378,-0.077547,0.269531
1784159163.341386,5,2.778438,0.015509,0.265625
1784159163.351386,5,2.778408,-0.003877,0.265625
1784159163.361397,5,2.778408,-0.038774,0.265625
1784159163.371382,5,2.778408,-0.038774,0.265625
1784159163.381385,5,2.778408,-0.027142,0.257812
1784159163.391384,5,2.778408,-0.038774,0.265625
1784159163.401383,5,2.778438,0.027142,0.269531
1784159163.411385,5,2.778408,-0.019387,0.265625
1784159163.421384,5,2.778408,-0.015509,0.265625
1784159163.431384,5,2.778438,0.023264,0.265625
1784159163.441387,5,2.778408,-0.031019,0.265625
1784159163.451384,5,2.778378,-0.093057,0.265625
1784159163.461386,5,2.778438,0.023264,0.265625
1784159163.471386,5,2.778438,0.019387,0.257812
1784159163.481390,5,2.778408,-0.023264,0.265625
1784159163.491386,5,2.778408,-0.031019,0.257812
1784159163.501385,5,2.778378,-0.065915,0.265625
1784159163.511386,5,2.778438,0.019387,0.265625
1784159163.521386,5,2.778408,-0.034896,0.265625
1784159163.531389,5,2.778408,-0.038774,0.265625
1784159163.541387,5,2.778408,-0.031019,0.265625
1784159163.551389,5,2.778408,-0.038774,0.265625
1784159163.561394,5,2.778438,0.019387,0.257812
1784159163.571390,5,2.778408,0.023264,0.257812
1784159163.581397,5,2.778408,-0.015509,0.265625
1784159163.591386,5,2.778438,0.027142,0.265625
1784159163.601388,5,2.778408,-0.093057,0.257812
1784159163.611366,5,2.778408,-0.027142,0.265625
1784159163.621464,5,2.778408,-0.031019,0.265625
1784159163.631372,5,2.778408,-0.042651,0.265625
1784159163.641369,5,2.778408,-0.034896,0.265625
1784159163.651372,5,2.778378,-0.093057,0.265625
1784159163.661465,5,2.778408,-0.034896,0.265625
1784159163.671365,5,2.778408,0.011632,0.265625
1784159163.681371,5,2.778438,-0.031019,0.265625
1784159163.691365,5,2.778408,-0.027142,0.265625
1784159163.701365,5,2.778438,0.031019,0.265625
1784159163.711366,5,2.778408,-0.031019,0.265625
1784159163.721365,5,2.778378,-0.085302,0.269531
1784159163.731366,5,2.778408,-0.019387,0.265625
1784159163.741366,5,2.778408,-0.023264,0.265625
1784159163.751369,5,2.778438,0.023264,0.265625
1784159163.761485,5,2.778408,-0.034896,0.265625
1784159163.771462,5,2.778408,-0.038774,0.265625
1784159163.781380,5,2.778438,-0.038774,0.265625
1784159163.791368,5,2.778438,0.027142,0.265625
1784159163.801373,5,2.778438,0.011632,0.257812
1784159163.811377,5,2.778408,-0.038774,0.257812
1784159163.821368,5,2.778408,-0.027142,0.265625
1784159163.831371,5,2.778408,-0.015509,0.265625
1784159163.841371,5,2.778408,-0.023264,0.265625
1784159163.851371,5,2.778438,0.034896,0.265625
1784159163.861369,5,2.778378,-0.093057,0.265625
1784159163.871350,5,2.778408,-0.015509,0.257812
1784159163.881370,5,2.778378,-0.093057,0.265625
1784159163.891349,5,2.778408,-0.038774,0.265625
1784159163.901350,5,2.778438,0.019387,0.265625
1784159163.911352,5,2.778408,-0.038774,0.265625
1784159163.921350,5,2.778438,0.023264,0.265625
1784159163.931349,5,2.778408,-0.031019,0.265625
1784159163.941348,5,2.778378,-0.089180,0.265625
1784159163.951352,5,2.778408,-0.011632,0.265625
1784159163.961351,5,2.778408,-0.038774,0.257812
1784159163.971350,5,2.778408,-0.042651,0.265625
1784159163.981348,5,2.778408,-0.038774,0.257812
1784159163.991348,5,2.778378,-0.085302,0.265625
1784159164.001349,5,2.778408,-0.034896,0.265625
1784159164.011358,5,2.778408,-0.031019,0.265625
1784159164.021348,5,2.778408,-0.007755,0.269531
1784159164.031358,5,2.778408,-0.031019,0.265625
1784159164.041349,5,2.778438,0.019387,0.257812
1784159164.051360,5,2.778408,-0.089180,0.265625
1784159164.061349,5,2.778408,-0.034896,0.257812
1784159164.071357,5,2.778408,-0.023264,0.265625
1784159164.081356,5,2.778408,-0.034896,0.265625
1784159164.091356,5,2.778408,-0.034896,0.257812
1784159164.101356,5,2.778408,-0.034896,0.269531
1784159164.111357,5,2.778438,0.034896,0.265625
1784159164.121349,5,2.778438,0.019387,0.265625
1784159164.131351,5,2.778408,-0.027142,0.265625
1784159164.141353,5,2.778438,0.019387,0.265625
1784159164.151348,5,2.778438,0.019387,0.265625
1784159164.161329,5,2.778378,-0.015509,0.265625
1784159164.171330,5,2.778408,0.023264,0.265625
1784159164.181337,5,2.778408,0.023264,0.265625
1784159164.191332,5,2.778408,-0.038774,0.257812
1784159164.201331,5,2.778438,-0.096934,0.257812
1784159164.211329,5,2.778378,-0.085302,0.257812
1784159164.221344,5,2.778408,-0.023264,0.265625
1784159164.231333,5,2.778408,-0.034896,0.265625
1784159164.241333,5,2.778408,-0.031019,0.265625
1784159164.251331,5,2.778438,0.015509,0.265625
1784159164.261329,5,2.778408,-0.038774,0.265625
1784159164.271334,5,2.778408,-0.023264,0.265625
1784159164.281330,5,2.778408,-0.027142,0.257812
1784159164.291329,5,2.778438,0.019387,0.265625
1784159164.301332,5,2.778408,-0.027142,0.265625
1784159164.311330,5,2.778408,-0.027142,0.265625
1784159164.321332,5,2.778408,-0.027142,0.257812
1784159164.331331,5,2.778438,0.023264,0.257812
1784159164.341331,5,2.778408,-0.031019,0.265625
1784159164.351330,5,2.778378,-0.081425,0.265625
1784159164.361333,5,2.778408,-0.034896,0.265625
1784159164.371341,5,2.778408,-0.031019,0.265625
1784159164.381339,5,2.778408,-0.038774,0.257812
1784159164.391341,5,2.778378,-0.069793,0.265625
1784159164.401321,5,2.778408,-0.027142,0.257812
1784159164.411340,5,2.778378,-0.085302,0.265625
1784159164.421339,5,2.778408,-0.027142,0.265625
1784159164.431340,5,2.778408,-0.038774,0.257812
1784159164.441325,5,2.778378,-0.089180,0.253906
1784159164.451325,5,2.778408,-0.027142,0.257812
1784159164.461320,5,2.778438,0.034896,0.257812
1784159164.471324,5,2.778408,-0.089180,0.265625
1784159164.481323,5,2.778408,-0.023264,0.265625
1784159164.491321,5,2.778408,-0.031019,0.265625
1784159164.501322,5,2.778408,-0.034896,0.265625
1784159164.511322,5,2.778378,-0.065915,0.269531
1784159164.521320,5,2.778408,-0.038774,0.265625
1784159164.531326,5,2.778408,-0.023264,0.265625
1784159164.541322,5,2.778408,-0.031019,0.265625
1784159164.551323,5,2.778408,-0.031019,0.257812
1784159164.561321,5,2.778408,-0.003877,0.265625
1784159164.571324,5,2.778408,-0.038774,0.265625
1784159164.581325,5,2.778408,-0.038774,0.269531
1784159164.591321,5,2.778408,-0.023264,0.265625
1784159164.601323,5,2.778408,-0.015509,0.265625
1784159164.611325,5,2.778438,0.023264,0.265625
1784159164.621321,5,2.778378,-0.062038,0.265625
1784159164.631329,5,2.778408,-0.007755,0.269531
1784159164.641327,5,2.778378,-0.093057,0.265625
1784159164.651325,5,2.778378,-0.093057,0.265625
1784159164.661307,5,2.778408,-0.023264,0.269531
1784159164.671323,5,2.778408,-0.034896,0.265625
1784159164.681324,5,2.778378,-0.073670,0.265625
1784159164.691323,5,2.778408,-0.023264,0.257812
1784159164.701322,5,2.778469,0.069793,0.265625
1784159164.711302,5,2.778408,-0.023264,0.257812
1784159164.721305,5,2.778408,-0.015509,0.265625
1784159164.731302,5,2.778408,-0.031019,0.265625
1784159164.741306,5,2.778408,-0.034896,0.257812
1784159164.751458,5,2.778408,-0.031019,0.265625
1784159164.761296,5,2.778408,0.023264,0.265625
1784159164.771295,5,2.778408,-0.038774,0.265625
1784159164.781381,5,2.778408,-0.034896,0.265625
1784159164.791296,5,2.778408,-0.023264,0.257812
1784159164.801295,5,2.778438,0.011632,0.265625
1784159164.811296,5,2.778408,-0.015509,0.265625
1784159164.821299,5,2.778408,-0.031019,0.265625
1784159164.831296,5,2.778438,0.031019,0.265625
1784159164.841296,5,2.778408,-0.031019,0.265625
1784159164.851300,5,2.778378,-0.073670,0.265625
1784159164.861298,5,2.778408,-0.023264,0.257812
1784159164.871298,5,2.778408,-0.038774,0.265625
1784159164.881297,5,2.778408,-0.038774,0.269531
1784159164.891296,5,2.778408,-0.023264,0.269531
1784159164.901298,5,2.778408,-0.023264,0.265625
1784159164.911298,5,2.778408,-0.023264,0.265625
1784159164.921306,5,2.778378,-0.093057,0.265625
1784159164.931300,5,2.778408,-0.011632,0.265625
1784159164.941297,5,2.778408,-0.023264,0.265625
1784159164.951278,5,2.778438,0.031019,0.257812
1784159164.961277,5,2.778408,-0.038774,0.265625
1784159164.971275,5,2.778408,-0.031019,0.257812
1784159164.981278,5,2.778438,0.038774,0.265625
1784159164.991278,5,2.778438,0.019387,0.265625
1784159165.001277,5,2.778438,0.027142,0.265625
1784159165.011283,5,2.778408,-0.038774,0.265625
1784159165.021276,5,2.778408,-0.015509,0.265625
1784159165.031276,5,2.778408,-0.031019,0.265625
1784159165.041280,5,2.778378,-0.069793,0.265625
1784159165.051290,5,2.778408,0.000000,0.265625
1784159165.061275,5,2.778438,0.027142,0.265625
1784159165.071276,5,2.778408,-0.023264,0.257812
1784159165.081285,5,2.778408,-0.031019,0.265625
1784159165.091277,5,2.778408,-0.038774,0.257812
1784159165.101278,5,2.778378,-0.093057,0.257812
1784159165.111281,5,2.778378,-0.085302,0.265625
1784159165.121276,5,2.778438,0.019387,0.265625
1784159165.131279,5,2.778408,-0.027142,0.257812
1784159165.141277,5,2.778438,0.019387,0.257812
1784159165.151276,5,2.778378,-0.081425,0.257812
1784159165.161283,5,2.778438,0.046528,0.265625
1784159165.171282,5,2.778438,0.031019,0.265625
1784159165.181286,5,2.778408,-0.019387,0.265625
1784159165.191279,5,2.778438,0.023264,0.265625
1784159165.201279,5,2.778438,0.027142,0.265625
1784159165.211278,5,2.778408,-0.034896,0.265625
1784159165.221278,5,2.778378,-0.085302,0.265625
1784159165.231279,5,2.778378,-0.081425,0.269531
1784159165.241282,5,2.778408,-0.031019,0.265625
1784159165.251260,5,2.778438,0.023264,0.265625
1784159165.261257,5,2.778408,-0.042651,0.265625
1784159165.271276,5,2.778438,0.027142,0.265625
1784159165.281257,5,2.778408,-0.038774,0.257812
1784159165.291257,5,2.778408,-0.027142,0.265625
1784159165.301256,5,2.778408,-0.042651,0.265625
1784159165.311257,5,2.778408,-0.007755,0.265625
1784159165.321260,5,2.778408,-0.015509,0.257812
1784159165.331257,5,2.778408,-0.015509,0.257812
1784159165.341259,5,2.778438,0.042651,0.265625
1784159165.351258,5,2.778438,0.015509,0.265625
1784159165.361262,5,2.778408,-0.023264,0.265625
1784159165.371258,5,2.778408,-0.027142,0.265625
1784159165.381260,5,2.778408,-0.031019,0.265625
1784159165.391258,5,2.778408,-0.023264,0.265625
1784159165.401262,5,2.778378,0.019387,0.269531
1784159165.411262,5,2.778378,-0.073670,0.265625
1784159165.421259,5,2.778408,-0.023264,0.265625
1784159165.431263,5,2.778408,-0.019387,0.257812
1784159165.441270,5,2.778408,-0.015509,0.269531
1784159165.451265,5,2.778408,-0.031019,0.265625
1784159165.461272,5,2.778408,-0.034896,0.269531
1784159165.471263,5,2.778408,-0.031019,0.265625
1784159165.481264,5,2.778408,-0.038774,0.265625
1784159165.491263,5,2.778408,-0.031019,0.265625
1784159165.501263,5,2.778408,-0.038774,0.265625
1784159165.511265,5,2.778408,-0.019387,0.265625
1784159165.521239,5,2.778408,-0.019387,0.257812
1784159165.531238,5,2.778408,-0.031019,0.257812
1784159165.541241,5,2.778408,0.023264,0.257812
1784159165.551240,5,2.778408,-0.085302,0.257812
1784159165.561241,5,2.778408,-0.034896,0.265625
1784159165.571241,5,2.778408,-0.034896,0.265625
1784159165.581243,5,2.778438,0.042651,0.265625
1784159165.591242,5,2.778378,-0.069793,0.265625
1784159165.601244,5,2.778408,-0.034896,0.257812
1784159165.611245,5,2.778378,-0.069793,0.265625
1784159165.621241,5,2.778438,0.015509,0.265625
1784159165.631247,5,2.778378,-0.069793,0.265625
1784159165.641245,5,2.778378,-0.089180,0.257812
1784159165.651242,5,2.778378,-0.069793,0.265625
1784159165.661268,5,2.778408,-0.027142,0.257812
1784159165.671242,5,2.778378,-0.081425,0.265625
1784159165.681248,5,2.778408,-0.038774,0.265625
1784159165.691242,5,2.778408,-0.027142,0.265625
1784159165.701242,5,2.778408,-0.031019,0.265625
1784159165.711243,5,2.778408,-0.007755,0.265625
1784159165.721243,5,2.778408,-0.038774,0.257812
1784159165.731245,5,2.778378,-0.096934,0.265625
1784159165.741243,5,2.778408,-0.027142,0.265625
1784159165.751241,5,2.778438,0.042651,0.265625
1784159165.761319,5,2.778438,0.031019,0.265625
1784159165.771245,5,2.778408,-0.019387,0.257812
1784159165.781246,5,2.778438,0.019387,0.257812
1784159165.791280,5,2.778408,-0.038774,0.265625
1784159165.801222,5,2.778438,0.007755,0.265625
1784159165.811222,5,2.778408,-0.031019,0.257812
1784159165.821223,5,2.778408,-0.038774,0.265625
1784159165.831223,5,2.778408,-0.031019,0.265625
1784159165.841224,5,2.778408,-0.031019,0.265625
1784159165.851225,5,2.778438,0.038774,0.257812
1784159165.861223,5,2.778438,0.038774,0.257812
1784159165.871226,5,2.778408,-0.019387,0.265625
1784159165.881224,5,2.778408,-0.027142,0.265625
1784159165.891222,5,2.778438,0.019387,0.265625
1784159165.901223,5,2.778438,0.019387,0.265625
1784159165.911224,5,2.778408,-0.031019,0.265625
1784159165.921227,5,2.778408,0.011632,0.265625
1784159165.931224,5,2.778408,-0.027142,0.265625
1784159165.941342,5,2.778408,-0.038774,0.265625
1784159165.951222,5,2.778378,-0.081425,0.265625
1784159165.961222,5,2.778408,-0.038774,0.265625
1784159165.971222,5,2.778408,-0.038774,0.265625
1784159165.981228,5,2.778408,-0.038774,0.257812
1784159165.991223,5,2.778408,-0.031019,0.257812
1784159166.002231,5,2.778408,-0.046528,0.265625
1784159166.011228,5,2.778408,-0.038774,0.257812
1784159166.021231,5,2.778378,0.015509,0.265625
1784159166.031228,5,2.778408,-0.031019,0.257812
1784159166.041228,5,2.778408,-0.034896,0.265625
1784159166.051224,5,2.778438,-0.042651,0.257812
1784159166.061226,5,2.778408,-0.093057,0.257812
1784159166.071203,5,2.778438,0.023264,0.257812
1784159166.081409,5,2.778408,-0.038774,0.265625
1784159166.091201,5,2.778408,-0.042651,0.257812
1784159166.101202,5,2.778408,-0.038774,0.265625
1784159166.111207,5,2.778408,-0.027142,0.257812
1784159166.121213,5,2.778408,-0.038774,0.265625
1784159166.131202,5,2.778408,-0.042651,0.253906
1784159166.141204,5,2.778408,-0.038774,0.265625
1784159166.151205,5,2.778408,-0.038774,0.257812
1784159166.161209,5,2.778408,-0.034896,0.265625
1784159166.171203,5,2.778408,-0.038774,0.265625
1784159166.181204,5,2.778438,0.031019,0.265625
1784159166.191206,5,2.778408,-0.027142,0.265625
1784159166.201207,5,2.778408,-0.027142,0.265625
1784159166.211204,5,2.778408,-0.031019,0.257812
1784159166.221204,5,2.778408,-0.023264,0.265625
1784159166.231205,5,2.778408,-0.038774,0.257812
1784159166.241216,5,2.778408,0.000000,0.265625
1784159166.251205,5,2.778438,0.027142,0.265625
1784159166.261204,5,2.778408,-0.027142,0.265625
1784159166.271211,5,2.778408,-0.038774,0.257812
1784159166.281205,5,2.778408,-0.038774,0.265625
1784159166.291206,5,2.778438,0.019387,0.265625
1784159166.301206,5,2.778408,-0.031019,0.265625
1784159166.311206,5,2.778408,-0.038774,0.265625
1784159166.321214,5,2.778408,-0.038774,0.265625
1784159166.331206,5,2.778438,0.019387,0.265625
1784159166.341192,5,2.778408,-0.019387,0.257812
1784159166.351189,5,2.778408,-0.027142,0.265625
1784159166.361188,5,2.778438,0.031019,0.265625
1784159166.371194,5,2.778378,-0.085302,0.257812
1784159166.381191,5,2.778438,0.019387,0.265625
1784159166.391188,5,2.778438,0.034896,0.265625
1784159166.401191,5,2.778378,-0.104689,0.265625
1784159166.411191,5,2.778408,-0.023264,0.265625
1784159166.421191,5,2.778438,0.038774,0.253906
1784159166.431192,5,2.778438,0.034896,0.265625
1784159166.441194,5,2.778408,-0.034896,0.257812
1784159166.451190,5,2.778378,-0.081425,0.257812
1784159166.461191,5,2.778438,0.034896,0.265625
1784159166.471191,5,2.778408,-0.038774,0.257812
1784159166.481295,5,2.778408,-0.027142,0.265625
1784159166.491191,5,2.778438,0.027142,0.265625
1784159166.501194,5,2.778408,-0.042651,0.257812
1784159166.511190,5,2.778438,0.019387,0.257812
1784159166.521198,5,2.778378,-0.085302,0.265625
1784159166.531197,5,2.778438,0.007755,0.257812
1784159166.541193,5,2.778408,-0.015509,0.265625
1784159166.551197,5,2.778408,-0.015509,0.265625
1784159166.561194,5,2.778408,-0.038774,0.265625
1784159166.571194,5,2.778408,-0.011632,0.265625
1784159166.581193,5,2.778408,-0.038774,0.257812
1784159166.591198,5,2.778408,-0.031019,0.265625
1784159166.601173,5,2.778438,0.011632,0.265625
1784159166.611174,5,2.778408,-0.034896,0.265625
1784159166.621170,5,2.778408,-0.038774,0.265625
1784159166.631239,5,2.778408,-0.031019,0.257812
1784159166.641259,5,2.778438,0.023264,0.265625
1784159166.651265,5,2.778408,-0.038774,0.257812
1784159166.661285,5,2.778408,-0.038774,0.265625
1784159166.671171,5,2.778438,-0.015509,0.257812
1784159166.681171,5,2.778408,0.019387,0.265625
1784159166.691172,5,2.778408,-0.038774,0.269531
1784159166.701175,5,2.778408,-0.027142,0.265625
1784159166.711282,5,2.778408,-0.038774,0.265625
1784159166.721264,5,2.778438,0.019387,0.265625
1784159166.731173,5,2.778438,0.019387,0.265625
1784159166.741252,5,2.778408,-0.038774,0.257812
1784159166.751299,5,2.778408,-0.027142,0.265625
1784159166.761173,5,2.771895,-1.077909,0.042969
1784159166.771187,5,2.760597,-1.108928,0.042969
1784159166.781186,5,2.751751,-0.775474,0.042969
1784159166.791182,5,2.745662,-0.581605,0.039062
1784159166.801181,5,2.740846,-0.418756,0.039062
1784159166.811180,5,2.736938,-0.372227,0.035156
1784159166.821187,5,2.733031,-0.449775,0.035156
1784159166.831180,5,2.727639,-0.624257,0.042969
1784159166.841185,5,2.720369,-0.744455,0.042969
1784159166.851180,5,2.712947,-0.818125,0.058594
1784159166.861181,5,2.705192,-0.814248,0.070312
1784159166.871183,5,2.696378,-0.973220,0.082031
1784159166.881180,5,2.687047,-0.856899,0.085938
1784159166.891185,5,2.678445,-0.756087,0.089844
1784159166.901165,5,2.670841,-0.686294,0.093750
1784159166.911158,5,2.663208,-0.810370,0.105469
1784159166.921160,5,2.655211,-0.891795,0.121094
1784159166.931162,5,2.645547,-1.043012,0.132812
1784159166.941161,5,2.635157,-0.996484,0.140625
1784159166.951163,5,2.625252,-0.953833,0.156250
1784159166.961161,5,2.615680,-0.977097,0.171875
1784159166.971163,5,2.605774,-1.050767,0.187500
1784159166.981163,5,2.595263,-1.112805,0.199219
1784159166.991166,5,2.584570,-1.043012,0.207031
1784159167.001165,5,2.574422,-0.973220,0.214844
1784159167.011162,5,2.564183,-1.074031,0.246094
1784159167.021163,5,2.552763,-1.163211,0.253906
1784159167.031166,5,2.540071,-1.295042,0.285156
1784159167.041163,5,2.526924,-1.314428,0.296875
1784159167.051164,5,2.514505,-1.287287,0.316406
1784159167.061166,5,2.502357,-1.298919,0.339844
1784159167.071164,5,2.490786,-1.163211,0.347656
1784159167.081165,5,2.480487,-1.027503,0.355469
1784159167.091163,5,2.471339,-0.891795,0.367188
1784159167.101231,5,2.462948,-0.775474,0.371094
1784159167.111210,5,2.455102,-0.783229,0.378906
1784159167.121169,5,2.446469,-0.887918,0.394531
1784159167.131161,5,2.437715,-0.872408,0.402344
1784159167.141161,5,2.429536,-0.713436,0.410156
1784159167.151167,5,2.421660,-0.798738,0.414062
1784159167.161139,5,2.414329,-0.744455,0.421875
1784159167.171142,5,2.406756,-0.818125,0.421875
1784159167.181147,5,2.398911,-0.779351,0.429688
1784159167.191147,5,2.391640,-0.705681,0.429688
1784159167.201142,5,2.384764,-0.701804,0.445312
1784159167.211143,5,2.377918,-0.744455,0.445312
1784159167.221141,5,2.370406,-0.864653,0.449219
1784159167.231144,5,2.362257,-0.771597,0.460938
1784159167.241140,5,2.354624,-0.643643,0.453125
1784159167.251153,5,2.348353,-0.600992,0.453125
1784159167.261143,5,2.342598,-0.608747,0.460938
1784159167.271142,5,2.336115,-0.721191,0.468750
1784159167.281143,5,2.330148,-0.442020,0.464844
1784159167.291142,5,2.325483,-0.480794,0.464844
1784159167.301148,5,2.319636,-0.736700,0.480469
1784159167.311146,5,2.311548,-0.903427,0.484375
1784159167.321146,5,2.302915,-0.806493,0.484375
1784159167.331143,5,2.296130,-0.546709,0.492188
1784159167.341144,5,2.290920,-0.484671,0.496094
1784159167.351142,5,2.286224,-0.527322,0.496094
1784159167.361148,5,2.280105,-0.616502,0.492188
1784159167.371142,5,2.273502,-0.628134,0.503906
1784159167.381132,5,2.266716,-0.666908,0.500000
1784159167.391133,5,2.259386,-0.748332,0.500000
1784159167.401146,5,2.252449,-0.659153,0.496094
1784159167.411145,5,2.246572,-0.628134,0.503906
1784159167.421143,5,2.240514,-0.608747,0.511719
1784159167.431144,5,2.233516,-0.794861,0.519531
1784159167.441122,5,2.225731,-0.895672,0.531250
1784159167.451126,5,2.217886,-0.752210,0.535156
1784159167.461125,5,2.211131,-0.604870,0.531250
1784159167.471126,5,2.205345,-0.523445,0.527344
1784159167.481123,5,2.200649,-0.453652,0.527344
1784159167.491126,5,2.195955,-0.542832,0.531250
1784159167.501123,5,2.190259,-0.678540,0.546875
1784159167.511128,5,2.181354,-1.097296,0.562500
1784159167.521125,5,2.170176,-1.217494,0.578125
1784159167.531244,5,2.160452,-0.798738,0.562500
1784159167.541116,5,2.153970,-0.542832,0.574219
1784159167.551118,5,2.148124,-0.651398,0.582031
1784159167.561118,5,2.140823,-0.829757,0.593750
1784159167.571118,5,2.132493,-0.775474,0.597656
1784159167.581118,5,2.122860,-0.973220,0.609375
1784159167.591123,5,2.113984,-0.752210,0.601562
1784159167.601122,5,2.107017,-0.694049,0.613281
1784159167.611116,5,2.100080,-0.717313,0.632812
1784159167.621116,5,2.091962,-0.891795,0.644531
1784159167.631120,5,2.082905,-0.980975,0.648438
1784159167.641118,5,2.073726,-0.818125,0.644531
1784159167.651121,5,2.068395,-0.306312,0.628906
1784159167.661119,5,2.065729,-0.325699,0.640625
1784159167.671106,5,2.060428,-0.709559,0.660156
1784159167.681215,5,2.050644,-1.190352,0.664062
1784159167.691116,5,2.039951,-0.980975,0.675781
1784159167.701116,5,2.031166,-0.686294,0.675781
1784159167.711098,5,2.025017,-0.573851,0.667969
1784159167.721103,5,2.019534,-0.612624,0.683594
1784159167.731099,5,2.011900,-0.794861,0.710938
1784159167.741105,5,2.002146,-0.977097,0.699219
1784159167.751100,5,1.993483,-0.728945,0.695312
1784159167.761197,5,1.986213,-0.694049,0.714844
1784159167.771172,5,1.979125,-0.802616,0.714844
1784159167.781099,5,1.971915,-0.736700,0.722656
1784159167.791099,5,1.964342,-0.767719,0.738281
1784159167.801101,5,1.955830,-0.887918,0.746094
1784159167.811104,5,1.947318,-0.767719,0.750000
1784159167.821100,5,1.940745,-0.562219,0.742188
1784159167.831100,5,1.936504,-0.391614,0.746094
1784159167.841099,5,1.931627,-0.604870,0.742188
1784159167.851101,5,1.924236,-0.957710,0.761719
1784159167.861100,5,1.915421,-0.965465,0.765625
1784159167.871185,5,1.907333,-0.837512,0.773438
1784159167.881101,5,1.900275,-0.678540,0.777344
1784159167.891105,5,1.892732,-0.798738,0.789062
1784159167.901103,5,1.884190,-0.833634,0.789062
1784159167.911101,5,1.877132,-0.612624,0.789062
1784159167.921217,5,1.871225,-0.600992,0.804688
1784159167.931101,5,1.863531,-0.798738,0.808594
1784159167.941102,5,1.855140,-0.814248,0.824219
1784159167.951102,5,1.846961,-0.787106,0.824219
1784159167.961082,5,1.838812,-0.833634,0.839844
1784159167.971101,5,1.831148,-0.822002,0.832031
1784159167.981086,5,1.823333,-0.818125,0.843750
1784159167.991083,5,1.813882,-1.008116,0.863281
1784159168.001081,5,1.805915,-0.612624,0.847656
1784159168.011083,5,1.801796,-0.341209,0.847656
1784159168.021083,5,1.796404,-0.818125,0.878906
1784159168.031086,5,1.785983,-1.159333,0.890625
1784159168.041086,5,1.774502,-0.965465,0.894531
1784159168.051177,5,1.765324,-0.853021,0.886719
1784159168.061083,5,1.757963,-0.771597,0.906250
1784159168.071084,5,1.750178,-0.814248,0.921875
1784159168.081085,5,1.741454,-0.922814,0.921875
1784159168.091084,5,1.733124,-0.876286,0.929688
1784159168.101084,5,1.724672,-0.922814,0.925781
1784159168.111083,5,1.716524,-0.744455,0.937500
1784159168.121085,5,1.709769,-0.597115,0.941406
1784159168.131084,5,1.703316,-0.736700,0.957031
1784159168.141088,5,1.694804,-0.915059,0.968750
1784159168.151083,5,1.686565,-0.787106,0.972656
1784159168.161084,5,1.679507,-0.566096,0.968750
1784159168.171083,5,1.675599,-0.283048,0.945312
1784159168.181087,5,1.673691,-0.178359,0.953125
1784159168.191086,5,1.669783,-0.538954,0.968750
1784159168.201085,5,1.661544,-1.011994,0.976562
1784159168.211086,5,1.650911,-1.066277,0.976562
1784159168.221082,5,1.643157,-0.519568,0.968750
1784159168.231064,5,1.640097,-0.348963,0.972656
1784159168.241071,5,1.636311,-0.422633,0.984375
1784159168.251067,5,1.629616,-0.818125,0.988281
1784159168.261070,5,1.622164,-0.674662,0.976562
1784159168.271070,5,1.616045,-0.527322,0.976562
1784159168.281135,5,1.609957,-0.624257,0.996094
1784159168.291066,5,1.602353,-0.818125,0.992188
1784159168.301069,5,1.596416,-0.488549,0.992188
1784159168.311064,5,1.592084,-0.445898,0.984375
1784159168.321066,5,1.586904,-0.647521,1.003906
1784159168.331067,5,1.579877,-0.721191,1.003906
1784159168.341084,5,1.573273,-0.647521,1.003906
1784159168.351064,5,1.567548,-0.659153,1.003906
1784159168.361065,5,1.561065,-0.643643,1.019531
1784159168.371065,5,1.554674,-0.593238,1.007812
1784159168.381063,5,1.550827,-0.255906,0.988281
1784159168.391063,5,1.549130,-0.252029,0.988281
1784159168.401064,5,1.546465,-0.329576,0.984375
1784159168.411065,5,1.543042,-0.314067,0.976562
1784159168.421065,5,1.538649,-0.624257,0.988281
1784159168.431062,5,1.531712,-0.728945,0.992188
1784159168.441068,5,1.524927,-0.604870,0.984375
1784159168.451067,5,1.519535,-0.519568,0.992188
1784159168.461064,5,1.513901,-0.585483,0.996094
1784159168.471065,5,1.508297,-0.531200,0.984375
1784159168.481070,5,1.504753,-0.372227,0.984375
1784159168.491065,5,1.501118,-0.438143,0.988281
1784159168.501067,5,1.495241,-0.670785,0.996094
1784159168.511069,5,1.487547,-0.798738,0.992188
1784159168.521047,5,1.481095,-0.624257,0.988281
1784159168.531113,5,1.476884,-0.337331,0.996094
1784159168.541043,5,1.472159,-0.608747,0.996094
1784159168.551049,5,1.466040,-0.752210,1.007812
1784159168.561044,5,1.458830,-0.744455,0.992188
1784159168.571054,5,1.453135,-0.535077,0.992188
1784159168.581044,5,1.448046,-0.624257,1.007812
1784159168.591061,5,1.441412,-0.725068,1.007812
1784159168.601051,5,1.434778,-0.643643,0.996094
1784159168.611044,5,1.430749,-0.333454,0.988281
1784159168.621045,5,1.427387,-0.414879,0.992188
1784159168.631046,5,1.423661,-0.395492,0.992188
1784159168.641047,5,1.419329,-0.488549,0.976562
1784159168.651058,5,1.415906,-0.306312,0.972656
1784159168.661165,5,1.413059,-0.341209,0.984375
1784159168.671046,5,1.409060,-0.445898,0.976562
1784159168.681057,5,1.404335,-0.589360,0.984375
1784159168.691047,5,1.397701,-0.697927,0.988281
1784159168.701048,5,1.391340,-0.635889,0.992188
1784159168.711046,5,1.385554,-0.616502,0.984375
1784159168.721045,5,1.380101,-0.600992,0.976562
1784159168.731053,5,1.375618,-0.445898,0.984375
1784159168.741051,5,1.369954,-0.581605,0.988281
1784159168.751050,5,1.364168,-0.600992,0.984375
1784159168.761051,5,1.359382,-0.395492,0.988281
1784159168.771050,5,1.354050,-0.604870,0.988281
1784159168.781060,5,1.347144,-0.849144,0.992188
1784159168.791055,5,1.340267,-0.663030,0.984375
1784159168.801031,5,1.335330,-0.480794,0.988281
1784159168.811027,5,1.329908,-0.674662,1.007812
1784159168.821029,5,1.321547,-0.946078,1.007812
1784159168.831037,5,1.313550,-0.659153,0.996094
1784159168.841039,5,1.308885,-0.418756,0.996094
1784159168.851043,5,1.303856,-0.589360,1.011719
1784159168.861028,5,1.296738,-0.728945,1.019531
1784159168.871031,5,1.290134,-0.643643,1.003906
1784159168.881141,5,1.287256,-0.131831,0.988281
1784159168.891108,5,1.285318,-0.286925,0.992188
1784159168.901084,5,1.283046,-0.151217,0.984375
1784159168.911124,5,1.281683,-0.085302,0.968750
1784159168.921204,5,1.280592,-0.131831,0.960938
1784159168.931040,5,1.278532,-0.341209,0.957031
1784159168.941040,5,1.273474,-0.643643,0.960938
1784159168.951037,5,1.267718,-0.445898,0.945312
1784159168.961041,5,1.265234,-0.178359,0.937500
1784159168.971039,5,1.263780,-0.244274,0.937500
1784159168.981038,5,1.260236,-0.465284,0.937500
1784159168.991045,5,1.255753,-0.488549,0.937500
1784159169.001041,5,1.250573,-0.507935,0.941406
1784159169.011039,5,1.246090,-0.496303,0.929688
1784159169.021038,5,1.241637,-0.496303,0.929688
1784159169.031022,5,1.237093,-0.632011,0.937500
1784159169.041042,5,1.230944,-0.717313,0.945312
1784159169.051039,5,1.224825,-0.573851,0.925781
1784159169.061038,5,1.221402,-0.248152,0.921875
1784159169.071018,5,1.219736,-0.201623,0.914062
1784159169.081023,5,1.216767,-0.442020,0.914062
1784159169.091021,5,1.211587,-0.554464,0.925781
1784159169.101122,5,1.206437,-0.480794,0.914062
1784159169.111096,5,1.201954,-0.457530,0.906250
1784159169.121076,5,1.197350,-0.600992,0.914062
1784159169.131701,5,1.192746,-0.453652,0.910156
1784159169.141041,5,1.187778,-0.438143,0.914062
1784159169.151011,5,1.182658,-0.616502,0.914062
1784159169.161053,5,1.177085,-0.554464,0.910156
1784159169.171113,5,1.172844,-0.333454,0.906250
1784159169.181148,5,1.169512,-0.345086,0.902344
1784159169.195042,5,1.163696,-0.263661,0.886719
1784159169.203019,5,1.161969,-0.189991,0.878906
1784159169.211021,5,1.160909,-0.166727,0.863281
1784159169.221014,5,1.159455,-0.166727,0.875000
1784159169.232029,5,1.157849,-0.104689,0.855469
1784159169.241024,5,1.157395,-0.031019,0.843750
1784159169.251011,5,1.155668,-0.290803,0.843750
1784159169.261023,5,1.152942,-0.232642,0.820312
1784159169.271021,5,1.150791,-0.131831,0.808594
1784159169.281021,5,1.149943,-0.112444,0.808594
1784159169.291028,5,1.148610,-0.189991,0.804688
1784159169.301018,5,1.145914,-0.337331,0.804688
1784159169.311019,5,1.142067,-0.434265,0.792969
1784159169.321014,5,1.138886,-0.283048,0.789062
1784159169.331075,5,1.136615,-0.209378,0.777344
1784159169.341158,5,1.134100,-0.213255,0.765625
1784159169.350989,5,1.132131,-0.267539,0.761719
1784159169.360991,5,1.130011,-0.271416,0.757812
1784159169.370992,5,1.127254,-0.306312,0.746094
1784159169.380989,5,1.124710,-0.259784,0.738281
1784159169.390989,5,1.122468,-0.197746,0.730469
1784159169.400991,5,1.120227,-0.267539,0.722656
1784159169.410993,5,1.117470,-0.248152,0.710938
1784159169.420995,5,1.114804,-0.255906,0.710938
1784159169.430988,5,1.111775,-0.360595,0.707031
1784159169.440990,5,1.108382,-0.352841,0.707031
1784159169.450990,5,1.105444,-0.317944,0.683594
1784159169.460990,5,1.102748,-0.283048,0.675781
1784159169.470989,5,1.100294,-0.283048,0.683594
1784159169.480991,5,1.096962,-0.414879,0.679688
1784159169.490996,5,1.093691,-0.279171,0.667969
1784159169.500998,5,1.090843,-0.348963,0.660156
1784159169.510992,5,1.087693,-0.387737,0.660156
1784159169.520991,5,1.085088,-0.279171,0.648438
1784159169.530991,5,1.082937,-0.221010,0.644531
1784159169.540991,5,1.080241,-0.302435,0.640625
1784159169.550995,5,1.077909,-0.221010,0.625000
1784159169.560995,5,1.076212,-0.186114,0.617188
1784159169.571002,5,1.074516,-0.228765,0.613281
1784159169.581001,5,1.071608,-0.279171,0.609375
1784159169.591111,5,1.068973,-0.232642,0.585938
1784159169.600977,5,1.067337,-0.147340,0.574219
1784159169.610976,5,1.065731,-0.275293,0.578125
1784159169.620984,5,1.063429,-0.131831,0.566406
1784159169.630978,5,1.061188,-0.271416,0.566406
1784159169.640976,5,1.059340,-0.197746,0.546875
1784159169.650975,5,1.057007,-0.252029,0.535156
1784159169.660983,5,1.054614,-0.275293,0.535156
1784159169.670981,5,1.052282,-0.228765,0.519531
1784159169.680976,5,1.050010,-0.209378,0.515625
1784159169.690977,5,1.047496,-0.252029,0.515625
1784159169.700975,5,1.044709,-0.352841,0.511719
1784159169.710979,5,1.041649,-0.356718,0.496094
1784159169.720983,5,1.039105,-0.178359,0.500000
1784159169.730975,5,1.037015,-0.259784,0.480469
1784159169.740979,5,1.034591,-0.325699,0.476562
1784159169.750976,5,1.031774,-0.240397,0.468750
1784159169.760977,5,1.029563,-0.213255,0.464844
1784159169.770977,5,1.027473,-0.352841,0.460938
1784159169.780980,5,1.024474,-0.317944,0.453125
1784159169.790983,5,1.021717,-0.348963,0.437500
1784159169.800979,5,1.019900,-0.193868,0.433594
1784159169.810980,5,1.017597,-0.248152,0.421875
1784159169.820979,5,1.014599,-0.341209,0.417969
1784159169.831121,5,1.012145,-0.232642,0.417969
1784159169.840981,5,1.009873,-0.166727,0.398438
1784159169.851000,5,1.007722,-0.267539,0.398438
1784159169.860957,5,1.005238,-0.271416,0.386719
1784159169.870978,5,1.002724,-0.279171,0.382812
1784159169.880981,5,0.999877,-0.279171,0.371094
1784159169.890959,5,0.996817,-0.310190,0.371094
1784159169.900970,5,0.994030,-0.252029,0.355469
1784159169.910957,5,0.992001,-0.162850,0.355469
1784159169.920959,5,0.989789,-0.279171,0.339844
1784159169.930963,5,0.987275,-0.286925,0.339844
1784159169.940962,5,0.984670,-0.259784,0.335938
1784159169.950961,5,0.982459,-0.283048,0.328125
1784159169.960961,5,0.980187,-0.244274,0.316406
1784159169.970970,5,0.977461,-0.259784,0.312500
1784159169.980960,5,0.975219,-0.255906,0.312500
1784159169.990964,5,0.973008,-0.236520,0.296875
1784159170.000962,5,0.970342,-0.283048,0.289062
1784159170.010960,5,0.967798,-0.271416,0.285156
1784159170.020967,5,0.965495,-0.213255,0.269531
1784159170.030968,5,0.962981,-0.387737,0.265625
1784159170.040975,5,0.959891,-0.337331,0.257812
1784159170.050971,5,0.957407,-0.131831,0.250000
1784159170.060967,5,0.955681,-0.236520,0.246094
1784159170.070969,5,0.953651,-0.224887,0.234375
1784159170.080972,5,0.951258,-0.228765,0.230469
1784159170.090969,5,0.949077,-0.201623,0.218750
1784159170.100965,5,0.947563,-0.186114,0.203125
1784159170.110968,5,0.946472,-0.093057,0.191406
1784159170.120970,5,0.945745,-0.069793,0.175781
1784159170.130965,5,0.944867,-0.096934,0.171875
1784159170.140965,5,0.943443,-0.143463,0.156250
1784159170.150960,5,0.942140,-0.124076,0.148438
1784159170.160938,5,0.941383,-0.065915,0.136719
1784159170.170938,5,0.940656,-0.077547,0.125000
1784159170.180939,5,0.939384,-0.174482,0.117188
1784159170.190939,5,0.938142,-0.096934,0.105469
1784159170.200939,5,0.936869,-0.116321,0.101562
1784159170.210937,5,0.935173,-0.120198,0.085938
1784159170.220937,5,0.933780,-0.112444,0.074219
1784159170.230940,5,0.932447,-0.155095,0.070312
1784159170.240940,5,0.931023,-0.089180,0.058594
1784159170.250940,5,0.930629,-0.011632,0.042969
1784159170.260937,5,0.930508,-0.085302,0.027344
1784159170.270937,5,0.930084,-0.069793,0.023438
1784159170.280951,5,0.929236,-0.131831,0.007812
1784159170.290938,5,0.927812,-0.213255,0.000000
1784159170.301014,5,0.926176,-0.147340,-0.011719
1784159170.310941,5,0.924601,-0.197746,-0.011719
1784159170.320947,5,0.922450,-0.197746,-0.023438
1784159170.330939,5,0.921057,-0.193868,-0.035156
1784159170.340938,5,0.919633,-0.143463,-0.042969
1784159170.350939,5,0.918755,-0.147340,-0.066406
1784159170.360939,5,0.918028,-0.058161,-0.066406
1784159170.370939,5,0.917573,-0.023264,-0.070312
1784159170.380943,5,0.916907,-0.124076,-0.054688
1784159170.390941,5,0.916241,-0.065915,-0.054688
1784159170.400939,5,0.915635,-0.112444,-0.054688
1784159170.411015,5,0.915392,-0.015509,-0.058594
1784159170.421015,5,0.915241,-0.027142,-0.054688
1784159170.430940,5,0.915211,0.000000,-0.050781
1784159170.440921,5,0.915180,-0.058161,-0.054688
1784159170.450922,5,0.915211,0.027142,-0.054688
1784159170.460922,5,0.915150,-0.046528,-0.050781
1784159170.470929,5,0.914999,-0.054283,-0.054688
1784159170.480924,5,0.914877,-0.046528,-0.054688
1784159170.490926,5,0.914756,-0.038774,-0.054688
1784159170.500921,5,0.914605,-0.069793,-0.050781
1784159170.510994,5,0.914575,-0.038774,-0.050781
1784159170.520926,5,0.914544,-0.015509,-0.050781
1784159170.530927,5,0.914514,-0.058161,-0.050781
1784159170.540924,5,0.914544,0.007755,-0.050781
1784159170.550928,5,0.914544,0.015509,-0.050781
1784159170.560929,5,0.914514,-0.015509,-0.054688
1784159170.570922,5,0.914453,0.000000,-0.050781
1784159170.580924,5,0.914332,-0.058161,-0.050781
1784159170.590921,5,0.914211,-0.046528,-0.050781
1784159170.600922,5,0.914060,0.007755,-0.050781
1784159170.610922,5,0.913908,-0.031019,-0.054688
1784159170.620924,5,0.913787,-0.042651,-0.050781
1784159170.630923,5,0.913666,-0.023264,-0.054688
1784159170.640925,5,0.913545,0.011632,-0.054688
1784159170.650922,5,0.913393,-0.046528,-0.050781
1784159170.660923,5,0.913242,0.000000,-0.042969
1784159170.670923,5,0.913121,-0.034896,-0.042969
1784159170.680923,5,0.913090,-0.015509,-0.050781
1784159170.690923,5,0.913090,0.034896,-0.042969
1784159170.700924,5,0.913030,-0.069793,-0.042969
1784159170.710904,5,0.913060,-0.011632,-0.042969
1784159170.720909,5,0.913030,-0.003877,-0.042969
1784159170.730904,5,0.912969,-0.089180,-0.042969
1784159170.740904,5,0.912848,-0.023264,-0.042969
1784159170.750903,5,0.912727,-0.054283,-0.042969
1784159170.760907,5,0.912636,-0.046528,-0.050781
1784159170.770902,5,0.912606,0.007755,-0.042969
1784159170.780902,5,0.912545,-0.003877,-0.042969
1784159170.790905,5,0.912484,-0.031019,-0.039062
1784159170.800909,5,0.912484,0.007755,-0.042969
1784159170.810906,5,0.912394,-0.073670,-0.042969
1784159170.820904,5,0.912333,-0.093057,-0.050781
1784159170.830911,5,0.912303,-0.038774,-0.050781
1784159170.840905,5,0.912242,-0.015509,-0.042969
1784159170.850912,5,0.912151,-0.116321,-0.042969
1784159170.860903,5,0.912181,-0.011632,-0.042969
1784159170.870909,5,0.912121,-0.058161,-0.042969
1784159170.880911,5,0.912091,-0.065915,-0.050781
1784159170.890905,5,0.912091,-0.015509,-0.042969
1784159170.900908,5,0.912030,-0.054283,-0.042969
1784159170.910907,5,0.912000,-0.073670,-0.042969
1784159170.920969,5,0.912000,-0.038774,-0.042969
1784159170.930905,5,0.912000,-0.023264,-0.042969
1784159170.940904,5,0.912000,0.003877,-0.042969
1784159170.950912,5,0.911969,-0.054283,-0.050781
1784159170.960908,5,0.911939,-0.062038,-0.042969
1784159170.970906,5,0.911939,-0.042651,-0.050781
1784159170.980906,5,0.911939,-0.027142,-0.042969
1784159170.990888,5,0.911909,-0.089180,-0.042969
1784159171.000885,5,0.911939,-0.003877,-0.042969
1784159171.010888,5,0.911969,0.042651,-0.050781
1784159171.020885,5,0.911939,-0.023264,-0.042969
1784159171.030884,5,0.911939,-0.015509,-0.042969
1784159171.040886,5,0.911939,-0.027142,-0.042969
1784159171.050889,5,0.911939,-0.031019,-0.042969
1784159171.060890,5,0.911969,-0.019387,-0.042969
1784159171.070894,5,0.911969,-0.038774,-0.042969
1784159171.080884,5,0.911939,-0.062038,-0.042969
1784159171.090887,5,0.911939,0.007755,-0.042969
1784159171.100888,5,0.911939,0.007755,-0.042969
1784159171.110885,5,0.911909,-0.077547,-0.042969
1784159171.120885,5,0.911939,-0.019387,-0.054688
1784159171.130992,5,0.911879,-0.096934,-0.050781
1784159171.140968,5,0.911909,-0.031019,-0.050781
1784159171.150999,5,0.911909,-0.023264,-0.042969
1784159171.160897,5,0.911909,-0.007755,-0.042969
1784159171.170888,5,0.911909,-0.015509,-0.042969
1784159171.180890,5,0.911939,0.062038,-0.042969
1784159171.190888,5,0.911879,0.000000,-0.042969
1784159171.200890,5,0.911879,0.000000,-0.050781
1784159171.210890,5,0.911848,-0.042651,-0.042969
1784159171.220890,5,0.911848,-0.038774,-0.042969
1784159171.230889,5,0.911848,0.000000,-0.042969
1784159171.240870,5,0.911879,0.054283,-0.042969
1784159171.250874,5,0.911879,0.054283,-0.042969
1784159171.260875,5,0.911818,-0.034896,-0.042969
1784159171.270994,5,0.911788,-0.058161,-0.050781
1784159171.280868,5,0.911788,-0.034896,-0.042969
1784159171.290878,5,0.911757,-0.069793,-0.042969
1784159171.300872,5,0.911788,-0.034896,-0.050781
1784159171.310866,5,0.911818,0.054283,-0.050781
1784159171.320996,5,0.911788,-0.011632,-0.042969
1784159171.330876,5,0.911788,0.000000,-0.042969
1784159171.340867,5,0.911727,-0.046528,-0.042969
1784159171.350876,5,0.911757,0.000000,-0.042969
1784159171.360868,5,0.911757,-0.027142,-0.042969
1784159171.370880,5,0.911757,0.034896,-0.042969
1784159171.380872,5,0.911757,-0.015509,-0.039062
1784159171.390875,5,0.911757,0.003877,-0.050781
1784159171.400876,5,0.911757,-0.011632,-0.050781
1784159171.410882,5,0.911757,-0.011632,-0.042969
1784159171.420869,5,0.911727,-0.062038,-0.042969
1784159171.430870,5,0.911757,-0.007755,-0.042969
1784159171.440871,5,0.911757,-0.019387,-0.042969
1784159171.450872,5,0.911788,0.034896,-0.042969
1784159171.460881,5,0.911727,-0.065915,-0.050781
1784159171.470881,5,0.911757,-0.003877,-0.042969
1784159171.480881,5,0.911757,0.000000,-0.050781
1784159171.490875,5,0.911757,-0.003877,-0.039062
1784159171.500880,5,0.911757,0.000000,-0.042969
1784159171.510880,5,0.911757,-0.015509,-0.042969
1784159171.520859,5,0.911757,-0.011632,-0.042969
1784159171.530858,5,0.911727,-0.046528,-0.042969
1784159171.540848,5,0.911727,-0.027142,-0.050781
1784159171.550863,5,0.911727,-0.023264,-0.050781
1784159171.560852,5,0.911697,-0.027142,-0.042969
1784159171.570851,5,0.911667,-0.065915,-0.039062
1784159171.580853,5,0.911697,0.000000,-0.042969
1784159171.590861,5,0.911667,-0.027142,-0.042969
1784159171.600854,5,0.911697,0.054283,-0.042969
1784159171.610850,5,0.911636,-0.038774,-0.042969
1784159171.620862,5,0.911636,-0.042651,-0.042969
1784159171.630860,5,0.911636,-0.031019,-0.042969
1784159171.640861,5,0.911636,-0.023264,-0.042969
1784159171.650858,5,0.911636,-0.031019,-0.050781
1784159171.660864,5,0.911636,-0.019387,-0.042969
1784159171.670861,5,0.911636,0.000000,-0.042969
1784159171.680854,5,0.911606,-0.058161,-0.042969
1784159171.690861,5,0.911606,-0.058161,-0.042969
1784159171.700863,5,0.911576,-0.058161,-0.042969
1784159171.710855,5,0.911606,0.019387,-0.042969
1784159171.720857,5,0.911545,-0.065915,-0.042969
1784159171.730853,5,0.911576,-0.015509,-0.050781
1784159171.740878,5,0.911576,-0.003877,-0.050781
1784159171.750854,5,0.911515,-0.093057,-0.050781
1784159171.760853,5,0.911545,-0.023264,-0.042969
1784159171.770837,5,0.911576,0.046528,-0.042969
1784159171.780852,5,0.911515,-0.058161,-0.042969
1784159171.790852,5,0.911515,-0.038774,-0.042969
1784159171.800834,5,0.911515,-0.023264,-0.042969
1784159171.810838,5,0.911545,0.042651,-0.042969
1784159171.820837,5,0.911515,0.007755,-0.039062
1784159171.830831,5,0.911485,-0.015509,-0.050781
1784159171.840834,5,0.911454,-0.065915,-0.042969
1784159171.850833,5,0.911424,-0.120198,-0.050781
1784159171.860839,5,0.911485,0.000000,-0.042969
1784159171.870834,5,0.911454,-0.015509,-0.050781
1784159171.880837,5,0.911485,0.038774,-0.050781
1784159171.890841,5,0.911424,-0.069793,-0.042969
1784159171.900845,5,0.911454,-0.023264,-0.042969
1784159171.910842,5,0.911424,-0.058161,-0.042969
1784159171.920842,5,0.911424,-0.058161,-0.042969
1784159171.930897,5,0.911454,-0.062038,-0.042969
1784159171.940903,5,0.911424,0.007755,-0.042969
1784159171.950943,5,0.911424,-0.038774,-0.042969
1784159171.960938,5,0.911424,-0.034896,-0.042969
1784159171.970848,5,0.911424,-0.027142,-0.039062
1784159171.980836,5,0.911424,0.000000,-0.042969
1784159171.990838,5,0.911394,0.000000,-0.042969
1784159172.000837,5,0.911454,0.054283,-0.042969
1784159172.010844,5,0.911424,0.000000,-0.042969
1784159172.020851,5,0.911424,-0.007755,-0.042969
1784159172.030834,5,0.911394,-0.003877,-0.042969
1784159172.040834,5,0.911394,-0.019387,-0.042969
1784159172.050837,5,0.911394,-0.019387,-0.042969
1784159172.060837,5,0.911394,-0.011632,-0.042969
1784159172.070816,5,0.911364,-0.038774,-0.042969
1784159172.080816,5,0.911364,-0.031019,-0.042969
1784159172.090815,5,0.911364,-0.015509,-0.050781
1784159172.100815,5,0.911333,0.034896,-0.039062
1784159172.110816,5,0.911364,0.038774,-0.042969
1784159172.120818,5,0.911364,-0.003877,-0.039062
1784159172.130818,5,0.911364,0.000000,-0.042969
1784159172.140819,5,0.911303,-0.112444,-0.042969
1784159172.150819,5,0.911333,-0.031019,-0.042969
1784159172.160819,5,0.911333,-0.027142,-0.050781
1784159172.170818,5,0.911333,-0.003877,-0.039062
1784159172.180827,5,0.911364,0.046528,-0.042969
1784159172.190819,5,0.911333,-0.003877,-0.042969
1784159172.200817,5,0.911333,-0.015509,-0.039062
1784159172.210828,5,0.911303,-0.069793,-0.042969
1784159172.220812,5,0.911333,-0.015509,-0.042969
1784159172.230820,5,0.911333,-0.011632,-0.042969
1784159172.240818,5,0.911333,-0.011632,-0.042969
1784159172.250816,5,0.911333,-0.007755,-0.042969
1784159172.260819,5,0.911333,0.000000,-0.042969
1784159172.270818,5,0.911333,0.000000,-0.042969
1784159172.280819,5,0.911333,0.000000,-0.039062
1784159172.290815,5,0.911333,0.011632,-0.042969
1784159172.300819,5,0.911333,0.011632,-0.039062
1784159172.310819,5,0.911303,-0.058161,-0.042969
1784159172.320822,5,0.911333,0.003877,-0.042969
1784159172.330906,5,0.911303,-0.034896,-0.042969
1784159172.340823,5,0.911273,-0.093057,-0.042969
1784159172.350798,5,0.911333,-0.038774,-0.042969
1784159172.360797,5,0.911333,0.031019,-0.042969
1784159172.370850,5,0.911333,0.023264,-0.042969
1784159172.380800,5,0.911303,-0.038774,-0.042969
1784159172.390797,5,0.911303,-0.031019,-0.039062
1784159172.400797,5,0.911303,-0.019387,-0.039062
1784159172.410806,5,0.911303,-0.015509,-0.039062
1784159172.420792,5,0.911273,-0.089180,-0.042969
1784159172.430804,5,0.911303,-0.034896,-0.039062
1784159172.442928,5,0.911303,-0.027142,-0.042969
1784159172.450809,5,0.911333,0.031019,-0.042969
1784159172.460797,5,0.911303,-0.023264,-0.042969
1784159172.470798,5,0.911333,0.042651,-0.042969
1784159172.480799,5,0.911303,-0.011632,-0.042969
1784159172.490795,5,0.911333,0.023264,-0.039062
1784159172.500799,5,0.911273,-0.073670,-0.042969
1784159172.510796,5,0.911303,-0.015509,-0.039062
1784159172.520800,5,0.911333,-0.019387,-0.042969
1784159172.530799,5,0.911273,-0.062038,-0.039062
1784159172.540801,5,0.911303,-0.034896,-0.042969
1784159172.550900,5,0.911303,-0.019387,-0.042969
1784159172.560805,5,0.911333,0.019387,-0.042969
1784159172.570790,5,0.911303,-0.003877,-0.042969
1784159172.580800,5,0.911303,-0.011632,-0.035156
1784159172.590805,5,0.911303,0.000000,-0.039062
1784159172.600888,5,0.911303,0.000000,-0.042969
1784159172.610796,5,0.911273,-0.058161,-0.042969
1784159172.620778,5,0.911303,-0.054283,-0.039062
1784159172.630776,5,0.911273,-0.027142,-0.035156
1784159172.640779,5,0.911303,-0.007755,-0.039062
1784159172.650779,5,0.911303,-0.015509,-0.042969
1784159172.660782,5,0.911303,0.000000,-0.035156
1784159172.670842,5,0.911333,0.031019,-0.042969
1784159172.680781,5,0.911303,-0.011632,-0.042969
1784159172.690864,5,0.911273,-0.050406,-0.042969
1784159172.700897,5,0.911273,-0.054283,-0.042969
1784159172.710780,5,0.911303,0.000000,-0.035156
1784159172.720782,5,0.911303,-0.007755,-0.042969
1784159172.730782,5,0.911303,-0.015509,-0.042969
1784159172.740781,5,0.911273,-0.058161,-0.039062
1784159172.750780,5,0.911303,0.000000,-0.042969
1784159172.760787,5,0.911273,-0.058161,-0.039062
1784159172.770777,5,0.911303,0.000000,-0.039062
1784159172.780782,5,0.911242,-0.085302,-0.042969
1784159172.790780,5,0.911303,0.000000,-0.039062
1784159172.800784,5,0.911273,-0.058161,-0.042969
1784159172.810778,5,0.911303,0.031019,-0.042969
1784159172.820792,5,0.911303,0.011632,-0.039062
1784159172.830778,5,0.911303,0.034896,-0.039062
1784159172.840788,5,0.911273,-0.015509,-0.042969
1784159172.850781,5,0.911242,-0.096934,-0.042969
1784159172.860780,5,0.911303,0.019387,-0.035156
1784159172.870772,5,0.911273,-0.019387,-0.042969
1784159172.880765,5,0.911273,-0.038774,-0.042969
1784159172.890761,5,0.911273,-0.027142,-0.042969
1784159172.900767,5,0.911303,-0.027142,-0.039062
1784159172.910763,5,0.911273,-0.034896,-0.039062
1784159172.920772,5,0.911242,-0.065915,-0.042969
1784159172.930763,5,0.911242,-0.058161,-0.042969
1784159172.940761,5,0.911242,-0.054283,-0.039062
1784159172.950765,5,0.911273,0.000000,-0.039062
1784159172.960765,5,0.911273,0.019387,-0.039062
1784159172.970771,5,0.911242,-0.058161,-0.042969
1784159172.980761,5,0.911273,-0.003877,-0.035156
1784159172.990763,5,0.911273,0.015509,-0.042969
1784159173.000766,5,0.911273,0.015509,-0.042969
1784159173.010765,5,0.911242,-0.038774,-0.042969
1784159173.020766,5,0.911242,0.073670,-0.042969
1784159173.030763,5,0.911242,-0.038774,-0.042969
1784159173.040760,5,0.911273,-0.027142,-0.039062
1784159173.050763,5,0.911242,-0.027142,-0.039062
1784159173.060766,5,0.911242,-0.027142,-0.042969
1784159173.070764,5,0.911242,-0.027142,-0.042969
1784159173.080766,5,0.911273,0.031019,-0.042969
1784159173.090762,5,0.911242,-0.019387,-0.042969
1784159173.100776,5,0.911242,-0.007755,-0.042969
1784159173.110765,5,0.911273,0.054283,-0.042969
1784159173.120772,5,0.911212,-0.062038,-0.042969
1784159173.130765,5,0.911242,-0.019387,-0.042969
1784159173.140781,5,0.911242,-0.003877,-0.039062
1784159173.150744,5,0.911242,-0.015509,-0.042969
1784159173.160743,5,0.911242,-0.058161,-0.042969
1784159173.170743,5,0.911212,-0.054283,-0.042969
1784159173.180745,5,0.911212,-0.058161,-0.042969
1784159173.190743,5,0.911212,-0.054283,-0.035156
1784159173.200750,5,0.911212,-0.058161,-0.039062
1784159173.210743,5,0.911212,-0.038774,-0.039062
1784159173.220744,5,0.911212,-0.038774,-0.039062
1784159173.230807,5,0.911242,0.031019,-0.042969
1784159173.240799,5,0.911212,-0.031019,-0.039062
1784159173.250744,5,0.911212,-0.038774,-0.039062
1784159173.260744,5,0.911212,-0.034896,-0.042969
1784159173.270748,5,0.911242,0.015509,-0.035156
1784159173.280740,5,0.911212,-0.027142,-0.035156
1784159173.290743,5,0.911212,-0.015509,-0.039062
1784159173.300756,5,0.911212,-0.003877,-0.042969
1784159173.310749,5,0.911212,-0.019387,-0.039062
1784159173.320774,5,0.911242,0.019387,-0.039062
1784159173.330744,5,0.911242,0.038774,-0.039062
1784159173.340747,5,0.911212,-0.011632,-0.035156
1784159173.350745,5,0.911212,-0.015509,-0.035156
1784159173.360745,5,0.911212,0.000000,-0.039062
1784159173.370756,5,0.911212,0.000000,-0.035156
1784159173.380760,5,0.911212,-0.011632,-0.035156
1784159173.390752,5,0.911182,-0.054283,-0.042969
1784159173.400759,5,0.911212,0.000000,-0.035156
1784159173.410749,5,0.911212,0.000000,-0.042969
1784159173.420728,5,0.911212,0.000000,-0.039062
1784159173.430724,5,0.911212,0.000000,-0.035156
1784159173.440737,5,0.911212,0.000000,-0.039062
1784159173.450726,5,0.911212,-0.011632,-0.035156
1784159173.460733,5,0.911212,-0.007755,-0.042969
1784159173.470731,5,0.911212,-0.011632,-0.039062
1784159173.480726,5,0.911212,-0.003877,-0.039062
1784159173.490743,5,0.911212,-0.007755,-0.035156
1784159173.500736,5,0.911212,-0.011632,-0.039062
1784159173.510734,5,0.911212,-0.007755,-0.035156
1784159173.520726,5,0.911212,-0.007755,-0.039062
1784159173.530732,5,0.911212,-0.015509,-0.039062
1784159173.540733,5,0.911212,-0.003877,-0.035156
1784159173.550741,5,0.911212,-0.015509,-0.042969
1784159173.560736,5,0.911242,0.050406,-0.042969
1784159173.570725,5,0.911212,0.000000,-0.039062
1784159173.580729,5,0.911182,-0.062038,-0.039062
1784159173.590733,5,0.911212,0.000000,-0.035156
1784159173.600727,5,0.911212,0.000000,-0.042969
1784159173.610729,5,0.911212,-0.003877,-0.042969
1784159173.620728,5,0.911212,-0.003877,-0.042969
1784159173.630728,5,0.911212,-0.003877,-0.035156
1784159173.640734,5,0.911212,-0.065915,-0.042969
1784159173.650732,5,0.911212,0.000000,-0.039062
1784159173.660728,5,0.911212,-0.011632,-0.039062
1784159173.670732,5,0.911212,-0.003877,-0.039062
1784159173.680728,5,0.911212,0.000000,-0.042969
1784159173.690727,5,0.911182,-0.065915,-0.042969
1784159173.700736,5,0.911212,-0.015509,-0.035156
1784159173.710794,5,0.911212,-0.019387,-0.039062
1784159173.720709,5,0.911212,-0.003877,-0.039062
1784159173.730708,5,0.911212,-0.011632,-0.039062
1784159173.740707,5,0.911182,-0.058161,-0.039062
1784159173.750707,5,0.911212,-0.003877,-0.039062
1784159173.760812,5,0.911212,-0.007755,-0.035156
1784159173.770706,5,0.911212,-0.007755,-0.039062
1784159173.780709,5,0.911242,0.054283,-0.035156
1784159173.790712,5,0.911212,0.000000,-0.039062
1784159173.800708,5,0.911212,-0.003877,-0.042969
1784159173.810711,5,0.911212,-0.007755,-0.039062
1784159173.821807,5,0.911242,0.054283,-0.035156
1784159173.830707,5,0.911182,-0.058161,-0.035156
1784159173.840710,5,0.911212,0.007755,-0.042969
1784159173.850709,5,0.911182,-0.069793,-0.035156
1784159173.860710,5,0.911212,0.000000,-0.039062
1784159173.870708,5,0.911212,-0.007755,-0.042969
1784159173.880709,5,0.911182,-0.058161,-0.039062
1784159173.890714,5,0.911212,0.000000,-0.042969
1784159173.900712,5,0.911152,-0.108566,-0.042969
1784159173.910709,5,0.911212,0.000000,-0.039062
1784159173.920709,5,0.911182,-0.058161,-0.035156
1784159173.930717,5,0.911212,0.003877,-0.039062
1784159173.940711,5,0.911212,0.000000,-0.039062
1784159173.950797,5,0.911212,0.000000,-0.042969
1784159173.960709,5,0.911212,0.000000,-0.039062
1784159173.970709,5,0.911212,-0.003877,-0.039062
1784159173.980689,5,0.911212,0.023264,-0.039062
1784159173.990688,5,0.911212,0.007755,-0.039062
1784159174.000688,5,0.911182,-0.058161,-0.039062
1784159174.010689,5,0.911182,-0.050406,-0.042969
1784159174.020691,5,0.911182,-0.050406,-0.042969
1784159174.030692,5,0.911212,0.019387,-0.042969
1784159174.040690,5,0.911152,-0.108566,-0.042969
1784159174.050690,5,0.911212,0.019387,-0.039062
1784159174.060692,5,0.911182,-0.042651,-0.039062
1784159174.070698,5,0.911212,0.019387,-0.042969
1784159174.080690,5,0.911182,-0.023264,-0.042969
1784159174.090693,5,0.911182,-0.042651,-0.035156
1784159174.100689,5,0.911212,0.019387,-0.039062
1784159174.110691,5,0.911182,-0.019387,-0.035156
1784159174.120692,5,0.911182,-0.023264,-0.039062
1784159174.130693,5,0.911182,-0.034896,-0.039062
1784159174.140695,5,0.911182,-0.034896,-0.035156
1784159174.150691,5,0.911182,0.000000,-0.039062
1784159174.160700,5,0.911212,0.042651,-0.042969
1784159174.170694,5,0.911182,-0.019387,-0.039062
1784159174.180702,5,0.911182,-0.027142,-0.042969
1784159174.190702,5,0.911182,-0.027142,-0.039062
1784159174.200693,5,0.911212,-0.011632,-0.039062
1784159174.210694,5,0.911212,0.019387,-0.039062
1784159174.220693,5,0.911182,-0.065915,-0.039062
1784159174.230701,5,0.911182,-0.015509,-0.039062
1784159174.240694,5,0.911182,-0.015509,-0.042969
1784159174.250693,5,0.911182,0.000000,-0.039062
1784159174.260670,5,0.911182,0.007755,-0.042969
1784159174.270674,5,0.911182,-0.015509,-0.035156
1784159174.280671,5,0.911182,0.003877,-0.035156
1784159174.290672,5,0.911152,-0.042651,-0.039062
1784159174.300677,5,0.911182,-0.007755,-0.039062
1784159174.310672,5,0.911212,0.058161,-0.042969
1784159174.320688,5,0.911182,0.000000,-0.042969
1784159174.330673,5,0.911152,-0.054283,-0.039062
1784159174.340673,5,0.911152,-0.034896,-0.039062
1784159174.350675,5,0.911152,-0.027142,-0.042969
1784159174.360674,5,0.911212,0.081425,-0.042969
1784159174.370683,5,0.911152,-0.038774,-0.039062
1784159174.380677,5,0.911152,-0.031019,-0.039062
1784159174.390677,5,0.911182,0.031019,-0.042969
1784159174.400672,5,0.911152,-0.031019,-0.035156
1784159174.410676,5,0.911182,0.015509,-0.039062
1784159174.420674,5,0.911152,-0.027142,-0.042969
1784159174.430676,5,0.911121,-0.089180,-0.039062
1784159174.440680,5,0.911121,-0.058161,-0.035156
1784159174.450677,5,0.911152,-0.023264,-0.042969
1784159174.460677,5,0.911121,-0.062038,-0.042969
1784159174.470674,5,0.911121,-0.065915,-0.039062
1784159174.480674,5,0.911152,0.011632,-0.042969
1784159174.490678,5,0.911152,0.000000,-0.042969
1784159174.500674,5,0.911152,-0.019387,-0.035156
1784159174.510659,5,0.911121,-0.058161,-0.039062
1784159174.520657,5,0.911152,-0.023264,-0.039062
1784159174.530659,5,0.911152,0.000000,-0.042969
1784159174.540658,5,0.911182,0.054283,-0.039062
1784159174.550659,5,0.911121,-0.058161,-0.042969
1784159174.560657,5,0.911121,-0.042651,-0.042969
1784159174.570659,5,0.911152,0.027142,-0.039062
1784159174.580736,5,0.911121,-0.019387,-0.042969
1784159174.590750,5,0.911121,-0.031019,-0.042969
1784159174.600776,5,0.911152,0.011632,-0.035156
1784159174.610660,5,0.911121,-0.023264,-0.042969
1784159174.620657,5,0.911121,-0.011632,-0.042969
1784159174.630714,5,0.911121,-0.003877,-0.042969
1784159174.640657,5,0.911121,-0.073670,-0.039062
1784159174.650665,5,0.911182,-0.034896,-0.039062
1784159174.660658,5,0.911121,0.027142,-0.042969
1784159174.670662,5,0.911121,-0.019387,-0.039062
1784159174.680662,5,0.911121,-0.007755,-0.039062
1784159174.690657,5,0.911091,-0.003877,-0.042969
1784159174.700657,5,0.911121,0.003877,-0.039062
1784159174.710662,5,0.911091,-0.062038,-0.035156
1784159174.720663,5,0.911121,0.011632,-0.035156
1784159174.730738,5,0.911091,-0.038774,-0.035156
1784159174.740658,5,0.911091,-0.027142,-0.042969
1784159174.750659,5,0.911091,-0.038774,-0.039062
1784159174.760659,5,0.911091,-0.027142,-0.039062
1784159174.770640,5,0.911091,-0.027142,-0.039062
1784159174.780657,5,0.911061,-0.085302,-0.035156
1784159174.790658,5,0.911091,-0.007755,-0.042969
1784159174.800637,5,0.911091,-0.011632,-0.042969
1784159174.810638,5,0.911061,-0.073670,-0.039062
1784159174.820636,5,0.911091,0.000000,-0.042969
1784159174.830636,5,0.911091,0.003877,-0.042969
1784159174.840635,5,0.911091,0.000000,-0.042969
1784159174.850636,5,0.911061,-0.027142,-0.039062
1784159174.860637,5,0.911061,-0.023264,-0.035156
1784159174.870644,5,0.911061,-0.031019,-0.039062
1784159174.880641,5,0.911061,-0.011632,-0.039062
1784159174.890638,5,0.911061,-0.023264,-0.035156
1784159174.900640,5,0.911061,-0.027142,-0.039062
1784159174.910636,5,0.911061,-0.027142,-0.039062
1784159174.920637,5,0.911061,-0.019387,-0.035156
1784159174.930640,5,0.911030,-0.077547,-0.042969
1784159174.940643,5,0.911030,-0.077547,-0.042969
1784159174.950637,5,0.911030,-0.062038,-0.042969
1784159174.960639,5,0.911030,-0.062038,-0.042969
1784159174.970639,5,0.911061,0.011632,-0.039062
1784159174.980639,5,0.911030,0.011632,-0.039062
1784159174.990639,5,0.911030,-0.027142,-0.035156
1784159175.000637,5,0.911061,0.019387,-0.039062
1784159175.010639,5,0.911061,0.027142,-0.042969
1784159175.020639,5,0.911030,-0.031019,-0.035156
1784159175.030713,5,0.911030,0.027142,-0.042969
1784159175.040641,5,0.911000,-0.069793,-0.042969
1784159175.050638,5,0.911030,-0.015509,-0.042969
1784159175.060639,5,0.911030,-0.011632,-0.035156
1784159175.070627,5,0.911030,-0.007755,-0.039062
1784159175.080620,5,0.911030,-0.027142,-0.039062
1784159175.090620,5,0.911000,-0.062038,-0.039062
1784159175.100619,5,0.911030,0.000000,-0.035156
1784159175.110624,5,0.911000,-0.073670,-0.039062
1784159175.120623,5,0.911030,-0.015509,-0.042969
1784159175.130622,5,0.911030,-0.003877,-0.042969
1784159175.140627,5,0.911000,-0.054283,-0.042969
1784159175.150620,5,0.911000,-0.046528,-0.039062
1784159175.160620,5,0.911000,-0.038774,-0.042969
1784159175.170619,5,0.911030,0.000000,-0.035156
1784159175.180623,5,0.911030,0.011632,-0.039062
1784159175.190629,5,0.911000,-0.038774,-0.039062
1784159175.200624,5,0.911000,-0.034896,-0.042969
1784159175.210624,5,0.911000,-0.027142,-0.039062
1784159175.220622,5,0.911000,-0.027142,-0.039062
1784159175.230621,5,0.911000,-0.034896,-0.035156
1784159175.240628,5,0.911000,-0.023264,-0.035156
1784159175.250625,5,0.910970,-0.065915,-0.039062
1784159175.260621,5,0.911000,-0.023264,-0.039062
1784159175.270623,5,0.911030,0.027142,-0.035156
1784159175.280625,5,0.911000,-0.023264,-0.039062
1784159175.290628,5,0.911000,-0.015509,-0.039062
1784159175.300623,5,0.911000,-0.015509,-0.042969
1784159175.310622,5,0.911000,-0.011632,-0.039062
1784159175.320626,5,0.911000,-0.003877,-0.035156
1784159175.330151,5,0.911000,-0.003877,-0.035156
