timestamp,motor_id,position,velocity,torque
1784159145.211687,4,0.708135,-0.038774,0.000000
1784159145.221583,4,0.708044,-0.031019,-0.007812
1784159145.231576,4,0.707862,-0.015509,-0.019531
1784159145.241584,4,0.707438,-0.027142,-0.027344
1784159145.251590,4,0.706923,-0.058161,-0.039062
1784159145.261572,4,0.706378,-0.073670,-0.058594
1784159145.271583,4,0.705651,-0.093057,-0.070312
1784159145.281573,4,0.704409,-0.135708,-0.074219
1784159145.291584,4,0.703319,-0.081425,-0.093750
1784159145.301558,4,0.703167,-0.007755,-0.105469
1784159145.311557,4,0.702894,-0.023264,-0.117188
1784159145.321562,4,0.702289,-0.093057,-0.132812
1784159145.331559,4,0.701440,-0.089180,-0.140625
1784159145.341559,4,0.700077,-0.147340,-0.152344
1784159145.351563,4,0.699320,-0.050406,-0.167969
1784159145.361562,4,0.698896,-0.085302,-0.175781
1784159145.371557,4,0.698472,-0.077547,-0.187500
1784159145.381558,4,0.697442,-0.143463,-0.191406
1784159145.391558,4,0.695564,-0.205501,-0.207031
1784159145.401559,4,0.694352,-0.038774,-0.222656
1784159145.411558,4,0.693655,-0.108566,-0.234375
1784159145.421558,4,0.692716,-0.124076,-0.246094
1784159145.431559,4,0.691353,-0.143463,-0.253906
1784159145.441559,4,0.690081,-0.100812,-0.257812
1784159145.451560,4,0.688930,-0.112444,-0.269531
1784159145.461558,4,0.687506,-0.100812,-0.289062
1784159145.471558,4,0.686385,-0.131831,-0.296875
1784159145.481560,4,0.685810,-0.042651,-0.304688
1784159145.491559,4,0.685264,-0.069793,-0.320312
1784159145.501559,4,0.684144,-0.108566,-0.332031
1784159145.511559,4,0.683114,-0.131831,-0.339844
1784159145.521616,4,0.682750,-0.062038,-0.355469
1784159145.531641,4,0.682326,-0.127953,-0.367188
1784159145.541665,4,0.680902,-0.232642,-0.371094
1784159145.551591,4,0.678964,-0.193868,-0.386719
1784159145.561559,4,0.677510,-0.143463,-0.394531
1784159145.571541,4,0.675904,-0.124076,-0.402344
1784159145.581542,4,0.673814,-0.259784,-0.402344
1784159145.591541,4,0.671179,-0.360595,-0.414062
1784159145.601541,4,0.667756,-0.418756,-0.417969
1784159145.611542,4,0.664545,-0.348963,-0.421875
1784159145.621541,4,0.660970,-0.426511,-0.417969
1784159145.631542,4,0.656003,-0.546709,-0.417969
1784159145.641540,4,0.649793,-0.647521,-0.402344
1784159145.651542,4,0.643280,-0.736700,-0.414062
1784159145.661541,4,0.636888,-0.620379,-0.414062
1784159145.671541,4,0.630376,-0.666908,-0.414062
1784159145.681542,4,0.624257,-0.666908,-0.398438
1784159145.691543,4,0.618531,-0.531200,-0.402344
1784159145.701542,4,0.612655,-0.600992,-0.402344
1784159145.711540,4,0.606081,-0.752210,-0.394531
1784159145.721544,4,0.598115,-0.938323,-0.382812
1784159145.731543,4,0.589118,-0.922814,-0.378906
1784159145.741544,4,0.580969,-0.767719,-0.382812
1784159145.751545,4,0.574123,-0.717313,-0.367188
1784159145.761540,4,0.566490,-0.876286,-0.355469
1784159145.771543,4,0.557766,-0.822002,-0.363281
1784159145.781543,4,0.550102,-0.740578,-0.363281
1784159145.791545,4,0.543922,-0.589360,-0.355469
1784159145.801543,4,0.537470,-0.643643,-0.347656
1784159145.811542,4,0.531109,-0.694049,-0.332031
1784159145.821542,4,0.524869,-0.655276,-0.339844
1784159145.831525,4,0.518265,-0.713436,-0.339844
1784159145.841537,4,0.511540,-0.663030,-0.332031
1784159145.851524,4,0.505845,-0.515690,-0.335938
1784159145.861522,4,0.501029,-0.546709,-0.328125
1784159145.871522,4,0.496243,-0.550587,-0.332031
1784159145.881523,4,0.491184,-0.515690,-0.339844
1784159145.891523,4,0.486519,-0.473039,-0.347656
1784159145.901522,4,0.482006,-0.507935,-0.351562
1784159145.911523,4,0.477310,-0.515690,-0.332031
1784159145.921525,4,0.471737,-0.581605,-0.339844
1784159145.931526,4,0.465618,-0.624257,-0.335938
1784159145.941523,4,0.459953,-0.674662,-0.339844
1784159145.951523,4,0.455015,-0.484671,-0.339844
1784159145.961524,4,0.449987,-0.562219,-0.335938
1784159145.971523,4,0.444625,-0.558341,-0.332031
1784159145.981524,4,0.439264,-0.562219,-0.332031
1784159145.991536,4,0.433750,-0.678540,-0.328125
1784159146.001523,4,0.427147,-0.736700,-0.328125
1784159146.011525,4,0.420452,-0.670785,-0.320312
1784159146.021523,4,0.414394,-0.589360,-0.316406
1784159146.031524,4,0.408457,-0.632011,-0.320312
1784159146.041523,4,0.401580,-0.767719,-0.316406
1784159146.052531,4,0.394159,-0.694049,-0.312500
1784159146.061543,4,0.389100,-0.597115,-0.316406
1784159146.071531,4,0.383557,-0.620379,-0.300781
1784159146.081531,4,0.376559,-0.740578,-0.300781
1784159146.091529,4,0.369047,-0.748332,-0.300781
1784159146.101529,4,0.362504,-0.643643,-0.296875
1784159146.111529,4,0.356657,-0.639766,-0.296875
1784159146.121509,4,0.350296,-0.709559,-0.285156
1784159146.131511,4,0.344147,-0.694049,-0.296875
1784159146.141510,4,0.338331,-0.585483,-0.289062
1784159146.151516,4,0.332757,-0.628134,-0.285156
1784159146.161507,4,0.326971,-0.569973,-0.281250
1784159146.171511,4,0.321216,-0.581605,-0.289062
1784159146.181511,4,0.315763,-0.527322,-0.285156
1784159146.191512,4,0.310402,-0.558341,-0.285156
1784159146.201534,4,0.304828,-0.581605,-0.285156
1784159146.211511,4,0.299345,-0.573851,-0.289062
1784159146.221529,4,0.294468,-0.504058,-0.289062
1784159146.231513,4,0.289470,-0.504058,-0.289062
1784159146.241510,4,0.284563,-0.523445,-0.285156
1784159146.251511,4,0.279292,-0.554464,-0.281250
1784159146.261514,4,0.274082,-0.484671,-0.296875
1784159146.271513,4,0.268871,-0.573851,-0.281250
1784159146.281513,4,0.262662,-0.690172,-0.281250
1784159146.291511,4,0.256603,-0.624257,-0.273438
1784159146.301513,4,0.251605,-0.546709,-0.289062
1784159146.311508,4,0.247485,-0.504058,-0.285156
1784159146.321596,4,0.242366,-0.566096,-0.273438
1784159146.331506,4,0.235762,-0.721191,-0.273438
1784159146.341503,4,0.228492,-0.686294,-0.273438
1784159146.351596,4,0.222343,-0.515690,-0.281250
1784159146.361584,4,0.216769,-0.643643,-0.257812
1784159146.371505,4,0.209954,-0.725068,-0.265625
1784159146.381509,4,0.202623,-0.620379,-0.265625
1784159146.391485,4,0.196686,-0.581605,-0.269531
1784159146.401733,4,0.191718,-0.504058,-0.250000
1784159146.411597,4,0.186114,-0.635889,-0.253906
1784159146.421594,4,0.178874,-0.825880,-0.253906
1784159146.431489,4,0.171210,-0.771597,-0.250000
1784159146.441487,4,0.164031,-0.748332,-0.246094
1784159146.452494,4,0.156882,-0.632011,-0.238281
1784159146.461491,4,0.151611,-0.608747,-0.238281
1784159146.471488,4,0.146128,-0.550587,-0.234375
1784159146.481487,4,0.140555,-0.581605,-0.238281
1784159146.491486,4,0.134799,-0.620379,-0.234375
1784159146.501488,4,0.128529,-0.678540,-0.230469
1784159146.511488,4,0.121865,-0.756087,-0.218750
1784159146.521490,4,0.115200,-0.728945,-0.222656
1784159146.531491,4,0.108869,-0.678540,-0.230469
1784159146.541488,4,0.102357,-0.682417,-0.214844
1784159146.551491,4,0.094723,-0.845267,-0.203125
1784159146.561490,4,0.086968,-0.736700,-0.199219
1784159146.571490,4,0.079789,-0.678540,-0.199219
1784159146.581491,4,0.072398,-0.752210,-0.187500
1784159146.591488,4,0.064825,-0.666908,-0.183594
1784159146.601491,4,0.057979,-0.744455,-0.183594
1784159146.611491,4,0.051860,-0.682417,-0.171875
1784159146.621491,4,0.044772,-0.825880,-0.171875
1784159146.631489,4,0.037047,-0.822002,-0.164062
1784159146.641490,4,0.029928,-0.659153,-0.175781
1784159146.651489,4,0.023779,-0.632011,-0.167969
1784159146.661490,4,0.018115,-0.535077,-0.167969
1784159146.671471,4,0.013147,-0.469162,-0.167969
1784159146.681473,4,0.008603,-0.457530,-0.164062
1784159146.691474,4,0.003484,-0.511813,-0.156250
1784159146.701472,4,-0.002545,-0.639766,-0.156250
1784159146.711472,4,-0.008845,-0.647521,-0.167969
1784159146.721474,4,-0.014510,-0.515690,-0.167969
1784159146.731475,4,-0.019478,-0.566096,-0.164062
1784159146.741473,4,-0.024355,-0.531200,-0.167969
1784159146.751475,4,-0.029898,-0.581605,-0.164062
1784159146.761474,4,-0.035502,-0.585483,-0.156250
1784159146.771476,4,-0.040440,-0.414879,-0.171875
1784159146.781471,4,-0.044378,-0.379982,-0.167969
1784159146.791474,4,-0.048709,-0.488549,-0.167969
1784159146.801472,4,-0.053859,-0.531200,-0.164062
1784159146.811473,4,-0.059463,-0.527322,-0.164062
1784159146.821473,4,-0.064794,-0.566096,-0.167969
1784159146.831471,4,-0.069187,-0.422633,-0.175781
1784159146.841472,4,-0.072761,-0.352841,-0.175781
1784159146.851474,4,-0.076245,-0.368350,-0.183594
1784159146.861473,4,-0.079759,-0.329576,-0.187500
1784159146.872478,4,-0.083363,-0.275293,-0.183594
1784159146.881477,4,-0.085969,-0.310190,-0.203125
1784159146.891478,4,-0.088877,-0.290803,-0.203125
1784159146.901460,4,-0.092239,-0.383860,-0.203125
1784159146.911478,4,-0.095723,-0.317944,-0.222656
1784159146.921481,4,-0.098903,-0.368350,-0.214844
1784159146.931470,4,-0.101872,-0.306312,-0.222656
1784159146.941483,4,-0.105143,-0.352841,-0.230469
1784159146.951464,4,-0.108718,-0.426511,-0.230469
1784159146.961461,4,-0.112777,-0.465284,-0.234375
1784159146.971461,4,-0.116624,-0.329576,-0.234375
1784159146.981462,4,-0.120229,-0.348963,-0.246094
1784159146.991457,4,-0.123167,-0.224887,-0.257812
1784159147.001630,4,-0.125833,-0.321822,-0.265625
1784159147.011451,4,-0.129044,-0.376105,-0.257812
1784159147.021452,4,-0.132830,-0.473039,-0.265625
1784159147.031453,4,-0.136798,-0.434265,-0.269531
1784159147.041454,4,-0.140797,-0.465284,-0.269531
1784159147.051454,4,-0.145432,-0.527322,-0.265625
1784159147.061453,4,-0.150612,-0.554464,-0.281250
1784159147.071459,4,-0.155882,-0.581605,-0.265625
1784159147.081454,4,-0.161456,-0.651398,-0.265625
1784159147.091453,4,-0.167272,-0.612624,-0.265625
1784159147.101454,4,-0.173119,-0.682417,-0.269531
1784159147.111453,4,-0.178783,-0.469162,-0.265625
1784159147.121454,4,-0.184629,-0.670785,-0.253906
1784159147.131454,4,-0.190930,-0.647521,-0.265625
1784159147.141454,4,-0.197322,-0.721191,-0.257812
1784159147.151453,4,-0.203138,-0.585483,-0.250000
1784159147.161456,4,-0.208742,-0.519568,-0.253906
1784159147.171440,4,-0.213952,-0.546709,-0.257812
1784159147.181454,4,-0.218647,-0.414879,-0.265625
1784159147.191444,4,-0.222858,-0.348963,-0.269531
1784159147.201455,4,-0.227129,-0.449775,-0.265625
1784159147.211434,4,-0.232460,-0.647521,-0.253906
1784159147.221437,4,-0.238095,-0.558341,-0.265625
1784159147.231433,4,-0.243547,-0.492426,-0.265625
1784159147.241436,4,-0.248394,-0.492426,-0.257812
1784159147.251435,4,-0.253362,-0.597115,-0.257812
1784159147.261435,4,-0.259178,-0.589360,-0.257812
1784159147.271436,4,-0.265267,-0.581605,-0.257812
1784159147.281434,4,-0.270083,-0.422633,-0.269531
1784159147.291434,4,-0.274021,-0.473039,-0.265625
1784159147.301441,4,-0.279080,-0.600992,-0.250000
1784159147.311436,4,-0.286441,-0.790983,-0.246094
1784159147.321439,4,-0.295195,-0.860776,-0.238281
1784159147.331438,4,-0.302738,-0.651398,-0.234375
1784159147.341435,4,-0.308887,-0.624257,-0.246094
1784159147.351434,4,-0.314855,-0.585483,-0.234375
1784159147.362442,4,-0.321670,-0.597115,-0.230469
1784159147.372443,4,-0.328365,-0.697927,-0.222656
1784159147.382443,4,-0.335332,-0.829757,-0.218750
1784159147.391443,4,-0.341784,-0.713436,-0.199219
1784159147.401443,4,-0.348509,-0.678540,-0.222656
1784159147.411444,4,-0.354113,-0.519568,-0.218750
1784159147.421445,4,-0.359293,-0.573851,-0.207031
1784159147.431444,4,-0.364836,-0.670785,-0.214844
1784159147.441442,4,-0.371410,-0.744455,-0.207031
1784159147.451443,4,-0.378619,-0.725068,-0.207031
1784159147.461425,4,-0.385102,-0.624257,-0.207031
1784159147.471425,4,-0.390221,-0.527322,-0.191406
1784159147.481426,4,-0.394886,-0.434265,-0.207031
1784159147.491421,4,-0.400157,-0.546709,-0.207031
1784159147.501426,4,-0.405427,-0.616502,-0.207031
1784159147.511422,4,-0.410032,-0.422633,-0.222656
1784159147.521421,4,-0.414091,-0.387737,-0.207031
1784159147.531423,4,-0.418695,-0.531200,-0.218750
1784159147.541422,4,-0.424572,-0.600992,-0.203125
1784159147.551425,4,-0.431418,-0.663030,-0.203125
1784159147.561424,4,-0.437537,-0.604870,-0.207031
1784159147.571427,4,-0.442444,-0.538954,-0.214844
1784159147.581426,4,-0.447352,-0.515690,-0.203125
1784159147.592422,4,-0.453531,-0.581605,-0.203125
1784159147.601448,4,-0.457772,-0.461407,-0.214844
1784159147.612428,4,-0.462195,-0.348963,-0.214844
1784159147.622426,4,-0.465678,-0.399369,-0.218750
1784159147.632426,4,-0.469919,-0.535077,-0.214844
1784159147.642426,4,-0.475796,-0.666908,-0.203125
1784159147.652424,4,-0.482399,-0.674662,-0.207031
1784159147.662425,4,-0.488276,-0.593238,-0.214844
1784159147.672426,4,-0.493062,-0.473039,-0.214844
1784159147.682429,4,-0.497030,-0.399369,-0.222656
1784159147.692426,4,-0.501816,-0.469162,-0.214844
1784159147.701424,4,-0.506300,-0.507935,-0.222656
1784159147.712429,4,-0.510965,-0.376105,-0.230469
1784159147.722425,4,-0.514539,-0.333454,-0.230469
1784159147.732407,4,-0.518265,-0.376105,-0.230469
1784159147.742425,4,-0.522264,-0.438143,-0.238281
1784159147.752425,4,-0.526444,-0.473039,-0.234375
1784159147.762415,4,-0.530442,-0.391614,-0.238281
1784159147.772405,4,-0.534562,-0.438143,-0.246094
1784159147.782404,4,-0.538954,-0.352841,-0.246094
1784159147.792404,4,-0.543316,-0.507935,-0.250000
1784159147.802406,4,-0.547860,-0.465284,-0.250000
1784159147.812409,4,-0.551919,-0.430388,-0.253906
1784159147.822406,4,-0.556190,-0.442020,-0.250000
1784159147.832407,4,-0.560734,-0.515690,-0.253906
1784159147.842405,4,-0.566550,-0.608747,-0.250000
1784159147.852405,4,-0.573093,-0.639766,-0.250000
1784159147.862427,4,-0.579000,-0.624257,-0.234375
1784159147.872404,4,-0.585059,-0.612624,-0.246094
1784159147.882480,4,-0.591147,-0.659153,-0.250000
1784159147.892405,4,-0.596570,-0.465284,-0.246094
1784159147.902404,4,-0.601265,-0.418756,-0.250000
1784159147.912417,4,-0.605324,-0.414879,-0.253906
1784159147.922405,4,-0.609898,-0.488549,-0.250000
1784159147.932412,4,-0.614866,-0.554464,-0.250000
1784159147.942410,4,-0.620440,-0.573851,-0.250000
1784159147.952407,4,-0.625438,-0.480794,-0.246094
1784159147.962410,4,-0.630042,-0.496303,-0.250000
1784159147.972391,4,-0.635010,-0.488549,-0.250000
1784159147.982408,4,-0.640857,-0.593238,-0.253906
1784159147.992423,4,-0.647248,-0.705681,-0.257812
1784159148.002407,4,-0.653034,-0.604870,-0.250000
1784159148.012407,4,-0.658638,-0.608747,-0.246094
1784159148.022407,4,-0.664060,-0.589360,-0.246094
1784159148.032392,4,-0.669937,-0.647521,-0.234375
1784159148.042386,4,-0.676843,-0.717313,-0.230469
1784159148.052385,4,-0.683720,-0.674662,-0.234375
1784159148.062394,4,-0.690808,-0.783229,-0.222656
1784159148.072388,4,-0.697351,-0.666908,-0.218750
1784159148.082388,4,-0.703712,-0.639766,-0.218750
1784159148.092389,4,-0.710043,-0.651398,-0.218750
1784159148.102387,4,-0.716162,-0.531200,-0.218750
1784159148.112387,4,-0.721857,-0.569973,-0.218750
1784159148.122388,4,-0.727189,-0.558341,-0.218750
1784159148.132390,4,-0.731975,-0.484671,-0.222656
1784159148.142389,4,-0.736549,-0.550587,-0.218750
1784159148.152392,4,-0.741153,-0.511813,-0.222656
1784159148.162390,4,-0.745939,-0.511813,-0.214844
1784159148.172392,4,-0.751513,-0.655276,-0.218750
1784159148.182388,4,-0.758147,-0.752210,-0.214844
1784159148.192432,4,-0.765144,-0.728945,-0.207031
1784159148.202389,4,-0.771263,-0.593238,-0.207031
1784159148.212389,4,-0.776443,-0.430388,-0.218750
1784159148.222390,4,-0.781320,-0.612624,-0.214844
1784159148.232392,4,-0.786409,-0.519568,-0.218750
1784159148.242388,4,-0.791014,-0.500181,-0.207031
1784159148.252387,4,-0.795285,-0.469162,-0.222656
1784159148.262393,4,-0.799435,-0.461407,-0.218750
1784159148.272373,4,-0.804070,-0.523445,-0.218750
1784159148.282376,4,-0.809492,-0.620379,-0.214844
1784159148.292390,4,-0.815338,-0.593238,-0.214844
1784159148.302373,4,-0.821154,-0.643643,-0.230469
1784159148.312381,4,-0.826576,-0.507935,-0.214844
1784159148.322371,4,-0.832302,-0.511813,-0.207031
1784159148.332368,4,-0.838663,-0.674662,-0.199219
1784159148.342368,4,-0.845055,-0.632011,-0.207031
1784159148.352373,4,-0.851113,-0.632011,-0.203125
1784159148.362375,4,-0.857171,-0.620379,-0.199219
1784159148.372376,4,-0.863502,-0.697927,-0.191406
1784159148.382370,4,-0.870106,-0.686294,-0.183594
1784159148.392370,4,-0.876770,-0.597115,-0.199219
1784159148.402370,4,-0.883525,-0.655276,-0.191406
1784159148.412371,4,-0.889826,-0.674662,-0.187500
1784159148.422375,4,-0.896248,-0.659153,-0.183594
1784159148.432373,4,-0.902791,-0.771597,-0.167969
1784159148.442370,4,-0.909455,-0.643643,-0.164062
1784159148.452369,4,-0.916331,-0.721191,-0.171875
1784159148.462371,4,-0.923904,-0.763842,-0.171875
1784159148.472372,4,-0.930932,-0.694049,-0.171875
1784159148.482370,4,-0.936839,-0.597115,-0.164062
1784159148.492374,4,-0.942776,-0.635889,-0.156250
1784159148.502372,4,-0.949956,-0.763842,-0.140625
1784159148.512369,4,-0.957498,-0.833634,-0.136719
1784159148.522376,4,-0.964556,-0.713436,-0.140625
1784159148.532354,4,-0.970827,-0.690172,-0.148438
1784159148.542354,4,-0.976340,-0.573851,-0.140625
1784159148.552356,4,-0.980944,-0.488549,-0.140625
1784159148.562355,4,-0.984852,-0.368350,-0.148438
1784159148.572373,4,-0.988033,-0.290803,-0.152344
1784159148.582373,4,-0.991940,-0.442020,-0.152344
1784159148.592355,4,-0.997817,-0.690172,-0.136719
1784159148.602350,4,-1.005481,-0.860776,-0.132812
1784159148.612357,4,-1.014174,-0.856899,-0.121094
1784159148.622354,4,-1.022050,-0.752210,-0.125000
1784159148.632352,4,-1.028624,-0.666908,-0.117188
1784159148.642350,4,-1.034925,-0.632011,-0.125000
1784159148.652342,4,-1.041377,-0.697927,-0.109375
1784159148.662344,4,-1.048495,-0.705681,-0.109375
1784159148.672354,4,-1.056099,-0.798738,-0.101562
1784159148.682341,4,-1.063884,-0.674662,-0.101562
1784159148.692355,4,-1.070790,-0.643643,-0.093750
1784159148.702352,4,-1.076879,-0.643643,-0.093750
1784159148.712422,4,-1.082786,-0.651398,-0.085938
1784159148.722354,4,-1.089299,-0.725068,-0.082031
1784159148.732355,4,-1.096235,-0.728945,-0.082031
1784159148.742351,4,-1.103596,-0.759964,-0.074219
1784159148.752356,4,-1.111109,-0.767719,-0.070312
1784159148.762355,4,-1.118258,-0.663030,-0.066406
1784159148.772357,4,-1.124740,-0.655276,-0.058594
1784159148.782355,4,-1.131071,-0.651398,-0.058594
1784159148.792356,4,-1.137372,-0.674662,-0.054688
1784159148.802337,4,-1.144945,-0.818125,-0.050781
1784159148.812361,4,-1.151912,-0.643643,-0.039062
1784159148.822355,4,-1.157274,-0.414879,-0.027344
1784159148.832358,4,-1.161181,-0.298557,-0.023438
1784159148.842338,4,-1.163665,-0.209378,-0.019531
1784159148.852328,4,-1.165453,-0.240397,-0.007812
1784159148.862337,4,-1.167694,-0.143463,0.000000
1784159148.872334,4,-1.169481,-0.197746,0.000000
1784159148.882334,4,-1.171481,-0.100812,0.000000
1784159148.892333,4,-1.172117,-0.038774,0.000000
1784159148.902339,4,-1.172480,-0.003877,0.003906
1784159148.912333,4,-1.172632,-0.038774,0.000000
1784159148.922337,4,-1.172601,-0.038774,0.000000
1784159148.932328,4,-1.172299,0.046528,0.000000
1784159148.942338,4,-1.171753,0.000000,-0.007812
1784159148.952327,4,-1.171814,-0.073670,0.000000
1784159148.962336,4,-1.171935,-0.042651,0.003906
1784159148.972337,4,-1.171935,-0.065915,0.000000
1784159148.982338,4,-1.171905,0.007755,0.000000
1784159148.992328,4,-1.171935,-0.015509,0.000000
1784159149.002334,4,-1.171935,-0.007755,0.000000
1784159149.012337,4,-1.171935,-0.031019,-0.007812
1784159149.022422,4,-1.171905,0.023264,0.000000
1784159149.032334,4,-1.171935,-0.046528,0.000000
1784159149.042334,4,-1.171905,-0.015509,0.000000
1784159149.052329,4,-1.171844,-0.011632,0.000000
1784159149.062340,4,-1.171693,0.042651,0.000000
1784159149.072338,4,-1.171632,0.000000,0.000000
1784159149.082339,4,-1.171571,0.027142,0.000000
1784159149.092337,4,-1.171511,0.000000,0.000000
1784159149.102335,4,-1.171420,-0.003877,0.000000
1784159149.112339,4,-1.171178,0.015509,0.000000
1784159149.122339,4,-1.170784,0.050406,-0.007812
1784159149.132316,4,-1.170693,-0.038774,-0.003906
1784159149.142316,4,-1.170602,0.073670,-0.007812
1784159149.152308,4,-1.170481,-0.007755,0.000000
1784159149.162319,4,-1.170511,0.000000,0.000000
1784159149.172317,4,-1.170511,-0.038774,0.000000
1784159149.182308,4,-1.170481,0.015509,0.000000
1784159149.192317,4,-1.170542,-0.058161,0.000000
1784159149.202317,4,-1.170572,-0.093057,0.000000
1784159149.212317,4,-1.170511,0.003877,0.000000
1784159149.222319,4,-1.170572,-0.007755,-0.007812
1784159149.232321,4,-1.170572,0.027142,0.000000
1784159149.242316,4,-1.170632,-0.096934,0.000000
1784159149.252308,4,-1.170632,0.000000,0.000000
1784159149.262319,4,-1.170693,-0.011632,-0.007812
1784159149.272317,4,-1.170693,0.000000,0.000000
1784159149.282318,4,-1.170723,-0.054283,-0.003906
1784159149.292322,4,-1.170693,0.058161,-0.007812
1784159149.302319,4,-1.170784,-0.034896,0.000000
1784159149.312318,4,-1.170784,0.007755,0.000000
1784159149.322309,4,-1.170814,-0.007755,0.000000
1784159149.332322,4,-1.170814,0.003877,0.000000
1784159149.342317,4,-1.170875,-0.011632,0.000000
1784159149.352309,4,-1.170875,-0.062038,-0.007812
1784159149.362320,4,-1.170845,-0.027142,0.000000
1784159149.372300,4,-1.170845,-0.031019,0.000000
1784159149.382320,4,-1.170845,-0.058161,-0.007812
1784159149.392321,4,-1.170814,0.003877,0.000000
1784159149.402300,4,-1.170845,-0.093057,0.000000
1784159149.412300,4,-1.170814,-0.058161,0.000000
1784159149.422362,4,-1.170814,-0.112444,0.000000
1784159149.432297,4,-1.170723,0.031019,0.000000
1784159149.442296,4,-1.170723,-0.031019,0.000000
1784159149.452295,4,-1.170693,0.000000,0.000000
1784159149.462296,4,-1.170693,-0.042651,0.000000
1784159149.472299,4,-1.170693,-0.038774,0.000000
1784159149.482297,4,-1.170693,-0.038774,-0.007812
1784159149.492297,4,-1.170693,-0.019387,0.000000
1784159149.502298,4,-1.170723,-0.031019,0.000000
1784159149.512317,4,-1.170693,-0.015509,0.000000
1784159149.522316,4,-1.170723,-0.034896,0.000000
1784159149.532298,4,-1.170754,-0.062038,0.000000
1784159149.542297,4,-1.170754,-0.034896,-0.007812
1784159149.552299,4,-1.170784,-0.042651,0.000000
1784159149.562300,4,-1.170784,-0.007755,0.000000
1784159149.572299,4,-1.170814,-0.011632,0.000000
1784159149.582317,4,-1.170845,-0.062038,0.000000
1784159149.592317,4,-1.170814,0.000000,0.000000
1784159149.602299,4,-1.170845,-0.054283,0.000000
1784159149.612306,4,-1.170845,-0.038774,0.000000
1784159149.622299,4,-1.170814,0.019387,0.000000
1784159149.632301,4,-1.170814,0.023264,0.000000
1784159149.642298,4,-1.170845,-0.058161,0.000000
1784159149.652278,4,-1.170784,0.054283,0.000000
1784159149.662298,4,-1.170814,-0.073670,0.000000
1784159149.672281,4,-1.170784,0.015509,0.000000
1784159149.682274,4,-1.170814,-0.046528,0.000000
1784159149.692279,4,-1.170784,0.003877,0.000000
1784159149.702279,4,-1.170784,-0.042651,-0.007812
1784159149.712276,4,-1.170784,-0.038774,0.000000
1784159149.722278,4,-1.170784,-0.058161,-0.007812
1784159149.732278,4,-1.170754,0.027142,-0.007812
1784159149.742278,4,-1.170754,0.000000,0.000000
1784159149.752279,4,-1.170754,-0.023264,0.000000
1784159149.762277,4,-1.170754,-0.015509,0.000000
1784159149.772278,4,-1.170784,-0.089180,0.000000
1784159149.782279,4,-1.170784,-0.073670,0.000000
1784159149.792280,4,-1.170754,-0.015509,0.000000
1784159149.802285,4,-1.170754,0.050406,0.000000
1784159149.812286,4,-1.170754,-0.003877,0.000000
1784159149.822280,4,-1.170754,0.000000,0.000000
1784159149.832279,4,-1.170784,-0.038774,0.000000
1784159149.842279,4,-1.170814,-0.069793,0.000000
1784159149.852355,4,-1.170814,-0.085302,0.000000
1784159149.862350,4,-1.170784,-0.065915,0.000000
1784159149.872354,4,-1.170814,-0.023264,0.000000
1784159149.882284,4,-1.170784,0.058161,0.000000
1784159149.892266,4,-1.170814,0.000000,0.000000
1784159149.902282,4,-1.170814,-0.011632,0.000000
1784159149.912269,4,-1.170814,0.000000,0.000000
1784159149.922268,4,-1.170814,-0.003877,0.000000
1784159149.932273,4,-1.170814,-0.003877,0.000000
1784159149.942265,4,-1.170845,-0.062038,0.000000
1784159149.952268,4,-1.170814,-0.015509,0.000000
1784159149.962270,4,-1.170784,0.000000,-0.007812
1784159149.972266,4,-1.170784,0.019387,0.000000
1784159149.982253,4,-1.170814,-0.046528,0.000000
1784159149.992261,4,-1.170784,-0.038774,0.000000
1784159150.002263,4,-1.170784,-0.034896,0.000000
1784159150.012263,4,-1.170784,0.019387,0.000000
1784159150.022266,4,-1.170723,0.054283,0.000000
1784159150.032268,4,-1.170784,-0.058161,-0.007812
1784159150.042326,4,-1.170723,0.050406,0.000000
1784159150.052320,4,-1.170784,-0.003877,0.000000
1784159150.062328,4,-1.170784,-0.081425,0.000000
1784159150.072267,4,-1.170754,-0.003877,0.000000
1784159150.082263,4,-1.170784,-0.050406,-0.007812
1784159150.092261,4,-1.170784,-0.046528,0.000000
1784159150.102262,4,-1.170784,-0.011632,0.000000
1784159150.112261,4,-1.170784,-0.015509,0.000000
1784159150.122254,4,-1.170784,-0.003877,0.000000
1784159150.132263,4,-1.170784,0.003877,0.000000
1784159150.142260,4,-1.170814,-0.023264,0.000000
1784159150.152263,4,-1.170814,-0.031019,-0.003906
1784159150.162261,4,-1.170814,-0.015509,-0.007812
1784159150.172266,4,-1.170814,-0.003877,0.000000
1784159150.182254,4,-1.170814,-0.007755,0.000000
1784159150.192266,4,-1.170814,-0.015509,0.000000
1784159150.202244,4,-1.170845,-0.073670,-0.011719
1784159150.212245,4,-1.170814,-0.023264,-0.007812
1784159150.222243,4,-1.170814,-0.027142,0.000000
1784159150.232249,4,-1.170814,-0.038774,-0.007812
1784159150.242244,4,-1.170784,0.038774,0.000000
1784159150.252242,4,-1.170814,-0.038774,0.000000
1784159150.262246,4,-1.170784,-0.019387,0.000000
1784159150.272241,4,-1.170784,0.019387,0.000000
1784159150.282243,4,-1.170814,-0.058161,0.000000
1784159150.292241,4,-1.170784,0.003877,0.000000
1784159150.302248,4,-1.170784,-0.007755,0.000000
1784159150.312239,4,-1.170784,0.000000,-0.007812
1784159150.322243,4,-1.170784,-0.031019,0.000000
1784159150.332243,4,-1.170814,-0.073670,0.000000
1784159150.342244,4,-1.170754,0.031019,0.000000
1784159150.352242,4,-1.170784,-0.015509,0.000000
1784159150.362244,4,-1.170784,-0.023264,0.003906
1784159150.372246,4,-1.170784,-0.019387,-0.007812
1784159150.382245,4,-1.170784,-0.027142,-0.003906
1784159150.392244,4,-1.170814,-0.062038,0.000000
1784159150.402247,4,-1.170784,0.000000,0.000000
1784159150.412249,4,-1.170784,0.003877,0.003906
1784159150.422247,4,-1.170784,0.011632,0.000000
1784159150.432236,4,-1.170814,-0.027142,0.000000
1784159150.442247,4,-1.170814,-0.038774,0.000000
1784159150.452245,4,-1.170814,-0.027142,0.000000
1784159150.462246,4,-1.170814,0.000000,0.000000
1784159150.472228,4,-1.170814,-0.015509,0.000000
1784159150.482225,4,-1.170784,0.011632,0.000000
1784159150.492226,4,-1.170814,-0.023264,0.000000
1784159150.502225,4,-1.170784,0.023264,0.000000
1784159150.512225,4,-1.170814,-0.031019,0.000000
1784159150.522225,4,-1.170784,0.011632,0.000000
1784159150.532223,4,-1.170784,0.015509,-0.007812
1784159150.542225,4,-1.170784,0.015509,0.000000
1784159150.552224,4,-1.170784,0.000000,0.000000
1784159150.562226,4,-1.170784,-0.015509,0.000000
1784159150.572229,4,-1.170784,-0.003877,-0.003906
1784159150.582227,4,-1.170784,-0.007755,0.000000
1784159150.592230,4,-1.170784,-0.031019,0.000000
1784159150.602225,4,-1.170814,-0.062038,0.000000
1784159150.612227,4,-1.170814,-0.089180,0.000000
1784159150.622227,4,-1.170784,-0.011632,0.000000
1784159150.632221,4,-1.170754,0.031019,0.000000
1784159150.642219,4,-1.170784,-0.015509,0.000000
1784159150.652228,4,-1.170814,-0.073670,0.000000
1784159150.662227,4,-1.170814,-0.058161,0.000000
1784159150.672227,4,-1.170784,0.007755,0.000000
1784159150.682227,4,-1.170814,-0.038774,0.000000
1784159150.692239,4,-1.170784,0.019387,-0.003906
1784159150.702230,4,-1.170845,-0.093057,0.000000
1784159150.712228,4,-1.170814,-0.038774,0.000000
1784159150.722228,4,-1.170814,-0.042651,-0.003906
1784159150.732210,4,-1.170814,-0.027142,-0.007812
1784159150.742228,4,-1.170814,-0.023264,0.000000
1784159150.752227,4,-1.170814,-0.038774,0.000000
1784159150.762211,4,-1.170814,-0.023264,0.000000
1784159150.772209,4,-1.170784,0.019387,0.000000
1784159150.782208,4,-1.170814,-0.038774,0.000000
1784159150.792209,4,-1.170814,-0.034896,0.000000
1784159150.802200,4,-1.170845,-0.085302,0.000000
1784159150.812208,4,-1.170814,-0.042651,0.000000
1784159150.822203,4,-1.170814,-0.031019,0.000000
1784159150.832206,4,-1.170784,0.019387,0.000000
1784159150.842212,4,-1.170814,-0.054283,-0.007812
1784159150.852319,4,-1.170784,0.007755,0.000000
1784159150.862199,4,-1.170784,0.015509,0.000000
1784159150.872199,4,-1.170784,0.011632,0.000000
1784159150.882201,4,-1.170784,0.000000,0.000000
1784159150.892200,4,-1.170754,0.054283,-0.003906
1784159150.902201,4,-1.170784,0.000000,-0.007812
1784159150.912199,4,-1.170784,-0.050406,0.000000
1784159150.922201,4,-1.170784,-0.015509,0.000000
1784159150.932211,4,-1.170814,-0.050406,0.000000
1784159150.942203,4,-1.170814,-0.038774,0.000000
1784159150.952201,4,-1.170814,-0.031019,0.000000
1784159150.962204,4,-1.170784,-0.038774,0.000000
1784159150.972206,4,-1.170814,-0.038774,0.000000
1784159150.982206,4,-1.170845,-0.069793,0.000000
1784159150.992203,4,-1.170814,-0.015509,-0.003906
1784159151.002202,4,-1.170814,-0.031019,0.000000
1784159151.012206,4,-1.170814,-0.015509,0.000000
1784159151.022313,4,-1.170784,0.019387,0.000000
1784159151.032201,4,-1.170814,-0.023264,0.003906
1784159151.042185,4,-1.170814,-0.031019,0.000000
1784159151.052181,4,-1.170814,-0.027142,0.000000
1784159151.062191,4,-1.170814,-0.046528,0.000000
1784159151.072181,4,-1.170814,-0.038774,0.000000
1784159151.082190,4,-1.170814,-0.034896,0.000000
1784159151.092184,4,-1.170784,0.031019,0.000000
1784159151.102184,4,-1.170784,0.019387,0.000000
1784159151.112189,4,-1.170814,-0.058161,-0.003906
1784159151.122188,4,-1.170814,-0.038774,0.003906
1784159151.132185,4,-1.170754,0.058161,0.000000
1784159151.142183,4,-1.170784,0.027142,0.000000
1784159151.152190,4,-1.170784,0.011632,0.000000
1784159151.162193,4,-1.170814,-0.038774,-0.007812
1784159151.172197,4,-1.170784,0.019387,0.000000
1784159151.182192,4,-1.170814,-0.038774,0.000000
1784159151.192189,4,-1.170814,-0.034896,0.000000
1784159151.202299,4,-1.170814,-0.038774,0.000000
1784159151.212185,4,-1.170814,-0.034896,0.003906
1784159151.222184,4,-1.170814,-0.038774,-0.007812
1784159151.232182,4,-1.170814,-0.038774,0.000000
1784159151.242185,4,-1.170814,-0.034896,0.003906
1784159151.252185,4,-1.170845,-0.093057,0.000000
1784159151.262279,4,-1.170845,-0.077547,0.000000
1784159151.272281,4,-1.170845,-0.081425,0.000000
1784159151.282192,4,-1.170784,0.027142,0.000000
1784159151.292187,4,-1.170814,-0.038774,0.000000
1784159151.302186,4,-1.170814,-0.023264,0.003906
1784159151.312189,4,-1.170814,-0.031019,0.000000
1784159151.322174,4,-1.170845,-0.058161,0.000000
1784159151.332166,4,-1.170845,-0.031019,0.000000
1784159151.342167,4,-1.170814,-0.027142,0.000000
1784159151.352167,4,-1.170814,-0.038774,0.000000
1784159151.362166,4,-1.170814,-0.027142,0.000000
1784159151.372168,4,-1.170814,-0.031019,0.000000
1784159151.382171,4,-1.170814,-0.038774,-0.003906
1784159151.392171,4,-1.170814,-0.031019,0.000000
1784159151.402167,4,-1.170814,-0.034896,0.003906
1784159151.412168,4,-1.170814,-0.038774,0.000000
1784159151.422167,4,-1.170754,0.069793,0.000000
1784159151.432170,4,-1.170814,-0.038774,0.000000
1784159151.442169,4,-1.170754,0.062038,0.000000
1784159151.452168,4,-1.170784,0.019387,0.000000
1784159151.462166,4,-1.170814,-0.031019,0.000000
1784159151.472239,4,-1.170814,-0.031019,0.000000
1784159151.482224,4,-1.170814,-0.031019,-0.007812
1784159151.492248,4,-1.170784,0.023264,0.000000
1784159151.502171,4,-1.170845,-0.093057,0.000000
1784159151.512167,4,-1.170845,-0.089180,0.000000
1784159151.522167,4,-1.170814,-0.011632,0.000000
1784159151.532167,4,-1.170784,0.031019,0.000000
1784159151.542172,4,-1.170845,-0.065915,0.000000
1784159151.552167,4,-1.170814,-0.007755,0.000000
1784159151.562174,4,-1.170814,-0.027142,0.000000
1784159151.572168,4,-1.170784,0.046528,0.000000
1784159151.582152,4,-1.170814,-0.015509,-0.007812
1784159151.592151,4,-1.170814,-0.027142,0.000000
1784159151.602157,4,-1.170754,0.085302,0.000000
1784159151.612155,4,-1.170784,0.027142,0.000000
1784159151.622154,4,-1.170814,-0.038774,0.000000
1784159151.632154,4,-1.170814,-0.038774,0.000000
1784159151.642150,4,-1.170814,0.019387,0.000000
1784159151.652153,4,-1.170814,-0.042651,0.000000
1784159151.662156,4,-1.170845,-0.093057,0.000000
1784159151.672155,4,-1.170845,-0.108566,0.000000
1784159151.682150,4,-1.170784,0.015509,0.003906
1784159151.692151,4,-1.170784,0.019387,-0.011719
1784159151.702151,4,-1.170814,-0.038774,-0.003906
1784159151.712158,4,-1.170814,0.019387,-0.007812
1784159151.722151,4,-1.170814,-0.050406,0.000000
1784159151.732150,4,-1.170784,0.007755,-0.007812
1784159151.742155,4,-1.170784,0.019387,0.000000
1784159151.752152,4,-1.170814,-0.038774,-0.007812
1784159151.762155,4,-1.170784,0.038774,0.000000
1784159151.772151,4,-1.170845,-0.089180,0.000000
1784159151.782151,4,-1.170784,0.015509,-0.003906
1784159151.792151,4,-1.170784,-0.027142,0.000000
1784159151.802155,4,-1.170784,0.023264,0.000000
1784159151.812155,4,-1.170814,-0.038774,0.000000
1784159151.822154,4,-1.170784,0.019387,0.000000
1784159151.832133,4,-1.170784,0.042651,0.000000
1784159151.842132,4,-1.170814,-0.038774,-0.007812
1784159151.852140,4,-1.170814,-0.042651,0.000000
1784159151.862129,4,-1.170814,-0.034896,0.000000
1784159151.872129,4,-1.170845,-0.085302,0.000000
1784159151.882129,4,-1.170784,0.038774,0.000000
1784159151.892127,4,-1.170814,-0.031019,0.000000
1784159151.902128,4,-1.170814,-0.038774,0.000000
1784159151.912130,4,-1.170845,-0.085302,0.000000
1784159151.922129,4,-1.170814,-0.031019,-0.007812
1784159151.932132,4,-1.170814,-0.038774,0.000000
1784159151.942144,4,-1.170814,-0.038774,0.000000
1784159151.952128,4,-1.170845,-0.096934,0.000000
1784159151.962129,4,-1.170814,-0.038774,0.000000
1784159151.972131,4,-1.170814,-0.038774,0.000000
1784159151.982136,4,-1.170814,-0.046528,0.000000
1784159151.992133,4,-1.170814,-0.042651,-0.003906
1784159152.002132,4,-1.170814,-0.038774,0.000000
1784159152.012131,4,-1.170814,-0.038774,0.000000
1784159152.022132,4,-1.170784,0.015509,-0.007812
1784159152.032132,4,-1.170845,-0.093057,-0.007812
1784159152.042133,4,-1.170814,-0.038774,0.000000
1784159152.052132,4,-1.170814,-0.038774,0.000000
1784159152.062135,4,-1.170784,0.031019,0.000000
1784159152.072132,4,-1.170845,-0.100812,-0.003906
1784159152.082135,4,-1.170814,-0.042651,0.000000
1784159152.092136,4,-1.170814,-0.003877,0.000000
1784159152.102133,4,-1.170814,-0.019387,-0.007812
1784159152.112131,4,-1.170814,-0.038774,0.000000
1784159152.122132,4,-1.170814,-0.038774,0.000000
1784159152.132139,4,-1.170814,-0.027142,-0.003906
1784159152.142164,4,-1.170814,-0.027142,0.000000
1784159152.152112,4,-1.170814,-0.038774,0.000000
1784159152.162111,4,-1.170814,-0.015509,0.000000
1784159152.172116,4,-1.170814,-0.015509,-0.003906
1784159152.182114,4,-1.170814,-0.034896,0.000000
1784159152.192118,4,-1.170814,-0.038774,0.000000
1784159152.202115,4,-1.170814,-0.038774,-0.007812
1784159152.212112,4,-1.170814,-0.096934,0.000000
1784159152.222114,4,-1.170814,-0.038774,0.000000
1784159152.232118,4,-1.170814,-0.027142,-0.003906
1784159152.242112,4,-1.170814,-0.031019,0.000000
1784159152.252114,4,-1.170784,0.023264,0.000000
1784159152.262113,4,-1.170814,-0.019387,0.000000
1784159152.272114,4,-1.170814,-0.046528,0.000000
1784159152.282123,4,-1.170784,0.023264,-0.007812
1784159152.292115,4,-1.170814,-0.023264,0.000000
1784159152.302114,4,-1.170814,-0.015509,0.000000
1784159152.312114,4,-1.170814,-0.031019,0.000000
1784159152.322117,4,-1.170845,-0.073670,0.000000
1784159152.332114,4,-1.170814,-0.027142,0.000000
1784159152.342112,4,-1.170814,-0.011632,0.000000
1784159152.352111,4,-1.170814,-0.019387,0.000000
1784159152.362118,4,-1.170814,-0.007755,-0.003906
1784159152.372114,4,-1.170814,-0.027142,0.000000
1784159152.382120,4,-1.170814,-0.007755,0.000000
1784159152.392114,4,-1.170814,-0.038774,0.000000
1784159152.402117,4,-1.170814,-0.015509,-0.007812
1784159152.412099,4,-1.170814,-0.038774,-0.007812
1784159152.422091,4,-1.170814,-0.023264,0.000000
1784159152.432093,4,-1.170814,0.027142,0.000000
1784159152.442093,4,-1.170814,-0.034896,0.000000
1784159152.452096,4,-1.170845,-0.093057,0.000000
1784159152.462093,4,-1.170814,-0.031019,0.000000
1784159152.472093,4,-1.170784,0.023264,0.000000
1784159152.482094,4,-1.170814,-0.034896,-0.007812
1784159152.492092,4,-1.170814,-0.031019,0.000000
1784159152.502094,4,-1.170784,0.027142,0.000000
1784159152.512099,4,-1.170814,-0.034896,0.000000
1784159152.522100,4,-1.170784,0.019387,0.000000
1784159152.532096,4,-1.170814,-0.038774,0.000000
1784159152.542096,4,-1.170814,-0.038774,0.000000
1784159152.552100,4,-1.170814,-0.015509,-0.007812
1784159152.562095,4,-1.170784,0.027142,0.000000
1784159152.572094,4,-1.170845,-0.093057,0.003906
1784159152.582101,4,-1.170814,-0.011632,0.000000
1784159152.592113,4,-1.170784,0.031019,-0.007812
1784159152.602097,4,-1.170814,-0.027142,0.000000
1784159152.612104,4,-1.170814,-0.031019,-0.003906
1784159152.622099,4,-1.170845,-0.069793,0.000000
1784159152.632097,4,-1.170814,-0.015509,0.003906
1784159152.642097,4,-1.170814,-0.031019,0.000000
1784159152.652097,4,-1.170814,-0.019387,0.003906
1784159152.662097,4,-1.170784,0.034896,0.000000
1784159152.672103,4,-1.170814,-0.031019,0.000000
1784159152.682079,4,-1.170814,-0.019387,0.000000
1784159152.692078,4,-1.170814,-0.031019,0.000000
1784159152.702079,4,-1.170784,0.034896,0.000000
1784159152.712075,4,-1.170784,0.015509,0.000000
1784159152.722084,4,-1.170845,-0.077547,0.003906
1784159152.732076,4,-1.170814,-0.019387,0.000000
1784159152.742081,4,-1.170784,0.027142,0.000000
1784159152.752075,4,-1.170814,-0.023264,-0.007812
1784159152.762077,4,-1.170814,-0.038774,0.000000
1784159152.772075,4,-1.170845,-0.093057,0.000000
1784159152.782077,4,-1.170814,-0.038774,0.000000
1784159152.792081,4,-1.170814,-0.019387,-0.007812
1784159152.802076,4,-1.170784,0.015509,0.000000
1784159152.812078,4,-1.170784,0.038774,0.000000
1784159152.822077,4,-1.170784,0.019387,-0.007812
1784159152.832076,4,-1.170845,-0.096934,0.000000
1784159152.842079,4,-1.170814,-0.038774,-0.007812
1784159152.852079,4,-1.170814,-0.023264,0.000000
1784159152.862079,4,-1.170814,-0.077547,0.003906
1784159152.872084,4,-1.170814,-0.027142,-0.007812
1784159152.882081,4,-1.170814,-0.019387,0.000000
1784159152.892076,4,-1.170814,-0.027142,0.000000
1784159152.902078,4,-1.170814,-0.023264,0.000000
1784159152.912079,4,-1.170784,0.027142,-0.003906
1784159152.922081,4,-1.170845,-0.073670,0.003906
1784159152.932083,4,-1.170845,-0.065915,0.000000
1784159152.942079,4,-1.170784,0.034896,0.000000
1784159152.952086,4,-1.170845,-0.089180,0.000000
1784159152.962059,4,-1.170814,-0.027142,0.000000
1784159152.972060,4,-1.170845,-0.058161,0.000000
1784159152.982059,4,-1.170814,-0.027142,0.000000
1784159152.992057,4,-1.170814,-0.023264,0.000000
1784159153.002056,4,-1.170814,-0.031019,0.000000
1784159153.012060,4,-1.170845,-0.069793,0.000000
1784159153.022057,4,-1.170784,0.019387,-0.007812
1784159153.032058,4,-1.170814,-0.034896,0.000000
1784159153.042057,4,-1.170814,-0.031019,0.000000
1784159153.052057,4,-1.170814,-0.038774,0.000000
1784159153.062059,4,-1.170814,-0.038774,0.000000
1784159153.072059,4,-1.170814,-0.023264,0.003906
1784159153.082067,4,-1.170814,-0.038774,0.000000
1784159153.092059,4,-1.170814,-0.027142,0.000000
1784159153.102060,4,-1.170814,-0.015509,0.000000
1784159153.112064,4,-1.170845,-0.085302,0.000000
1784159153.122062,4,-1.170814,-0.023264,0.000000
1784159153.132061,4,-1.170814,-0.015509,0.000000
1784159153.142067,4,-1.170814,-0.027142,-0.007812
1784159153.152069,4,-1.170814,0.027142,0.000000
1784159153.162060,4,-1.170814,-0.023264,0.000000
1784159153.172065,4,-1.170845,-0.085302,0.003906
1784159153.182068,4,-1.170784,0.042651,0.000000
1784159153.192061,4,-1.170784,0.027142,0.003906
1784159153.202062,4,-1.170845,-0.077547,0.000000
1784159153.212041,4,-1.170784,0.031019,0.000000
1784159153.222048,4,-1.170784,0.019387,-0.003906
1784159153.232048,4,-1.170845,-0.073670,0.000000
1784159153.242045,4,-1.170814,-0.031019,0.000000
1784159153.252046,4,-1.170814,-0.027142,0.000000
1784159153.262095,4,-1.170845,-0.085302,0.000000
1784159153.272051,4,-1.170814,-0.019387,0.000000
1784159153.282043,4,-1.170784,0.019387,0.000000
1784159153.292052,4,-1.170814,-0.038774,0.000000
1784159153.302045,4,-1.170845,-0.085302,0.000000
1784159153.312053,4,-1.170814,-0.038774,0.000000
1784159153.322044,4,-1.170814,-0.034896,0.000000
1784159153.332055,4,-1.170845,0.034896,0.000000
1784159153.342045,4,-1.170784,0.019387,0.000000
1784159153.352049,4,-1.170814,-0.038774,0.000000
1784159153.362042,4,-1.170814,-0.034896,0.000000
1784159153.372044,4,-1.170814,-0.034896,0.000000
1784159153.382043,4,-1.170784,0.019387,0.000000
1784159153.392045,4,-1.170814,-0.019387,0.000000
1784159153.402043,4,-1.170814,-0.027142,0.000000
1784159153.412044,4,-1.170784,0.034896,0.003906
1784159153.422048,4,-1.170814,-0.038774,0.000000
1784159153.432045,4,-1.170814,-0.038774,-0.007812
1784159153.442043,4,-1.170784,0.023264,-0.007812
1784159153.452048,4,-1.170814,-0.038774,-0.011719
1784159153.462048,4,-1.170814,-0.027142,0.000000
1784159153.472043,4,-1.170784,0.023264,0.000000
1784159153.482026,4,-1.170814,-0.023264,0.000000
1784159153.492023,4,-1.170814,-0.023264,0.000000
1784159153.502025,4,-1.170845,-0.069793,0.000000
1784159153.512105,4,-1.170814,-0.027142,0.000000
1784159153.522021,4,-1.170814,-0.038774,0.003906
1784159153.532024,4,-1.170784,0.034896,0.000000
1784159153.542022,4,-1.170845,-0.081425,0.003906
1784159153.552028,4,-1.170784,0.031019,0.000000
1784159153.562026,4,-1.170754,0.073670,0.000000
1784159153.572031,4,-1.170814,-0.031019,-0.003906
1784159153.582025,4,-1.170784,0.023264,0.000000
1784159153.592031,4,-1.170784,-0.023264,0.000000
1784159153.602025,4,-1.170784,0.019387,0.000000
1784159153.612031,4,-1.170814,-0.015509,0.000000
1784159153.622022,4,-1.170814,-0.023264,0.000000
1784159153.632023,4,-1.170845,-0.093057,0.003906
1784159153.642025,4,-1.170814,-0.027142,0.000000
1784159153.652025,4,-1.170814,-0.019387,0.000000
1784159153.662031,4,-1.170784,0.019387,0.000000
1784159153.672026,4,-1.170784,0.019387,0.000000
1784159153.682024,4,-1.170784,0.019387,0.000000
1784159153.692042,4,-1.170814,-0.027142,0.000000
1784159153.702026,4,-1.170814,-0.027142,0.000000
1784159153.712024,4,-1.170784,0.023264,0.000000
1784159153.722025,4,-1.170814,-0.038774,0.000000
1784159153.732024,4,-1.170814,-0.015509,-0.003906
1784159153.742025,4,-1.170784,0.031019,0.000000
1784159153.752027,4,-1.170814,-0.015509,0.000000
1784159153.762028,4,-1.170814,0.031019,0.000000
1784159153.772021,4,-1.170784,0.034896,0.000000
1784159153.782028,4,-1.170814,-0.015509,0.000000
1784159153.792012,4,-1.170814,-0.031019,0.000000
1784159153.802013,4,-1.170814,-0.015509,0.000000
1784159153.812011,4,-1.170814,-0.019387,-0.007812
1784159153.822047,4,-1.170784,0.023264,0.003906
1784159153.832008,4,-1.170814,-0.038774,0.000000
1784159153.842111,4,-1.170814,-0.019387,-0.003906
1784159153.852018,4,-1.170814,-0.034896,0.000000
1784159153.862092,4,-1.170784,0.019387,0.000000
1784159153.872086,4,-1.170814,-0.038774,0.000000
1784159153.882055,4,-1.170784,0.015509,0.000000
1784159153.892013,4,-1.170814,-0.031019,0.000000
1784159153.902024,4,-1.170814,-0.031019,0.000000
1784159153.912016,4,-1.170814,-0.031019,0.000000
1784159153.922014,4,-1.170814,-0.027142,0.000000
1784159153.932019,4,-1.170814,-0.015509,0.000000
1784159153.942017,4,-1.170784,0.031019,0.000000
1784159153.952018,4,-1.170814,-0.042651,-0.007812
1784159153.962016,4,-1.170814,-0.027142,0.000000
1784159153.972023,4,-1.170784,0.019387,0.000000
1784159153.982018,4,-1.170814,-0.027142,0.000000
1784159153.992018,4,-1.170784,0.031019,0.000000
1784159154.002017,4,-1.170814,-0.031019,0.000000
1784159154.011999,4,-1.170814,-0.019387,0.000000
1784159154.021999,4,-1.170845,-0.093057,0.000000
1784159154.032007,4,-1.170814,-0.019387,0.000000
1784159154.042016,4,-1.170784,0.031019,0.000000
1784159154.051995,4,-1.170814,-0.031019,0.000000
1784159154.061993,4,-1.170814,-0.046528,0.000000
1784159154.071997,4,-1.170784,0.027142,0.000000
1784159154.081994,4,-1.170814,-0.038774,-0.007812
1784159154.091994,4,-1.170814,-0.093057,0.000000
1784159154.101997,4,-1.170845,-0.081425,0.000000
1784159154.111995,4,-1.170814,-0.023264,0.000000
1784159154.121991,4,-1.170814,-0.027142,-0.003906
1784159154.134753,4,-1.170814,-0.027142,0.000000
1784159154.142001,4,-1.170845,-0.077547,0.000000
1784159154.151995,4,-1.170814,-0.031019,0.000000
1784159154.161994,4,-1.170814,-0.023264,0.000000
1784159154.171999,4,-1.170784,0.003877,0.000000
1784159154.181986,4,-1.170814,-0.034896,0.000000
1784159154.191995,4,-1.170814,-0.031019,0.000000
1784159154.201996,4,-1.170784,0.034896,0.000000
1784159154.212990,4,-1.170784,0.027142,0.000000
1784159154.226255,4,-1.170875,-0.120198,0.000000
1784159154.234004,4,-1.170814,-0.038774,0.000000
1784159154.241992,4,-1.170784,0.019387,0.000000
1784159154.251988,4,-1.170814,-0.015509,0.003906
1784159154.262003,4,-1.170814,-0.031019,0.000000
1784159154.271989,4,-1.170784,0.023264,0.000000
1784159154.281992,4,-1.170814,-0.031019,0.000000
1784159154.291994,4,-1.170814,-0.031019,0.000000
1784159154.302394,4,-1.170814,-0.027142,0.000000
1784159154.312000,4,-1.170784,0.034896,0.000000
1784159154.321968,4,-1.170814,-0.038774,0.000000
1784159154.331976,4,-1.170814,-0.042651,0.000000
1784159154.341972,4,-1.170784,-0.034896,-0.003906
1784159154.351969,4,-1.170784,0.019387,0.000000
1784159154.362077,4,-1.170814,-0.015509,0.000000
1784159154.371968,4,-1.170814,-0.023264,0.000000
1784159154.381972,4,-1.170845,-0.081425,-0.007812
1784159154.391974,4,-1.170814,-0.034896,0.000000
1784159154.402101,4,-1.170814,-0.031019,0.000000
1784159154.411980,4,-1.170814,-0.038774,0.000000
1784159154.421996,4,-1.170814,-0.027142,0.000000
1784159154.432231,4,-1.170814,-0.042651,0.000000
1784159154.442006,4,-1.170784,0.034896,0.000000
1784159154.452000,4,-1.170814,-0.023264,-0.007812
1784159154.461972,4,-1.170814,-0.019387,-0.007812
1784159154.471966,4,-1.170784,0.027142,0.000000
1784159154.482077,4,-1.170814,-0.019387,-0.003906
1784159154.492042,4,-1.170814,-0.007755,0.000000
1784159154.502068,4,-1.170814,-0.027142,0.000000
1784159154.511980,4,-1.170814,-0.003877,0.000000
1784159154.521981,4,-1.170814,-0.034896,0.000000
1784159154.531972,4,-1.170814,-0.023264,-0.007812
1784159154.541985,4,-1.170845,-0.093057,0.000000
1784159154.551979,4,-1.170814,-0.081425,0.000000
1784159154.562044,4,-1.170814,-0.027142,0.000000
1784159154.571965,4,-1.170814,-0.011632,0.000000
1784159154.581982,4,-1.170814,-0.031019,0.000000
1784159154.591981,4,-1.170814,-0.019387,-0.007812
1784159154.601955,4,-1.170814,-0.027142,0.000000
1784159154.611968,4,-1.170814,-0.042651,0.000000
1784159154.622086,4,-1.170814,0.019387,-0.007812
1784159154.631962,4,-1.170814,-0.034896,0.000000
1784159154.641962,4,-1.170784,0.027142,0.000000
1784159154.651961,4,-1.170814,-0.015509,-0.003906
1784159154.661959,4,-1.170814,-0.038774,0.000000
1784159154.671961,4,-1.170814,-0.038774,0.000000
1784159154.681954,4,-1.170814,-0.034896,0.000000
1784159154.692078,4,-1.170814,-0.015509,0.000000
1784159154.701958,4,-1.170845,-0.093057,0.000000
1784159154.711967,4,-1.170814,-0.031019,-0.003906
1784159154.721965,4,-1.170845,-0.096934,-0.007812
1784159154.731961,4,-1.170814,-0.023264,0.000000
1784159154.741958,4,-1.170814,-0.031019,0.000000
1784159154.751966,4,-1.170784,0.019387,0.000000
1784159154.761967,4,-1.170784,0.023264,0.000000
1784159154.771952,4,-1.170814,-0.023264,-0.003906
1784159154.781951,4,-1.170784,0.038774,-0.003906
1784159154.791951,4,-1.170814,-0.031019,0.000000
1784159154.801951,4,-1.170814,-0.023264,0.000000
1784159154.811955,4,-1.170814,-0.027142,0.000000
1784159154.821950,4,-1.170784,0.027142,-0.003906
1784159154.831951,4,-1.170814,-0.023264,0.000000
1784159154.841937,4,-1.170784,0.023264,0.000000
1784159154.851953,4,-1.170814,-0.027142,0.000000
1784159154.861937,4,-1.170845,-0.073670,0.000000
1784159154.871947,4,-1.170814,-0.034896,-0.007812
1784159154.882031,4,-1.170784,0.031019,0.000000
1784159154.891930,4,-1.170784,0.027142,0.000000
1784159154.901935,4,-1.170814,-0.027142,0.000000
1784159154.911933,4,-1.170814,-0.038774,0.000000
1784159154.921934,4,-1.170814,-0.034896,-0.007812
1784159154.931935,4,-1.170814,-0.031019,0.000000
1784159154.941935,4,-1.170814,-0.034896,0.000000
1784159154.951934,4,-1.170784,0.019387,0.000000
1784159154.961935,4,-1.170814,-0.034896,0.000000
1784159154.971938,4,-1.170784,0.019387,0.000000
1784159154.981937,4,-1.170784,0.019387,-0.007812
1784159154.991933,4,-1.170814,-0.027142,0.003906
1784159155.001936,4,-1.170784,0.031019,0.000000
1784159155.011934,4,-1.170814,-0.042651,-0.003906
1784159155.021938,4,-1.170845,-0.077547,0.000000
1784159155.031939,4,-1.170814,-0.019387,0.000000
1784159155.041936,4,-1.170814,-0.011632,0.000000
1784159155.051938,4,-1.170814,-0.023264,-0.003906
1784159155.061936,4,-1.170845,-0.062038,0.000000
1784159155.071935,4,-1.170814,-0.038774,0.000000
1784159155.081935,4,-1.170814,-0.023264,0.000000
1784159155.091934,4,-1.170845,-0.089180,0.000000
1784159155.101938,4,-1.170784,0.038774,0.000000
1784159155.111917,4,-1.170784,-0.038774,0.000000
1784159155.121914,4,-1.170814,-0.023264,0.000000
1784159155.131917,4,-1.170814,-0.019387,0.000000
1784159155.141914,4,-1.170845,-0.077547,0.000000
1784159155.151913,4,-1.170814,-0.019387,0.000000
1784159155.161915,4,-1.170814,-0.027142,-0.007812
1784159155.171919,4,-1.170814,-0.011632,0.000000
1784159155.181916,4,-1.170814,-0.023264,0.000000
1784159155.191921,4,-1.170814,-0.019387,-0.007812
1784159155.201921,4,-1.170845,-0.065915,0.000000
1784159155.211915,4,-1.170814,0.027142,0.000000
1784159155.221915,4,-1.170814,-0.023264,0.000000
1784159155.231917,4,-1.170784,0.034896,0.000000
1784159155.241918,4,-1.170814,-0.031019,0.000000
1784159155.251915,4,-1.170784,0.023264,-0.019531
1784159155.261918,4,-1.170814,-0.027142,0.000000
1784159155.272022,4,-1.170814,-0.073670,-0.007812
1784159155.281916,4,-1.170754,0.089180,-0.007812
1784159155.291920,4,-1.170814,-0.011632,0.000000
1784159155.301915,4,-1.170814,-0.038774,0.000000
1784159155.311916,4,-1.170814,-0.034896,0.000000
1784159155.321916,4,-1.170814,-0.015509,-0.007812
1784159155.331914,4,-1.170814,-0.027142,-0.007812
1784159155.341921,4,-1.170845,0.054283,0.000000
1784159155.351917,4,-1.170784,0.031019,0.000000
1784159155.361917,4,-1.170784,0.054283,0.000000
1784159155.371915,4,-1.170814,-0.023264,-0.003906
1784159155.381918,4,-1.170845,-0.081425,0.000000
1784159155.391917,4,-1.170784,0.023264,0.000000
1784159155.401918,4,-1.170814,-0.023264,0.000000
1784159155.411898,4,-1.170845,-0.081425,0.000000
1784159155.421899,4,-1.170845,-0.065915,0.000000
1784159155.431897,4,-1.170845,-0.089180,0.000000
1784159155.441895,4,-1.170814,-0.015509,0.000000
1784159155.451897,4,-1.170784,-0.019387,-0.003906
1784159155.461898,4,-1.170784,0.038774,0.000000
1784159155.471896,4,-1.170814,-0.011632,0.000000
1784159155.481897,4,-1.170814,-0.031019,0.000000
1784159155.491900,4,-1.170784,0.054283,-0.007812
1784159155.501899,4,-1.170845,-0.085302,0.003906
1784159155.511900,4,-1.170845,-0.085302,0.000000
1784159155.521901,4,-1.170814,-0.023264,0.000000
1784159155.531900,4,-1.170784,0.031019,0.003906
1784159155.541904,4,-1.170814,-0.015509,0.000000
1784159155.551898,4,-1.170784,0.046528,0.003906
1784159155.561911,4,-1.170814,-0.023264,0.000000
1784159155.571899,4,-1.170814,-0.007755,0.000000
1784159155.581901,4,-1.170784,0.027142,-0.007812
1784159155.591903,4,-1.170784,0.038774,0.000000
1784159155.601902,4,-1.170814,-0.038774,0.000000
1784159155.611900,4,-1.170784,0.023264,0.000000
1784159155.621900,4,-1.170814,-0.019387,0.000000
1784159155.631905,4,-1.170814,0.000000,0.000000
1784159155.641980,4,-1.170784,0.034896,0.000000
1784159155.651916,4,-1.170845,-0.081425,0.000000
1784159155.661908,4,-1.170845,-0.085302,-0.003906
1784159155.671912,4,-1.170845,-0.062038,0.000000
1784159155.681901,4,-1.170814,-0.023264,-0.003906
1784159155.691880,4,-1.170814,0.000000,0.000000
1784159155.701882,4,-1.170814,-0.027142,0.000000
1784159155.711883,4,-1.170814,-0.007755,0.000000
1784159155.721882,4,-1.170814,-0.027142,-0.007812
1784159155.731887,4,-1.170814,-0.015509,0.000000
1784159155.741881,4,-1.170845,-0.069793,0.000000
1784159155.751880,4,-1.170845,-0.065915,0.000000
1784159155.761881,4,-1.170814,-0.034896,0.000000
1784159155.771883,4,-1.170784,0.038774,0.000000
1784159155.781882,4,-1.170814,-0.038774,0.000000
1784159155.791882,4,-1.170754,0.058161,0.000000
1784159155.801881,4,-1.170814,-0.011632,0.000000
1784159155.811883,4,-1.170814,-0.034896,0.000000
1784159155.821884,4,-1.170784,0.034896,0.000000
1784159155.831883,4,-1.170814,-0.023264,0.000000
1784159155.841882,4,-1.170814,0.019387,0.000000
1784159155.851882,4,-1.170814,-0.031019,0.000000
1784159155.861884,4,-1.170814,-0.019387,0.000000
1784159155.871881,4,-1.170814,-0.034896,0.000000
1784159155.881883,4,-1.170845,-0.069793,-0.007812
1784159155.891881,4,-1.170845,-0.077547,0.000000
1784159155.901884,4,-1.170814,-0.065915,0.000000
1784159155.911882,4,-1.170814,-0.031019,0.000000
1784159155.921883,4,-1.170784,0.027142,0.000000
1784159155.931883,4,-1.170845,-0.093057,0.000000
1784159155.941884,4,-1.170784,0.015509,0.000000
1784159155.951885,4,-1.170814,-0.027142,0.000000
1784159155.961867,4,-1.170814,-0.027142,0.000000
1784159155.971870,4,-1.170845,-0.077547,0.000000
1784159155.981864,4,-1.170784,0.054283,0.000000
1784159155.991864,4,-1.170814,-0.027142,-0.007812
1784159156.001867,4,-1.170784,0.019387,0.000000
1784159156.011869,4,-1.170784,0.023264,0.000000
1784159156.021871,4,-1.170784,0.031019,-0.007812
1784159156.031870,4,-1.170814,-0.038774,0.000000
1784159156.041875,4,-1.170814,-0.038774,0.003906
1784159156.051868,4,-1.170784,0.019387,0.000000
1784159156.061872,4,-1.170814,-0.027142,0.000000
1784159156.072277,4,-1.170845,-0.081425,0.000000
1784159156.081863,4,-1.170845,-0.073670,0.000000
1784159156.091864,4,-1.170814,-0.038774,0.000000
1784159156.101863,4,-1.170814,-0.015509,0.000000
1784159156.111868,4,-1.170784,0.019387,0.000000
1784159156.121865,4,-1.170845,-0.085302,0.000000
1784159156.131948,4,-1.170814,-0.027142,0.000000
1784159156.141864,4,-1.170814,-0.003877,0.000000
1784159156.151864,4,-1.170814,-0.019387,0.000000
1784159156.161929,4,-1.170814,-0.038774,0.000000
1784159156.171869,4,-1.170814,-0.034896,0.000000
1784159156.181939,4,-1.170814,-0.027142,0.000000
1784159156.191956,4,-1.170814,-0.038774,-0.007812
1784159156.201969,4,-1.170814,0.015509,0.000000
1784159156.211864,4,-1.170784,0.015509,0.000000
1784159156.221865,4,-1.170814,-0.015509,0.000000
1784159156.231862,4,-1.170814,-0.011632,0.000000
1784159156.241841,4,-1.170814,-0.019387,0.000000
1784159156.251842,4,-1.170814,-0.038774,0.000000
1784159156.261849,4,-1.170814,0.015509,0.000000
1784159156.271849,4,-1.170814,-0.015509,0.000000
1784159156.281845,4,-1.170784,0.034896,-0.007812
1784159156.291843,4,-1.170814,-0.027142,0.000000
1784159156.301843,4,-1.170814,-0.019387,0.000000
1784159156.311844,4,-1.170845,-0.031019,0.003906
1784159156.321845,4,-1.170845,-0.034896,-0.003906
1784159156.331853,4,-1.170845,-0.089180,0.000000
1784159156.341848,4,-1.170784,0.031019,0.000000
1784159156.351850,4,-1.170814,-0.003877,0.000000
1784159156.361844,4,-1.170845,-0.093057,0.000000
1784159156.371846,4,-1.170814,-0.011632,0.000000
1784159156.381844,4,-1.170845,-0.062038,0.000000
1784159156.391847,4,-1.170784,0.042651,0.000000
1784159156.401844,4,-1.170814,-0.015509,0.000000
1784159156.411844,4,-1.170784,0.027142,0.000000
1784159156.421844,4,-1.170814,-0.015509,0.000000
1784159156.431853,4,-1.170814,-0.019387,0.000000
1784159156.441851,4,-1.170814,-0.027142,0.000000
1784159156.451847,4,-1.170784,0.046528,0.000000
1784159156.461845,4,-1.170784,0.038774,0.000000
1784159156.471846,4,-1.170845,-0.073670,0.000000
1784159156.481834,4,-1.170814,-0.011632,-0.007812
1784159156.491832,4,-1.170875,-0.124076,0.000000
1784159156.501831,4,-1.170814,-0.023264,-0.003906
1784159156.511833,4,-1.170814,-0.031019,0.000000
1784159156.521826,4,-1.170814,-0.015509,-0.007812
1784159156.531831,4,-1.170814,-0.031019,0.000000
1784159156.541832,4,-1.170814,-0.023264,0.000000
1784159156.551830,4,-1.170814,-0.038774,0.000000
1784159156.561834,4,-1.170814,-0.023264,-0.007812
1784159156.571831,4,-1.170845,-0.065915,0.000000
1784159156.581837,4,-1.170845,-0.089180,0.000000
1784159156.591830,4,-1.170845,-0.077547,-0.007812
1784159156.601831,4,-1.170784,0.031019,-0.003906
1784159156.611829,4,-1.170814,-0.015509,0.000000
1784159156.621834,4,-1.170814,-0.011632,-0.007812
1784159156.631834,4,-1.170814,-0.031019,0.000000
1784159156.641828,4,-1.170814,-0.007755,0.000000
1784159156.651831,4,-1.170814,-0.031019,0.000000
1784159156.661830,4,-1.170814,-0.019387,0.000000
1784159156.671831,4,-1.170814,-0.031019,0.000000
1784159156.681836,4,-1.170845,-0.073670,0.000000
1784159156.691830,4,-1.170845,-0.093057,0.003906
1784159156.701833,4,-1.170845,-0.065915,0.000000
1784159156.711837,4,-1.170814,-0.038774,0.000000
1784159156.721834,4,-1.170814,-0.034896,-0.007812
1784159156.731837,4,-1.170784,0.034896,0.000000
1784159156.741832,4,-1.170814,-0.023264,0.000000
1784159156.751815,4,-1.170784,0.027142,0.000000
1784159156.761814,4,-1.170814,-0.046528,0.000000
1784159156.771812,4,-1.170814,-0.011632,0.000000
1784159156.781810,4,-1.170814,-0.038774,0.000000
1784159156.791814,4,-1.170814,-0.023264,-0.007812
1784159156.801813,4,-1.170814,-0.038774,0.000000
1784159156.811817,4,-1.170845,0.027142,0.000000
1784159156.821810,4,-1.170814,-0.031019,-0.007812
1784159156.831808,4,-1.170814,-0.027142,0.000000
1784159156.841813,4,-1.170845,-0.089180,-0.003906
1784159156.851813,4,-1.170784,0.019387,0.000000
1784159156.861813,4,-1.170814,-0.015509,0.000000
1784159156.871812,4,-1.170814,-0.019387,0.000000
1784159156.881814,4,-1.170784,-0.015509,0.000000
1784159156.891813,4,-1.170784,0.046528,0.000000
1784159156.901813,4,-1.170814,-0.015509,0.000000
1784159156.911811,4,-1.170814,-0.042651,0.000000
1784159156.921812,4,-1.170845,-0.085302,0.000000
1784159156.931813,4,-1.170845,-0.093057,0.000000
1784159156.941809,4,-1.170814,-0.031019,0.000000
1784159156.951814,4,-1.170784,-0.038774,0.003906
1784159156.961812,4,-1.170784,0.031019,0.000000
1784159156.971815,4,-1.170784,0.015509,0.000000
1784159156.981811,4,-1.170784,0.023264,0.000000
1784159156.991817,4,-1.170814,-0.027142,-0.003906
1784159157.001810,4,-1.170814,-0.031019,0.000000
1784159157.011814,4,-1.170845,-0.062038,0.000000
1784159157.021816,4,-1.170784,-0.027142,0.000000
1784159157.031812,4,-1.170814,-0.027142,0.000000
1784159157.041810,4,-1.170845,-0.081425,0.000000
1784159157.051789,4,-1.170814,-0.011632,0.000000
1784159157.061789,4,-1.170784,0.038774,0.000000
1784159157.071789,4,-1.170814,-0.027142,0.000000
1784159157.081800,4,-1.170814,-0.027142,0.000000
1784159157.091789,4,-1.170845,-0.069793,0.000000
1784159157.101791,4,-1.170814,-0.011632,-0.003906
1784159157.111790,4,-1.170814,0.003877,0.000000
1784159157.121793,4,-1.170784,0.054283,0.000000
1784159157.131793,4,-1.170814,-0.019387,0.000000
1784159157.141792,4,-1.170784,0.019387,0.000000
1784159157.151808,4,-1.170845,-0.081425,0.000000
1784159157.161795,4,-1.170784,0.034896,0.000000
1784159157.171798,4,-1.170845,-0.069793,0.000000
1784159157.181798,4,-1.170814,-0.023264,0.000000
1784159157.191795,4,-1.170845,-0.062038,0.000000
1784159157.201797,4,-1.170814,-0.027142,0.000000
1784159157.211798,4,-1.170814,-0.011632,0.000000
1784159157.221792,4,-1.170814,-0.023264,0.000000
1784159157.231793,4,-1.170814,-0.023264,0.003906
1784159157.241796,4,-1.170814,-0.015509,0.003906
1784159157.251795,4,-1.170814,-0.007755,0.000000
1784159157.261799,4,-1.170814,-0.011632,0.000000
1784159157.271800,4,-1.170814,-0.015509,0.000000
1784159157.281794,4,-1.170845,-0.065915,-0.007812
1784159157.291795,4,-1.170784,0.038774,0.000000
1784159157.301795,4,-1.170784,0.042651,0.000000
1784159157.311805,4,-1.170814,-0.023264,0.000000
1784159157.321778,4,-1.170784,0.023264,-0.003906
1784159157.331774,4,-1.170814,-0.023264,0.000000
1784159157.341780,4,-1.170814,-0.011632,0.000000
1784159157.351773,4,-1.170814,-0.011632,-0.007812
1784159157.361777,4,-1.170814,-0.003877,0.000000
1784159157.371773,4,-1.170814,-0.031019,0.000000
1784159157.381772,4,-1.170814,-0.007755,0.000000
1784159157.391775,4,-1.170784,0.023264,0.000000
1784159157.401785,4,-1.170814,-0.027142,0.000000
1784159157.411781,4,-1.170784,0.042651,-0.003906
1784159157.421774,4,-1.170814,-0.015509,0.000000
1784159157.431779,4,-1.170784,0.042651,-0.007812
1784159157.441784,4,-1.170814,0.000000,0.003906
1784159157.451778,4,-1.170784,0.042651,0.000000
1784159157.461773,4,-1.170814,-0.011632,0.000000
1784159157.471783,4,-1.170845,-0.058161,0.000000
1784159157.481771,4,-1.170814,-0.019387,0.003906
1784159157.491775,4,-1.170845,-0.081425,0.000000
1784159157.501774,4,-1.170784,0.019387,0.000000
1784159157.511778,4,-1.170814,-0.027142,-0.003906
1784159157.521778,4,-1.170814,-0.011632,0.000000
1784159157.531774,4,-1.170754,0.096934,0.000000
1784159157.541774,4,-1.170814,-0.019387,0.000000
1784159157.551776,4,-1.170814,-0.027142,0.000000
1784159157.561781,4,-1.170845,-0.077547,0.000000
1784159157.571782,4,-1.170814,-0.027142,0.000000
1784159157.581776,4,-1.170814,-0.019387,-0.007812
1784159157.591779,4,-1.170814,-0.023264,0.000000
1784159157.601757,4,-1.170814,-0.034896,-0.007812
1784159157.611761,4,-1.170814,-0.027142,0.003906
1784159157.621756,4,-1.170784,0.019387,-0.007812
1784159157.631755,4,-1.170814,-0.015509,0.000000
1784159157.641760,4,-1.170784,0.031019,-0.003906
1784159157.651767,4,-1.170814,-0.038774,-0.007812
1784159157.661756,4,-1.170784,0.019387,0.000000
1784159157.671754,4,-1.170784,0.027142,0.000000
1784159157.681755,4,-1.170784,-0.034896,0.000000
1784159157.691756,4,-1.170814,-0.015509,0.000000
1784159157.701759,4,-1.170814,-0.034896,-0.007812
1784159157.711761,4,-1.170814,-0.015509,0.000000
1784159157.721756,4,-1.170845,-0.081425,0.000000
1784159157.731755,4,-1.170814,-0.038774,0.000000
1784159157.741869,4,-1.170845,-0.062038,0.000000
1784159157.751758,4,-1.170814,-0.038774,0.000000
1784159157.761757,4,-1.170814,-0.023264,0.000000
1784159157.771765,4,-1.170814,-0.027142,-0.007812
1784159157.781768,4,-1.170814,-0.027142,0.000000
1784159157.791758,4,-1.170814,-0.023264,-0.007812
1784159157.801760,4,-1.170814,-0.038774,0.000000
1784159157.811758,4,-1.170814,-0.023264,0.000000
1784159157.821758,4,-1.170814,-0.046528,0.000000
1784159157.831758,4,-1.170814,-0.038774,-0.007812
1784159157.841758,4,-1.170814,-0.038774,-0.007812
1784159157.851761,4,-1.170814,-0.038774,-0.003906
1784159157.861760,4,-1.170784,0.023264,0.000000
1784159157.871758,4,-1.170784,0.027142,0.000000
1784159157.881740,4,-1.170814,-0.027142,0.000000
1784159157.891740,4,-1.170814,-0.038774,0.000000
1784159157.901737,4,-1.170784,0.019387,0.000000
1784159157.911745,4,-1.170814,-0.034896,0.000000
1784159157.921738,4,-1.170814,-0.023264,0.000000
1784159157.931746,4,-1.170845,-0.081425,0.000000
1784159157.941738,4,-1.170814,-0.038774,0.003906
1784159157.951741,4,-1.170814,-0.027142,0.000000
1784159157.961742,4,-1.170784,0.038774,0.000000
1784159157.971752,4,-1.170784,0.054283,0.000000
1784159157.981743,4,-1.170845,-0.085302,0.000000
1784159157.991740,4,-1.170814,-0.019387,0.000000
1784159158.001740,4,-1.170814,-0.038774,0.000000
1784159158.011747,4,-1.170814,-0.007755,0.003906
1784159158.021746,4,-1.170814,-0.019387,0.003906
1784159158.031742,4,-1.170814,-0.034896,0.000000
1784159158.041750,4,-1.170814,-0.015509,0.000000
1784159158.051746,4,-1.170814,-0.027142,-0.003906
1784159158.061743,4,-1.170845,-0.093057,0.000000
1784159158.071740,4,-1.170845,-0.062038,-0.003906
1784159158.081742,4,-1.170814,-0.034896,0.000000
1784159158.091742,4,-1.170814,-0.042651,0.000000
1784159158.101740,4,-1.170814,-0.046528,-0.007812
1784159158.111748,4,-1.170814,-0.034896,0.003906
1784159158.121727,4,-1.170784,0.046528,0.000000
1784159158.131748,4,-1.170845,-0.093057,0.000000
1784159158.141721,4,-1.170814,-0.038774,0.000000
1784159158.151721,4,-1.170814,-0.038774,-0.003906
1784159158.161725,4,-1.170784,0.027142,0.000000
1784159158.171722,4,-1.170845,-0.081425,0.000000
1784159158.181731,4,-1.170814,-0.042651,-0.007812
1784159158.191724,4,-1.170845,-0.034896,0.000000
1784159158.201724,4,-1.170784,-0.038774,0.000000
1784159158.211725,4,-1.170814,-0.015509,0.000000
1784159158.221727,4,-1.170814,-0.019387,0.000000
1784159158.231725,4,-1.170814,-0.019387,0.000000
1784159158.241728,4,-1.170814,-0.019387,-0.007812
1784159158.251729,4,-1.170784,0.038774,0.000000
1784159158.261728,4,-1.170814,-0.034896,0.000000
1784159158.271730,4,-1.170814,-0.011632,0.000000
1784159158.281731,4,-1.170814,-0.019387,0.000000
1784159158.291734,4,-1.170814,-0.023264,0.000000
1784159158.301731,4,-1.170814,-0.019387,0.000000
1784159158.311727,4,-1.170845,-0.089180,0.000000
1784159158.321725,4,-1.170814,-0.023264,0.000000
1784159158.331728,4,-1.170814,-0.034896,0.000000
1784159158.341728,4,-1.170814,-0.007755,0.000000
1784159158.351725,4,-1.170845,-0.073670,0.000000
1784159158.361727,4,-1.170814,-0.077547,0.000000
1784159158.371732,4,-1.170814,-0.038774,0.000000
1784159158.381726,4,-1.170784,0.034896,0.000000
1784159158.391723,4,-1.170814,-0.027142,0.000000
1784159158.401726,4,-1.170814,-0.023264,0.000000
1784159158.411717,4,-1.170784,0.015509,0.003906
1784159158.421706,4,-1.170784,0.027142,-0.003906
1784159158.431703,4,-1.170814,-0.015509,-0.007812
1784159158.441709,4,-1.170814,-0.011632,0.000000
1784159158.451705,4,-1.170845,-0.073670,-0.007812
1784159158.461712,4,-1.170784,0.031019,0.000000
1784159158.471708,4,-1.170814,-0.038774,0.000000
1784159158.481714,4,-1.170845,-0.058161,0.000000
1784159158.491707,4,-1.170814,-0.027142,0.003906
1784159158.501707,4,-1.170814,-0.027142,0.000000
1784159158.511706,4,-1.170845,-0.065915,0.000000
1784159158.521705,4,-1.170845,-0.085302,0.000000
1784159158.531708,4,-1.170814,-0.011632,0.003906
1784159158.541708,4,-1.170784,0.031019,0.000000
1784159158.551714,4,-1.170814,-0.007755,0.003906
1784159158.561706,4,-1.170814,-0.007755,0.000000
1784159158.571703,4,-1.170814,-0.027142,0.000000
1784159158.581705,4,-1.170814,-0.011632,0.000000
1784159158.591703,4,-1.170814,-0.031019,0.000000
1784159158.601708,4,-1.170814,-0.034896,0.000000
1784159158.611705,4,-1.170814,-0.038774,-0.007812
1784159158.621710,4,-1.170814,-0.031019,0.000000
1784159158.631704,4,-1.170845,-0.062038,0.000000
1784159158.641709,4,-1.170814,-0.003877,0.000000
1784159158.651707,4,-1.170814,-0.023264,-0.003906
1784159158.661781,4,-1.170784,0.027142,-0.007812
1784159158.671703,4,-1.170814,-0.038774,0.000000
1784159158.681703,4,-1.170845,-0.077547,0.000000
1784159158.691686,4,-1.170814,-0.034896,0.000000
1784159158.701686,4,-1.170814,-0.031019,0.000000
1784159158.711699,4,-1.170814,-0.023264,0.000000
1784159158.721684,4,-1.170814,-0.019387,0.000000
1784159158.731685,4,-1.170784,0.027142,-0.007812
1784159158.741683,4,-1.170784,0.031019,0.003906
1784159158.751691,4,-1.170814,-0.038774,0.000000
1784159158.761685,4,-1.170814,-0.019387,0.000000
1784159158.771683,4,-1.170814,-0.034896,0.000000
1784159158.781687,4,-1.170784,0.019387,0.000000
1784159158.791694,4,-1.170814,-0.031019,-0.003906
1784159158.801688,4,-1.170814,-0.038774,0.000000
1784159158.811687,4,-1.170814,-0.038774,0.000000
1784159158.821685,4,-1.170814,-0.034896,0.000000
1784159158.831686,4,-1.170814,-0.031019,-0.007812
1784159158.841699,4,-1.170814,-0.031019,0.000000
1784159158.851686,4,-1.170814,-0.019387,0.000000
1784159158.861686,4,-1.170784,0.015509,-0.007812
1784159158.871685,4,-1.170784,0.015509,0.000000
1784159158.881686,4,-1.170784,0.034896,0.000000
1784159158.891688,4,-1.170814,-0.031019,0.000000
1784159158.901688,4,-1.170814,-0.023264,0.000000
1784159158.911707,4,-1.170814,-0.015509,0.000000
1784159158.921690,4,-1.170814,-0.011632,0.000000
1784159158.931687,4,-1.170754,-0.038774,0.000000
1784159158.941692,4,-1.170814,-0.038774,-0.007812
1784159158.951689,4,-1.170784,0.011632,0.000000
1784159158.961690,4,-1.170814,-0.034896,0.000000
1784159158.971672,4,-1.170814,-0.031019,0.000000
1784159158.981672,4,-1.170814,-0.027142,0.000000
1784159158.991688,4,-1.170784,0.034896,0.000000
1784159159.001671,4,-1.170784,0.023264,0.000000
1784159159.011669,4,-1.170814,-0.019387,0.000000
1784159159.021667,4,-1.170814,-0.003877,0.000000
1784159159.031667,4,-1.170784,0.019387,0.000000
1784159159.041667,4,-1.170814,-0.038774,0.000000
1784159159.051668,4,-1.170814,-0.011632,-0.007812
1784159159.061669,4,-1.170784,0.015509,0.000000
1784159159.071670,4,-1.170784,0.038774,0.003906
1784159159.081675,4,-1.170784,0.023264,0.003906
1784159159.091668,4,-1.170845,-0.073670,0.000000
1784159159.101671,4,-1.170814,-0.007755,0.000000
1784159159.111673,4,-1.170814,-0.027142,0.000000
1784159159.121670,4,-1.170784,-0.019387,0.000000
1784159159.131668,4,-1.170814,-0.015509,0.000000
1784159159.141669,4,-1.170784,0.031019,0.000000
1784159159.151668,4,-1.170784,0.023264,0.000000
1784159159.161678,4,-1.170814,-0.015509,0.003906
1784159159.171672,4,-1.170814,-0.031019,0.000000
1784159159.181669,4,-1.170784,0.038774,0.000000
1784159159.191670,4,-1.170784,0.034896,-0.007812
1784159159.201668,4,-1.170845,-0.085302,0.000000
1784159159.211670,4,-1.170814,-0.011632,-0.003906
1784159159.221671,4,-1.170845,-0.096934,0.000000
1784159159.231669,4,-1.170814,-0.023264,0.000000
1784159159.241648,4,-1.170814,-0.023264,-0.007812
1784159159.251651,4,-1.170814,-0.031019,0.000000
1784159159.261652,4,-1.170814,-0.027142,0.000000
1784159159.271648,4,-1.170814,-0.015509,0.000000
1784159159.281648,4,-1.170784,0.034896,0.000000
1784159159.291654,4,-1.170814,-0.031019,0.000000
1784159159.301652,4,-1.170814,-0.031019,0.000000
1784159159.311655,4,-1.170814,-0.031019,0.000000
1784159159.321658,4,-1.170814,-0.027142,0.000000
1784159159.331650,4,-1.170814,-0.023264,0.000000
1784159159.341652,4,-1.170784,0.034896,0.000000
1784159159.351657,4,-1.170784,0.038774,0.000000
1784159159.361653,4,-1.170814,-0.015509,-0.003906
1784159159.371651,4,-1.170814,-0.027142,-0.003906
1784159159.381653,4,-1.170814,-0.058161,0.000000
1784159159.391654,4,-1.170814,-0.019387,0.000000
1784159159.401653,4,-1.170814,-0.011632,0.000000
1784159159.411652,4,-1.170845,-0.073670,0.000000
1784159159.421653,4,-1.170814,-0.038774,0.000000
1784159159.431654,4,-1.170814,-0.058161,0.000000
1784159159.441657,4,-1.170814,-0.015509,0.000000
1784159159.451658,4,-1.170814,-0.038774,0.000000
1784159159.461656,4,-1.170784,-0.081425,0.000000
1784159159.471660,4,-1.170845,-0.065915,0.000000
1784159159.481655,4,-1.170814,-0.034896,0.000000
1784159159.491654,4,-1.170845,-0.085302,0.000000
1784159159.501658,4,-1.170784,0.019387,0.000000
1784159159.511663,4,-1.170784,0.019387,0.000000
1784159159.521633,4,-1.170814,-0.038774,0.000000
1784159159.531701,4,-1.170784,0.058161,-0.003906
1784159159.541638,4,-1.170814,0.000000,0.000000
1784159159.551632,4,-1.170814,-0.027142,0.000000
1784159159.561633,4,-1.170784,0.023264,0.000000
1784159159.571633,4,-1.170845,-0.073670,0.000000
1784159159.581635,4,-1.170814,-0.011632,0.000000
1784159159.591635,4,-1.170784,0.050406,0.000000
1784159159.601632,4,-1.170814,-0.027142,0.000000
1784159159.611641,4,-1.170814,-0.015509,0.000000
1784159159.621634,4,-1.170814,-0.007755,-0.003906
1784159159.631634,4,-1.170814,-0.027142,0.000000
1784159159.641632,4,-1.170814,-0.015509,0.000000
1784159159.651636,4,-1.170845,-0.062038,0.003906
1784159159.661701,4,-1.170814,-0.019387,0.000000
1784159159.671637,4,-1.170814,-0.019387,0.000000
1784159159.681637,4,-1.170814,-0.034896,0.000000
1784159159.691636,4,-1.170845,-0.081425,0.000000
1784159159.701641,4,-1.170814,-0.023264,0.000000
1784159159.711636,4,-1.170814,-0.038774,-0.011719
1784159159.721639,4,-1.170784,0.038774,0.000000
1784159159.731635,4,-1.170814,-0.027142,0.000000
1784159159.741636,4,-1.170814,-0.065915,0.000000
1784159159.751634,4,-1.170784,0.046528,0.000000
1784159159.761636,4,-1.170845,-0.069793,-0.003906
1784159159.771615,4,-1.170814,-0.034896,0.000000
1784159159.781618,4,-1.170814,-0.027142,0.000000
1784159159.791626,4,-1.170814,-0.019387,0.000000
1784159159.801617,4,-1.170814,-0.007755,0.000000
1784159159.811629,4,-1.170814,-0.038774,-0.007812
1784159159.821616,4,-1.170814,-0.042651,0.000000
1784159159.831619,4,-1.170814,-0.019387,0.000000
1784159159.841617,4,-1.170814,-0.027142,0.000000
1784159159.851619,4,-1.170814,-0.023264,0.000000
1784159159.861616,4,-1.170814,-0.031019,0.000000
1784159159.871622,4,-1.170814,-0.015509,0.000000
1784159159.881616,4,-1.170814,-0.027142,-0.007812
1784159159.891619,4,-1.170814,-0.034896,0.000000
1784159159.901617,4,-1.170784,0.023264,0.000000
1784159159.911634,4,-1.170814,-0.031019,0.000000
1784159159.921615,4,-1.170814,-0.023264,0.000000
1784159159.931626,4,-1.170814,-0.027142,0.000000
1784159159.941625,4,-1.170814,-0.027142,-0.003906
1784159159.951626,4,-1.170814,-0.034896,0.000000
1784159159.961626,4,-1.170814,-0.038774,0.000000
1784159159.971625,4,-1.170814,-0.027142,0.000000
1784159159.981616,4,-1.170784,0.046528,0.000000
1784159159.991624,4,-1.170814,-0.027142,0.000000
1784159160.001628,4,-1.170845,-0.069793,-0.003906
1784159160.011623,4,-1.170784,0.031019,0.000000
1784159160.021617,4,-1.170845,-0.093057,-0.003906
1784159160.031708,4,-1.170784,0.034896,0.000000
1784159160.041685,4,-1.170814,-0.027142,-0.007812
1784159160.051613,4,-1.170814,-0.038774,-0.007812
1784159160.061675,4,-1.170814,-0.038774,0.000000
1784159160.071608,4,-1.170784,0.019387,0.000000
1784159160.081606,4,-1.170845,-0.089180,0.000000
1784159160.091604,4,-1.170814,-0.034896,0.000000
1784159160.101687,4,-1.170814,-0.007755,0.000000
1784159160.111603,4,-1.170784,0.023264,0.000000
1784159160.121603,4,-1.170814,-0.038774,0.000000
1784159160.131601,4,-1.170814,-0.034896,0.000000
1784159160.141602,4,-1.170814,-0.034896,0.000000
1784159160.151600,4,-1.170814,-0.034896,0.000000
1784159160.161601,4,-1.170814,-0.007755,-0.003906
1784159160.171603,4,-1.170814,-0.019387,-0.007812
1784159160.181604,4,-1.170814,-0.027142,0.000000
1784159160.191611,4,-1.170784,0.034896,0.000000
1784159160.201616,4,-1.170814,-0.019387,0.000000
1784159160.211603,4,-1.170814,-0.019387,0.000000
1784159160.221602,4,-1.170814,0.023264,0.000000
1784159160.231687,4,-1.170814,0.000000,0.000000
1784159160.241667,4,-1.170784,0.034896,0.000000
1784159160.251603,4,-1.170814,-0.027142,0.000000
1784159160.261606,4,-1.170845,-0.085302,0.000000
1784159160.271603,4,-1.170814,-0.003877,0.000000
1784159160.281608,4,-1.170784,0.023264,0.000000
1784159160.291603,4,-1.170814,-0.023264,0.000000
1784159160.301605,4,-1.170784,0.042651,0.000000
1784159160.311605,4,-1.170814,-0.019387,0.000000
1784159160.321590,4,-1.170814,-0.023264,-0.003906
1784159160.331579,4,-1.170814,-0.023264,0.000000
1784159160.341580,4,-1.170814,-0.034896,-0.007812
1784159160.351579,4,-1.170814,0.034896,0.000000
1784159160.361580,4,-1.170814,-0.015509,0.000000
1784159160.371685,4,-1.170814,0.000000,0.000000
1784159160.381712,4,-1.170814,-0.003877,-0.003906
1784159160.391579,4,-1.170784,0.031019,0.000000
1784159160.401582,4,-1.170814,-0.019387,0.000000
1784159160.411577,4,-1.170814,0.000000,0.000000
1784159160.421592,4,-1.170814,-0.034896,0.000000
1784159160.431579,4,-1.170814,-0.038774,-0.003906
1784159160.441589,4,-1.170814,-0.023264,0.000000
1784159160.451669,4,-1.170784,0.027142,0.000000
1784159160.461580,4,-1.170845,-0.046528,0.000000
1784159160.471585,4,-1.170845,-0.069793,0.000000
1784159160.481583,4,-1.170814,-0.023264,0.000000
1784159160.491585,4,-1.170784,0.038774,0.000000
1784159160.501583,4,-1.170814,-0.019387,-0.003906
1784159160.511582,4,-1.170845,-0.073670,0.000000
1784159160.521650,4,-1.170814,-0.034896,0.000000
1784159160.531708,4,-1.170845,-0.085302,0.000000
1784159160.541581,4,-1.170814,-0.011632,0.000000
1784159160.551580,4,-1.170814,-0.034896,0.000000
1784159160.561582,4,-1.170784,0.031019,0.000000
1784159160.571585,4,-1.170814,-0.011632,-0.003906
1784159160.581581,4,-1.170814,-0.023264,0.000000
1784159160.591580,4,-1.170845,-0.081425,0.000000
1784159160.601581,4,-1.170784,0.019387,-0.007812
1784159160.611564,4,-1.170814,-0.023264,0.000000
1784159160.621688,4,-1.170784,0.054283,0.000000
1784159160.632561,4,-1.170845,-0.085302,-0.007812
1784159160.641562,4,-1.170784,0.019387,0.000000
1784159160.651561,4,-1.170845,-0.081425,0.000000
1784159160.661559,4,-1.170814,-0.031019,0.000000
1784159160.671561,4,-1.170845,0.034896,0.000000
1784159160.681563,4,-1.170845,-0.069793,0.000000
1784159160.691561,4,-1.170814,-0.023264,0.000000
1784159160.701561,4,-1.170814,-0.027142,0.000000
1784159160.711579,4,-1.170814,-0.023264,0.000000
1784159160.721562,4,-1.170814,-0.027142,0.000000
1784159160.731562,4,-1.170784,0.031019,0.000000
1784159160.741571,4,-1.170784,0.027142,0.000000
1784159160.751562,4,-1.170845,-0.023264,0.000000
1784159160.761560,4,-1.170814,-0.003877,0.000000
1784159160.771561,4,-1.170814,-0.023264,0.000000
1784159160.781562,4,-1.170784,0.015509,0.000000
1784159160.791561,4,-1.170814,-0.034896,-0.003906
1784159160.801562,4,-1.170784,0.038774,0.000000
1784159160.811564,4,-1.170814,-0.023264,0.000000
1784159160.821562,4,-1.170784,0.023264,-0.003906
1784159160.831562,4,-1.170814,-0.027142,-0.007812
1784159160.841562,4,-1.170814,-0.027142,0.000000
1784159160.851574,4,-1.170814,-0.027142,-0.003906
1784159160.861562,4,-1.170814,-0.003877,0.000000
1784159160.871568,4,-1.170784,0.019387,0.000000
1784159160.881546,4,-1.170784,0.023264,0.000000
1784159160.891542,4,-1.170814,-0.019387,0.000000
1784159160.901543,4,-1.170814,-0.019387,-0.003906
1784159160.911553,4,-1.170814,-0.038774,0.000000
1784159160.921542,4,-1.170814,-0.027142,0.000000
1784159160.931543,4,-1.170814,-0.038774,-0.007812
1784159160.941542,4,-1.170814,-0.023264,0.000000
1784159160.951552,4,-1.170845,-0.085302,0.000000
1784159160.961549,4,-1.170845,-0.089180,0.000000
1784159160.971544,4,-1.170784,0.023264,0.000000
1784159160.981549,4,-1.170814,-0.023264,0.000000
1784159160.991548,4,-1.170814,-0.007755,0.000000
1784159161.001546,4,-1.170814,-0.031019,0.000000
1784159161.011544,4,-1.170814,-0.034896,0.003906
1784159161.021543,4,-1.170814,-0.015509,0.000000
1784159161.031549,4,-1.170845,-0.077547,0.000000
1784159161.041548,4,-1.170814,-0.038774,-0.007812
1784159161.051544,4,-1.170784,-0.031019,0.000000
1784159161.061545,4,-1.170814,-0.027142,0.000000
1784159161.071546,4,-1.170814,-0.015509,0.000000
1784159161.081545,4,-1.170814,-0.011632,0.000000
1784159161.091546,4,-1.170814,-0.038774,0.000000
1784159161.101547,4,-1.170845,-0.089180,-0.003906
1784159161.111545,4,-1.170814,-0.011632,0.003906
1784159161.121545,4,-1.170814,-0.062038,0.000000
1784159161.131545,4,-1.170814,-0.027142,0.000000
1784159161.141549,4,-1.170814,-0.038774,0.000000
1784159161.152544,4,-1.170814,-0.027142,0.000000
1784159161.161522,4,-1.170814,-0.027142,0.000000
1784159161.171522,4,-1.170845,-0.089180,0.000000
1784159161.181523,4,-1.170845,-0.077547,0.000000
1784159161.191524,4,-1.170814,-0.038774,0.000000
1784159161.201526,4,-1.170784,0.042651,-0.011719
1784159161.211524,4,-1.170814,-0.007755,-0.007812
1784159161.221526,4,-1.170845,-0.069793,-0.007812
1784159161.231526,4,-1.170814,-0.007755,0.000000
1784159161.241524,4,-1.170784,-0.027142,0.000000
1784159161.251525,4,-1.170814,-0.019387,0.000000
1784159161.261525,4,-1.170814,-0.023264,0.000000
1784159161.271528,4,-1.170814,-0.019387,0.000000
1784159161.281533,4,-1.170845,-0.065915,0.000000
1784159161.291526,4,-1.170784,0.046528,0.000000
1784159161.301527,4,-1.170784,0.050406,0.000000
1784159161.311525,4,-1.170784,0.050406,0.000000
1784159161.321534,4,-1.170814,-0.027142,0.000000
1784159161.331530,4,-1.170814,-0.023264,-0.007812
1784159161.341525,4,-1.170814,-0.019387,0.000000
1784159161.351528,4,-1.170814,-0.003877,0.000000
1784159161.361527,4,-1.170845,-0.065915,0.003906
1784159161.371529,4,-1.170784,0.023264,0.000000
1784159161.381527,4,-1.170845,-0.081425,-0.003906
1784159161.391529,4,-1.170784,0.038774,0.000000
1784159161.401525,4,-1.170814,-0.015509,0.000000
1784159161.411508,4,-1.170784,0.027142,0.000000
1784159161.421509,4,-1.170814,-0.019387,0.000000
1784159161.431518,4,-1.170845,-0.073670,0.000000
1784159161.441508,4,-1.170814,-0.003877,0.000000
1784159161.451515,4,-1.170814,-0.015509,0.000000
1784159161.461511,4,-1.170814,-0.011632,0.000000
1784159161.471512,4,-1.170814,-0.011632,-0.003906
1784159161.481513,4,-1.170814,-0.015509,0.000000
1784159161.491585,4,-1.170814,-0.011632,0.000000
1784159161.502514,4,-1.170784,0.050406,0.000000
1784159161.511514,4,-1.170814,-0.062038,0.000000
1784159161.521519,4,-1.170814,-0.011632,-0.007812
1784159161.531511,4,-1.170875,-0.124076,-0.003906
1784159161.541512,4,-1.170814,-0.007755,0.000000
1784159161.551512,4,-1.170814,-0.011632,0.000000
1784159161.561512,4,-1.170814,-0.023264,-0.003906
1784159161.571518,4,-1.170784,0.034896,0.000000
1784159161.581515,4,-1.170814,-0.015509,0.000000
1784159161.591522,4,-1.170814,-0.015509,0.000000
1784159161.601513,4,-1.170845,-0.073670,0.000000
1784159161.611513,4,-1.170814,-0.003877,0.000000
1784159161.621573,4,-1.170814,-0.003877,0.000000
1784159161.631515,4,-1.170814,-0.019387,0.000000
1784159161.641511,4,-1.170784,0.031019,-0.003906
1784159161.651512,4,-1.170814,-0.015509,0.000000
1784159161.661515,4,-1.170814,-0.027142,0.000000
1784159161.671510,4,-1.170814,-0.031019,0.000000
1784159161.681490,4,-1.170784,0.034896,0.000000
1784159161.691510,4,-1.170845,-0.062038,0.000000
1784159161.701492,4,-1.170784,-0.027142,0.000000
1784159161.711489,4,-1.170814,-0.031019,0.000000
1784159161.721489,4,-1.170814,-0.019387,0.000000
1784159161.731487,4,-1.170814,-0.011632,0.003906
1784159161.741496,4,-1.170784,0.034896,0.000000
1784159161.751491,4,-1.170814,-0.034896,0.000000
1784159161.761489,4,-1.170814,-0.007755,0.000000
1784159161.771492,4,-1.170814,-0.011632,-0.003906
1784159161.781499,4,-1.170845,-0.081425,0.000000
1784159161.791489,4,-1.170814,-0.007755,0.000000
1784159161.801487,4,-1.170845,-0.062038,0.000000
1784159161.811489,4,-1.170784,0.034896,0.000000
1784159161.821494,4,-1.170814,-0.027142,-0.003906
1784159161.831491,4,-1.170814,-0.011632,-0.003906
1784159161.841491,4,-1.170814,-0.007755,0.000000
1784159161.851490,4,-1.170814,-0.011632,0.000000
1784159161.861494,4,-1.170814,-0.011632,-0.007812
1784159161.871489,4,-1.170845,-0.077547,0.000000
1784159161.881494,4,-1.170814,-0.019387,0.000000
1784159161.891490,4,-1.170845,-0.069793,0.000000
1784159161.901493,4,-1.170845,-0.073670,-0.007812
1784159161.911491,4,-1.170845,-0.027142,0.000000
1784159161.921604,4,-1.170814,-0.038774,0.000000
1784159161.931489,4,-1.170845,-0.062038,0.000000
1784159161.941499,4,-1.170814,-0.031019,0.000000
1784159161.951505,4,-1.170814,-0.003877,0.000000
1784159161.961473,4,-1.170814,-0.027142,-0.003906
1784159161.971481,4,-1.170814,-0.003877,0.000000
1784159161.981474,4,-1.170814,-0.027142,0.000000
1784159161.991471,4,-1.170814,0.000000,0.000000
1784159162.001472,4,-1.170814,-0.015509,0.000000
1784159162.011478,4,-1.170814,-0.031019,-0.007812
1784159162.021472,4,-1.170814,-0.062038,0.000000
1784159162.031476,4,-1.170814,0.000000,0.000000
1784159162.041472,4,-1.170814,-0.011632,0.000000
1784159162.051475,4,-1.170814,-0.007755,0.003906
1784159162.061575,4,-1.170814,-0.019387,0.000000
1784159162.071535,4,-1.170814,-0.015509,0.000000
1784159162.081547,4,-1.170845,-0.069793,0.003906
1784159162.091482,4,-1.170845,-0.019387,0.000000
1784159162.101471,4,-1.170754,0.093057,0.000000
1784159162.111474,4,-1.170845,-0.065915,0.000000
1784159162.121472,4,-1.170814,-0.003877,0.000000
1784159162.131472,4,-1.170814,-0.027142,0.000000
1784159162.141474,4,-1.170845,-0.069793,0.000000
1784159162.151471,4,-1.170814,0.042651,0.003906
1784159162.161473,4,-1.170814,-0.031019,0.000000
1784159162.171474,4,-1.170814,-0.011632,0.000000
1784159162.181478,4,-1.170814,-0.011632,0.000000
1784159162.191474,4,-1.170814,0.000000,0.000000
1784159162.201473,4,-1.170814,-0.007755,-0.007812
1784159162.211474,4,-1.170814,0.011632,0.000000
1784159162.221473,4,-1.170784,0.050406,0.000000
1784159162.231475,4,-1.170845,-0.069793,0.000000
1784159162.241477,4,-1.170814,-0.007755,0.000000
1784159162.251457,4,-1.170814,-0.003877,-0.007812
1784159162.261458,4,-1.170845,-0.081425,0.000000
1784159162.271453,4,-1.170814,0.000000,0.000000
1784159162.281457,4,-1.170814,-0.019387,0.000000
1784159162.291458,4,-1.170814,-0.027142,0.000000
1784159162.301457,4,-1.170814,-0.023264,-0.007812
1784159162.311458,4,-1.170814,0.000000,0.000000
1784159162.321457,4,-1.170845,-0.085302,0.000000
1784159162.331456,4,-1.170814,-0.011632,-0.007812
1784159162.341544,4,-1.170845,-0.081425,-0.003906
1784159162.351456,4,-1.170814,-0.015509,0.000000
1784159162.361453,4,-1.170845,-0.081425,0.000000
1784159162.371453,4,-1.170784,-0.015509,0.000000
1784159162.381454,4,-1.170814,-0.019387,0.000000
1784159162.391453,4,-1.170814,0.000000,0.000000
1784159162.401453,4,-1.170784,0.034896,0.000000
1784159162.411455,4,-1.170814,-0.015509,0.003906
1784159162.421455,4,-1.170784,0.046528,0.000000
1784159162.431461,4,-1.170784,0.034896,0.000000
1784159162.441459,4,-1.170784,0.038774,0.000000
1784159162.451454,4,-1.170814,-0.023264,-0.007812
1784159162.461458,4,-1.170814,-0.031019,0.000000
1784159162.471456,4,-1.170814,-0.015509,0.000000
1784159162.481455,4,-1.170845,-0.058161,-0.011719
1784159162.491457,4,-1.170814,-0.015509,0.000000
1784159162.501457,4,-1.170814,-0.023264,0.000000
1784159162.511464,4,-1.170845,-0.081425,0.000000
1784159162.521436,4,-1.170784,0.023264,0.000000
1784159162.531433,4,-1.170814,-0.023264,0.000000
1784159162.541436,4,-1.170814,-0.003877,0.003906
1784159162.551441,4,-1.170814,-0.023264,0.000000
1784159162.561436,4,-1.170814,-0.011632,0.000000
1784159162.571436,4,-1.170814,-0.011632,0.000000
1784159162.581443,4,-1.170814,-0.003877,0.000000
1784159162.591449,4,-1.170814,-0.015509,0.000000
1784159162.601435,4,-1.170814,-0.031019,0.000000
1784159162.611437,4,-1.170845,-0.085302,0.000000
1784159162.621559,4,-1.170814,-0.019387,0.000000
1784159162.631437,4,-1.170784,-0.007755,0.000000
1784159162.641440,4,-1.170814,-0.027142,0.000000
1784159162.651441,4,-1.170784,0.011632,-0.007812
1784159162.661443,4,-1.170845,-0.050406,0.000000
1784159162.671440,4,-1.170845,-0.069793,-0.003906
1784159162.681438,4,-1.170814,-0.019387,0.000000
1784159162.691441,4,-1.170845,0.038774,0.000000
1784159162.701436,4,-1.170814,-0.027142,0.000000
1784159162.711442,4,-1.170784,0.027142,-0.003906
1784159162.721439,4,-1.170845,-0.081425,0.000000
1784159162.731456,4,-1.170814,-0.027142,0.000000
1784159162.741438,4,-1.170845,-0.081425,0.000000
1784159162.751441,4,-1.170814,-0.015509,0.000000
1784159162.761440,4,-1.170845,-0.058161,0.000000
1784159162.771440,4,-1.170814,-0.034896,0.000000
1784159162.781445,4,-1.170845,-0.073670,0.000000
1784159162.791450,4,-1.170845,-0.077547,0.000000
1784159162.801421,4,-1.170814,-0.019387,0.000000
1784159162.811418,4,-1.170845,-0.062038,0.000000
1784159162.821418,4,-1.170814,-0.019387,-0.003906
1784159162.831490,4,-1.170814,-0.031019,0.000000
1784159162.841418,4,-1.170814,-0.015509,0.000000
1784159162.851428,4,-1.170784,0.042651,0.000000
1784159162.861419,4,-1.170845,-0.073670,0.000000
1784159162.871430,4,-1.170814,-0.019387,0.000000
1784159162.881427,4,-1.170814,-0.015509,0.000000
1784159162.891421,4,-1.170814,-0.023264,0.000000
1784159162.901417,4,-1.170814,-0.034896,0.000000
1784159162.911422,4,-1.170845,-0.065915,0.000000
1784159162.921418,4,-1.170845,-0.085302,0.000000
1784159162.931418,4,-1.170784,0.046528,0.000000
1784159162.941421,4,-1.170814,-0.085302,0.000000
1784159162.951419,4,-1.170845,-0.058161,-0.003906
1784159162.961419,4,-1.170814,-0.007755,0.000000
1784159162.971419,4,-1.170784,0.034896,0.003906
1784159162.981420,4,-1.170814,-0.027142,0.000000
1784159162.991419,4,-1.170784,-0.015509,0.000000
1784159163.001419,4,-1.170845,-0.093057,0.000000
1784159163.011414,4,-1.170814,-0.019387,-0.003906
1784159163.021424,4,-1.170814,-0.011632,0.000000
1784159163.031425,4,-1.170814,0.000000,0.007812
1784159163.041432,4,-1.170814,-0.023264,0.000000
1784159163.052421,4,-1.170814,-0.034896,0.000000
1784159163.061423,4,-1.170845,-0.081425,0.000000
1784159163.071402,4,-1.170814,-0.015509,0.000000
1784159163.081408,4,-1.170845,-0.081425,0.000000
1784159163.091403,4,-1.170784,-0.023264,0.003906
1784159163.101406,4,-1.170814,-0.023264,0.000000
1784159163.111405,4,-1.170814,-0.015509,0.000000
1784159163.121405,4,-1.170845,-0.073670,0.000000
1784159163.131402,4,-1.170845,-0.089180,0.000000
1784159163.141403,4,-1.170814,-0.081425,0.000000
1784159163.151409,4,-1.170814,-0.023264,0.000000
1784159163.162406,4,-1.170784,0.015509,0.000000
1784159163.171410,4,-1.170845,-0.069793,0.000000
1784159163.181404,4,-1.170814,-0.003877,0.000000
1784159163.191411,4,-1.170814,-0.019387,0.000000
1784159163.201404,4,-1.170814,-0.007755,0.000000
1784159163.211407,4,-1.170784,0.019387,0.000000
1784159163.222403,4,-1.170814,-0.027142,0.000000
1784159163.231415,4,-1.170814,-0.015509,0.000000
1784159163.242404,4,-1.170814,-0.007755,0.000000
1784159163.252405,4,-1.170814,-0.038774,0.000000
1784159163.262412,4,-1.170845,-0.011632,0.000000
1784159163.271406,4,-1.170784,0.038774,0.000000
1784159163.282405,4,-1.170845,-0.062038,0.000000
1784159163.291405,4,-1.170784,0.042651,0.000000
1784159163.302405,4,-1.170814,-0.023264,-0.003906
1784159163.312410,4,-1.170814,-0.027142,0.000000
1784159163.322411,4,-1.170845,-0.073670,0.003906
1784159163.332389,4,-1.170814,-0.023264,0.000000
1784159163.342385,4,-1.170784,0.019387,0.000000
1784159163.352385,4,-1.170784,0.027142,0.000000
1784159163.362386,4,-1.170845,-0.077547,0.000000
1784159163.372385,4,-1.170845,-0.069793,0.000000
1784159163.382384,4,-1.170814,-0.007755,0.000000
1784159163.392387,4,-1.170784,0.027142,0.000000
1784159163.402383,4,-1.170814,-0.031019,0.000000
1784159163.412383,4,-1.170845,-0.077547,-0.007812
1784159163.422391,4,-1.170814,-0.023264,0.000000
1784159163.432386,4,-1.170814,-0.019387,0.000000
1784159163.442387,4,-1.170845,-0.062038,0.003906
1784159163.452384,4,-1.170845,-0.077547,0.000000
1784159163.462393,4,-1.170814,-0.031019,0.000000
1784159163.472386,4,-1.170814,-0.003877,0.000000
1784159163.482398,4,-1.170814,-0.003877,0.000000
1784159163.492385,4,-1.170814,-0.027142,0.000000
1784159163.502386,4,-1.170814,-0.011632,0.000000
1784159163.512387,4,-1.170814,-0.019387,0.000000
1784159163.522385,4,-1.170814,-0.003877,0.000000
1784159163.532393,4,-1.170814,-0.015509,0.000000
1784159163.542385,4,-1.170814,-0.011632,0.000000
1784159163.552386,4,-1.170814,-0.007755,0.000000
1784159163.562394,4,-1.170814,-0.019387,-0.007812
1784159163.572395,4,-1.170814,-0.015509,0.000000
1784159163.582396,4,-1.170814,-0.027142,0.003906
1784159163.592385,4,-1.170845,-0.069793,0.000000
1784159163.602369,4,-1.170814,0.000000,0.000000
1784159163.612489,4,-1.170814,-0.003877,0.000000
1784159163.622445,4,-1.170814,-0.023264,0.000000
1784159163.632376,4,-1.170814,-0.011632,0.000000
1784159163.642371,4,-1.170814,-0.031019,0.000000
1784159163.652367,4,-1.170814,-0.027142,0.000000
1784159163.662364,4,-1.170814,-0.007755,0.000000
1784159163.672364,4,-1.170814,-0.038774,0.000000
1784159163.682373,4,-1.170814,0.000000,0.000000
1784159163.692364,4,-1.170814,0.000000,0.000000
1784159163.702365,4,-1.170814,-0.031019,0.000000
1784159163.712367,4,-1.170814,-0.027142,-0.007812
1784159163.722368,4,-1.170814,-0.007755,0.000000
1784159163.732366,4,-1.170814,-0.027142,-0.007812
1784159163.742368,4,-1.170845,-0.062038,0.000000
1784159163.752460,4,-1.170845,-0.073670,0.000000
1784159163.762454,4,-1.170814,-0.003877,-0.011719
1784159163.772366,4,-1.170814,-0.027142,0.000000
1784159163.782371,4,-1.170814,-0.031019,0.000000
1784159163.792371,4,-1.170814,-0.015509,0.000000
1784159163.802371,4,-1.170814,-0.011632,0.000000
1784159163.812373,4,-1.170784,0.023264,0.000000
1784159163.822369,4,-1.170845,-0.081425,0.000000
1784159163.832371,4,-1.170814,-0.011632,0.000000
1784159163.842369,4,-1.170814,-0.011632,0.000000
1784159163.852368,4,-1.170814,-0.007755,0.000000
1784159163.862370,4,-1.170845,-0.077547,0.000000
1784159163.872369,4,-1.170845,-0.065915,0.003906
1784159163.882350,4,-1.170814,-0.027142,0.000000
1784159163.892349,4,-1.170845,-0.065915,0.000000
1784159163.902350,4,-1.170845,-0.093057,0.000000
1784159163.912349,4,-1.170784,0.019387,0.000000
1784159163.922350,4,-1.170814,-0.031019,0.000000
1784159163.932349,4,-1.170814,-0.019387,0.000000
1784159163.942350,4,-1.170814,-0.031019,-0.003906
1784159163.952350,4,-1.170814,-0.015509,-0.003906
1784159163.962354,4,-1.170814,-0.031019,0.000000
1784159163.972353,4,-1.170845,-0.054283,0.000000
1784159163.982348,4,-1.170845,-0.073670,0.000000
1784159163.992350,4,-1.170814,-0.003877,0.000000
1784159164.002350,4,-1.170784,-0.027142,0.003906
1784159164.012361,4,-1.170814,-0.031019,0.000000
1784159164.022348,4,-1.170814,-0.027142,0.003906
1784159164.032357,4,-1.170814,-0.027142,-0.007812
1784159164.042348,4,-1.170784,0.027142,0.000000
1784159164.052351,4,-1.170814,-0.015509,0.000000
1784159164.062348,4,-1.170814,-0.003877,0.000000
1784159164.072358,4,-1.170814,-0.015509,0.000000
1784159164.082356,4,-1.170814,-0.023264,0.000000
1784159164.092356,4,-1.170814,-0.011632,0.000000
1784159164.102359,4,-1.170814,-0.023264,0.000000
1784159164.112357,4,-1.170845,-0.081425,-0.007812
1784159164.122351,4,-1.170814,-0.003877,0.000000
1784159164.132349,4,-1.170845,-0.081425,0.000000
1784159164.142349,4,-1.170814,-0.015509,0.000000
1784159164.152352,4,-1.170814,-0.015509,0.000000
1784159164.162329,4,-1.170814,-0.031019,0.000000
1784159164.172330,4,-1.170814,-0.023264,0.000000
1784159164.182338,4,-1.170784,0.019387,0.000000
1784159164.192330,4,-1.170814,-0.011632,0.000000
1784159164.202330,4,-1.170814,-0.038774,-0.003906
1784159164.212332,4,-1.170784,0.038774,-0.003906
1784159164.222332,4,-1.170845,-0.062038,0.000000
1784159164.232335,4,-1.170814,-0.031019,0.000000
1784159164.242332,4,-1.170875,-0.127953,0.000000
1784159164.252333,4,-1.170814,-0.019387,-0.003906
1784159164.262337,4,-1.170814,-0.027142,0.000000
1784159164.272336,4,-1.170814,-0.034896,0.000000
1784159164.282331,4,-1.170814,-0.003877,0.000000
1784159164.292333,4,-1.170784,0.038774,0.000000
1784159164.302331,4,-1.170845,-0.062038,0.000000
1784159164.312329,4,-1.170784,0.042651,0.003906
1784159164.322329,4,-1.170845,-0.069793,0.000000
1784159164.332333,4,-1.170814,-0.023264,0.000000
1784159164.342332,4,-1.170814,-0.038774,0.000000
1784159164.352331,4,-1.170814,-0.038774,0.000000
1784159164.362334,4,-1.170814,0.000000,0.000000
1784159164.372339,4,-1.170784,0.050406,0.000000
1784159164.382339,4,-1.170814,-0.007755,0.000000
1784159164.392343,4,-1.170845,-0.077547,0.000000
1784159164.402342,4,-1.170814,-0.034896,0.000000
1784159164.412337,4,-1.170845,-0.081425,0.000000
1784159164.422341,4,-1.170784,0.050406,0.000000
1784159164.432319,4,-1.170814,0.000000,0.000000
1784159164.442319,4,-1.170814,-0.003877,0.000000
1784159164.452313,4,-1.170814,-0.007755,0.000000
1784159164.462320,4,-1.170814,-0.011632,-0.003906
1784159164.472323,4,-1.170784,0.042651,0.000000
1784159164.482320,4,-1.170814,-0.015509,-0.003906
1784159164.492321,4,-1.170845,-0.069793,-0.003906
1784159164.502321,4,-1.170814,-0.027142,0.000000
1784159164.512323,4,-1.170814,-0.027142,0.000000
1784159164.522324,4,-1.170845,-0.073670,0.000000
1784159164.532321,4,-1.170814,-0.027142,0.000000
1784159164.542322,4,-1.170814,-0.031019,0.000000
1784159164.552322,4,-1.170784,0.031019,0.003906
1784159164.562321,4,-1.170845,-0.085302,0.000000
1784159164.572321,4,-1.170814,-0.015509,-0.003906
1784159164.582321,4,-1.170845,-0.085302,0.000000
1784159164.592314,4,-1.170814,-0.015509,0.003906
1784159164.602321,4,-1.170814,-0.027142,-0.011719
1784159164.612323,4,-1.170814,-0.034896,0.000000
1784159164.622327,4,-1.170784,0.027142,0.000000
1784159164.632323,4,-1.170814,-0.019387,0.000000
1784159164.642322,4,-1.170845,-0.062038,0.000000
1784159164.652322,4,-1.170845,-0.085302,-0.003906
1784159164.662323,4,-1.170814,-0.034896,-0.003906
1784159164.672305,4,-1.170814,-0.027142,-0.003906
1784159164.682323,4,-1.170814,-0.019387,0.000000
1784159164.692322,4,-1.170845,-0.089180,-0.007812
1784159164.702321,4,-1.170845,-0.081425,-0.007812
1784159164.712305,4,-1.170814,-0.031019,0.000000
1784159164.722302,4,-1.170814,-0.015509,-0.003906
1784159164.732305,4,-1.170814,-0.023264,-0.007812
1784159164.742302,4,-1.170814,-0.031019,0.000000
1784159164.752482,4,-1.170814,-0.015509,0.000000
1784159164.762300,4,-1.170814,-0.031019,0.003906
1784159164.772297,4,-1.170814,-0.027142,0.000000
1784159164.782377,4,-1.170814,-0.007755,0.000000
1784159164.792296,4,-1.170814,-0.019387,0.000000
1784159164.802297,4,-1.170814,0.000000,0.003906
1784159164.812298,4,-1.170845,-0.062038,0.003906
1784159164.822296,4,-1.170845,-0.023264,0.000000
1784159164.832298,4,-1.170814,-0.031019,0.003906
1784159164.842301,4,-1.170814,-0.031019,0.000000
1784159164.852301,4,-1.170814,-0.015509,-0.003906
1784159164.862298,4,-1.170814,-0.015509,0.000000
1784159164.872302,4,-1.170814,-0.034896,-0.007812
1784159164.882297,4,-1.170814,-0.023264,0.000000
1784159164.892302,4,-1.170845,-0.073670,0.000000
1784159164.902300,4,-1.170845,-0.073670,0.003906
1784159164.912298,4,-1.170814,-0.003877,0.000000
1784159164.922298,4,-1.170814,0.000000,0.000000
1784159164.932298,4,-1.170845,0.031019,0.000000
1784159164.942300,4,-1.170784,0.034896,-0.003906
1784159164.952309,4,-1.170814,-0.011632,0.000000
1784159164.962296,4,-1.170784,0.054283,0.000000
1784159164.972275,4,-1.170845,-0.062038,0.000000
1784159164.982275,4,-1.170814,-0.019387,0.000000
1784159164.992279,4,-1.170845,-0.085302,0.000000
1784159165.002277,4,-1.170814,-0.015509,0.003906
1784159165.012278,4,-1.170784,0.034896,0.000000
1784159165.022277,4,-1.170814,-0.027142,0.000000
1784159165.032277,4,-1.170784,-0.027142,0.003906
1784159165.042278,4,-1.170814,-0.015509,0.000000
1784159165.052280,4,-1.170814,-0.019387,0.000000
1784159165.062276,4,-1.170845,-0.062038,-0.003906
1784159165.072276,4,-1.170814,-0.015509,-0.007812
1784159165.082289,4,-1.170814,-0.027142,-0.007812
1784159165.092276,4,-1.170814,-0.023264,0.000000
1784159165.102278,4,-1.170784,-0.023264,-0.007812
1784159165.112276,4,-1.170814,-0.011632,0.000000
1784159165.122276,4,-1.170814,-0.027142,-0.003906
1784159165.132280,4,-1.170814,-0.027142,0.000000
1784159165.142282,4,-1.170814,-0.019387,0.000000
1784159165.152278,4,-1.170814,-0.003877,-0.003906
1784159165.162277,4,-1.170814,-0.007755,-0.007812
1784159165.172280,4,-1.170845,0.000000,-0.003906
1784159165.182278,4,-1.170784,0.042651,0.000000
1784159165.192277,4,-1.170814,-0.023264,0.000000
1784159165.202279,4,-1.170784,0.042651,0.000000
1784159165.212279,4,-1.170814,-0.007755,0.000000
1784159165.222279,4,-1.170814,-0.003877,0.000000
1784159165.232279,4,-1.170845,-0.077547,0.000000
1784159165.242279,4,-1.170784,-0.003877,0.000000
1784159165.252262,4,-1.170814,-0.011632,0.000000
1784159165.262255,4,-1.170784,0.046528,0.000000
1784159165.272264,4,-1.170814,-0.011632,0.000000
1784159165.282257,4,-1.170845,-0.077547,0.000000
1784159165.292257,4,-1.170814,-0.015509,0.000000
1784159165.302261,4,-1.170814,-0.003877,0.000000
1784159165.312260,4,-1.170814,-0.034896,0.000000
1784159165.322258,4,-1.170814,-0.023264,0.000000
1784159165.332258,4,-1.170814,-0.015509,0.000000
1784159165.342258,4,-1.170784,0.038774,0.000000
1784159165.352257,4,-1.170814,-0.023264,0.000000
1784159165.362261,4,-1.170845,-0.069793,0.000000
1784159165.372261,4,-1.170814,-0.011632,0.000000
1784159165.382262,4,-1.170814,-0.031019,0.000000
1784159165.392259,4,-1.170845,-0.077547,0.000000
1784159165.402259,4,-1.170814,-0.003877,0.000000
1784159165.412259,4,-1.170814,-0.007755,-0.007812
1784159165.422259,4,-1.170845,-0.058161,0.000000
1784159165.432261,4,-1.170814,-0.027142,0.000000
1784159165.442265,4,-1.170814,-0.015509,0.000000
1784159165.452269,4,-1.170784,0.034896,-0.003906
1784159165.462267,4,-1.170784,0.046528,0.000000
1784159165.472261,4,-1.170814,0.003877,0.000000
1784159165.482260,4,-1.170814,-0.011632,0.000000
1784159165.492259,4,-1.170814,-0.007755,0.000000
1784159165.502260,4,-1.170814,0.000000,0.000000
1784159165.512263,4,-1.170814,0.000000,-0.003906
1784159165.522242,4,-1.170814,-0.069793,0.000000
1784159165.532244,4,-1.170814,-0.015509,0.000000
1784159165.542242,4,-1.170845,-0.062038,0.000000
1784159165.552239,4,-1.170814,0.000000,0.000000
1784159165.562241,4,-1.170814,-0.003877,0.000000
1784159165.572243,4,-1.170814,-0.015509,-0.007812
1784159165.582242,4,-1.170814,-0.011632,0.000000
1784159165.592240,4,-1.170814,-0.027142,-0.007812
1784159165.602242,4,-1.170875,-0.143463,0.000000
1784159165.612241,4,-1.170814,-0.027142,0.000000
1784159165.622241,4,-1.170814,-0.019387,-0.003906
1784159165.632247,4,-1.170875,-0.127953,0.000000
1784159165.642244,4,-1.170814,-0.015509,-0.007812
1784159165.652242,4,-1.170784,0.027142,-0.003906
1784159165.662244,4,-1.170814,-0.015509,0.000000
1784159165.672242,4,-1.170784,0.011632,0.000000
1784159165.682244,4,-1.170814,0.000000,0.000000
1784159165.692243,4,-1.170814,-0.031019,-0.007812
1784159165.702245,4,-1.170814,-0.007755,0.000000
1784159165.712242,4,-1.170814,-0.015509,0.000000
1784159165.722242,4,-1.170845,-0.077547,0.000000
1784159165.732245,4,-1.170814,-0.062038,0.003906
1784159165.742246,4,-1.170814,-0.011632,0.000000
1784159165.752341,4,-1.170814,-0.011632,0.000000
1784159165.762303,4,-1.170814,-0.019387,0.003906
1784159165.772245,4,-1.170784,0.034896,0.000000
1784159165.782243,4,-1.170784,0.038774,0.000000
1784159165.792239,4,-1.170814,-0.011632,0.000000
1784159165.802222,4,-1.170814,-0.019387,0.000000
1784159165.812222,4,-1.170814,-0.015509,0.000000
1784159165.822222,4,-1.170845,-0.069793,0.003906
1784159165.832222,4,-1.170814,-0.038774,-0.003906
1784159165.842226,4,-1.170814,-0.015509,0.000000
1784159165.852223,4,-1.170784,0.038774,-0.007812
1784159165.862234,4,-1.170814,-0.003877,0.000000
1784159165.872223,4,-1.170814,-0.007755,0.000000
1784159165.882224,4,-1.170814,-0.007755,0.000000
1784159165.892224,4,-1.170814,-0.023264,-0.003906
1784159165.902224,4,-1.170814,-0.031019,0.000000
1784159165.912222,4,-1.170814,-0.031019,-0.003906
1784159165.922226,4,-1.170814,-0.031019,-0.003906
1784159165.932224,4,-1.170814,-0.034896,0.000000
1784159165.942374,4,-1.170814,-0.027142,0.000000
1784159165.952223,4,-1.170814,-0.015509,0.000000
1784159165.962223,4,-1.170814,-0.027142,0.000000
1784159165.972222,4,-1.170845,-0.085302,0.000000
1784159165.982225,4,-1.170784,0.023264,0.000000
1784159165.992261,4,-1.170814,-0.023264,0.000000
1784159166.003232,4,-1.170814,-0.023264,0.000000
1784159166.012227,4,-1.170784,-0.027142,-0.003906
1784159166.022228,4,-1.170814,-0.023264,-0.003906
1784159166.032228,4,-1.170814,-0.011632,0.000000
1784159166.042227,4,-1.170814,-0.023264,-0.003906
1784159166.052224,4,-1.170814,-0.027142,0.000000
1784159166.062222,4,-1.170814,-0.027142,0.000000
1784159166.072202,4,-1.170784,0.034896,0.000000
1784159166.082311,4,-1.170784,0.023264,-0.007812
1784159166.092203,4,-1.170814,-0.027142,0.000000
1784159166.102202,4,-1.170814,-0.034896,0.000000
1784159166.112207,4,-1.170814,0.007755,0.000000
1784159166.122209,4,-1.170845,-0.027142,0.000000
1784159166.132207,4,-1.170845,-0.093057,-0.003906
1784159166.142203,4,-1.170784,0.027142,0.000000
1784159166.152203,4,-1.170814,-0.011632,0.000000
1784159166.162204,4,-1.170814,-0.027142,0.000000
1784159166.172204,4,-1.170814,-0.027142,0.000000
1784159166.182203,4,-1.170814,-0.015509,0.000000
1784159166.192203,4,-1.170814,-0.031019,0.000000
1784159166.202207,4,-1.170814,-0.023264,0.000000
1784159166.212211,4,-1.170814,-0.038774,0.000000
1784159166.222203,4,-1.170814,-0.019387,0.000000
1784159166.232205,4,-1.170814,-0.031019,0.000000
1784159166.242212,4,-1.170814,-0.015509,0.000000
1784159166.252203,4,-1.170814,-0.015509,0.000000
1784159166.262205,4,-1.170814,-0.019387,0.000000
1784159166.272205,4,-1.170814,-0.007755,0.003906
1784159166.282207,4,-1.170814,-0.027142,0.000000
1784159166.292212,4,-1.170784,0.031019,0.003906
1784159166.302207,4,-1.170814,-0.007755,-0.007812
1784159166.312207,4,-1.170845,-0.023264,0.000000
1784159166.322206,4,-1.170814,-0.003877,0.000000
1784159166.332207,4,-1.170814,-0.019387,-0.007812
1784159166.342193,4,-1.170814,0.000000,0.000000
1784159166.352191,4,-1.170814,0.031019,-0.003906
1784159166.362189,4,-1.170814,-0.015509,0.000000
1784159166.372189,4,-1.170784,0.031019,0.000000
1784159166.382188,4,-1.170814,-0.003877,0.000000
1784159166.392192,4,-1.170845,-0.062038,0.003906
1784159166.402196,4,-1.170814,0.000000,-0.003906
1784159166.412186,4,-1.170814,-0.031019,-0.007812
1784159166.422189,4,-1.170814,-0.019387,0.000000
1784159166.432188,4,-1.170814,0.000000,0.000000
1784159166.442193,4,-1.170814,-0.007755,0.000000
1784159166.452190,4,-1.170784,0.015509,0.000000
1784159166.462191,4,-1.170814,-0.031019,0.000000
1784159166.472191,4,-1.170814,-0.023264,0.000000
1784159166.482190,4,-1.170814,-0.019387,0.000000
1784159166.492196,4,-1.170814,-0.023264,0.000000
1784159166.502197,4,-1.170814,-0.007755,0.000000
1784159166.512191,4,-1.170814,-0.015509,0.000000
1784159166.522191,4,-1.170814,-0.042651,0.000000
1784159166.532197,4,-1.170784,0.027142,0.000000
1784159166.542197,4,-1.170814,-0.019387,-0.011719
1784159166.552194,4,-1.170814,-0.015509,0.000000
1784159166.562193,4,-1.170784,0.062038,-0.003906
1784159166.572193,4,-1.170784,0.027142,0.000000
1784159166.582171,4,-1.170784,0.031019,0.000000
1784159166.592179,4,-1.170814,-0.019387,-0.003906
1784159166.602193,4,-1.170814,-0.031019,0.000000
1784159166.612173,4,-1.170814,-0.027142,0.000000
1784159166.622169,4,-1.170814,-0.003877,0.000000
1784159166.632246,4,-1.170814,-0.003877,0.000000
1784159166.642235,4,-1.170814,-0.027142,0.000000
1784159166.652267,4,-1.170814,-0.027142,-0.003906
1784159166.662258,4,-1.170845,-0.069793,0.000000
1784159166.672172,4,-1.170814,-0.034896,0.000000
1784159166.682171,4,-1.170814,-0.011632,0.000000
1784159166.692172,4,-1.170814,-0.031019,0.000000
1784159166.702172,4,-1.170814,-0.027142,0.000000
1784159166.712277,4,-1.170845,-0.069793,0.000000
1784159166.722281,4,-1.170784,0.050406,0.000000
1784159166.732173,4,-1.170814,-0.023264,-0.007812
1784159166.742230,4,-1.170814,0.000000,0.000000
1784159166.752286,4,-1.170814,-0.038774,-0.003906
1784159166.762174,4,-1.170905,-0.093057,0.000000
1784159166.772185,4,-1.170845,-0.046528,0.003906
1784159166.782186,4,-1.170239,0.077547,0.019531
1784159166.792183,4,-1.167512,0.434265,0.019531
1784159166.802186,4,-1.162181,0.635889,0.019531
1784159166.812183,4,-1.156213,0.600992,0.019531
1784159166.822179,4,-1.150852,0.414879,0.035156
1784159166.832180,4,-1.147913,0.209378,0.039062
1784159166.842189,4,-1.146217,0.093057,0.050781
1784159166.852182,4,-1.145278,0.069793,0.054688
1784159166.862163,4,-1.143279,0.259784,0.054688
1784159166.872165,4,-1.140280,0.283048,0.066406
1784159166.882162,4,-1.136766,0.325699,0.066406
1784159166.892183,4,-1.132222,0.453652,0.066406
1784159166.902155,4,-1.126649,0.538954,0.054688
1784159166.912159,4,-1.120287,0.616502,0.054688
1784159166.922162,4,-1.112351,0.806493,0.050781
1784159166.932162,4,-1.104293,0.728945,0.042969
1784159166.942162,4,-1.096175,0.818125,0.023438
1784159166.952161,4,-1.087905,0.783229,0.023438
1784159166.962161,4,-1.079090,0.903427,0.007812
1784159166.972163,4,-1.069336,0.949956,0.000000
1784159166.982162,4,-1.060339,0.790983,0.000000
1784159166.992164,4,-1.052615,0.690172,-0.003906
1784159167.002163,4,-1.045769,0.616502,-0.011719
1784159167.012167,4,-1.038893,0.717313,-0.011719
1784159167.022162,4,-1.031320,0.732823,-0.027344
1784159167.032164,4,-1.023141,0.767719,-0.035156
1784159167.042166,4,-1.014538,0.845267,-0.039062
1784159167.052165,4,-1.006995,0.577728,-0.039062
1784159167.062164,4,-1.000967,0.515690,-0.039062
1784159167.072162,4,-0.996030,0.531200,-0.039062
1784159167.082165,4,-0.990517,0.504058,-0.042969
1784159167.092167,4,-0.983852,0.608747,-0.050781
1784159167.102225,4,-0.976764,0.752210,-0.058594
1784159167.112226,4,-0.969857,0.655276,-0.054688
1784159167.122169,4,-0.962981,0.643643,-0.058594
1784159167.132162,4,-0.956438,0.577728,-0.058594
1784159167.142162,4,-0.949834,0.585483,-0.074219
1784159167.152162,4,-0.943170,0.647521,-0.070312
1784159167.162140,4,-0.936748,0.616502,-0.074219
1784159167.172140,4,-0.930902,0.550587,-0.074219
1784159167.182147,4,-0.926298,0.352841,-0.074219
1784159167.192141,4,-0.922632,0.329576,-0.066406
1784159167.202142,4,-0.919209,0.345086,-0.066406
1784159167.212143,4,-0.914787,0.542832,-0.070312
1784159167.222142,4,-0.908940,0.635889,-0.066406
1784159167.232144,4,-0.902276,0.612624,-0.074219
1784159167.242139,4,-0.895642,0.628134,-0.070312
1784159167.252142,4,-0.889372,0.550587,-0.082031
1784159167.262141,4,-0.882859,0.632011,-0.082031
1784159167.272141,4,-0.876225,0.647521,-0.085938
1784159167.282140,4,-0.870167,0.562219,-0.085938
1784159167.292141,4,-0.864835,0.492426,-0.085938
1784159167.302146,4,-0.860079,0.484671,-0.085938
1784159167.312141,4,-0.854930,0.469162,-0.082031
1784159167.322145,4,-0.849417,0.585483,-0.089844
1784159167.332143,4,-0.843388,0.581605,-0.089844
1784159167.342143,4,-0.837785,0.461407,-0.089844
1784159167.352143,4,-0.832998,0.465284,-0.085938
1784159167.362147,4,-0.827879,0.523445,-0.085938
1784159167.372144,4,-0.822305,0.597115,-0.085938
1784159167.382146,4,-0.816156,0.573851,-0.089844
1784159167.392142,4,-0.809704,0.585483,-0.093750
1784159167.402127,4,-0.804009,0.496303,-0.093750
1784159167.412144,4,-0.798738,0.480794,-0.093750
1784159167.422144,4,-0.792831,0.577728,-0.105469
1784159167.432133,4,-0.786106,0.663030,-0.101562
1784159167.442112,4,-0.779442,0.593238,-0.105469
1784159167.452123,4,-0.773444,0.600992,-0.101562
1784159167.462124,4,-0.767689,0.608747,-0.105469
1784159167.472129,4,-0.761964,0.538954,-0.109375
1784159167.482123,4,-0.756239,0.504058,-0.109375
1784159167.492121,4,-0.750271,0.632011,-0.121094
1784159167.502123,4,-0.743152,0.752210,-0.125000
1784159167.512124,4,-0.735519,0.732823,-0.125000
1784159167.522124,4,-0.728673,0.612624,-0.125000
1784159167.532229,4,-0.723523,0.379982,-0.121094
1784159167.542116,4,-0.719313,0.403246,-0.125000
1784159167.552124,4,-0.714284,0.492426,-0.125000
1784159167.562118,4,-0.708498,0.566096,-0.121094
1784159167.572129,4,-0.701955,0.701804,-0.140625
1784159167.582119,4,-0.694867,0.678540,-0.140625
1784159167.592125,4,-0.687839,0.694049,-0.140625
1784159167.602117,4,-0.681539,0.531200,-0.136719
1784159167.612116,4,-0.676177,0.515690,-0.132812
1784159167.622117,4,-0.671451,0.376105,-0.136719
1784159167.632116,4,-0.666756,0.523445,-0.136719
1784159167.642117,4,-0.660849,0.643643,-0.140625
1784159167.652117,4,-0.653912,0.694049,-0.148438
1784159167.662118,4,-0.646400,0.759964,-0.156250
1784159167.672122,4,-0.639615,0.616502,-0.156250
1784159167.682103,4,-0.634041,0.504058,-0.156250
1784159167.692120,4,-0.629134,0.488549,-0.152344
1784159167.702121,4,-0.623954,0.577728,-0.156250
1784159167.712097,4,-0.618319,0.523445,-0.152344
1784159167.722098,4,-0.613261,0.445898,-0.152344
1784159167.732101,4,-0.608111,0.546709,-0.164062
1784159167.742110,4,-0.602204,0.663030,-0.164062
1784159167.752101,4,-0.595328,0.674662,-0.167969
1784159167.762194,4,-0.588118,0.628134,-0.167969
1784159167.772166,4,-0.581696,0.511813,-0.167969
1784159167.782103,4,-0.576183,0.558341,-0.171875
1784159167.792099,4,-0.570246,0.581605,-0.175781
1784159167.802099,4,-0.564157,0.600992,-0.175781
1784159167.812099,4,-0.558008,0.674662,-0.175781
1784159167.822099,4,-0.551011,0.725068,-0.175781
1784159167.832101,4,-0.544286,0.581605,-0.183594
1784159167.842102,4,-0.538651,0.430388,-0.183594
1784159167.852101,4,-0.534259,0.314067,-0.164062
1784159167.862099,4,-0.531230,0.263661,-0.171875
1784159167.872194,4,-0.527868,0.302435,-0.167969
1784159167.882101,4,-0.524051,0.418756,-0.167969
1784159167.892104,4,-0.519840,0.422633,-0.156250
1784159167.902108,4,-0.515963,0.244274,-0.156250
1784159167.912100,4,-0.512297,0.376105,-0.152344
1784159167.922178,4,-0.507087,0.546709,-0.167969
1784159167.932101,4,-0.500241,0.709559,-0.171875
1784159167.942103,4,-0.492274,0.759964,-0.171875
1784159167.952101,4,-0.484944,0.593238,-0.171875
1784159167.962082,4,-0.479219,0.438143,-0.164062
1784159167.972100,4,-0.475462,0.252029,-0.171875
1784159167.982085,4,-0.471373,0.473039,-0.167969
1784159167.992082,4,-0.466375,0.546709,-0.175781
1784159168.002084,4,-0.460316,0.639766,-0.171875
1784159168.012089,4,-0.454894,0.492426,-0.167969
1784159168.022082,4,-0.450653,0.333454,-0.164062
1784159168.032085,4,-0.447685,0.248152,-0.156250
1784159168.042090,4,-0.444080,0.430388,-0.164062
1784159168.052140,4,-0.439203,0.519568,-0.164062
1784159168.062084,4,-0.434205,0.469162,-0.156250
1784159168.072090,4,-0.429873,0.430388,-0.140625
1784159168.082086,4,-0.426662,0.360595,-0.148438
1784159168.092086,4,-0.423209,0.314067,-0.140625
1784159168.102084,4,-0.418211,0.589360,-0.152344
1784159168.112084,4,-0.411758,0.694049,-0.156250
1784159168.122089,4,-0.404943,0.639766,-0.152344
1784159168.132083,4,-0.399642,0.445898,-0.140625
1784159168.142084,4,-0.396279,0.224887,-0.136719
1784159168.152085,4,-0.393190,0.364473,-0.136719
1784159168.162087,4,-0.389342,0.337331,-0.140625
1784159168.172083,4,-0.384496,0.476916,-0.132812
1784159168.182083,4,-0.379437,0.542832,-0.140625
1784159168.192086,4,-0.374045,0.523445,-0.136719
1784159168.202085,4,-0.368229,0.604870,-0.148438
1784159168.212092,4,-0.361595,0.690172,-0.140625
1784159168.222071,4,-0.355718,0.457530,-0.136719
1784159168.232083,4,-0.352174,0.232642,-0.132812
1784159168.242065,4,-0.350690,0.073670,-0.105469
1784159168.252067,4,-0.349842,0.096934,-0.109375
1784159168.262073,4,-0.347176,0.360595,-0.117188
1784159168.272064,4,-0.341511,0.663030,-0.121094
1784159168.282062,4,-0.334484,0.771597,-0.121094
1784159168.292068,4,-0.327910,0.616502,-0.117188
1784159168.302071,4,-0.322458,0.488549,-0.109375
1784159168.312068,4,-0.317793,0.445898,-0.121094
1784159168.322063,4,-0.313310,0.399369,-0.117188
1784159168.332068,4,-0.308796,0.476916,-0.121094
1784159168.342076,4,-0.303525,0.535077,-0.109375
1784159168.352064,4,-0.297982,0.535077,-0.121094
1784159168.362064,4,-0.293135,0.403246,-0.117188
1784159168.372066,4,-0.289621,0.341209,-0.109375
1784159168.382062,4,-0.286804,0.193868,-0.089844
1784159168.392064,4,-0.283381,0.430388,-0.093750
1784159168.402066,4,-0.278595,0.507935,-0.101562
1784159168.412064,4,-0.272203,0.651398,-0.109375
1784159168.422065,4,-0.266418,0.469162,-0.093750
1784159168.432065,4,-0.262116,0.403246,-0.093750
1784159168.442066,4,-0.258966,0.224887,-0.085938
1784159168.452070,4,-0.255785,0.286925,-0.074219
1784159168.462064,4,-0.252211,0.314067,-0.085938
1784159168.472064,4,-0.248424,0.368350,-0.074219
1784159168.482068,4,-0.244759,0.302435,-0.070312
1784159168.492067,4,-0.240609,0.500181,-0.074219
1784159168.502064,4,-0.235308,0.604870,-0.085938
1784159168.512067,4,-0.228613,0.639766,-0.082031
1784159168.522050,4,-0.221283,0.732823,-0.089844
1784159168.532132,4,-0.214013,0.659153,-0.085938
1784159168.542044,4,-0.208318,0.465284,-0.085938
1784159168.552053,4,-0.203501,0.411001,-0.082031
1784159168.562044,4,-0.198836,0.515690,-0.089844
1784159168.572053,4,-0.192627,0.659153,-0.093750
1784159168.582046,4,-0.185690,0.670785,-0.101562
1784159168.592045,4,-0.179843,0.473039,-0.082031
1784159168.602050,4,-0.176087,0.255906,-0.074219
1784159168.612045,4,-0.173603,0.124076,-0.066406
1784159168.622046,4,-0.171907,0.259784,-0.070312
1784159168.632044,4,-0.168756,0.356718,-0.074219
1784159168.642045,4,-0.163910,0.507935,-0.070312
1784159168.652049,4,-0.158154,0.566096,-0.070312
1784159168.662124,4,-0.153308,0.434265,-0.070312
1784159168.672045,4,-0.149430,0.321822,-0.054688
1784159168.682050,4,-0.146522,0.252029,-0.054688
1784159168.692048,4,-0.143735,0.321822,-0.054688
1784159168.702050,4,-0.140131,0.364473,-0.050781
1784159168.712051,4,-0.135769,0.422633,-0.039062
1784159168.722047,4,-0.131649,0.403246,-0.039062
1784159168.732063,4,-0.127711,0.403246,-0.035156
1784159168.742053,4,-0.123682,0.484671,-0.035156
1784159168.752048,4,-0.118532,0.507935,-0.035156
1784159168.762052,4,-0.111959,0.725068,-0.042969
1784159168.772051,4,-0.104477,0.775474,-0.050781
1784159168.782033,4,-0.096601,0.775474,-0.058594
1784159168.792039,4,-0.089846,0.632011,-0.058594
1784159168.802030,4,-0.083545,0.593238,-0.070312
1784159168.812031,4,-0.076699,0.721191,-0.074219
1784159168.822031,4,-0.069217,0.725068,-0.074219
1784159168.832038,4,-0.062826,0.620379,-0.070312
1784159168.842040,4,-0.057736,0.457530,-0.070312
1784159168.852030,4,-0.052496,0.558341,-0.074219
1784159168.862029,4,-0.046498,0.577728,-0.082031
1784159168.872113,4,-0.040652,0.608747,-0.082031
1784159168.882150,4,-0.035563,0.391614,-0.070312
1784159168.892111,4,-0.032109,0.314067,-0.066406
1784159168.902146,4,-0.029656,0.209378,-0.054688
1784159168.912132,4,-0.026596,0.298557,-0.050781
1784159168.922233,4,-0.021962,0.504058,-0.058594
1784159168.932036,4,-0.015691,0.670785,-0.066406
1784159168.942038,4,-0.009057,0.604870,-0.066406
1784159168.952040,4,-0.003847,0.445898,-0.058594
1784159168.962041,4,-0.000333,0.267539,-0.050781
1784159168.972029,4,0.002484,0.248152,-0.042969
1784159168.982030,4,0.006058,0.411001,-0.042969
1784159168.992028,4,0.011178,0.635889,-0.050781
1784159169.002041,4,0.017751,0.600992,-0.054688
1784159169.012038,4,0.024294,0.593238,-0.054688
1784159169.022038,4,0.030807,0.616502,-0.050781
1784159169.032038,4,0.037592,0.709559,-0.066406
1784159169.042041,4,0.045499,0.674662,-0.070312
1784159169.052039,4,0.053617,0.856899,-0.089844
1784159169.062020,4,0.062583,0.938323,-0.093750
1784159169.072016,4,0.070944,0.682417,-0.089844
1784159169.082018,4,0.077547,0.542832,-0.093750
1784159169.092018,4,0.083061,0.573851,-0.089844
1784159169.102077,4,0.089361,0.694049,-0.109375
1784159169.112096,4,0.096450,0.639766,-0.105469
1784159169.122074,4,0.102447,0.476916,-0.101562
1784159169.133055,4,0.106446,0.267539,-0.093750
1784159169.142112,4,0.108960,0.321822,-0.093750
1784159169.152017,4,0.112565,0.418756,-0.089844
1784159169.162122,4,0.117593,0.469162,-0.089844
1784159169.172033,4,0.122682,0.488549,-0.085938
1784159169.184279,4,0.127317,0.364473,-0.085938
1784159169.196010,4,0.132194,0.325699,-0.085938
1784159169.204137,4,0.135344,0.469162,-0.082031
1784159169.212189,4,0.139373,0.538954,-0.085938
1784159169.222012,4,0.145704,0.651398,-0.089844
1784159169.233025,4,0.153186,0.690172,-0.093750
1784159169.242020,4,0.158881,0.647521,-0.089844
1784159169.252010,4,0.164304,0.496303,-0.093750
1784159169.262011,4,0.169362,0.445898,-0.085938
1784159169.272018,4,0.174027,0.469162,-0.082031
1784159169.282050,4,0.178571,0.453652,-0.085938
1784159169.292022,4,0.183478,0.480794,-0.089844
1784159169.302017,4,0.188779,0.523445,-0.089844
1784159169.312021,4,0.194777,0.620379,-0.101562
1784159169.322099,4,0.201654,0.632011,-0.101562
1784159169.332058,4,0.208378,0.589360,-0.093750
1784159169.342154,4,0.213891,0.538954,-0.089844
1784159169.351988,4,0.219041,0.566096,-0.093750
1784159169.361992,4,0.225342,0.666908,-0.109375
1784159169.371989,4,0.232400,0.721191,-0.109375
1784159169.381990,4,0.238761,0.577728,-0.109375
1784159169.391988,4,0.245183,0.597115,-0.121094
1784159169.401991,4,0.253422,0.860776,-0.125000
1784159169.411994,4,0.262904,0.957710,-0.140625
1784159169.421997,4,0.270992,0.732823,-0.136719
1784159169.431992,4,0.277535,0.608747,-0.140625
1784159169.441990,4,0.284139,0.632011,-0.152344
1784159169.451991,4,0.291227,0.713436,-0.152344
1784159169.461990,4,0.298557,0.713436,-0.167969
1784159169.471989,4,0.306040,0.701804,-0.171875
1784159169.481990,4,0.313188,0.686294,-0.167969
1784159169.491991,4,0.319701,0.647521,-0.167969
1784159169.501995,4,0.326275,0.655276,-0.191406
1784159169.511994,4,0.333514,0.736700,-0.191406
1784159169.521991,4,0.340936,0.721191,-0.187500
1784159169.531994,4,0.347721,0.616502,-0.183594
1784159169.541993,4,0.353689,0.581605,-0.191406
1784159169.551991,4,0.359444,0.562219,-0.199219
1784159169.561993,4,0.365775,0.666908,-0.207031
1784159169.572000,4,0.372137,0.678540,-0.203125
1784159169.581998,4,0.378074,0.550587,-0.199219
1784159169.592064,4,0.383435,0.449775,-0.207031
1784159169.601975,4,0.389191,0.678540,-0.214844
1784159169.611974,4,0.395583,0.600992,-0.203125
1784159169.621978,4,0.401429,0.523445,-0.207031
1784159169.631979,4,0.406215,0.399369,-0.203125
1784159169.641976,4,0.411001,0.480794,-0.214844
1784159169.651975,4,0.417120,0.655276,-0.207031
1784159169.661984,4,0.423966,0.666908,-0.218750
1784159169.671986,4,0.430206,0.566096,-0.218750
1784159169.681977,4,0.435871,0.585483,-0.230469
1784159169.691975,4,0.442141,0.585483,-0.222656
1784159169.701976,4,0.449260,0.717313,-0.222656
1784159169.711975,4,0.455500,0.577728,-0.230469
1784159169.721985,4,0.461134,0.546709,-0.222656
1784159169.731975,4,0.467011,0.569973,-0.230469
1784159169.741979,4,0.473524,0.647521,-0.230469
1784159169.751978,4,0.480491,0.752210,-0.246094
1784159169.761980,4,0.488155,0.771597,-0.250000
1784159169.771978,4,0.495334,0.697927,-0.253906
1784159169.781981,4,0.501665,0.546709,-0.246094
1784159169.791987,4,0.507542,0.589360,-0.265625
1784159169.801979,4,0.514085,0.624257,-0.257812
1784159169.811979,4,0.520416,0.616502,-0.253906
1784159169.821979,4,0.526323,0.620379,-0.269531
1784159169.831982,4,0.532502,0.600992,-0.257812
1784159169.841979,4,0.538621,0.581605,-0.273438
1784159169.851980,4,0.544437,0.523445,-0.253906
1784159169.861992,4,0.549496,0.445898,-0.269531
1784159169.871959,4,0.555312,0.717313,-0.265625
1784159169.881960,4,0.561734,0.655276,-0.273438
1784159169.891956,4,0.567701,0.523445,-0.265625
1784159169.901959,4,0.572700,0.496303,-0.281250
1784159169.911958,4,0.578061,0.604870,-0.289062
1784159169.921959,4,0.584998,0.690172,-0.281250
1784159169.931962,4,0.592238,0.569973,-0.281250
1784159169.941958,4,0.598145,0.523445,-0.273438
1784159169.951961,4,0.602386,0.430388,-0.273438
1784159169.961967,4,0.607657,0.577728,-0.289062
1784159169.971975,4,0.615169,0.767719,-0.289062
1784159169.981964,4,0.622984,0.767719,-0.289062
1784159169.992059,4,0.629406,0.546709,-0.300781
1784159170.001966,4,0.634919,0.519568,-0.296875
1784159170.011969,4,0.640705,0.655276,-0.304688
1784159170.021966,4,0.647248,0.624257,-0.296875
1784159170.031979,4,0.653579,0.558341,-0.304688
1784159170.041978,4,0.658820,0.445898,-0.304688
1784159170.051963,4,0.663575,0.476916,-0.300781
1784159170.061970,4,0.667816,0.314067,-0.300781
1784159170.071973,4,0.670331,0.197746,-0.281250
1784159170.081969,4,0.672087,0.213255,-0.281250
1784159170.091962,4,0.674905,0.197746,-0.269531
1784159170.101972,4,0.677631,0.197746,-0.253906
1784159170.111966,4,0.679267,0.124076,-0.246094
1784159170.121971,4,0.680902,0.112444,-0.238281
1784159170.131947,4,0.681993,0.000000,-0.234375
1784159170.142078,4,0.682871,0.127953,-0.218750
1784159170.151961,4,0.684265,0.112444,-0.207031
1784159170.161942,4,0.685658,0.096934,-0.199219
1784159170.171941,4,0.686688,0.027142,-0.187500
1784159170.181939,4,0.688445,0.166727,-0.175781
1784159170.191940,4,0.690293,0.166727,-0.164062
1784159170.201939,4,0.691444,0.081425,-0.148438
1784159170.211940,4,0.692565,0.062038,-0.148438
1784159170.221939,4,0.694019,0.112444,-0.140625
1784159170.231942,4,0.695594,0.127953,-0.125000
1784159170.241939,4,0.696775,-0.003877,-0.117188
1784159170.251948,4,0.697169,-0.069793,-0.101562
1784159170.261938,4,0.697684,0.069793,-0.093750
1784159170.271941,4,0.699471,0.127953,-0.089844
1784159170.281944,4,0.700835,0.058161,-0.066406
1784159170.291939,4,0.701380,0.000000,-0.054688
1784159170.301948,4,0.702016,0.069793,-0.050781
1784159170.311938,4,0.702803,0.085302,-0.039062
1784159170.321941,4,0.703803,0.034896,-0.023438
1784159170.331940,4,0.704288,-0.031019,-0.007812
1784159170.341939,4,0.704500,-0.042651,0.000000
1784159170.351939,4,0.704621,-0.011632,0.000000
1784159170.361940,4,0.704742,0.058161,0.000000
1784159170.371939,4,0.704742,0.031019,0.003906
1784159170.381942,4,0.704742,0.000000,0.003906
1784159170.391941,4,0.704803,0.000000,0.003906
1784159170.401940,4,0.704894,0.007755,0.003906
1784159170.412009,4,0.704954,-0.031019,0.003906
1784159170.422080,4,0.704954,-0.031019,0.003906
1784159170.431922,4,0.705015,0.034896,0.003906
1784159170.441923,4,0.705045,-0.034896,0.000000
1784159170.451920,4,0.705075,-0.031019,0.003906
1784159170.461922,4,0.705045,-0.058161,0.003906
1784159170.471930,4,0.705106,0.046528,0.000000
1784159170.481928,4,0.705075,-0.034896,0.003906
1784159170.491924,4,0.705106,0.007755,0.000000
1784159170.501920,4,0.705075,-0.062038,0.003906
1784159170.511995,4,0.705075,-0.046528,0.000000
1784159170.521925,4,0.705075,-0.038774,0.003906
1784159170.531924,4,0.705106,-0.011632,0.000000
1784159170.541924,4,0.705136,0.019387,0.000000
1784159170.551922,4,0.705106,-0.031019,0.003906
1784159170.561932,4,0.705106,-0.038774,0.000000
1784159170.571924,4,0.705136,0.027142,0.003906
1784159170.581927,4,0.705136,0.011632,0.003906
1784159170.591922,4,0.705136,-0.042651,0.000000
1784159170.601922,4,0.705136,0.000000,0.003906
1784159170.611928,4,0.705106,-0.054283,0.003906
1784159170.621924,4,0.705136,0.011632,0.003906
1784159170.631922,4,0.705106,-0.042651,0.003906
1784159170.641931,4,0.705106,-0.034896,0.003906
1784159170.651924,4,0.705106,-0.031019,0.000000
1784159170.661922,4,0.705136,0.019387,0.003906
1784159170.671922,4,0.705106,-0.038774,0.003906
1784159170.681922,4,0.705136,0.011632,0.003906
1784159170.691922,4,0.705136,0.019387,0.000000
1784159170.701926,4,0.705106,-0.042651,0.000000
1784159170.711907,4,0.705075,-0.096934,0.000000
1784159170.721909,4,0.705136,0.015509,0.003906
1784159170.731904,4,0.705106,-0.038774,0.003906
1784159170.741902,4,0.705136,-0.007755,0.000000
1784159170.751905,4,0.705106,-0.046528,0.003906
1784159170.761910,4,0.705106,-0.058161,0.000000
1784159170.771904,4,0.705136,0.000000,0.000000
1784159170.781910,4,0.705075,-0.093057,0.000000
1784159170.791904,4,0.705136,0.011632,0.000000
1784159170.801906,4,0.705075,0.011632,0.000000
1784159170.811905,4,0.705106,-0.046528,0.000000
1784159170.821904,4,0.705136,0.023264,0.003906
1784159170.831910,4,0.705106,-0.054283,0.007812
1784159170.841905,4,0.705136,0.011632,0.000000
1784159170.851914,4,0.705136,0.015509,0.003906
1784159170.861905,4,0.705106,-0.038774,0.000000
1784159170.871910,4,0.705106,-0.038774,0.000000
1784159170.881906,4,0.705075,-0.077547,0.003906
1784159170.891904,4,0.705136,0.019387,0.003906
1784159170.901907,4,0.705136,0.011632,0.003906
1784159170.911906,4,0.705136,0.015509,0.000000
1784159170.921913,4,0.705136,0.007755,0.003906
1784159170.931905,4,0.705136,0.011632,0.000000
1784159170.941915,4,0.705106,0.003877,0.000000
1784159170.951910,4,0.705106,-0.034896,0.003906
1784159170.961905,4,0.705106,-0.042651,0.000000
1784159170.971908,4,0.705106,-0.038774,0.000000
1784159170.981894,4,0.705136,0.000000,0.003906
1784159170.991886,4,0.705106,-0.054283,0.003906
1784159171.001884,4,0.705136,0.000000,0.003906
1784159171.011886,4,0.705166,0.054283,0.003906
1784159171.021884,4,0.705136,0.000000,0.007812
1784159171.031884,4,0.705136,-0.007755,0.003906
1784159171.041885,4,0.705106,-0.062038,0.003906
1784159171.051893,4,0.705136,-0.007755,0.000000
1784159171.061889,4,0.705136,-0.031019,0.003906
1784159171.071892,4,0.705106,-0.081425,0.000000
1784159171.081888,4,0.705136,-0.027142,0.003906
1784159171.091888,4,0.705136,-0.031019,0.003906
1784159171.101890,4,0.705166,0.019387,0.003906
1784159171.111885,4,0.705136,-0.019387,0.000000
1784159171.121887,4,0.705136,-0.038774,0.000000
1784159171.131981,4,0.705166,0.019387,0.003906
1784159171.142004,4,0.705136,-0.038774,0.003906
1784159171.151971,4,0.705136,-0.027142,0.003906
1784159171.161891,4,0.705166,0.034896,0.000000
1784159171.171885,4,0.705166,0.000000,0.000000
1784159171.181891,4,0.705136,-0.027142,0.000000
1784159171.191889,4,0.705136,-0.038774,0.003906
1784159171.201888,4,0.705166,0.019387,0.000000
1784159171.211888,4,0.705136,-0.038774,0.003906
1784159171.221892,4,0.705136,-0.038774,0.003906
1784159171.231889,4,0.705136,-0.038774,0.003906
1784159171.241871,4,0.705106,-0.093057,0.003906
1784159171.251873,4,0.705166,0.011632,0.003906
1784159171.261877,4,0.705136,-0.046528,0.000000
1784159171.271954,4,0.705106,-0.100812,0.000000
1784159171.281870,4,0.705136,-0.046528,0.007812
1784159171.291866,4,0.705166,0.007755,0.000000
1784159171.301876,4,0.705166,0.011632,0.000000
1784159171.311868,4,0.705166,0.007755,0.000000
1784159171.321947,4,0.705136,-0.046528,0.000000
1784159171.331866,4,0.705136,-0.019387,0.003906
1784159171.341877,4,0.705166,0.019387,0.003906
1784159171.351868,4,0.705136,-0.046528,0.003906
1784159171.361870,4,0.705136,-0.054283,0.003906
1784159171.371869,4,0.705136,-0.027142,0.000000
1784159171.381870,4,0.705166,0.011632,0.000000
1784159171.391880,4,0.705136,-0.050406,0.003906
1784159171.401877,4,0.705166,0.007755,0.000000
1784159171.411869,4,0.705166,0.019387,0.000000
1784159171.421872,4,0.705166,0.027142,0.003906
1784159171.431872,4,0.705136,-0.038774,0.003906
1784159171.441880,4,0.705166,0.007755,0.003906
1784159171.451872,4,0.705136,-0.050406,0.000000
1784159171.461880,4,0.705166,-0.007755,0.003906
1784159171.471878,4,0.705166,-0.038774,0.000000
1784159171.481878,4,0.705166,-0.027142,0.000000
1784159171.491882,4,0.705166,-0.011632,0.003906
1784159171.501862,4,0.705197,0.038774,0.007812
1784159171.511870,4,0.705166,-0.031019,0.000000
1784159171.521862,4,0.705166,-0.038774,0.003906
1784159171.531851,4,0.705166,-0.031019,0.000000
1784159171.541859,4,0.705197,0.027142,0.000000
1784159171.551858,4,0.705166,-0.034896,0.003906
1784159171.561861,4,0.705166,-0.023264,0.003906
1784159171.571859,4,0.705197,0.031019,0.003906
1784159171.581860,4,0.705166,-0.031019,0.003906
1784159171.591861,4,0.705166,-0.038774,0.003906
1784159171.601861,4,0.705197,0.019387,0.003906
1784159171.611854,4,0.705166,-0.042651,0.000000
1784159171.621862,4,0.705197,0.019387,0.003906
1784159171.631851,4,0.705166,-0.038774,0.003906
1784159171.641859,4,0.705166,-0.038774,0.003906
1784159171.651861,4,0.705197,0.015509,0.000000
1784159171.661853,4,0.705136,-0.096934,0.003906
1784159171.671864,4,0.705166,-0.031019,0.003906
1784159171.681850,4,0.705166,-0.050406,0.003906
1784159171.691853,4,0.705166,-0.042651,0.000000
1784159171.701854,4,0.705166,-0.034896,0.003906
1784159171.711853,4,0.705166,-0.038774,0.003906
1784159171.721854,4,0.705197,0.019387,0.003906
1784159171.731852,4,0.705166,-0.042651,0.003906
1784159171.741865,4,0.705136,-0.108566,0.000000
1784159171.751861,4,0.705166,-0.027142,0.003906
1784159171.761862,4,0.705166,-0.038774,0.000000
1784159171.771863,4,0.705166,-0.023264,0.000000
1784159171.781852,4,0.705166,-0.038774,0.003906
1784159171.791862,4,0.705166,-0.038774,0.003906
1784159171.801840,4,0.705197,0.019387,0.000000
1784159171.811841,4,0.705197,0.015509,0.003906
1784159171.821840,4,0.705197,0.000000,0.000000
1784159171.831841,4,0.705166,-0.038774,0.003906
1784159171.841841,4,0.705197,0.007755,0.003906
1784159171.851835,4,0.705166,-0.038774,0.000000
1784159171.861840,4,0.705166,-0.031019,0.003906
1784159171.871842,4,0.705166,-0.031019,0.003906
1784159171.881842,4,0.705166,-0.038774,0.003906
1784159171.891842,4,0.705197,0.011632,0.003906
1784159171.901841,4,0.705166,-0.038774,0.003906
1784159171.911833,4,0.705197,0.011632,0.003906
1784159171.921941,4,0.705166,0.019387,0.000000
1784159171.931889,4,0.705197,0.003877,0.003906
1784159171.941918,4,0.705166,-0.046528,0.000000
1784159171.951939,4,0.705166,-0.038774,0.003906
1784159171.961926,4,0.705166,-0.038774,0.007812
1784159171.971940,4,0.705197,0.019387,0.000000
1784159171.981837,4,0.705197,0.019387,0.003906
1784159171.991835,4,0.705197,0.019387,0.003906
1784159172.001837,4,0.705197,0.019387,0.003906
1784159172.011841,4,0.705166,0.019387,0.000000
1784159172.021837,4,0.705166,-0.042651,0.003906
1784159172.031837,4,0.705166,-0.050406,0.000000
1784159172.041838,4,0.705197,0.019387,0.003906
1784159172.051846,4,0.705197,0.011632,0.003906
1784159172.061817,4,0.705197,0.019387,0.003906
1784159172.071815,4,0.705197,0.000000,0.003906
1784159172.081818,4,0.705166,-0.038774,0.003906
1784159172.091814,4,0.705197,0.019387,0.003906
1784159172.101815,4,0.705166,-0.054283,0.007812
1784159172.111815,4,0.705197,0.015509,0.000000
1784159172.121816,4,0.705197,0.019387,0.003906
1784159172.131825,4,0.705166,0.015509,0.000000
1784159172.141817,4,0.705166,-0.038774,0.003906
1784159172.151819,4,0.705197,0.007755,0.000000
1784159172.161815,4,0.705197,0.000000,0.000000
1784159172.171818,4,0.705197,0.015509,0.003906
1784159172.181815,4,0.705197,0.019387,0.000000
1784159172.191820,4,0.705197,0.000000,0.000000
1784159172.201817,4,0.705197,-0.046528,0.003906
1784159172.211819,4,0.705166,-0.058161,0.003906
1784159172.221819,4,0.705166,-0.038774,0.003906
1784159172.231818,4,0.705166,-0.050406,0.000000
1784159172.241814,4,0.705166,-0.054283,0.003906
1784159172.251822,4,0.705166,-0.038774,0.003906
1784159172.261822,4,0.705197,0.023264,0.003906
1784159172.271819,4,0.705197,-0.038774,0.003906
1784159172.281818,4,0.705197,0.023264,0.003906
1784159172.291819,4,0.705166,-0.042651,0.003906
1784159172.301816,4,0.705197,0.011632,0.003906
1784159172.311815,4,0.705166,-0.042651,0.003906
1784159172.321819,4,0.705166,-0.042651,0.003906
1784159172.331879,4,0.705197,0.015509,0.003906
1784159172.341816,4,0.705197,0.015509,0.000000
1784159172.351801,4,0.705197,0.011632,0.003906
1784159172.361803,4,0.705166,-0.046528,0.007812
1784159172.371858,4,0.705197,0.000000,0.000000
1784159172.381799,4,0.705197,0.000000,0.003906
1784159172.391795,4,0.705197,0.015509,0.007812
1784159172.401807,4,0.705197,0.000000,0.003906
1784159172.411792,4,0.705166,-0.046528,0.003906
1784159172.421807,4,0.705227,0.050406,0.000000
1784159172.431794,4,0.705197,-0.003877,0.003906
1784159172.443807,4,0.705166,-0.058161,0.000000
1784159172.451795,4,0.705197,-0.003877,0.003906
1784159172.461796,4,0.705166,-0.054283,0.000000
1784159172.471797,4,0.705166,-0.058161,0.000000
1784159172.481794,4,0.705197,-0.011632,0.003906
1784159172.491795,4,0.705197,0.000000,0.003906
1784159172.501797,4,0.705197,-0.003877,0.003906
1784159172.511795,4,0.705197,-0.003877,0.000000
1784159172.521800,4,0.705197,0.000000,0.003906
1784159172.531797,4,0.705197,0.000000,0.000000
1784159172.541800,4,0.705166,-0.058161,0.003906
1784159172.551912,4,0.705197,0.000000,0.003906
1784159172.561804,4,0.705197,0.019387,0.003906
1784159172.571798,4,0.705197,-0.003877,0.003906
1784159172.581794,4,0.705197,0.000000,0.003906
1784159172.591806,4,0.705197,-0.011632,0.003906
1784159172.601782,4,0.705197,0.000000,0.003906
1784159172.611802,4,0.705197,0.000000,0.003906
1784159172.621777,4,0.705197,-0.003877,0.003906
1784159172.631776,4,0.705197,-0.007755,0.000000
1784159172.641781,4,0.705197,0.003877,0.003906
1784159172.651779,4,0.705227,0.038774,0.003906
1784159172.661908,4,0.705197,-0.003877,0.003906
1784159172.671796,4,0.705166,-0.058161,0.000000
1784159172.681777,4,0.705197,-0.011632,0.003906
1784159172.691890,4,0.705166,-0.062038,0.003906
1784159172.701786,4,0.705227,0.038774,0.000000
1784159172.711782,4,0.705197,-0.003877,0.003906
1784159172.721783,4,0.705197,-0.019387,0.000000
1784159172.731784,4,0.705197,-0.023264,0.003906
1784159172.741782,4,0.705166,-0.019387,0.003906
1784159172.751782,4,0.705197,-0.007755,0.007812
1784159172.761782,4,0.705197,-0.011632,0.003906
1784159172.771785,4,0.705227,0.046528,0.003906
1784159172.781781,4,0.705227,0.034896,0.007812
1784159172.791782,4,0.705166,-0.069793,0.003906
1784159172.801872,4,0.705197,-0.027142,0.003906
1784159172.811777,4,0.705197,-0.007755,0.003906
1784159172.821789,4,0.705197,-0.027142,0.003906
1784159172.831810,4,0.705197,0.000000,0.007812
1784159172.841794,4,0.705197,-0.003877,0.003906
1784159172.851784,4,0.705197,-0.031019,0.003906
1784159172.861779,4,0.705227,-0.015509,0.003906
1784159172.871765,4,0.705197,-0.027142,0.003906
1784159172.881765,4,0.705197,-0.031019,0.003906
1784159172.891767,4,0.705166,-0.081425,0.003906
1784159172.901776,4,0.705166,-0.073670,0.003906
1784159172.911761,4,0.705227,0.038774,0.003906
1784159172.921761,4,0.705227,0.042651,0.003906
1784159172.931764,4,0.705197,-0.007755,0.007812
1784159172.941770,4,0.705197,-0.015509,0.003906
1784159172.951765,4,0.705227,0.046528,0.003906
1784159172.961764,4,0.705227,0.042651,0.003906
1784159172.971764,4,0.705197,-0.027142,0.003906
1784159172.981762,4,0.705197,-0.019387,0.003906
1784159172.991764,4,0.705197,-0.031019,0.003906
1784159173.001764,4,0.705197,-0.038774,0.000000
1784159173.011760,4,0.705197,-0.023264,0.003906
1784159173.021763,4,0.705197,-0.027142,0.007812
1784159173.031764,4,0.705197,-0.038774,0.000000
1784159173.041764,4,0.705166,-0.085302,0.000000
1784159173.051764,4,0.705197,-0.027142,0.000000
1784159173.061763,4,0.705197,-0.031019,0.003906
1784159173.071762,4,0.705166,-0.069793,0.003906
1784159173.081767,4,0.705227,0.015509,0.000000
1784159173.091766,4,0.705197,-0.027142,0.000000
1784159173.101775,4,0.705166,-0.073670,0.003906
1784159173.111767,4,0.705227,0.046528,0.003906
1784159173.121766,4,0.705197,-0.034896,0.000000
1784159173.131747,4,0.705197,-0.031019,0.003906
1784159173.141757,4,0.705197,-0.027142,0.000000
1784159173.151766,4,0.705197,-0.031019,0.000000
1784159173.161742,4,0.705257,0.077547,0.003906
1784159173.171745,4,0.705197,-0.031019,0.003906
1784159173.181744,4,0.705197,-0.031019,0.003906
1784159173.191745,4,0.705197,-0.023264,0.003906
1784159173.201750,4,0.705166,-0.093057,0.000000
1784159173.211745,4,0.705197,-0.031019,0.003906
1784159173.221807,4,0.705227,0.019387,0.000000
1784159173.231809,4,0.705227,0.027142,0.003906
1784159173.241806,4,0.705197,-0.034896,0.003906
1784159173.251744,4,0.705197,-0.027142,0.003906
1784159173.261744,4,0.705197,-0.038774,0.003906
1784159173.271751,4,0.705197,-0.038774,0.003906
1784159173.281743,4,0.705197,-0.038774,0.003906
1784159173.291744,4,0.705227,0.015509,0.003906
1784159173.301743,4,0.705227,0.000000,0.000000
1784159173.311750,4,0.705227,0.015509,0.000000
1784159173.321754,4,0.705166,-0.096934,0.000000
1784159173.331751,4,0.705197,-0.038774,0.003906
1784159173.341748,4,0.705227,0.015509,0.003906
1784159173.351744,4,0.705197,-0.054283,0.000000
1784159173.361746,4,0.705197,-0.023264,0.003906
1784159173.371754,4,0.705197,-0.038774,0.003906
1784159173.381752,4,0.705197,-0.038774,0.000000
1784159173.391744,4,0.705257,0.073670,0.003906
1784159173.401753,4,0.705227,0.019387,0.007812
1784159173.411747,4,0.705197,-0.038774,0.007812
1784159173.421839,4,0.705227,-0.038774,0.007812
1784159173.431726,4,0.705166,-0.093057,0.003906
1784159173.441726,4,0.705166,-0.089180,0.000000
1784159173.451737,4,0.705197,-0.031019,0.003906
1784159173.461726,4,0.705197,-0.038774,0.000000
1784159173.471730,4,0.705197,0.019387,0.003906
1784159173.481733,4,0.705197,-0.038774,0.003906
1784159173.491732,4,0.705197,-0.038774,0.003906
1784159173.501732,4,0.705197,-0.027142,0.003906
1784159173.511728,4,0.705197,-0.031019,0.003906
1784159173.521728,4,0.705197,-0.038774,0.003906
1784159173.531726,4,0.705136,-0.147340,0.003906
1784159173.541737,4,0.705197,-0.038774,0.000000
1784159173.551736,4,0.705197,-0.038774,0.003906
1784159173.561729,4,0.705197,-0.042651,0.003906
1784159173.571733,4,0.705197,-0.038774,0.003906
1784159173.581728,4,0.705197,-0.038774,0.003906
1784159173.591731,4,0.705197,-0.038774,0.003906
1784159173.601732,4,0.705227,-0.038774,0.003906
1784159173.611727,4,0.705197,-0.034896,0.003906
1784159173.621735,4,0.705197,-0.038774,0.000000
1784159173.631728,4,0.705227,0.019387,0.003906
1784159173.641729,4,0.705197,-0.023264,0.003906
1784159173.651735,4,0.705227,0.003877,0.003906
1784159173.661729,4,0.705197,-0.038774,0.000000
1784159173.671730,4,0.705197,-0.046528,0.000000
1784159173.681731,4,0.705227,0.019387,0.003906
1784159173.691729,4,0.705197,-0.046528,0.003906
1784159173.701729,4,0.705227,0.003877,0.003906
1784159173.711803,4,0.705227,0.027142,0.000000
1784159173.721708,4,0.705197,-0.031019,0.000000
1784159173.731706,4,0.705197,-0.038774,0.003906
1784159173.741707,4,0.705197,-0.046528,0.003906
1784159173.751706,4,0.705197,-0.042651,0.003906
1784159173.761792,4,0.705227,0.019387,0.000000
1784159173.771707,4,0.705197,-0.062038,0.003906
1784159173.781714,4,0.705227,0.000000,0.000000
1784159173.791707,4,0.705227,0.019387,0.000000
1784159173.801706,4,0.705197,-0.042651,0.000000
1784159173.811708,4,0.705227,0.019387,0.003906
1784159173.822709,4,0.705227,0.019387,0.003906
1784159173.831711,4,0.705197,-0.042651,0.000000
1784159173.841714,4,0.705197,-0.038774,0.003906
1784159173.851709,4,0.705227,0.019387,0.003906
1784159173.861708,4,0.705197,-0.038774,0.003906
1784159173.871710,4,0.705197,-0.038774,0.000000
1784159173.881709,4,0.705227,0.019387,0.003906
1784159173.891711,4,0.705197,-0.038774,0.003906
1784159173.901712,4,0.705227,0.011632,0.000000
1784159173.911711,4,0.705227,0.019387,0.003906
1784159173.921710,4,0.705227,0.007755,0.000000
1784159173.931710,4,0.705197,-0.050406,0.003906
1784159173.941715,4,0.705227,0.000000,0.003906
1784159173.951762,4,0.705227,0.019387,0.003906
1784159173.961711,4,0.705197,-0.038774,0.003906
1784159173.971718,4,0.705197,-0.042651,0.000000
1784159173.981693,4,0.705197,-0.050406,-0.003906
1784159173.991781,4,0.705197,-0.046528,0.003906
1784159174.001688,4,0.705227,0.019387,0.003906
1784159174.011692,4,0.705197,-0.038774,0.000000
1784159174.021691,4,0.705197,-0.027142,0.000000
1784159174.031691,4,0.705197,-0.050406,0.003906
1784159174.041691,4,0.705257,0.058161,0.000000
1784159174.051692,4,0.705227,0.011632,0.003906
1784159174.061693,4,0.705227,0.011632,0.003906
1784159174.071692,4,0.705227,0.015509,0.003906
1784159174.081690,4,0.705197,-0.038774,0.003906
1784159174.091694,4,0.705227,0.000000,0.003906
1784159174.101692,4,0.705197,-0.046528,0.003906
1784159174.111691,4,0.705227,0.000000,0.000000
1784159174.121691,4,0.705227,0.000000,0.003906
1784159174.131694,4,0.705227,0.000000,0.003906
1784159174.141702,4,0.705227,-0.054283,0.003906
1784159174.151692,4,0.705227,0.000000,0.003906
1784159174.161699,4,0.705227,0.000000,0.003906
1784159174.171693,4,0.705197,-0.050406,0.003906
1784159174.181704,4,0.705197,-0.062038,0.003906
1784159174.191701,4,0.705227,0.007755,0.007812
1784159174.201693,4,0.705197,-0.046528,0.003906
1784159174.211695,4,0.705227,0.003877,0.003906
1784159174.221692,4,0.705227,0.000000,0.003906
1784159174.231693,4,0.705197,-0.069793,0.003906
1784159174.241695,4,0.705227,0.000000,0.003906
1784159174.251693,4,0.705197,-0.050406,0.000000
1784159174.261674,4,0.705197,-0.050406,0.003906
1784159174.271673,4,0.705227,0.015509,0.003906
1784159174.281671,4,0.705197,-0.042651,0.003906
1784159174.291673,4,0.705227,-0.003877,0.003906
1784159174.301677,4,0.705227,0.011632,0.003906
1784159174.311679,4,0.705197,-0.046528,0.000000
1784159174.321675,4,0.705227,0.019387,0.003906
1784159174.331671,4,0.705197,-0.046528,0.003906
1784159174.341674,4,0.705227,0.000000,0.003906
1784159174.351672,4,0.705227,0.003877,0.003906
1784159174.361673,4,0.705227,0.000000,0.003906
1784159174.371675,4,0.705227,-0.007755,0.007812
1784159174.381675,4,0.705197,-0.007755,0.007812
1784159174.391676,4,0.705197,-0.058161,0.003906
1784159174.401672,4,0.705197,-0.050406,0.007812
1784159174.411676,4,0.705227,0.000000,0.003906
1784159174.421673,4,0.705227,-0.019387,0.007812
1784159174.431677,4,0.705227,0.000000,0.000000
1784159174.441684,4,0.705227,-0.003877,0.000000
1784159174.451674,4,0.705227,-0.019387,0.007812
1784159174.461676,4,0.705197,-0.058161,0.003906
1784159174.471676,4,0.705227,0.000000,0.007812
1784159174.481676,4,0.705227,0.000000,0.007812
1784159174.491675,4,0.705227,-0.019387,0.007812
1784159174.501675,4,0.705227,-0.069793,0.007812
1784159174.511657,4,0.705227,-0.011632,0.000000
1784159174.521656,4,0.705197,-0.054283,0.003906
1784159174.531658,4,0.705257,0.038774,0.003906
1784159174.541657,4,0.705227,0.007755,0.007812
1784159174.551657,4,0.705197,-0.058161,0.000000
1784159174.561656,4,0.705227,-0.003877,0.000000
1784159174.571666,4,0.705227,-0.011632,0.003906
1784159174.581742,4,0.705197,-0.069793,0.003906
1784159174.591740,4,0.705197,-0.069793,0.007812
1784159174.601754,4,0.705227,-0.054283,0.003906
1784159174.611662,4,0.705227,-0.027142,0.003906
1784159174.621657,4,0.705197,-0.058161,0.007812
1784159174.631659,4,0.705257,0.034896,0.003906
1784159174.641658,4,0.705227,-0.027142,0.003906
1784159174.651665,4,0.705227,-0.015509,0.000000
1784159174.661659,4,0.705227,-0.065915,0.003906
1784159174.671665,4,0.705227,-0.034896,0.003906
1784159174.681668,4,0.705227,-0.027142,0.007812
1784159174.691659,4,0.705197,-0.073670,0.003906
1784159174.701657,4,0.705227,-0.015509,0.000000
1784159174.711655,4,0.705257,0.042651,0.003906
1784159174.721661,4,0.705257,0.011632,0.003906
1784159174.731741,4,0.705288,0.104689,0.003906
1784159174.741668,4,0.705227,-0.027142,0.003906
1784159174.751660,4,0.705227,-0.003877,0.007812
1784159174.761659,4,0.705227,-0.027142,0.003906
1784159174.771660,4,0.705227,-0.019387,0.003906
1784159174.781638,4,0.705227,-0.007755,0.000000
1784159174.791640,4,0.705257,0.042651,0.007812
1784159174.801636,4,0.705257,0.023264,0.003906
1784159174.811637,4,0.705197,-0.073670,0.000000
1784159174.821638,4,0.705227,-0.027142,0.003906
1784159174.831636,4,0.705227,-0.023264,0.007812
1784159174.841636,4,0.705227,-0.015509,0.003906
1784159174.851638,4,0.705227,-0.031019,0.000000
1784159174.861635,4,0.705227,-0.027142,0.003906
1784159174.871635,4,0.705227,-0.034896,0.007812
1784159174.881640,4,0.705227,-0.007755,0.003906
1784159174.891636,4,0.705227,-0.038774,0.000000
1784159174.901636,4,0.705257,0.019387,0.000000
1784159174.911640,4,0.705227,-0.027142,0.007812
1784159174.921640,4,0.705257,0.023264,0.000000
1784159174.931645,4,0.705227,-0.019387,0.003906
1784159174.941643,4,0.705197,-0.089180,0.003906
1784159174.951637,4,0.705257,0.038774,0.003906
1784159174.961638,4,0.705197,-0.089180,0.003906
1784159174.971641,4,0.705227,-0.023264,0.003906
1784159174.981641,4,0.705227,-0.019387,0.003906
1784159174.991639,4,0.705227,-0.023264,0.003906
1784159175.001642,4,0.705227,-0.034896,0.003906
1784159175.011638,4,0.705227,-0.019387,0.003906
1784159175.021642,4,0.705227,-0.015509,0.003906
1784159175.031639,4,0.705227,-0.042651,0.007812
1784159175.041646,4,0.705227,-0.031019,0.003906
1784159175.051638,4,0.705227,-0.027142,0.003906
1784159175.061640,4,0.705227,-0.023264,0.003906
1784159175.071627,4,0.705227,-0.027142,0.000000
1784159175.081620,4,0.705227,-0.038774,0.000000
1784159175.091629,4,0.705197,-0.081425,0.000000
1784159175.101619,4,0.705227,-0.031019,0.000000
1784159175.111626,4,0.705257,0.034896,0.003906
1784159175.121625,4,0.705227,-0.027142,0.003906
1784159175.131622,4,0.705257,0.034896,0.003906
1784159175.141626,4,0.705227,-0.031019,0.003906
1784159175.151620,4,0.705197,-0.096934,0.003906
1784159175.161620,4,0.705227,-0.011632,0.000000
1784159175.171620,4,0.705197,-0.069793,0.003906
1784159175.181624,4,0.705227,-0.038774,0.003906
1784159175.191624,4,0.705197,-0.093057,0.003906
1784159175.201622,4,0.705227,-0.038774,0.000000
1784159175.211623,4,0.705227,-0.023264,0.000000
1784159175.221621,4,0.705227,-0.034896,0.000000
1784159175.231622,4,0.705227,-0.034896,0.003906
1784159175.241624,4,0.705227,-0.031019,0.003906
1784159175.251622,4,0.705227,-0.034896,0.000000
1784159175.261620,4,0.705227,-0.038774,0.003906
1784159175.271635,4,0.705197,-0.096934,0.007812
1784159175.281623,4,0.705197,-0.069793,0.003906
1784159175.291625,4,0.705227,-0.023264,0.000000
1784159175.301623,4,0.705257,0.034896,0.003906
1784159175.311625,4,0.705257,0.019387,-0.011719
1784159175.321623,4,0.705227,-0.027142,0.000000
1784159175.330612,4,0.911000,-0.027142,-0.039062
