timestamp,motor_id,position,velocity,torque
1784159145.207833,8,0.790226,-0.046528,-0.003906
1784159145.217603,8,0.790196,-0.042651,-0.003906
1784159145.227581,8,0.790165,-0.003877,-0.019531
1784159145.237578,8,0.790105,-0.038774,-0.035156
1784159145.247579,8,0.789923,-0.031019,-0.042969
1784159145.257587,8,0.789651,0.000000,-0.058594
1784159145.267577,8,0.789317,-0.050406,-0.070312
1784159145.277577,8,0.788802,-0.100812,-0.074219
1784159145.287575,8,0.787803,-0.151217,-0.093750
1784159145.297642,8,0.787045,-0.096934,-0.105469
1784159145.307563,8,0.786712,-0.031019,-0.121094
1784159145.317555,8,0.786470,-0.023264,-0.132812
1784159145.327559,8,0.786016,-0.073670,-0.148438
1784159145.337558,8,0.785440,-0.081425,-0.156250
1784159145.347557,8,0.784319,-0.139585,-0.164062
1784159145.357578,8,0.782441,-0.197746,-0.171875
1784159145.367560,8,0.780714,-0.189991,-0.175781
1784159145.377561,8,0.779109,-0.135708,-0.191406
1784159145.387559,8,0.778079,-0.108566,-0.207031
1784159145.397559,8,0.777503,-0.127953,-0.218750
1784159145.407558,8,0.776201,-0.271416,-0.222656
1784159145.417561,8,0.773656,-0.333454,-0.230469
1784159145.427562,8,0.770748,-0.252029,-0.246094
1784159145.437564,8,0.768476,-0.248152,-0.250000
1784159145.447559,8,0.766841,-0.170604,-0.253906
1784159145.457562,8,0.765690,-0.054283,-0.273438
1784159145.467562,8,0.764751,-0.147340,-0.281250
1784159145.477557,8,0.763175,-0.205501,-0.285156
1784159145.487562,8,0.761721,-0.073670,-0.304688
1784159145.497562,8,0.760510,-0.108566,-0.312500
1784159145.507562,8,0.759389,-0.124076,-0.328125
1784159145.517649,8,0.758632,-0.085302,-0.335938
1784159145.527572,8,0.758480,-0.054283,-0.347656
1784159145.537626,8,0.757753,-0.116321,-0.351562
1784159145.547659,8,0.755845,-0.321822,-0.355469
1784159145.557542,8,0.753512,-0.201623,-0.371094
1784159145.567540,8,0.751452,-0.209378,-0.382812
1784159145.577541,8,0.750453,-0.038774,-0.398438
1784159145.587539,8,0.750059,-0.069793,-0.410156
1784159145.597541,8,0.749120,-0.166727,-0.414062
1784159145.607541,8,0.747090,-0.271416,-0.429688
1784159145.617548,8,0.745364,-0.178359,-0.437500
1784159145.627541,8,0.743849,-0.155095,-0.445312
1784159145.637542,8,0.741911,-0.217133,-0.453125
1784159145.647542,8,0.739729,-0.306312,-0.453125
1784159145.657541,8,0.737458,-0.267539,-0.468750
1784159145.667542,8,0.735458,-0.158972,-0.476562
1784159145.677548,8,0.733308,-0.236520,-0.480469
1784159145.687548,8,0.730733,-0.279171,-0.496094
1784159145.697547,8,0.728491,-0.232642,-0.500000
1784159145.707541,8,0.725856,-0.352841,-0.500000
1784159145.717548,8,0.722524,-0.348963,-0.515625
1784159145.727543,8,0.719434,-0.283048,-0.515625
1784159145.737544,8,0.716617,-0.348963,-0.515625
1784159145.747544,8,0.713345,-0.379982,-0.519531
1784159145.757542,8,0.710134,-0.298557,-0.535156
1784159145.767550,8,0.707287,-0.376105,-0.546875
1784159145.777548,8,0.705045,-0.259784,-0.546875
1784159145.787542,8,0.703016,-0.224887,-0.558594
1784159145.797541,8,0.700683,-0.259784,-0.558594
1784159145.807546,8,0.697442,-0.383860,-0.558594
1784159145.817525,8,0.693989,-0.364473,-0.574219
1784159145.827525,8,0.691414,-0.213255,-0.582031
1784159145.837525,8,0.689717,-0.135708,-0.585938
1784159145.847523,8,0.687991,-0.236520,-0.597656
1784159145.857523,8,0.685719,-0.275293,-0.609375
1784159145.867520,8,0.683235,-0.271416,-0.628906
1784159145.877527,8,0.681539,-0.112444,-0.625000
1784159145.887524,8,0.679842,-0.217133,-0.632812
1784159145.897524,8,0.677661,-0.252029,-0.644531
1784159145.907524,8,0.675238,-0.298557,-0.656250
1784159145.917527,8,0.673784,-0.139585,-0.667969
1784159145.927522,8,0.672633,-0.162850,-0.667969
1784159145.937523,8,0.670209,-0.290803,-0.675781
1784159145.947518,8,0.666847,-0.255906,-0.683594
1784159145.957521,8,0.664333,-0.224887,-0.695312
1784159145.967530,8,0.662788,-0.124076,-0.699219
1784159145.977527,8,0.661061,-0.213255,-0.699219
1784159145.987530,8,0.658335,-0.298557,-0.722656
1784159145.997526,8,0.656003,-0.213255,-0.722656
1784159146.007530,8,0.654276,-0.112444,-0.738281
1784159146.017530,8,0.652216,-0.321822,-0.738281
1784159146.027526,8,0.649611,-0.314067,-0.746094
1784159146.037525,8,0.647036,-0.205501,-0.750000
1784159146.048636,8,0.644613,-0.263661,-0.757812
1784159146.057525,8,0.641917,-0.310190,-0.761719
1784159146.067505,8,0.638978,-0.275293,-0.773438
1784159146.077523,8,0.636767,-0.197746,-0.781250
1784159146.087522,8,0.635192,-0.116321,-0.796875
1784159146.097503,8,0.633708,-0.201623,-0.808594
1784159146.107523,8,0.631254,-0.306312,-0.808594
1784159146.117503,8,0.628558,-0.383860,-0.820312
1784159146.127501,8,0.626710,-0.139585,-0.832031
1784159146.137504,8,0.625408,-0.182236,-0.828125
1784159146.147501,8,0.623348,-0.306312,-0.839844
1784159146.157517,8,0.620349,-0.310190,-0.847656
1784159146.167501,8,0.618289,-0.209378,-0.863281
1784159146.177497,8,0.617199,-0.120198,-0.871094
1784159146.187500,8,0.615017,-0.306312,-0.871094
1784159146.197520,8,0.611897,-0.337331,-0.886719
1784159146.207517,8,0.610140,-0.077547,-0.894531
1784159146.217498,8,0.609111,-0.089180,-0.906250
1784159146.227498,8,0.607232,-0.193868,-0.914062
1784159146.237503,8,0.604658,-0.286925,-0.921875
1784159146.247500,8,0.602689,-0.139585,-0.937500
1784159146.257498,8,0.601416,-0.147340,-0.937500
1784159146.267501,8,0.599357,-0.325699,-0.945312
1784159146.277498,8,0.596782,-0.275293,-0.953125
1784159146.287501,8,0.594661,-0.143463,-0.960938
1784159146.297518,8,0.592723,-0.267539,-0.968750
1784159146.307503,8,0.590299,-0.283048,-0.972656
1784159146.317509,8,0.587421,-0.283048,-0.992188
1784159146.327503,8,0.584847,-0.228765,-0.988281
1784159146.337508,8,0.582817,-0.217133,-1.003906
1784159146.347592,8,0.581000,-0.271416,-1.011719
1784159146.357560,8,0.578697,-0.271416,-1.011719
1784159146.367508,8,0.575699,-0.360595,-1.019531
1784159146.377484,8,0.572154,-0.364473,-1.023438
1784159146.387492,8,0.569155,-0.379982,-1.023438
1784159146.397484,8,0.565763,-0.379982,-1.035156
1784159146.407611,8,0.562097,-0.372227,-1.035156
1784159146.417593,8,0.558735,-0.445898,-1.042969
1784159146.427500,8,0.555251,-0.348963,-1.050781
1784159146.437487,8,0.551828,-0.368350,-1.042969
1784159146.448595,8,0.547527,-0.538954,-1.050781
1784159146.457486,8,0.543074,-0.573851,-1.054688
1784159146.467488,8,0.539348,-0.360595,-1.066406
1784159146.477493,8,0.535865,-0.418756,-1.074219
1784159146.487488,8,0.531412,-0.488549,-1.054688
1784159146.497490,8,0.525535,-0.600992,-1.066406
1784159146.507489,8,0.520355,-0.507935,-1.066406
1784159146.517490,8,0.516175,-0.387737,-1.058594
1784159146.527493,8,0.511964,-0.488549,-1.066406
1784159146.537488,8,0.506815,-0.608747,-1.054688
1784159146.547489,8,0.501302,-0.573851,-1.074219
1784159146.557495,8,0.496031,-0.616502,-1.066406
1784159146.567494,8,0.491123,-0.445898,-1.074219
1784159146.577492,8,0.486761,-0.511813,-1.074219
1784159146.587492,8,0.482066,-0.504058,-1.058594
1784159146.597489,8,0.476008,-0.701804,-1.050781
1784159146.607489,8,0.469737,-0.577728,-1.070312
1784159146.617490,8,0.464739,-0.422633,-1.074219
1784159146.627486,8,0.460680,-0.407124,-1.066406
1784159146.637493,8,0.455712,-0.573851,-1.066406
1784159146.647490,8,0.449835,-0.756087,-1.058594
1784159146.657474,8,0.443656,-0.589360,-1.070312
1784159146.667476,8,0.438234,-0.600992,-1.070312
1784159146.677468,8,0.432539,-0.655276,-1.054688
1784159146.687469,8,0.426087,-0.694049,-1.054688
1784159146.697469,8,0.419453,-0.686294,-1.054688
1784159146.707473,8,0.413667,-0.531200,-1.050781
1784159146.717481,8,0.408063,-0.639766,-1.050781
1784159146.727474,8,0.401914,-0.713436,-1.039062
1784159146.737471,8,0.395613,-0.538954,-1.054688
1784159146.747473,8,0.389857,-0.589360,-1.039062
1784159146.757475,8,0.383587,-0.717313,-1.042969
1784159146.767477,8,0.375984,-0.728945,-1.039062
1784159146.777470,8,0.369804,-0.566096,-1.042969
1784159146.787469,8,0.365563,-0.379982,-1.042969
1784159146.797472,8,0.361232,-0.511813,-1.035156
1784159146.807470,8,0.355749,-0.628134,-1.035156
1784159146.817476,8,0.350205,-0.562219,-1.042969
1784159146.827476,8,0.345752,-0.403246,-1.054688
1784159146.837471,8,0.341511,-0.515690,-1.039062
1784159146.847474,8,0.335453,-0.709559,-1.042969
1784159146.857471,8,0.329698,-0.527322,-1.042969
1784159146.868598,8,0.325578,-0.337331,-1.054688
1784159146.877468,8,0.321973,-0.391614,-1.050781
1784159146.887470,8,0.317975,-0.418756,-1.050781
1784159146.897467,8,0.313643,-0.387737,-1.058594
1784159146.907469,8,0.309129,-0.515690,-1.050781
1784159146.917469,8,0.305070,-0.298557,-1.070312
1784159146.927451,8,0.301405,-0.383860,-1.066406
1784159146.937469,8,0.297770,-0.333454,-1.085938
1784159146.947448,8,0.293771,-0.476916,-1.070312
1784159146.957448,8,0.288894,-0.457530,-1.074219
1784159146.967446,8,0.284260,-0.531200,-1.070312
1784159146.977449,8,0.280715,-0.263661,-1.093750
1784159146.987447,8,0.277717,-0.337331,-1.089844
1784159146.997446,8,0.273870,-0.442020,-1.089844
1784159147.007445,8,0.269720,-0.457530,-1.089844
1784159147.017451,8,0.265691,-0.407124,-1.089844
1784159147.027451,8,0.261874,-0.469162,-1.101562
1784159147.037453,8,0.257906,-0.345086,-1.109375
1784159147.047455,8,0.253968,-0.364473,-1.109375
1784159147.057461,8,0.250181,-0.341209,-1.117188
1784159147.067456,8,0.245910,-0.577728,-1.101562
1784159147.077452,8,0.240700,-0.546709,-1.109375
1784159147.087453,8,0.235611,-0.546709,-1.109375
1784159147.097456,8,0.231309,-0.414879,-1.117188
1784159147.107453,8,0.226432,-0.500181,-1.121094
1784159147.117453,8,0.221858,-0.434265,-1.109375
1784159147.127452,8,0.216890,-0.519568,-1.117188
1784159147.137451,8,0.211438,-0.666908,-1.117188
1784159147.147452,8,0.206409,-0.457530,-1.125000
1784159147.157453,8,0.202078,-0.492426,-1.117188
1784159147.167454,8,0.196928,-0.600992,-1.105469
1784159147.177453,8,0.190324,-0.674662,-1.105469
1784159147.187460,8,0.184266,-0.554464,-1.117188
1784159147.197460,8,0.179662,-0.476916,-1.121094
1784159147.207434,8,0.175663,-0.469162,-1.117188
1784159147.217439,8,0.170059,-0.581605,-1.121094
1784159147.227433,8,0.163789,-0.721191,-1.105469
1784159147.237438,8,0.157700,-0.616502,-1.109375
1784159147.247433,8,0.152126,-0.538954,-1.105469
1784159147.257440,8,0.146643,-0.585483,-1.117188
1784159147.267433,8,0.140555,-0.597115,-1.109375
1784159147.277439,8,0.135072,-0.492426,-1.109375
1784159147.287439,8,0.129892,-0.558341,-1.105469
1784159147.297440,8,0.124258,-0.655276,-1.101562
1784159147.307431,8,0.117684,-0.767719,-1.089844
1784159147.317434,8,0.111747,-0.473039,-1.105469
1784159147.327436,8,0.107446,-0.430388,-1.109375
1784159147.337434,8,0.102357,-0.632011,-1.089844
1784159147.347434,8,0.094602,-0.864653,-1.078125
1784159147.358524,8,0.086302,-0.736700,-1.085938
1784159147.368497,8,0.080153,-0.504058,-1.085938
1784159147.378460,8,0.074821,-0.589360,-1.078125
1784159147.387431,8,0.068308,-0.721191,-1.078125
1784159147.397437,8,0.061432,-0.783229,-1.078125
1784159147.407433,8,0.054283,-0.837512,-1.066406
1784159147.417432,8,0.046226,-0.864653,-1.058594
1784159147.427432,8,0.038653,-0.728945,-1.070312
1784159147.437436,8,0.032261,-0.659153,-1.054688
1784159147.447416,8,0.025233,-0.736700,-1.027344
1784159147.457413,8,0.016842,-0.818125,-1.054688
1784159147.467428,8,0.010239,-0.697927,-1.035156
1784159147.477427,8,0.003877,-0.635889,-1.027344
1784159147.487410,8,-0.003302,-0.783229,-1.035156
1784159147.497410,8,-0.010511,-0.682417,-1.027344
1784159147.507409,8,-0.016691,-0.632011,-1.019531
1784159147.517411,8,-0.023658,-0.787106,-1.007812
1784159147.527411,8,-0.030565,-0.678540,-1.019531
1784159147.537410,8,-0.036381,-0.585483,-1.007812
1784159147.547411,8,-0.042651,-0.732823,-1.011719
1784159147.557408,8,-0.050073,-0.825880,-1.007812
1784159147.567410,8,-0.056797,-0.600992,-1.007812
1784159147.577408,8,-0.061917,-0.550587,-0.996094
1784159147.588426,8,-0.067945,-0.783229,-0.988281
1784159147.597408,8,-0.076033,-0.911182,-0.968750
1784159147.608487,8,-0.084393,-0.748332,-0.972656
1784159147.618426,8,-0.091754,-0.690172,-0.972656
1784159147.628427,8,-0.099358,-0.853021,-0.957031
1784159147.638428,8,-0.108233,-0.918937,-0.945312
1784159147.648428,8,-0.116715,-0.825880,-0.941406
1784159147.658428,8,-0.123924,-0.647521,-0.945312
1784159147.668427,8,-0.130498,-0.713436,-0.929688
1784159147.678432,8,-0.138767,-0.938323,-0.914062
1784159147.688423,8,-0.147643,-0.810370,-0.921875
1784159147.697414,8,-0.154186,-0.600992,-0.925781
1784159147.708426,8,-0.160669,-0.682417,-0.914062
1784159147.718407,8,-0.168363,-0.829757,-0.914062
1784159147.728406,8,-0.176057,-0.752210,-0.910156
1784159147.738404,8,-0.183054,-0.705681,-0.902344
1784159147.748398,8,-0.190688,-0.829757,-0.890625
1784159147.758406,8,-0.198958,-0.934446,-0.886719
1784159147.768404,8,-0.207530,-0.853021,-0.878906
1784159147.778404,8,-0.216406,-0.845267,-0.859375
1784159147.788407,8,-0.224615,-0.822002,-0.855469
1784159147.798407,8,-0.232672,-0.899550,-0.832031
1784159147.808411,8,-0.242184,-1.019748,-0.832031
1784159147.818406,8,-0.251605,-0.876286,-0.824219
1784159147.828406,8,-0.260208,-0.868531,-0.812500
1784159147.838406,8,-0.268023,-0.740578,-0.812500
1784159147.848399,8,-0.275899,-0.814248,-0.792969
1784159147.858404,8,-0.285350,-1.027503,-0.789062
1784159147.868406,8,-0.294286,-0.980975,-0.792969
1784159147.878408,8,-0.302859,-0.783229,-0.773438
1784159147.888480,8,-0.311098,-0.818125,-0.765625
1784159147.898402,8,-0.319005,-0.818125,-0.765625
1784159147.908405,8,-0.327547,-0.984852,-0.742188
1784159147.918411,8,-0.337574,-1.043012,-0.730469
1784159147.928407,8,-0.347025,-0.918937,-0.726562
1784159147.938408,8,-0.355658,-0.849144,-0.710938
1784159147.948411,8,-0.363443,-0.794861,-0.710938
1784159147.958410,8,-0.371713,-0.938323,-0.695312
1784159147.968411,8,-0.380952,-0.953833,-0.695312
1784159147.978410,8,-0.390069,-0.899550,-0.675781
1784159147.988383,8,-0.398127,-0.798738,-0.667969
1784159147.998408,8,-0.405942,-0.779351,-0.675781
1784159148.008389,8,-0.413849,-0.829757,-0.660156
1784159148.018408,8,-0.421937,-0.907305,-0.648438
1784159148.028390,8,-0.430267,-0.806493,-0.644531
1784159148.038387,8,-0.438325,-0.876286,-0.632812
1784159148.048390,8,-0.446352,-0.884040,-0.625000
1784159148.058385,8,-0.453804,-0.725068,-0.628906
1784159148.068388,8,-0.460438,-0.725068,-0.625000
1784159148.078391,8,-0.467677,-0.744455,-0.625000
1784159148.088388,8,-0.475160,-0.756087,-0.625000
1784159148.098388,8,-0.482369,-0.744455,-0.613281
1784159148.108387,8,-0.488397,-0.550587,-0.601562
1784159148.118392,8,-0.494728,-0.752210,-0.593750
1784159148.128392,8,-0.502271,-0.891795,-0.585938
1784159148.138392,8,-0.510086,-0.798738,-0.585938
1784159148.148391,8,-0.517144,-0.748332,-0.578125
1784159148.158390,8,-0.524111,-0.705681,-0.582031
1784159148.168395,8,-0.530836,-0.643643,-0.585938
1784159148.178393,8,-0.537107,-0.705681,-0.578125
1784159148.188393,8,-0.542650,-0.527322,-0.578125
1784159148.198395,8,-0.548466,-0.535077,-0.574219
1784159148.208390,8,-0.554222,-0.589360,-0.578125
1784159148.218396,8,-0.559765,-0.643643,-0.566406
1784159148.228388,8,-0.565642,-0.655276,-0.566406
1784159148.238395,8,-0.572215,-0.717313,-0.546875
1784159148.248392,8,-0.579606,-0.717313,-0.550781
1784159148.258390,8,-0.586392,-0.600992,-0.562500
1784159148.268390,8,-0.592662,-0.670785,-0.558594
1784159148.278391,8,-0.598054,-0.538954,-0.546875
1784159148.288391,8,-0.604052,-0.697927,-0.542969
1784159148.298374,8,-0.610504,-0.666908,-0.535156
1784159148.308373,8,-0.617683,-0.678540,-0.535156
1784159148.318384,8,-0.624711,-0.759964,-0.535156
1784159148.328372,8,-0.632466,-0.802616,-0.531250
1784159148.338370,8,-0.640160,-0.818125,-0.531250
1784159148.348375,8,-0.647491,-0.759964,-0.519531
1784159148.358373,8,-0.654367,-0.763842,-0.511719
1784159148.368376,8,-0.661758,-0.759964,-0.500000
1784159148.378374,8,-0.670240,-0.899550,-0.492188
1784159148.388374,8,-0.678297,-0.771597,-0.496094
1784159148.398374,8,-0.685416,-0.705681,-0.484375
1784159148.408375,8,-0.691898,-0.701804,-0.480469
1784159148.418377,8,-0.698351,-0.674662,-0.476562
1784159148.428377,8,-0.705136,-0.744455,-0.468750
1784159148.438375,8,-0.713315,-0.864653,-0.460938
1784159148.448375,8,-0.722645,-0.949956,-0.445312
1784159148.458375,8,-0.731763,-0.884040,-0.437500
1784159148.468377,8,-0.739911,-0.779351,-0.437500
1784159148.478371,8,-0.747212,-0.736700,-0.429688
1784159148.488375,8,-0.754148,-0.728945,-0.417969
1784159148.498374,8,-0.761903,-0.872408,-0.410156
1784159148.508373,8,-0.770688,-0.880163,-0.402344
1784159148.518374,8,-0.779412,-0.876286,-0.398438
1784159148.528356,8,-0.787288,-0.713436,-0.394531
1784159148.538373,8,-0.794376,-0.721191,-0.386719
1784159148.548356,8,-0.800798,-0.581605,-0.386719
1784159148.558373,8,-0.807674,-0.763842,-0.378906
1784159148.568358,8,-0.814641,-0.647521,-0.386719
1784159148.578357,8,-0.821699,-0.725068,-0.378906
1784159148.588356,8,-0.829333,-0.771597,-0.378906
1784159148.598355,8,-0.836936,-0.779351,-0.363281
1784159148.608356,8,-0.844085,-0.748332,-0.355469
1784159148.618355,8,-0.851507,-0.767719,-0.347656
1784159148.628359,8,-0.859686,-0.884040,-0.335938
1784159148.638355,8,-0.867864,-0.794861,-0.335938
1784159148.648358,8,-0.875407,-0.818125,-0.328125
1784159148.658359,8,-0.882738,-0.775474,-0.332031
1784159148.668358,8,-0.889675,-0.666908,-0.316406
1784159148.678358,8,-0.897005,-0.728945,-0.312500
1784159148.688356,8,-0.904669,-0.794861,-0.304688
1784159148.698355,8,-0.912454,-0.775474,-0.300781
1784159148.708402,8,-0.920148,-0.713436,-0.289062
1784159148.718356,8,-0.927055,-0.721191,-0.289062
1784159148.728342,8,-0.933870,-0.725068,-0.285156
1784159148.738358,8,-0.940656,-0.748332,-0.285156
1784159148.748358,8,-0.947775,-0.759964,-0.289062
1784159148.758356,8,-0.954711,-0.771597,-0.273438
1784159148.768357,8,-0.961648,-0.690172,-0.265625
1784159148.778357,8,-0.968161,-0.682417,-0.257812
1784159148.788358,8,-0.974310,-0.597115,-0.265625
1784159148.798356,8,-0.980126,-0.511813,-0.257812
1784159148.808357,8,-0.985094,-0.554464,-0.238281
1784159148.818358,8,-0.990123,-0.465284,-0.230469
1784159148.828338,8,-0.995091,-0.523445,-0.222656
1784159148.838356,8,-1.000119,-0.473039,-0.203125
1784159148.848337,8,-1.004693,-0.395492,-0.203125
1784159148.858336,8,-1.008298,-0.317944,-0.191406
1784159148.868340,8,-1.010994,-0.286925,-0.183594
1784159148.878338,8,-1.013326,-0.236520,-0.171875
1784159148.888339,8,-1.015174,-0.174482,-0.171875
1784159148.898339,8,-1.016840,-0.267539,-0.171875
1784159148.908337,8,-1.018476,-0.162850,-0.167969
1784159148.918339,8,-1.019778,-0.201623,-0.156250
1784159148.928338,8,-1.021596,-0.252029,-0.152344
1784159148.938338,8,-1.023474,-0.213255,-0.152344
1784159148.948339,8,-1.025443,-0.224887,-0.152344
1784159148.958338,8,-1.026352,-0.015509,-0.148438
1784159148.968342,8,-1.026352,-0.011632,-0.148438
1784159148.978338,8,-1.026382,0.000000,-0.140625
1784159148.988338,8,-1.026534,-0.050406,-0.140625
1784159148.998339,8,-1.026655,-0.038774,-0.148438
1784159149.008343,8,-1.026715,-0.007755,-0.152344
1784159149.018341,8,-1.026746,-0.034896,-0.136719
1784159149.028339,8,-1.026746,-0.023264,-0.148438
1784159149.038338,8,-1.026715,-0.050406,-0.148438
1784159149.048339,8,-1.026625,0.000000,-0.148438
1784159149.058331,8,-1.026564,-0.034896,-0.152344
1784159149.068339,8,-1.026443,-0.065915,-0.148438
1784159149.078338,8,-1.026382,-0.042651,-0.148438
1784159149.088341,8,-1.026200,-0.019387,-0.148438
1784159149.098319,8,-1.026019,-0.031019,-0.152344
1784159149.108320,8,-1.025898,0.019387,-0.140625
1784159149.118320,8,-1.025837,-0.038774,-0.164062
1784159149.128311,8,-1.025685,-0.003877,-0.148438
1784159149.138321,8,-1.025564,0.042651,-0.148438
1784159149.148321,8,-1.025473,0.034896,-0.148438
1784159149.158322,8,-1.025473,-0.007755,-0.152344
1784159149.168322,8,-1.025504,-0.089180,-0.152344
1784159149.178321,8,-1.025504,-0.062038,-0.152344
1784159149.188322,8,-1.025473,-0.011632,-0.152344
1784159149.198323,8,-1.025473,-0.003877,-0.148438
1784159149.208323,8,-1.025504,-0.058161,-0.152344
1784159149.218321,8,-1.025504,-0.031019,-0.152344
1784159149.228321,8,-1.025504,-0.023264,-0.148438
1784159149.238320,8,-1.025534,-0.062038,-0.140625
1784159149.248321,8,-1.025534,-0.038774,-0.148438
1784159149.258322,8,-1.025564,-0.054283,-0.152344
1784159149.268322,8,-1.025564,0.000000,-0.152344
1784159149.278318,8,-1.025595,-0.019387,-0.136719
1784159149.288324,8,-1.025625,-0.038774,-0.152344
1784159149.298325,8,-1.025625,0.000000,-0.152344
1784159149.308320,8,-1.025655,0.007755,-0.156250
1784159149.318323,8,-1.025685,-0.019387,-0.140625
1784159149.328321,8,-1.025685,-0.062038,-0.152344
1784159149.338320,8,-1.025716,-0.050406,-0.152344
1784159149.348320,8,-1.025716,-0.031019,-0.152344
1784159149.358322,8,-1.025716,-0.023264,-0.148438
1784159149.368302,8,-1.025746,-0.093057,-0.148438
1784159149.378304,8,-1.025685,0.000000,-0.152344
1784159149.388292,8,-1.025685,-0.011632,-0.148438
1784159149.398301,8,-1.025655,0.031019,-0.152344
1784159149.408303,8,-1.025685,-0.038774,-0.152344
1784159149.418366,8,-1.025655,-0.089180,-0.148438
1784159149.428399,8,-1.025595,0.015509,-0.148438
1784159149.438299,8,-1.025595,-0.034896,-0.152344
1784159149.448298,8,-1.025534,0.007755,-0.156250
1784159149.458299,8,-1.025504,0.019387,-0.152344
1784159149.468300,8,-1.025534,-0.058161,-0.152344
1784159149.478300,8,-1.025504,-0.031019,-0.136719
1784159149.488299,8,-1.025504,-0.015509,-0.148438
1784159149.498302,8,-1.025473,0.031019,-0.152344
1784159149.508317,8,-1.025473,0.019387,-0.148438
1784159149.518319,8,-1.025534,0.000000,-0.152344
1784159149.528300,8,-1.025534,-0.038774,-0.152344
1784159149.538315,8,-1.025534,-0.011632,-0.148438
1784159149.548299,8,-1.025595,-0.089180,-0.152344
1784159149.558300,8,-1.025595,-0.027142,-0.152344
1784159149.568302,8,-1.025625,-0.038774,-0.152344
1784159149.578301,8,-1.025625,-0.031019,-0.148438
1784159149.588302,8,-1.025625,-0.007755,-0.152344
1784159149.598301,8,-1.025625,0.000000,-0.148438
1784159149.608303,8,-1.025625,-0.007755,-0.148438
1784159149.618309,8,-1.025625,0.003877,-0.148438
1784159149.628302,8,-1.025625,0.000000,-0.148438
1784159149.638282,8,-1.025655,-0.054283,-0.156250
1784159149.648288,8,-1.025655,-0.065915,-0.140625
1784159149.658287,8,-1.025595,0.031019,-0.148438
1784159149.668279,8,-1.025625,0.019387,-0.148438
1784159149.678278,8,-1.025625,-0.031019,-0.152344
1784159149.688283,8,-1.025625,-0.050406,-0.148438
1784159149.698282,8,-1.025595,-0.015509,-0.152344
1784159149.708279,8,-1.025595,-0.034896,-0.148438
1784159149.718284,8,-1.025564,0.003877,-0.152344
1784159149.728288,8,-1.025595,-0.058161,-0.152344
1784159149.738279,8,-1.025595,-0.096934,-0.148438
1784159149.748283,8,-1.025564,-0.038774,-0.148438
1784159149.758281,8,-1.025534,0.000000,-0.148438
1784159149.768283,8,-1.025534,-0.015509,-0.148438
1784159149.778280,8,-1.025564,-0.062038,-0.156250
1784159149.788280,8,-1.025504,0.019387,-0.140625
1784159149.798280,8,-1.025564,-0.062038,-0.140625
1784159149.808287,8,-1.025534,-0.003877,-0.140625
1784159149.818281,8,-1.025534,-0.003877,-0.152344
1784159149.828283,8,-1.025534,0.011632,-0.148438
1784159149.838283,8,-1.025564,-0.031019,-0.148438
1784159149.848282,8,-1.025564,-0.027142,-0.152344
1784159149.858371,8,-1.025595,-0.073670,-0.156250
1784159149.868362,8,-1.025564,-0.038774,-0.148438
1784159149.878285,8,-1.025595,-0.011632,-0.148438
1784159149.888277,8,-1.025595,0.000000,-0.148438
1784159149.898287,8,-1.025625,-0.050406,-0.148438
1784159149.908281,8,-1.025625,-0.019387,-0.152344
1784159149.918268,8,-1.025595,0.019387,-0.156250
1784159149.928286,8,-1.025625,-0.031019,-0.148438
1784159149.938264,8,-1.025625,-0.038774,-0.140625
1784159149.948266,8,-1.025625,-0.038774,-0.152344
1784159149.958265,8,-1.025625,-0.038774,-0.156250
1784159149.968263,8,-1.025595,0.007755,-0.148438
1784159149.978265,8,-1.025595,-0.015509,-0.152344
1784159149.988264,8,-1.025595,-0.011632,-0.140625
1784159149.998266,8,-1.025595,-0.050406,-0.152344
1784159150.008265,8,-1.025595,-0.046528,-0.148438
1784159150.018265,8,-1.025534,0.050406,-0.148438
1784159150.028263,8,-1.025564,-0.023264,-0.152344
1784159150.038266,8,-1.025534,0.015509,-0.140625
1784159150.048324,8,-1.025534,0.031019,-0.148438
1784159150.058368,8,-1.025534,0.015509,-0.152344
1784159150.068265,8,-1.025534,0.019387,-0.148438
1784159150.078262,8,-1.025534,0.019387,-0.148438
1784159150.088270,8,-1.025534,0.000000,-0.152344
1784159150.098264,8,-1.025564,-0.034896,-0.156250
1784159150.108263,8,-1.025595,-0.058161,-0.148438
1784159150.118264,8,-1.025564,-0.015509,-0.152344
1784159150.128263,8,-1.025595,-0.054283,-0.148438
1784159150.138263,8,-1.025564,0.019387,-0.152344
1784159150.148266,8,-1.025595,-0.042651,-0.148438
1784159150.158267,8,-1.025595,-0.019387,-0.148438
1784159150.168266,8,-1.025564,0.015509,-0.148438
1784159150.178265,8,-1.025595,-0.034896,-0.152344
1784159150.188265,8,-1.025595,-0.031019,-0.148438
1784159150.198267,8,-1.025564,0.027142,-0.148438
1784159150.208263,8,-1.025595,-0.003877,-0.148438
1784159150.218244,8,-1.025595,-0.038774,-0.152344
1784159150.228242,8,-1.025595,-0.038774,-0.148438
1784159150.238243,8,-1.025595,-0.038774,-0.148438
1784159150.248244,8,-1.025595,-0.027142,-0.148438
1784159150.258245,8,-1.025595,-0.034896,-0.152344
1784159150.268248,8,-1.025595,-0.038774,-0.152344
1784159150.278243,8,-1.025564,0.023264,-0.152344
1784159150.288245,8,-1.025564,0.019387,-0.152344
1784159150.298251,8,-1.025595,-0.058161,-0.152344
1784159150.308247,8,-1.025564,0.011632,-0.148438
1784159150.318246,8,-1.025564,0.000000,-0.148438
1784159150.328244,8,-1.025564,-0.003877,-0.140625
1784159150.338243,8,-1.025595,-0.062038,-0.152344
1784159150.348246,8,-1.025564,-0.011632,-0.148438
1784159150.358244,8,-1.025534,0.034896,-0.148438
1784159150.368246,8,-1.025564,-0.015509,-0.156250
1784159150.378237,8,-1.025564,-0.019387,-0.152344
1784159150.388246,8,-1.025564,-0.015509,-0.148438
1784159150.398246,8,-1.025564,-0.011632,-0.148438
1784159150.408244,8,-1.025564,-0.003877,-0.148438
1784159150.418248,8,-1.025595,-0.062038,-0.152344
1784159150.428249,8,-1.025564,0.000000,-0.140625
1784159150.438248,8,-1.025564,0.000000,-0.140625
1784159150.448245,8,-1.025564,0.019387,-0.148438
1784159150.458249,8,-1.025595,-0.034896,-0.148438
1784159150.468251,8,-1.025564,0.023264,-0.148438
1784159150.478229,8,-1.025595,0.019387,-0.152344
1784159150.488229,8,-1.025595,-0.054283,-0.156250
1784159150.498226,8,-1.025595,-0.038774,-0.148438
1784159150.508223,8,-1.025564,0.019387,-0.148438
1784159150.518228,8,-1.025595,-0.062038,-0.148438
1784159150.528228,8,-1.025564,0.015509,-0.140625
1784159150.538227,8,-1.025564,0.015509,-0.148438
1784159150.548228,8,-1.025564,0.000000,-0.152344
1784159150.558227,8,-1.025595,-0.046528,-0.148438
1784159150.568227,8,-1.025534,0.054283,-0.152344
1784159150.578225,8,-1.025564,-0.011632,-0.148438
1784159150.588226,8,-1.025564,-0.003877,-0.152344
1784159150.598226,8,-1.025595,-0.073670,-0.152344
1784159150.608229,8,-1.025564,-0.015509,-0.140625
1784159150.618227,8,-1.025534,0.019387,-0.148438
1784159150.628228,8,-1.025564,-0.007755,-0.152344
1784159150.638228,8,-1.025564,-0.011632,-0.148438
1784159150.648230,8,-1.025564,-0.027142,-0.148438
1784159150.658227,8,-1.025564,-0.027142,-0.148438
1784159150.668227,8,-1.025534,0.031019,-0.148438
1784159150.678228,8,-1.025534,0.046528,-0.148438
1784159150.688229,8,-1.025564,-0.058161,-0.148438
1784159150.698227,8,-1.025595,-0.065915,-0.140625
1784159150.708222,8,-1.025534,0.038774,-0.156250
1784159150.718234,8,-1.025564,-0.019387,-0.148438
1784159150.728229,8,-1.025564,-0.062038,-0.152344
1784159150.738231,8,-1.025564,-0.015509,-0.152344
1784159150.748229,8,-1.025564,-0.003877,-0.148438
1784159150.758228,8,-1.025564,-0.003877,-0.148438
1784159150.768206,8,-1.025564,0.000000,-0.152344
1784159150.778208,8,-1.025564,-0.003877,-0.152344
1784159150.788207,8,-1.025534,0.046528,-0.152344
1784159150.798208,8,-1.025595,-0.069793,-0.136719
1784159150.808208,8,-1.025595,-0.062038,-0.148438
1784159150.818209,8,-1.025564,-0.011632,-0.148438
1784159150.828207,8,-1.025564,-0.015509,-0.152344
1784159150.838211,8,-1.025564,-0.023264,-0.140625
1784159150.848211,8,-1.025564,-0.027142,-0.148438
1784159150.858207,8,-1.025564,-0.019387,-0.140625
1784159150.868200,8,-1.025564,0.000000,-0.148438
1784159150.878202,8,-1.025564,-0.007755,-0.152344
1784159150.888199,8,-1.025564,-0.011632,-0.148438
1784159150.898205,8,-1.025534,0.042651,-0.148438
1784159150.908202,8,-1.025564,-0.031019,-0.148438
1784159150.918200,8,-1.025564,-0.019387,-0.148438
1784159150.928204,8,-1.025564,0.000000,-0.152344
1784159150.938203,8,-1.025595,-0.015509,-0.148438
1784159150.948210,8,-1.025564,-0.015509,-0.152344
1784159150.958200,8,-1.025595,-0.081425,-0.152344
1784159150.968204,8,-1.025564,0.000000,-0.152344
1784159150.978205,8,-1.025564,0.003877,-0.156250
1784159150.988204,8,-1.025564,0.000000,-0.148438
1784159150.998203,8,-1.025564,-0.007755,-0.152344
1784159151.008201,8,-1.025595,-0.054283,-0.148438
1784159151.018221,8,-1.025564,-0.015509,-0.148438
1784159151.028201,8,-1.025595,-0.069793,-0.152344
1784159151.038184,8,-1.025595,-0.069793,-0.148438
1784159151.048181,8,-1.025595,-0.050406,-0.148438
1784159151.058183,8,-1.025595,-0.062038,-0.140625
1784159151.068185,8,-1.025564,-0.031019,-0.152344
1784159151.078185,8,-1.025564,-0.015509,-0.156250
1784159151.088186,8,-1.025564,-0.019387,-0.148438
1784159151.098188,8,-1.025564,-0.003877,-0.152344
1784159151.108184,8,-1.025564,-0.023264,-0.148438
1784159151.118187,8,-1.025534,0.027142,-0.152344
1784159151.128190,8,-1.025534,0.054283,-0.148438
1784159151.138190,8,-1.025534,0.027142,-0.152344
1784159151.148187,8,-1.025564,-0.007755,-0.148438
1784159151.158194,8,-1.025595,-0.073670,-0.148438
1784159151.168194,8,-1.025564,-0.003877,-0.148438
1784159151.178193,8,-1.025564,0.000000,-0.152344
1784159151.188189,8,-1.025504,0.077547,-0.148438
1784159151.198188,8,-1.025564,-0.003877,-0.148438
1784159151.208185,8,-1.025564,-0.007755,-0.148438
1784159151.218206,8,-1.025534,0.050406,-0.152344
1784159151.228183,8,-1.025564,-0.007755,-0.156250
1784159151.238183,8,-1.025564,-0.003877,-0.152344
1784159151.248183,8,-1.025564,-0.003877,-0.140625
1784159151.258314,8,-1.025564,0.000000,-0.148438
1784159151.268194,8,-1.025564,-0.003877,-0.152344
1784159151.278192,8,-1.025595,-0.058161,-0.148438
1784159151.288192,8,-1.025564,0.000000,-0.140625
1784159151.298170,8,-1.025564,0.000000,-0.148438
1784159151.308187,8,-1.025564,0.031019,-0.152344
1784159151.318176,8,-1.025564,-0.007755,-0.140625
1784159151.328170,8,-1.025564,-0.015509,-0.152344
1784159151.338171,8,-1.025564,-0.011632,-0.148438
1784159151.348167,8,-1.025564,-0.023264,-0.148438
1784159151.358170,8,-1.025564,-0.003877,-0.152344
1784159151.368166,8,-1.025534,0.031019,-0.140625
1784159151.378168,8,-1.025564,-0.003877,-0.152344
1784159151.388168,8,-1.025564,-0.011632,-0.152344
1784159151.398166,8,-1.025534,0.027142,-0.148438
1784159151.408170,8,-1.025534,0.023264,-0.152344
1784159151.418171,8,-1.025564,-0.015509,-0.140625
1784159151.428172,8,-1.025625,-0.124076,-0.152344
1784159151.438167,8,-1.025564,-0.023264,-0.148438
1784159151.448168,8,-1.025564,-0.019387,-0.140625
1784159151.458169,8,-1.025564,-0.023264,-0.148438
1784159151.468235,8,-1.025595,-0.058161,-0.148438
1784159151.478227,8,-1.025534,0.019387,-0.164062
1784159151.488224,8,-1.025564,0.000000,-0.152344
1784159151.498167,8,-1.025564,-0.003877,-0.152344
1784159151.508167,8,-1.025564,-0.015509,-0.140625
1784159151.518167,8,-1.025564,0.000000,-0.140625
1784159151.528168,8,-1.025564,0.007755,-0.148438
1784159151.538167,8,-1.025564,0.007755,-0.140625
1784159151.548166,8,-1.025534,0.054283,-0.148438
1784159151.558167,8,-1.025564,-0.015509,-0.152344
1784159151.568168,8,-1.025534,-0.015509,-0.148438
1784159151.578171,8,-1.025564,-0.003877,-0.148438
1784159151.588155,8,-1.025595,-0.058161,-0.148438
1784159151.598146,8,-1.025564,0.000000,-0.148438
1784159151.608149,8,-1.025564,0.000000,-0.148438
1784159151.618151,8,-1.025564,-0.031019,-0.148438
1784159151.628151,8,-1.025564,-0.027142,-0.152344
1784159151.638152,8,-1.025534,0.015509,-0.148438
1784159151.648146,8,-1.025564,-0.027142,-0.148438
1784159151.658146,8,-1.025564,-0.019387,-0.140625
1784159151.668155,8,-1.025534,0.027142,-0.148438
1784159151.678156,8,-1.025564,-0.019387,-0.152344
1784159151.688148,8,-1.025564,-0.031019,-0.152344
1784159151.698150,8,-1.025595,-0.093057,-0.156250
1784159151.708148,8,-1.025564,-0.034896,-0.152344
1784159151.718152,8,-1.025564,-0.027142,-0.148438
1784159151.728149,8,-1.025595,-0.077547,-0.148438
1784159151.738152,8,-1.025534,0.038774,-0.136719
1784159151.748150,8,-1.025564,-0.031019,-0.152344
1784159151.758147,8,-1.025534,0.046528,-0.148438
1784159151.768152,8,-1.025564,-0.015509,-0.148438
1784159151.778150,8,-1.025595,-0.065915,-0.148438
1784159151.788155,8,-1.025564,0.034896,-0.148438
1784159151.798155,8,-1.025595,-0.019387,-0.148438
1784159151.808155,8,-1.025564,0.000000,-0.148438
1784159151.818148,8,-1.025595,-0.065915,-0.148438
1784159151.828136,8,-1.025564,0.000000,-0.148438
1784159151.838155,8,-1.025564,-0.003877,-0.156250
1784159151.848130,8,-1.025534,0.034896,-0.140625
1784159151.858151,8,-1.025534,0.023264,-0.148438
1784159151.868134,8,-1.025564,-0.027142,-0.152344
1784159151.878127,8,-1.025564,-0.011632,-0.148438
1784159151.888133,8,-1.025564,-0.015509,-0.148438
1784159151.898133,8,-1.025534,0.031019,-0.148438
1784159151.908129,8,-1.025564,-0.038774,-0.152344
1784159151.918129,8,-1.025564,-0.027142,-0.148438
1784159151.928128,8,-1.025564,-0.034896,-0.148438
1784159151.938130,8,-1.025595,-0.093057,-0.148438
1784159151.948132,8,-1.025564,-0.031019,-0.152344
1784159151.958134,8,-1.025564,-0.027142,-0.148438
1784159151.968135,8,-1.025564,-0.038774,-0.152344
1784159151.978132,8,-1.025564,-0.027142,-0.156250
1784159151.988134,8,-1.025564,-0.034896,-0.148438
1784159151.998131,8,-1.025564,-0.034896,-0.148438
1784159152.008130,8,-1.025564,-0.023264,-0.148438
1784159152.018131,8,-1.025564,-0.038774,-0.148438
1784159152.028131,8,-1.025564,-0.031019,-0.148438
1784159152.038131,8,-1.025564,-0.031019,-0.156250
1784159152.048137,8,-1.025595,-0.069793,-0.152344
1784159152.058130,8,-1.025534,0.027142,-0.148438
1784159152.068132,8,-1.025595,-0.069793,-0.148438
1784159152.078134,8,-1.025534,0.031019,-0.148438
1784159152.088132,8,-1.025534,0.054283,-0.148438
1784159152.098131,8,-1.025564,-0.031019,-0.140625
1784159152.108132,8,-1.025595,-0.050406,-0.148438
1784159152.118132,8,-1.025564,-0.027142,-0.152344
1784159152.128132,8,-1.025564,-0.007755,-0.152344
1784159152.138193,8,-1.025564,0.054283,-0.152344
1784159152.148114,8,-1.025534,0.042651,-0.148438
1784159152.158110,8,-1.025564,-0.019387,-0.148438
1784159152.168117,8,-1.025595,-0.065915,-0.148438
1784159152.178113,8,-1.025534,0.023264,-0.152344
1784159152.188114,8,-1.025564,-0.027142,-0.148438
1784159152.198118,8,-1.025564,-0.027142,-0.148438
1784159152.208111,8,-1.025595,-0.073670,-0.140625
1784159152.218114,8,-1.025564,-0.038774,-0.152344
1784159152.228115,8,-1.025564,-0.023264,-0.148438
1784159152.238117,8,-1.025595,-0.062038,-0.152344
1784159152.248113,8,-1.025564,-0.023264,-0.152344
1784159152.258115,8,-1.025534,0.031019,-0.140625
1784159152.268113,8,-1.025564,-0.031019,-0.148438
1784159152.278121,8,-1.025564,-0.023264,-0.140625
1784159152.288113,8,-1.025564,-0.003877,-0.148438
1784159152.298114,8,-1.025564,-0.023264,-0.152344
1784159152.308113,8,-1.025564,-0.023264,-0.148438
1784159152.318121,8,-1.025564,-0.003877,-0.140625
1784159152.328116,8,-1.025595,-0.069793,-0.148438
1784159152.338118,8,-1.025564,-0.019387,-0.140625
1784159152.348130,8,-1.025595,-0.065915,-0.148438
1784159152.358117,8,-1.025564,-0.003877,-0.152344
1784159152.368121,8,-1.025595,-0.062038,-0.148438
1784159152.378101,8,-1.025534,0.054283,-0.140625
1784159152.388100,8,-1.025595,-0.058161,-0.140625
1784159152.398115,8,-1.025534,-0.058161,-0.148438
1784159152.408113,8,-1.025595,-0.046528,-0.152344
1784159152.418117,8,-1.025564,0.000000,-0.148438
1784159152.428096,8,-1.025595,-0.038774,-0.148438
1784159152.438092,8,-1.025595,-0.073670,-0.156250
1784159152.448097,8,-1.025564,0.011632,-0.148438
1784159152.458094,8,-1.025564,-0.011632,-0.152344
1784159152.468096,8,-1.025564,-0.011632,-0.148438
1784159152.478099,8,-1.025564,-0.027142,-0.156250
1784159152.488094,8,-1.025534,0.031019,-0.152344
1784159152.498096,8,-1.025564,-0.023264,-0.148438
1784159152.508106,8,-1.025564,-0.011632,-0.148438
1784159152.518097,8,-1.025564,-0.038774,-0.148438
1784159152.528096,8,-1.025564,-0.023264,-0.148438
1784159152.538094,8,-1.025534,0.042651,-0.148438
1784159152.548097,8,-1.025564,-0.011632,-0.148438
1784159152.558096,8,-1.025564,-0.007755,-0.148438
1784159152.568099,8,-1.025564,0.003877,-0.152344
1784159152.578101,8,-1.025564,-0.054283,-0.140625
1784159152.588104,8,-1.025595,-0.054283,-0.152344
1784159152.598096,8,-1.025564,0.007755,-0.148438
1784159152.608100,8,-1.025564,-0.019387,-0.152344
1784159152.618099,8,-1.025564,-0.015509,-0.148438
1784159152.628102,8,-1.025564,0.000000,-0.152344
1784159152.638093,8,-1.025564,-0.003877,-0.152344
1784159152.648093,8,-1.025564,-0.015509,-0.152344
1784159152.658096,8,-1.025595,-0.069793,-0.152344
1784159152.668086,8,-1.025595,0.042651,-0.148438
1784159152.678099,8,-1.025595,-0.062038,-0.148438
1784159152.688104,8,-1.025564,-0.007755,-0.148438
1784159152.698095,8,-1.025595,-0.058161,-0.148438
1784159152.708097,8,-1.025564,-0.003877,-0.140625
1784159152.718081,8,-1.025564,-0.019387,-0.140625
1784159152.728106,8,-1.025595,-0.093057,-0.148438
1784159152.738083,8,-1.025595,-0.085302,-0.148438
1784159152.748100,8,-1.025564,-0.027142,-0.156250
1784159152.758079,8,-1.025564,-0.100812,-0.140625
1784159152.768099,8,-1.025595,-0.062038,-0.148438
1784159152.778096,8,-1.025564,-0.031019,-0.148438
1784159152.788095,8,-1.025595,-0.069793,-0.152344
1784159152.798096,8,-1.025564,-0.015509,-0.152344
1784159152.808086,8,-1.025564,-0.031019,-0.148438
1784159152.818079,8,-1.025564,-0.015509,-0.148438
1784159152.828099,8,-1.025564,-0.007755,-0.148438
1784159152.838079,8,-1.025564,-0.042651,-0.148438
1784159152.848080,8,-1.025564,-0.023264,-0.148438
1784159152.858079,8,-1.025564,-0.034896,-0.152344
1784159152.868080,8,-1.025564,-0.038774,-0.148438
1784159152.878108,8,-1.025534,0.038774,-0.140625
1784159152.888081,8,-1.025534,0.038774,-0.152344
1784159152.898060,8,-1.025564,-0.007755,-0.152344
1784159152.908084,8,-1.025595,-0.073670,-0.152344
1784159152.918062,8,-1.025534,0.038774,-0.152344
1784159152.928080,8,-1.025564,-0.031019,-0.140625
1784159152.938060,8,-1.025564,-0.034896,-0.152344
1784159152.948061,8,-1.025595,-0.065915,-0.152344
1784159152.958059,8,-1.025564,-0.019387,-0.148438
1784159152.968063,8,-1.025564,-0.019387,-0.140625
1784159152.978067,8,-1.025564,-0.023264,-0.156250
1784159152.988066,8,-1.025564,-0.023264,-0.148438
1784159152.998062,8,-1.025564,-0.003877,-0.148438
1784159153.008071,8,-1.025564,-0.031019,-0.152344
1784159153.018062,8,-1.025564,-0.027142,-0.148438
1784159153.028063,8,-1.025564,-0.054283,-0.152344
1784159153.038067,8,-1.025564,-0.038774,-0.152344
1784159153.048062,8,-1.025534,0.023264,-0.148438
1784159153.058063,8,-1.025564,-0.038774,-0.152344
1784159153.068064,8,-1.025534,0.007755,-0.148438
1784159153.078063,8,-1.025564,-0.038774,-0.148438
1784159153.088065,8,-1.025564,-0.027142,-0.152344
1784159153.098065,8,-1.025534,0.019387,-0.148438
1784159153.108061,8,-1.025564,-0.038774,-0.152344
1784159153.118065,8,-1.025564,-0.050406,-0.140625
1784159153.128069,8,-1.025564,-0.015509,-0.140625
1784159153.138064,8,-1.025534,0.042651,-0.148438
1784159153.148064,8,-1.025564,-0.038774,-0.156250
1784159153.158066,8,-1.025564,-0.023264,-0.148438
1784159153.168044,8,-1.025564,-0.027142,-0.148438
1784159153.178044,8,-1.025564,-0.015509,-0.152344
1784159153.188046,8,-1.025564,-0.027142,-0.152344
1784159153.198064,8,-1.025564,-0.019387,-0.148438
1784159153.208044,8,-1.025564,-0.031019,-0.148438
1784159153.218050,8,-1.025564,-0.034896,-0.148438
1784159153.228052,8,-1.025564,-0.019387,-0.140625
1784159153.238051,8,-1.025534,0.015509,-0.148438
1784159153.248046,8,-1.025564,-0.038774,-0.156250
1784159153.258045,8,-1.025534,0.042651,-0.148438
1784159153.268147,8,-1.025595,-0.085302,-0.148438
1784159153.278044,8,-1.025564,-0.031019,-0.148438
1784159153.288046,8,-1.025564,-0.027142,-0.140625
1784159153.298046,8,-1.025564,-0.031019,-0.148438
1784159153.308044,8,-1.025564,0.019387,-0.152344
1784159153.318042,8,-1.025564,-0.007755,-0.152344
1784159153.328044,8,-1.025564,-0.034896,-0.152344
1784159153.338047,8,-1.025564,-0.019387,-0.148438
1784159153.348047,8,-1.025564,-0.038774,-0.156250
1784159153.358047,8,-1.025595,-0.081425,-0.152344
1784159153.368043,8,-1.025564,-0.031019,-0.148438
1784159153.378047,8,-1.025534,0.011632,-0.148438
1784159153.388059,8,-1.025564,-0.038774,-0.148438
1784159153.398046,8,-1.025534,0.027142,-0.148438
1784159153.408046,8,-1.025564,-0.042651,-0.152344
1784159153.418049,8,-1.025564,-0.031019,-0.140625
1784159153.428050,8,-1.025564,-0.038774,-0.148438
1784159153.438047,8,-1.025564,-0.038774,-0.156250
1784159153.448034,8,-1.025564,-0.034896,-0.148438
1784159153.458030,8,-1.025564,-0.023264,-0.148438
1784159153.468028,8,-1.025564,-0.038774,-0.140625
1784159153.478027,8,-1.025564,-0.019387,-0.152344
1784159153.488027,8,-1.025534,0.027142,-0.148438
1784159153.498024,8,-1.025564,-0.027142,-0.148438
1784159153.508026,8,-1.025564,-0.038774,-0.148438
1784159153.518028,8,-1.025564,-0.038774,-0.148438
1784159153.528035,8,-1.025534,0.042651,-0.152344
1784159153.538029,8,-1.025564,-0.023264,-0.152344
1784159153.548027,8,-1.025595,-0.073670,-0.140625
1784159153.558027,8,-1.025564,-0.038774,-0.148438
1784159153.568031,8,-1.025564,-0.038774,-0.152344
1784159153.578030,8,-1.025564,-0.031019,-0.148438
1784159153.588030,8,-1.025534,-0.038774,-0.148438
1784159153.598032,8,-1.025564,-0.038774,-0.140625
1784159153.608027,8,-1.025564,-0.027142,-0.148438
1784159153.618034,8,-1.025564,-0.038774,-0.140625
1784159153.628029,8,-1.025564,-0.031019,-0.148438
1784159153.638026,8,-1.025564,-0.031019,-0.148438
1784159153.648029,8,-1.025564,-0.042651,-0.148438
1784159153.658033,8,-1.025595,-0.096934,-0.148438
1784159153.668028,8,-1.025564,-0.038774,-0.140625
1784159153.678031,8,-1.025534,0.019387,-0.148438
1784159153.688033,8,-1.025534,0.027142,-0.148438
1784159153.698027,8,-1.025564,-0.042651,-0.152344
1784159153.708027,8,-1.025534,0.019387,-0.152344
1784159153.718007,8,-1.025564,-0.042651,-0.152344
1784159153.728010,8,-1.025564,-0.046528,-0.152344
1784159153.738012,8,-1.025534,0.019387,-0.140625
1784159153.748008,8,-1.025534,0.019387,-0.148438
1784159153.758029,8,-1.025564,-0.034896,-0.148438
1784159153.768012,8,-1.025595,-0.093057,-0.148438
1784159153.778027,8,-1.025534,0.011632,-0.140625
1784159153.788018,8,-1.025564,-0.034896,-0.148438
1784159153.798018,8,-1.025534,0.031019,-0.140625
1784159153.808027,8,-1.025564,-0.023264,-0.152344
1784159153.818017,8,-1.025534,0.073670,-0.152344
1784159153.828012,8,-1.025564,-0.031019,-0.140625
1784159153.838013,8,-1.025534,0.015509,-0.156250
1784159153.848106,8,-1.025595,-0.081425,-0.148438
1784159153.858130,8,-1.025595,-0.093057,-0.148438
1784159153.868083,8,-1.025564,-0.031019,-0.148438
1784159153.878080,8,-1.025534,0.019387,-0.148438
1784159153.888019,8,-1.025564,-0.038774,-0.148438
1784159153.898015,8,-1.025564,-0.038774,-0.152344
1784159153.908021,8,-1.025564,0.015509,-0.140625
1784159153.918017,8,-1.025564,-0.038774,-0.152344
1784159153.928017,8,-1.025564,-0.038774,-0.140625
1784159153.938019,8,-1.025534,0.019387,-0.152344
1784159153.948017,8,-1.025564,-0.007755,-0.148438
1784159153.958028,8,-1.025564,-0.046528,-0.140625
1784159153.968020,8,-1.025534,0.007755,-0.152344
1784159153.978019,8,-1.025564,-0.042651,-0.152344
1784159153.988017,8,-1.025564,-0.038774,-0.140625
1784159153.997991,8,-1.025564,-0.031019,-0.136719
1784159154.007997,8,-1.025564,-0.038774,-0.156250
1784159154.018001,8,-1.025564,-0.038774,-0.148438
1784159154.028016,8,-1.025564,-0.042651,-0.152344
1784159154.037997,8,-1.025534,0.023264,-0.148438
1784159154.047999,8,-1.025564,-0.038774,-0.148438
1784159154.057998,8,-1.025564,0.011632,-0.152344
1784159154.067999,8,-1.025534,0.019387,-0.140625
1784159154.077998,8,-1.025534,0.019387,-0.148438
1784159154.088000,8,-1.025534,0.011632,-0.148438
1784159154.097998,8,-1.025534,0.019387,-0.152344
1784159154.108000,8,-1.025564,-0.054283,-0.148438
1784159154.118055,8,-1.025564,-0.038774,-0.148438
1784159154.128010,8,-1.025564,-0.027142,-0.152344
1784159154.138007,8,-1.025564,-0.038774,-0.156250
1784159154.148002,8,-1.025564,-0.015509,-0.140625
1784159154.158007,8,-1.025564,-0.027142,-0.152344
1784159154.168039,8,-1.025534,0.019387,-0.152344
1784159154.178004,8,-1.025564,-0.027142,-0.148438
1784159154.187996,8,-1.025564,-0.015509,-0.148438
1784159154.198383,8,-1.025564,-0.038774,-0.148438
1784159154.207996,8,-1.025595,-0.073670,-0.148438
1784159154.221170,8,-1.025564,-0.034896,-0.152344
1784159154.230003,8,-1.025564,-0.034896,-0.148438
1784159154.238067,8,-1.025564,-0.038774,-0.148438
1784159154.247994,8,-1.025564,-0.038774,-0.148438
1784159154.258013,8,-1.025534,0.019387,-0.140625
1784159154.267992,8,-1.025534,0.019387,-0.148438
1784159154.277974,8,-1.025564,-0.038774,-0.148438
1784159154.287974,8,-1.025564,-0.038774,-0.148438
1784159154.298003,8,-1.025564,-0.073670,-0.148438
1784159154.307973,8,-1.025564,-0.023264,-0.148438
1784159154.317983,8,-1.025564,-0.034896,-0.152344
1784159154.327987,8,-1.025564,-0.027142,-0.140625
1784159154.337979,8,-1.025564,-0.038774,-0.148438
1784159154.347982,8,-1.025534,0.031019,-0.148438
1784159154.358077,8,-1.025564,-0.027142,-0.148438
1784159154.367971,8,-1.025534,0.034896,-0.140625
1784159154.377991,8,-1.025534,0.015509,-0.140625
1784159154.387982,8,-1.025564,-0.027142,-0.148438
1784159154.397980,8,-1.025534,0.027142,-0.152344
1784159154.407982,8,-1.025564,-0.034896,-0.156250
1784159154.418055,8,-1.025534,0.023264,-0.152344
1784159154.428050,8,-1.025564,-0.007755,-0.148438
1784159154.438015,8,-1.025564,-0.031019,-0.152344
1784159154.447977,8,-1.025564,-0.034896,-0.152344
1784159154.458008,8,-1.025564,-0.038774,-0.152344
1784159154.467985,8,-1.025564,-0.015509,-0.152344
1784159154.478001,8,-1.025564,-0.038774,-0.148438
1784159154.488050,8,-1.025534,0.054283,-0.148438
1784159154.498071,8,-1.025534,0.034896,-0.140625
1784159154.508074,8,-1.025564,-0.023264,-0.152344
1784159154.517985,8,-1.025595,-0.085302,-0.148438
1784159154.527984,8,-1.025534,0.031019,-0.140625
1784159154.537997,8,-1.025595,-0.065915,-0.148438
1784159154.547964,8,-1.025564,-0.038774,-0.148438
1784159154.558110,8,-1.025564,-0.031019,-0.148438
1784159154.567964,8,-1.025564,-0.023264,-0.140625
1784159154.577960,8,-1.025564,-0.038774,-0.156250
1784159154.587961,8,-1.025564,-0.038774,-0.148438
1784159154.597965,8,-1.025564,-0.027142,-0.148438
1784159154.607960,8,-1.025595,-0.062038,-0.148438
1784159154.618061,8,-1.025534,0.034896,-0.152344
1784159154.627963,8,-1.025595,-0.073670,-0.152344
1784159154.637966,8,-1.025534,0.011632,-0.148438
1784159154.647963,8,-1.025564,-0.023264,-0.148438
1784159154.657966,8,-1.025564,-0.031019,-0.148438
1784159154.667962,8,-1.025564,-0.038774,-0.140625
1784159154.677958,8,-1.025595,-0.031019,-0.140625
1784159154.687958,8,-1.025595,-0.073670,-0.148438
1784159154.697959,8,-1.025595,-0.089180,-0.148438
1784159154.707962,8,-1.025595,-0.089180,-0.148438
1784159154.717963,8,-1.025564,-0.031019,-0.140625
1784159154.727965,8,-1.025534,0.027142,-0.152344
1784159154.737964,8,-1.025564,-0.038774,-0.152344
1784159154.747975,8,-1.025595,-0.065915,-0.152344
1784159154.757955,8,-1.025534,0.034896,-0.164062
1784159154.767963,8,-1.025564,-0.034896,-0.152344
1784159154.777958,8,-1.025534,0.007755,-0.152344
1784159154.787955,8,-1.025534,0.015509,-0.140625
1784159154.797956,8,-1.025564,-0.034896,-0.140625
1784159154.807957,8,-1.025595,-0.069793,-0.148438
1784159154.817959,8,-1.025564,-0.034896,-0.152344
1784159154.827945,8,-1.025564,-0.034896,-0.152344
1784159154.837933,8,-1.025595,-0.096934,-0.156250
1784159154.847935,8,-1.025534,0.027142,-0.148438
1784159154.857940,8,-1.025534,0.027142,-0.148438
1784159154.867949,8,-1.025534,0.023264,-0.152344
1784159154.877936,8,-1.025564,-0.034896,-0.140625
1784159154.887936,8,-1.025564,-0.038774,-0.148438
1784159154.897935,8,-1.025534,0.007755,-0.148438
1784159154.907936,8,-1.025564,-0.038774,-0.152344
1784159154.917936,8,-1.025564,-0.093057,-0.148438
1784159154.927938,8,-1.025564,-0.038774,-0.152344
1784159154.937940,8,-1.025564,-0.019387,-0.140625
1784159154.947936,8,-1.025564,-0.015509,-0.152344
1784159154.957941,8,-1.025564,-0.050406,-0.156250
1784159154.967937,8,-1.025595,-0.081425,-0.148438
1784159154.977936,8,-1.025534,0.019387,-0.148438
1784159154.987938,8,-1.025564,-0.042651,-0.148438
1784159154.997939,8,-1.025564,-0.015509,-0.148438
1784159155.007933,8,-1.025564,-0.023264,-0.148438
1784159155.017936,8,-1.025564,-0.007755,-0.148438
1784159155.027942,8,-1.025534,0.019387,-0.156250
1784159155.037934,8,-1.025534,0.034896,-0.148438
1784159155.047940,8,-1.025564,0.019387,-0.140625
1784159155.057938,8,-1.025534,0.019387,-0.148438
1784159155.067938,8,-1.025564,-0.034896,-0.148438
1784159155.077937,8,-1.025564,-0.027142,-0.148438
1784159155.087938,8,-1.025564,-0.031019,-0.148438
1784159155.097936,8,-1.025564,-0.031019,-0.140625
1784159155.107918,8,-1.025564,-0.031019,-0.152344
1784159155.117918,8,-1.025564,-0.031019,-0.152344
1784159155.127918,8,-1.025564,-0.038774,-0.140625
1784159155.137916,8,-1.025534,0.027142,-0.148438
1784159155.147922,8,-1.025564,-0.038774,-0.152344
1784159155.157915,8,-1.025534,0.031019,-0.140625
1784159155.167920,8,-1.025595,-0.081425,-0.140625
1784159155.177915,8,-1.025564,-0.034896,-0.148438
1784159155.187920,8,-1.025564,-0.019387,-0.148438
1784159155.197921,8,-1.025595,0.023264,-0.148438
1784159155.207915,8,-1.025564,-0.027142,-0.148438
1784159155.217919,8,-1.025564,-0.031019,-0.148438
1784159155.227921,8,-1.025595,-0.089180,-0.156250
1784159155.237919,8,-1.025564,-0.054283,-0.152344
1784159155.247919,8,-1.025564,-0.027142,-0.140625
1784159155.257920,8,-1.025534,0.011632,-0.156250
1784159155.267920,8,-1.025534,-0.031019,-0.140625
1784159155.277994,8,-1.025564,0.019387,-0.148438
1784159155.287915,8,-1.025595,-0.085302,-0.148438
1784159155.297924,8,-1.025595,-0.085302,-0.148438
1784159155.307918,8,-1.025564,-0.027142,-0.152344
1784159155.317919,8,-1.025564,-0.038774,-0.148438
1784159155.327919,8,-1.025534,0.023264,-0.140625
1784159155.337931,8,-1.025595,-0.081425,-0.148438
1784159155.347922,8,-1.025534,0.015509,-0.148438
1784159155.357916,8,-1.025564,-0.031019,-0.152344
1784159155.368000,8,-1.025564,-0.031019,-0.148438
1784159155.377898,8,-1.025564,-0.019387,-0.140625
1784159155.387900,8,-1.025564,-0.038774,-0.140625
1784159155.397901,8,-1.025564,-0.038774,-0.152344
1784159155.407899,8,-1.025595,0.031019,-0.152344
1784159155.417901,8,-1.025534,0.019387,-0.152344
1784159155.427900,8,-1.025564,-0.038774,-0.148438
1784159155.437899,8,-1.025595,-0.100812,-0.152344
1784159155.447902,8,-1.025564,-0.027142,-0.156250
1784159155.457900,8,-1.025534,0.019387,-0.148438
1784159155.467896,8,-1.025595,-0.093057,-0.152344
1784159155.477902,8,-1.025564,-0.034896,-0.148438
1784159155.487909,8,-1.025534,0.023264,-0.148438
1784159155.497903,8,-1.025564,-0.038774,-0.148438
1784159155.507905,8,-1.025534,-0.027142,-0.152344
1784159155.517902,8,-1.025564,-0.042651,-0.152344
1784159155.527905,8,-1.025564,-0.023264,-0.140625
1784159155.537903,8,-1.025564,-0.015509,-0.148438
1784159155.547903,8,-1.025564,-0.015509,-0.148438
1784159155.557899,8,-1.025534,-0.077547,-0.148438
1784159155.567899,8,-1.025564,-0.038774,-0.152344
1784159155.577905,8,-1.025564,-0.034896,-0.152344
1784159155.587904,8,-1.025564,-0.027142,-0.148438
1784159155.597904,8,-1.025534,0.023264,-0.148438
1784159155.607903,8,-1.025564,-0.015509,-0.148438
1784159155.617907,8,-1.025534,0.023264,-0.148438
1784159155.627903,8,-1.025564,-0.015509,-0.148438
1784159155.637952,8,-1.025564,-0.027142,-0.152344
1784159155.647973,8,-1.025564,-0.042651,-0.152344
1784159155.657883,8,-1.025564,-0.027142,-0.148438
1784159155.667883,8,-1.025534,0.015509,-0.152344
1784159155.677883,8,-1.025564,-0.034896,-0.152344
1784159155.687885,8,-1.025564,-0.023264,-0.148438
1784159155.697886,8,-1.025564,-0.038774,-0.148438
1784159155.707889,8,-1.025595,-0.096934,-0.152344
1784159155.717884,8,-1.025534,-0.023264,-0.140625
1784159155.727883,8,-1.025534,0.019387,-0.152344
1784159155.737883,8,-1.025564,-0.023264,-0.152344
1784159155.747883,8,-1.025534,0.019387,-0.148438
1784159155.757883,8,-1.025564,-0.027142,-0.140625
1784159155.767888,8,-1.025504,0.077547,-0.152344
1784159155.777884,8,-1.025564,-0.038774,-0.152344
1784159155.787887,8,-1.025564,-0.042651,-0.152344
1784159155.797886,8,-1.025534,0.019387,-0.140625
1784159155.807887,8,-1.025564,-0.038774,-0.152344
1784159155.817885,8,-1.025564,-0.046528,-0.152344
1784159155.827884,8,-1.025564,-0.038774,-0.148438
1784159155.837881,8,-1.025564,-0.096934,-0.152344
1784159155.847885,8,-1.025564,-0.038774,-0.152344
1784159155.857885,8,-1.025564,-0.038774,-0.152344
1784159155.867886,8,-1.025534,0.015509,-0.152344
1784159155.877885,8,-1.025534,0.003877,-0.152344
1784159155.887886,8,-1.025564,-0.038774,-0.152344
1784159155.897883,8,-1.025534,0.023264,-0.140625
1784159155.907884,8,-1.025564,-0.038774,-0.152344
1784159155.917885,8,-1.025564,-0.031019,-0.148438
1784159155.927884,8,-1.025564,-0.038774,-0.152344
1784159155.937867,8,-1.025564,-0.038774,-0.152344
1784159155.947869,8,-1.025564,-0.027142,-0.148438
1784159155.957868,8,-1.025534,0.019387,-0.148438
1784159155.967865,8,-1.025534,0.023264,-0.152344
1784159155.977867,8,-1.025564,-0.031019,-0.148438
1784159155.987867,8,-1.025564,-0.031019,-0.140625
1784159155.997865,8,-1.025564,-0.031019,-0.148438
1784159156.007874,8,-1.025564,-0.038774,-0.152344
1784159156.017868,8,-1.025564,-0.038774,-0.148438
1784159156.027873,8,-1.025534,0.031019,-0.148438
1784159156.037871,8,-1.025564,-0.031019,-0.140625
1784159156.047866,8,-1.025564,-0.038774,-0.148438
1784159156.057867,8,-1.025595,-0.093057,-0.156250
1784159156.067866,8,-1.025595,-0.089180,-0.148438
1784159156.077871,8,-1.025564,-0.038774,-0.148438
1784159156.087867,8,-1.025564,-0.027142,-0.148438
1784159156.097867,8,-1.025534,0.007755,-0.148438
1784159156.107892,8,-1.025564,-0.038774,-0.148438
1784159156.117874,8,-1.025534,0.019387,-0.152344
1784159156.127865,8,-1.025595,-0.019387,-0.148438
1784159156.137953,8,-1.025564,-0.038774,-0.140625
1784159156.147869,8,-1.025564,-0.038774,-0.152344
1784159156.157867,8,-1.025534,0.019387,-0.148438
1784159156.167958,8,-1.025564,-0.031019,-0.152344
1784159156.177864,8,-1.025564,-0.038774,-0.148438
1784159156.187942,8,-1.025595,-0.093057,-0.148438
1784159156.197966,8,-1.025564,-0.031019,-0.152344
1784159156.207863,8,-1.025564,-0.034896,-0.148438
1784159156.217847,8,-1.025564,-0.050406,-0.152344
1784159156.227847,8,-1.025564,-0.046528,-0.148438
1784159156.237841,8,-1.025564,-0.038774,-0.148438
1784159156.247845,8,-1.025564,-0.031019,-0.156250
1784159156.257851,8,-1.025564,-0.031019,-0.152344
1784159156.267852,8,-1.025534,0.015509,-0.148438
1784159156.277845,8,-1.025534,0.019387,-0.148438
1784159156.287845,8,-1.025534,0.019387,-0.152344
1784159156.297844,8,-1.025564,-0.038774,-0.156250
1784159156.307846,8,-1.025564,-0.031019,-0.148438
1784159156.317847,8,-1.025564,-0.038774,-0.156250
1784159156.327852,8,-1.025595,-0.093057,-0.148438
1784159156.337853,8,-1.025534,0.019387,-0.148438
1784159156.347848,8,-1.025564,-0.015509,-0.148438
1784159156.357848,8,-1.025534,0.019387,-0.148438
1784159156.367855,8,-1.025564,-0.042651,-0.152344
1784159156.377848,8,-1.025534,0.011632,-0.148438
1784159156.387845,8,-1.025564,0.015509,-0.148438
1784159156.397849,8,-1.025564,-0.038774,-0.152344
1784159156.407854,8,-1.025564,-0.046528,-0.148438
1784159156.417852,8,-1.025564,-0.023264,-0.148438
1784159156.427849,8,-1.025564,-0.038774,-0.148438
1784159156.437850,8,-1.025534,0.015509,-0.148438
1784159156.447829,8,-1.025564,-0.031019,-0.152344
1784159156.457849,8,-1.025564,-0.038774,-0.152344
1784159156.467849,8,-1.025534,0.011632,-0.148438
1784159156.477831,8,-1.025564,-0.019387,-0.148438
1784159156.487837,8,-1.025534,0.015509,-0.152344
1784159156.497830,8,-1.025564,-0.038774,-0.148438
1784159156.507830,8,-1.025564,-0.038774,-0.152344
1784159156.517824,8,-1.025564,-0.038774,-0.148438
1784159156.527833,8,-1.025564,-0.038774,-0.140625
1784159156.537831,8,-1.025534,0.019387,-0.148438
1784159156.547833,8,-1.025534,0.007755,-0.148438
1784159156.557831,8,-1.025564,-0.046528,-0.152344
1784159156.567831,8,-1.025534,0.019387,-0.148438
1784159156.577842,8,-1.025564,-0.038774,-0.140625
1784159156.587831,8,-1.025534,0.019387,-0.156250
1784159156.597833,8,-1.025564,-0.038774,-0.136719
1784159156.607833,8,-1.025534,0.031019,-0.148438
1784159156.617832,8,-1.025564,-0.015509,-0.148438
1784159156.627835,8,-1.025564,-0.038774,-0.148438
1784159156.637831,8,-1.025564,-0.046528,-0.156250
1784159156.647833,8,-1.025564,-0.042651,-0.148438
1784159156.657837,8,-1.025564,-0.038774,-0.152344
1784159156.667830,8,-1.025564,0.015509,-0.152344
1784159156.677833,8,-1.025564,-0.038774,-0.148438
1784159156.687830,8,-1.025564,-0.042651,-0.148438
1784159156.697831,8,-1.025564,-0.046528,-0.152344
1784159156.707842,8,-1.025534,0.000000,-0.152344
1784159156.717832,8,-1.025564,-0.034896,-0.152344
1784159156.727831,8,-1.025564,-0.034896,-0.140625
1784159156.737818,8,-1.025564,-0.038774,-0.148438
1784159156.747810,8,-1.025564,-0.038774,-0.148438
1784159156.757830,8,-1.025534,0.011632,-0.148438
1784159156.767815,8,-1.025564,-0.046528,-0.148438
1784159156.777810,8,-1.025534,0.023264,-0.152344
1784159156.787814,8,-1.025534,-0.027142,-0.148438
1784159156.797813,8,-1.025534,0.031019,-0.148438
1784159156.807815,8,-1.025564,-0.038774,-0.148438
1784159156.817827,8,-1.025534,0.015509,-0.148438
1784159156.827812,8,-1.025564,-0.038774,-0.148438
1784159156.837811,8,-1.025564,-0.038774,-0.148438
1784159156.847813,8,-1.025534,0.007755,-0.148438
1784159156.857812,8,-1.025564,-0.038774,-0.148438
1784159156.867813,8,-1.025595,-0.093057,-0.148438
1784159156.877813,8,-1.025534,0.019387,-0.148438
1784159156.887815,8,-1.025564,-0.042651,-0.148438
1784159156.897812,8,-1.025564,-0.038774,-0.148438
1784159156.907817,8,-1.025564,0.003877,-0.148438
1784159156.917814,8,-1.025564,-0.034896,-0.148438
1784159156.927816,8,-1.025564,-0.038774,-0.148438
1784159156.937814,8,-1.025564,-0.058161,-0.152344
1784159156.947817,8,-1.025534,0.015509,-0.152344
1784159156.957819,8,-1.025564,-0.038774,-0.148438
1784159156.967813,8,-1.025564,-0.042651,-0.148438
1784159156.977813,8,-1.025564,-0.038774,-0.148438
1784159156.987815,8,-1.025534,0.019387,-0.148438
1784159156.997820,8,-1.025534,0.007755,-0.156250
1784159157.007816,8,-1.025595,-0.100812,-0.156250
1784159157.017793,8,-1.025534,0.007755,-0.152344
1784159157.027798,8,-1.025564,0.015509,-0.152344
1784159157.037871,8,-1.025564,-0.042651,-0.148438
1784159157.047796,8,-1.025534,0.000000,-0.152344
1784159157.057793,8,-1.025534,0.023264,-0.152344
1784159157.067852,8,-1.025564,-0.050406,-0.148438
1784159157.077796,8,-1.025564,-0.027142,-0.148438
1784159157.087794,8,-1.025534,0.015509,-0.152344
1784159157.097791,8,-1.025534,0.034896,-0.156250
1784159157.107791,8,-1.025564,-0.038774,-0.156250
1784159157.117798,8,-1.025564,-0.027142,-0.148438
1784159157.127886,8,-1.025564,-0.038774,-0.152344
1784159157.137794,8,-1.025534,0.011632,-0.148438
1784159157.147793,8,-1.025595,-0.093057,-0.148438
1784159157.157795,8,-1.025564,-0.038774,-0.152344
1784159157.167798,8,-1.025534,0.007755,-0.156250
1784159157.177800,8,-1.025595,-0.093057,-0.148438
1784159157.187796,8,-1.025534,0.015509,-0.152344
1784159157.197795,8,-1.025564,-0.034896,-0.152344
1784159157.207795,8,-1.025595,-0.093057,-0.152344
1784159157.217795,8,-1.025564,-0.031019,-0.148438
1784159157.227795,8,-1.025564,-0.038774,-0.140625
1784159157.237800,8,-1.025564,-0.038774,-0.152344
1784159157.247798,8,-1.025564,-0.038774,-0.152344
1784159157.257795,8,-1.025564,-0.038774,-0.140625
1784159157.267798,8,-1.025564,-0.038774,-0.156250
1784159157.277794,8,-1.025564,-0.038774,-0.152344
1784159157.287778,8,-1.025564,-0.038774,-0.152344
1784159157.297781,8,-1.025564,-0.042651,-0.148438
1784159157.307780,8,-1.025564,-0.038774,-0.148438
1784159157.317779,8,-1.025564,-0.038774,-0.152344
1784159157.327775,8,-1.025534,0.007755,-0.148438
1784159157.337779,8,-1.025504,0.069793,-0.152344
1784159157.347777,8,-1.025564,-0.038774,-0.148438
1784159157.357776,8,-1.025564,-0.038774,-0.156250
1784159157.367780,8,-1.025534,0.019387,-0.148438
1784159157.377776,8,-1.025564,-0.038774,-0.152344
1784159157.387776,8,-1.025564,-0.038774,-0.148438
1784159157.397784,8,-1.025564,-0.038774,-0.148438
1784159157.407787,8,-1.025564,-0.042651,-0.152344
1784159157.417780,8,-1.025534,0.019387,-0.148438
1784159157.427777,8,-1.025564,-0.042651,-0.148438
1784159157.437791,8,-1.025564,-0.027142,-0.148438
1784159157.447780,8,-1.025534,0.015509,-0.148438
1784159157.457775,8,-1.025564,-0.038774,-0.152344
1784159157.467777,8,-1.025534,0.031019,-0.148438
1784159157.477780,8,-1.025564,-0.027142,-0.152344
1784159157.487777,8,-1.025564,-0.038774,-0.152344
1784159157.497782,8,-1.025564,-0.046528,-0.140625
1784159157.507779,8,-1.025564,-0.038774,-0.152344
1784159157.517778,8,-1.025564,-0.031019,-0.148438
1784159157.527777,8,-1.025564,-0.038774,-0.152344
1784159157.537787,8,-1.025534,0.007755,-0.140625
1784159157.547778,8,-1.025564,-0.038774,-0.148438
1784159157.557781,8,-1.025534,0.015509,-0.152344
1784159157.567760,8,-1.025564,-0.034896,-0.152344
1784159157.577761,8,-1.025534,0.019387,-0.140625
1784159157.587765,8,-1.025564,-0.042651,-0.156250
1784159157.597760,8,-1.025564,-0.038774,-0.148438
1784159157.607769,8,-1.025534,0.019387,-0.152344
1784159157.617763,8,-1.025534,0.007755,-0.148438
1784159157.627757,8,-1.025534,0.000000,-0.152344
1784159157.637768,8,-1.025564,-0.031019,-0.148438
1784159157.647762,8,-1.025564,-0.038774,-0.156250
1784159157.657777,8,-1.025564,-0.046528,-0.148438
1784159157.667756,8,-1.025534,0.003877,-0.148438
1784159157.677759,8,-1.025564,-0.054283,-0.140625
1784159157.687759,8,-1.025564,-0.038774,-0.152344
1784159157.697759,8,-1.025564,-0.034896,-0.152344
1784159157.707769,8,-1.025534,0.011632,-0.148438
1784159157.717759,8,-1.025564,-0.042651,-0.152344
1784159157.727762,8,-1.025534,0.015509,-0.148438
1784159157.737759,8,-1.025534,0.019387,-0.148438
1784159157.747761,8,-1.025564,-0.038774,-0.156250
1784159157.757760,8,-1.025534,0.015509,-0.152344
1784159157.767759,8,-1.025564,-0.050406,-0.148438
1784159157.777764,8,-1.025534,0.011632,-0.148438
1784159157.787762,8,-1.025564,-0.034896,-0.148438
1784159157.797759,8,-1.025564,-0.054283,-0.148438
1784159157.807758,8,-1.025564,-0.038774,-0.152344
1784159157.817763,8,-1.025534,0.015509,-0.136719
1784159157.827760,8,-1.025564,-0.038774,-0.148438
1784159157.837739,8,-1.025564,-0.046528,-0.140625
1784159157.847741,8,-1.025534,0.003877,-0.152344
1784159157.857740,8,-1.025564,-0.038774,-0.148438
1784159157.867740,8,-1.025534,0.011632,-0.140625
1784159157.877742,8,-1.025534,0.011632,-0.152344
1784159157.887739,8,-1.025564,-0.038774,-0.148438
1784159157.897737,8,-1.025564,-0.046528,-0.148438
1784159157.907739,8,-1.025564,-0.042651,-0.140625
1784159157.917741,8,-1.025564,-0.038774,-0.152344
1784159157.927741,8,-1.025534,0.011632,-0.148438
1784159157.937741,8,-1.025564,0.007755,-0.148438
1784159157.947742,8,-1.025534,0.007755,-0.148438
1784159157.957743,8,-1.025564,-0.038774,-0.148438
1784159157.967744,8,-1.025595,-0.093057,-0.148438
1784159157.977748,8,-1.025534,0.007755,-0.148438
1784159157.987748,8,-1.025564,-0.046528,-0.148438
1784159157.997743,8,-1.025534,0.027142,-0.148438
1784159158.007747,8,-1.025564,-0.046528,-0.152344
1784159158.017743,8,-1.025564,-0.046528,-0.148438
1784159158.027741,8,-1.025564,-0.058161,-0.140625
1784159158.037748,8,-1.025534,-0.058161,-0.148438
1784159158.047744,8,-1.025564,-0.038774,-0.148438
1784159158.057748,8,-1.025564,-0.038774,-0.152344
1784159158.067746,8,-1.025534,0.023264,-0.148438
1784159158.077747,8,-1.025564,-0.038774,-0.156250
1784159158.087742,8,-1.025534,0.015509,-0.152344
1784159158.097739,8,-1.025595,-0.104689,-0.156250
1784159158.107723,8,-1.025534,0.003877,-0.152344
1784159158.117722,8,-1.025534,0.015509,-0.148438
1784159158.127724,8,-1.025534,0.019387,-0.148438
1784159158.137723,8,-1.025564,-0.038774,-0.152344
1784159158.147723,8,-1.025534,0.015509,-0.156250
1784159158.157730,8,-1.025564,-0.038774,-0.156250
1784159158.167721,8,-1.025564,-0.034896,-0.148438
1784159158.177724,8,-1.025534,-0.007755,-0.152344
1784159158.187723,8,-1.025564,-0.034896,-0.148438
1784159158.197721,8,-1.025564,-0.038774,-0.148438
1784159158.207719,8,-1.025534,0.000000,-0.148438
1784159158.217723,8,-1.025595,-0.093057,-0.148438
1784159158.227731,8,-1.025534,0.003877,-0.152344
1784159158.237726,8,-1.025564,-0.042651,-0.148438
1784159158.247731,8,-1.025564,-0.038774,-0.148438
1784159158.257725,8,-1.025564,0.019387,-0.148438
1784159158.267723,8,-1.025564,-0.038774,-0.152344
1784159158.277729,8,-1.025534,0.015509,-0.152344
1784159158.287723,8,-1.025564,-0.027142,-0.148438
1784159158.297723,8,-1.025564,-0.038774,-0.156250
1784159158.307726,8,-1.025564,-0.058161,-0.148438
1784159158.317725,8,-1.025564,-0.038774,-0.148438
1784159158.327724,8,-1.025564,-0.038774,-0.152344
1784159158.337728,8,-1.025564,-0.050406,-0.152344
1784159158.347727,8,-1.025564,-0.038774,-0.152344
1784159158.357726,8,-1.025564,-0.038774,-0.140625
1784159158.367725,8,-1.025564,-0.058161,-0.148438
1784159158.377704,8,-1.025564,-0.034896,-0.148438
1784159158.387725,8,-1.025534,0.000000,-0.140625
1784159158.397729,8,-1.025534,0.011632,-0.152344
1784159158.407706,8,-1.025504,0.058161,-0.156250
1784159158.417723,8,-1.025534,0.000000,-0.148438
1784159158.427706,8,-1.025564,-0.038774,-0.152344
1784159158.437775,8,-1.025534,0.003877,-0.148438
1784159158.447707,8,-1.025564,-0.042651,-0.148438
1784159158.457706,8,-1.025564,-0.054283,-0.148438
1784159158.467708,8,-1.025564,-0.042651,-0.148438
1784159158.477707,8,-1.025534,-0.096934,-0.152344
1784159158.487710,8,-1.025564,-0.046528,-0.148438
1784159158.497705,8,-1.025564,-0.027142,-0.152344
1784159158.507708,8,-1.025564,-0.038774,-0.148438
1784159158.517710,8,-1.025564,-0.046528,-0.140625
1784159158.527703,8,-1.025564,-0.038774,-0.152344
1784159158.537709,8,-1.025534,0.000000,-0.152344
1784159158.547707,8,-1.025534,0.019387,-0.152344
1784159158.557709,8,-1.025564,-0.042651,-0.148438
1784159158.567724,8,-1.025534,0.015509,-0.148438
1784159158.577707,8,-1.025564,-0.038774,-0.152344
1784159158.587708,8,-1.025534,0.007755,-0.156250
1784159158.597709,8,-1.025564,-0.042651,-0.156250
1784159158.607709,8,-1.025595,-0.093057,-0.140625
1784159158.617710,8,-1.025564,-0.038774,-0.140625
1784159158.627711,8,-1.025564,-0.038774,-0.140625
1784159158.637706,8,-1.025534,0.011632,-0.140625
1784159158.647778,8,-1.025564,-0.050406,-0.156250
1784159158.657707,8,-1.025564,-0.058161,-0.152344
1784159158.667686,8,-1.025534,0.007755,-0.156250
1784159158.677686,8,-1.025564,-0.038774,-0.148438
1784159158.687706,8,-1.025534,0.019387,-0.148438
1784159158.697686,8,-1.025534,0.000000,-0.152344
1784159158.707693,8,-1.025595,-0.100812,-0.152344
1784159158.717686,8,-1.025534,0.000000,-0.152344
1784159158.727691,8,-1.025534,0.007755,-0.152344
1784159158.737686,8,-1.025564,-0.050406,-0.148438
1784159158.747687,8,-1.025534,0.000000,-0.152344
1784159158.757686,8,-1.025534,0.000000,-0.140625
1784159158.767686,8,-1.025564,-0.038774,-0.148438
1784159158.777686,8,-1.025564,-0.042651,-0.152344
1784159158.787699,8,-1.025564,0.019387,-0.140625
1784159158.797687,8,-1.025534,0.003877,-0.152344
1784159158.807692,8,-1.025564,-0.058161,-0.152344
1784159158.817687,8,-1.025564,-0.038774,-0.148438
1784159158.827692,8,-1.025534,0.007755,-0.140625
1784159158.837698,8,-1.025564,-0.038774,-0.140625
1784159158.847689,8,-1.025564,-0.058161,-0.140625
1784159158.857688,8,-1.025564,-0.058161,-0.152344
1784159158.867687,8,-1.025564,-0.058161,-0.156250
1784159158.877686,8,-1.025534,0.015509,-0.148438
1784159158.887691,8,-1.025564,-0.042651,-0.148438
1784159158.897688,8,-1.025534,0.003877,-0.148438
1784159158.907694,8,-1.025534,0.003877,-0.148438
1784159158.917692,8,-1.025564,-0.058161,-0.140625
1784159158.927694,8,-1.025534,-0.007755,-0.148438
1784159158.937691,8,-1.025564,-0.042651,-0.148438
1784159158.947670,8,-1.025564,-0.054283,-0.152344
1784159158.957670,8,-1.025534,-0.003877,-0.140625
1784159158.967680,8,-1.025564,-0.058161,-0.152344
1784159158.977681,8,-1.025534,0.000000,-0.156250
1784159158.987670,8,-1.025534,0.015509,-0.152344
1784159158.997669,8,-1.025534,0.011632,-0.148438
1784159159.007673,8,-1.025534,0.000000,-0.152344
1784159159.017668,8,-1.025534,0.000000,-0.152344
1784159159.027671,8,-1.025534,0.015509,-0.152344
1784159159.037669,8,-1.025564,-0.031019,-0.152344
1784159159.047672,8,-1.025534,0.003877,-0.152344
1784159159.057669,8,-1.025534,0.019387,-0.156250
1784159159.067671,8,-1.025534,0.023264,-0.148438
1784159159.077673,8,-1.025564,-0.058161,-0.152344
1784159159.087669,8,-1.025534,0.019387,-0.148438
1784159159.097738,8,-1.025564,-0.058161,-0.152344
1784159159.107670,8,-1.025564,-0.023264,-0.156250
1784159159.117669,8,-1.025564,-0.034896,-0.156250
1784159159.127671,8,-1.025534,0.019387,-0.140625
1784159159.137672,8,-1.025564,-0.085302,-0.152344
1784159159.147675,8,-1.025564,0.015509,-0.148438
1784159159.157671,8,-1.025564,-0.038774,-0.148438
1784159159.167678,8,-1.025564,-0.038774,-0.152344
1784159159.177676,8,-1.025564,-0.038774,-0.156250
1784159159.187673,8,-1.025534,0.011632,-0.140625
1784159159.197670,8,-1.025564,-0.019387,-0.140625
1784159159.207673,8,-1.025564,-0.042651,-0.148438
1784159159.217653,8,-1.025534,0.027142,-0.148438
1784159159.227651,8,-1.025534,0.031019,-0.152344
1784159159.237660,8,-1.025534,0.015509,-0.164062
1784159159.247653,8,-1.025534,0.007755,-0.148438
1784159159.257651,8,-1.025564,-0.042651,-0.152344
1784159159.267651,8,-1.025564,-0.038774,-0.140625
1784159159.277651,8,-1.025564,-0.058161,-0.140625
1784159159.287655,8,-1.025564,-0.038774,-0.148438
1784159159.297715,8,-1.025595,-0.093057,-0.148438
1784159159.307653,8,-1.025564,-0.031019,-0.148438
1784159159.317656,8,-1.025564,-0.042651,-0.148438
1784159159.327654,8,-1.025564,-0.046528,-0.140625
1784159159.337652,8,-1.025564,-0.038774,-0.148438
1784159159.347658,8,-1.025534,0.027142,-0.156250
1784159159.357655,8,-1.025534,0.011632,-0.152344
1784159159.367656,8,-1.025534,0.023264,-0.152344
1784159159.377654,8,-1.025534,0.031019,-0.152344
1784159159.387654,8,-1.025595,-0.093057,-0.148438
1784159159.397655,8,-1.025534,0.019387,-0.148438
1784159159.407656,8,-1.025564,-0.042651,-0.152344
1784159159.417654,8,-1.025564,-0.038774,-0.148438
1784159159.427653,8,-1.025595,-0.023264,-0.148438
1784159159.437665,8,-1.025564,-0.038774,-0.148438
1784159159.447662,8,-1.025564,-0.034896,-0.148438
1784159159.457659,8,-1.025564,-0.038774,-0.156250
1784159159.467656,8,-1.025564,-0.054283,-0.152344
1784159159.477656,8,-1.025534,0.015509,-0.148438
1784159159.487655,8,-1.025534,0.023264,-0.152344
1784159159.497634,8,-1.025534,0.019387,-0.152344
1784159159.507633,8,-1.025595,-0.108566,-0.148438
1784159159.517640,8,-1.025564,-0.042651,-0.152344
1784159159.527731,8,-1.025564,-0.027142,-0.148438
1784159159.537719,8,-1.025564,-0.034896,-0.152344
1784159159.547637,8,-1.025564,-0.054283,-0.152344
1784159159.557635,8,-1.025564,-0.038774,-0.148438
1784159159.567637,8,-1.025564,-0.038774,-0.148438
1784159159.577637,8,-1.025534,0.003877,-0.140625
1784159159.587635,8,-1.025534,0.027142,-0.156250
1784159159.597634,8,-1.025534,-0.046528,-0.156250
1784159159.607642,8,-1.025564,-0.015509,-0.148438
1784159159.617640,8,-1.025564,-0.023264,-0.148438
1784159159.627635,8,-1.025595,-0.096934,-0.148438
1784159159.637640,8,-1.025564,-0.050406,-0.148438
1784159159.647649,8,-1.025534,-0.046528,-0.152344
1784159159.657714,8,-1.025534,0.023264,-0.148438
1784159159.667641,8,-1.025564,-0.027142,-0.148438
1784159159.677643,8,-1.025564,-0.038774,-0.148438
1784159159.687639,8,-1.025564,-0.050406,-0.156250
1784159159.697638,8,-1.025534,0.015509,-0.156250
1784159159.707636,8,-1.025564,-0.046528,-0.152344
1784159159.717639,8,-1.025564,-0.050406,-0.152344
1784159159.727641,8,-1.025564,-0.050406,-0.148438
1784159159.737638,8,-1.025595,-0.108566,-0.140625
1784159159.747637,8,-1.025534,0.003877,-0.148438
1784159159.757637,8,-1.025564,0.019387,-0.148438
1784159159.767620,8,-1.025564,-0.034896,-0.152344
1784159159.777619,8,-1.025534,0.019387,-0.152344
1784159159.787618,8,-1.025564,-0.019387,-0.148438
1784159159.797620,8,-1.025534,-0.058161,-0.148438
1784159159.807619,8,-1.025534,0.015509,-0.152344
1784159159.817617,8,-1.025564,-0.031019,-0.132812
1784159159.827616,8,-1.025595,-0.100812,-0.148438
1784159159.837620,8,-1.025534,0.015509,-0.148438
1784159159.847619,8,-1.025534,0.011632,-0.152344
1784159159.857618,8,-1.025564,-0.042651,-0.148438
1784159159.867618,8,-1.025534,0.007755,-0.148438
1784159159.877625,8,-1.025534,0.011632,-0.140625
1784159159.887624,8,-1.025595,-0.096934,-0.148438
1784159159.897626,8,-1.025534,0.027142,-0.148438
1784159159.907626,8,-1.025504,0.073670,-0.140625
1784159159.917625,8,-1.025564,-0.058161,-0.148438
1784159159.927624,8,-1.025534,0.011632,-0.152344
1784159159.937626,8,-1.025564,-0.031019,-0.152344
1784159159.947625,8,-1.025534,0.011632,-0.148438
1784159159.957625,8,-1.025564,-0.038774,-0.148438
1784159159.967627,8,-1.025534,0.015509,-0.152344
1784159159.977626,8,-1.025564,-0.038774,-0.156250
1784159159.987626,8,-1.025534,0.027142,-0.152344
1784159159.997626,8,-1.025534,0.007755,-0.148438
1784159160.007627,8,-1.025534,0.015509,-0.148438
1784159160.017627,8,-1.025534,0.000000,-0.152344
1784159160.027627,8,-1.025564,-0.054283,-0.152344
1784159160.037667,8,-1.025534,0.007755,-0.152344
1784159160.047607,8,-1.025564,-0.038774,-0.148438
1784159160.057594,8,-1.025595,-0.093057,-0.148438
1784159160.067603,8,-1.025564,-0.034896,-0.152344
1784159160.077606,8,-1.025534,0.000000,-0.152344
1784159160.087606,8,-1.025595,-0.093057,-0.152344
1784159160.097711,8,-1.025564,-0.062038,-0.152344
1784159160.107694,8,-1.025534,0.015509,-0.152344
1784159160.117604,8,-1.025534,0.000000,-0.152344
1784159160.127607,8,-1.025534,0.019387,-0.156250
1784159160.137605,8,-1.025534,0.000000,-0.148438
1784159160.147601,8,-1.025564,-0.019387,-0.152344
1784159160.157594,8,-1.025564,-0.054283,-0.152344
1784159160.167604,8,-1.025564,-0.042651,-0.156250
1784159160.177605,8,-1.025534,0.011632,-0.148438
1784159160.187602,8,-1.025534,0.027142,-0.148438
1784159160.197605,8,-1.025564,-0.042651,-0.148438
1784159160.207605,8,-1.025534,0.011632,-0.148438
1784159160.217604,8,-1.025564,-0.050406,-0.148438
1784159160.227605,8,-1.025564,-0.038774,-0.148438
1784159160.237660,8,-1.025564,-0.038774,-0.148438
1784159160.247606,8,-1.025534,0.007755,-0.148438
1784159160.257605,8,-1.025564,-0.038774,-0.152344
1784159160.267606,8,-1.025564,-0.038774,-0.148438
1784159160.277605,8,-1.025564,-0.038774,-0.148438
1784159160.287606,8,-1.025534,0.019387,-0.152344
1784159160.297608,8,-1.025534,0.015509,-0.152344
1784159160.307606,8,-1.025534,0.007755,-0.148438
1784159160.317580,8,-1.025564,-0.038774,-0.148438
1784159160.327587,8,-1.025564,-0.046528,-0.148438
1784159160.337586,8,-1.025534,0.000000,-0.140625
1784159160.347585,8,-1.025534,0.007755,-0.148438
1784159160.357644,8,-1.025534,0.000000,-0.152344
1784159160.367654,8,-1.025534,0.011632,-0.152344
1784159160.377669,8,-1.025564,-0.038774,-0.152344
1784159160.387583,8,-1.025595,-0.093057,-0.148438
1784159160.397580,8,-1.025564,-0.038774,-0.148438
1784159160.407582,8,-1.025504,0.073670,-0.152344
1784159160.417655,8,-1.025564,-0.034896,-0.148438
1784159160.427587,8,-1.025595,-0.085302,-0.152344
1784159160.437584,8,-1.025534,0.007755,-0.152344
1784159160.447583,8,-1.025534,-0.089180,-0.152344
1784159160.457579,8,-1.025564,-0.034896,-0.140625
1784159160.467582,8,-1.025564,-0.046528,-0.140625
1784159160.477581,8,-1.025534,0.015509,-0.152344
1784159160.487585,8,-1.025564,0.000000,-0.152344
1784159160.497582,8,-1.025564,-0.050406,-0.140625
1784159160.507581,8,-1.025534,0.023264,-0.152344
1784159160.517675,8,-1.025564,-0.038774,-0.152344
1784159160.527657,8,-1.025564,-0.042651,-0.140625
1784159160.537590,8,-1.025534,0.011632,-0.148438
1784159160.547580,8,-1.025534,-0.038774,-0.148438
1784159160.557585,8,-1.025504,0.050406,-0.156250
1784159160.567585,8,-1.025564,-0.038774,-0.156250
1784159160.577652,8,-1.025564,-0.038774,-0.148438
1784159160.587583,8,-1.025534,0.019387,-0.152344
1784159160.597562,8,-1.025564,-0.038774,-0.148438
1784159160.607562,8,-1.025564,-0.038774,-0.140625
1784159160.617561,8,-1.025564,-0.046528,-0.148438
1784159160.628637,8,-1.025564,0.019387,-0.140625
1784159160.637560,8,-1.025534,0.011632,-0.148438
1784159160.647561,8,-1.025595,-0.096934,-0.148438
1784159160.657560,8,-1.025564,0.015509,-0.148438
1784159160.667560,8,-1.025564,-0.038774,-0.148438
1784159160.677560,8,-1.025595,-0.100812,-0.152344
1784159160.687560,8,-1.025564,-0.058161,-0.140625
1784159160.697561,8,-1.025564,-0.038774,-0.148438
1784159160.707570,8,-1.025534,0.011632,-0.148438
1784159160.717562,8,-1.025534,0.034896,-0.148438
1784159160.727562,8,-1.025534,0.011632,-0.152344
1784159160.737574,8,-1.025564,-0.042651,-0.152344
1784159160.747563,8,-1.025595,-0.104689,-0.156250
1784159160.757563,8,-1.025564,-0.038774,-0.156250
1784159160.767561,8,-1.025564,-0.038774,-0.148438
1784159160.777563,8,-1.025534,0.019387,-0.152344
1784159160.787571,8,-1.025534,0.011632,-0.140625
1784159160.797575,8,-1.025564,-0.054283,-0.152344
1784159160.807570,8,-1.025564,-0.046528,-0.140625
1784159160.817563,8,-1.025564,-0.034896,-0.152344
1784159160.827563,8,-1.025564,-0.038774,-0.148438
1784159160.837563,8,-1.025534,-0.042651,-0.148438
1784159160.847563,8,-1.025564,-0.050406,-0.152344
1784159160.857547,8,-1.025534,0.019387,-0.148438
1784159160.867542,8,-1.025564,-0.042651,-0.148438
1784159160.877553,8,-1.025564,-0.054283,-0.148438
1784159160.887542,8,-1.025595,-0.093057,-0.148438
1784159160.897546,8,-1.025504,-0.042651,-0.152344
1784159160.907553,8,-1.025564,-0.042651,-0.152344
1784159160.917543,8,-1.025534,0.019387,-0.152344
1784159160.927547,8,-1.025534,0.015509,-0.156250
1784159160.937542,8,-1.025564,-0.042651,-0.152344
1784159160.947543,8,-1.025564,-0.034896,-0.148438
1784159160.957548,8,-1.025534,0.011632,-0.152344
1784159160.967550,8,-1.025504,0.046528,-0.148438
1784159160.977543,8,-1.025534,0.027142,-0.148438
1784159160.987555,8,-1.025534,0.015509,-0.148438
1784159160.997544,8,-1.025504,0.058161,-0.148438
1784159161.007549,8,-1.025564,-0.042651,-0.148438
1784159161.017544,8,-1.025504,0.069793,-0.152344
1784159161.027545,8,-1.025564,-0.046528,-0.148438
1784159161.037544,8,-1.025534,0.015509,-0.152344
1784159161.047556,8,-1.025564,0.019387,-0.152344
1784159161.057563,8,-1.025564,-0.046528,-0.156250
1784159161.067544,8,-1.025564,-0.050406,-0.140625
1784159161.077545,8,-1.025564,-0.038774,-0.152344
1784159161.087547,8,-1.025534,0.007755,-0.152344
1784159161.097546,8,-1.025534,0.007755,-0.148438
1784159161.107550,8,-1.025564,-0.038774,-0.152344
1784159161.117546,8,-1.025534,0.015509,-0.156250
1784159161.127548,8,-1.025564,-0.038774,-0.148438
1784159161.137549,8,-1.025534,0.019387,-0.156250
1784159161.148604,8,-1.025534,0.011632,-0.152344
1784159161.157526,8,-1.025564,-0.038774,-0.148438
1784159161.167526,8,-1.025564,-0.027142,-0.140625
1784159161.177524,8,-1.025564,-0.050406,-0.152344
1784159161.187526,8,-1.025534,0.015509,-0.148438
1784159161.197523,8,-1.025564,-0.038774,-0.148438
1784159161.207526,8,-1.025564,-0.038774,-0.152344
1784159161.217525,8,-1.025564,-0.065915,-0.140625
1784159161.227526,8,-1.025534,0.011632,-0.152344
1784159161.237526,8,-1.025564,-0.038774,-0.140625
1784159161.247525,8,-1.025564,-0.046528,-0.148438
1784159161.257525,8,-1.025564,-0.050406,-0.152344
1784159161.267525,8,-1.025564,-0.042651,-0.152344
1784159161.277527,8,-1.025534,0.019387,-0.148438
1784159161.287526,8,-1.025534,0.011632,-0.152344
1784159161.297526,8,-1.025564,-0.038774,-0.148438
1784159161.307528,8,-1.025564,-0.050406,-0.148438
1784159161.317525,8,-1.025564,0.019387,-0.148438
1784159161.327528,8,-1.025534,0.015509,-0.140625
1784159161.337536,8,-1.025564,-0.031019,-0.148438
1784159161.347529,8,-1.025534,0.003877,-0.152344
1784159161.357526,8,-1.025564,-0.038774,-0.152344
1784159161.367527,8,-1.025564,-0.034896,-0.148438
1784159161.377529,8,-1.025534,0.019387,-0.140625
1784159161.387528,8,-1.025564,-0.038774,-0.152344
1784159161.397526,8,-1.025564,-0.038774,-0.148438
1784159161.407529,8,-1.025534,0.003877,-0.156250
1784159161.417508,8,-1.025564,-0.027142,-0.156250
1784159161.427506,8,-1.025564,-0.038774,-0.148438
1784159161.437509,8,-1.025534,0.019387,-0.152344
1784159161.447507,8,-1.025564,0.015509,-0.148438
1784159161.457509,8,-1.025595,-0.093057,-0.140625
1784159161.467507,8,-1.025564,-0.038774,-0.152344
1784159161.477509,8,-1.025564,-0.038774,-0.148438
1784159161.487509,8,-1.025534,0.011632,-0.148438
1784159161.498516,8,-1.025564,-0.038774,-0.140625
1784159161.507506,8,-1.025564,-0.042651,-0.156250
1784159161.517514,8,-1.025564,-0.034896,-0.148438
1784159161.527510,8,-1.025564,-0.042651,-0.148438
1784159161.537509,8,-1.025564,-0.038774,-0.152344
1784159161.547508,8,-1.025564,-0.038774,-0.152344
1784159161.557512,8,-1.025534,0.007755,-0.152344
1784159161.567509,8,-1.025534,0.019387,-0.148438
1784159161.577509,8,-1.025534,0.019387,-0.140625
1784159161.587508,8,-1.025564,-0.034896,-0.152344
1784159161.597510,8,-1.025564,-0.031019,-0.148438
1784159161.607512,8,-1.025534,0.019387,-0.148438
1784159161.617585,8,-1.025534,0.023264,-0.148438
1784159161.627508,8,-1.025534,0.015509,-0.152344
1784159161.637509,8,-1.025595,-0.096934,-0.148438
1784159161.647508,8,-1.025564,-0.038774,-0.152344
1784159161.657508,8,-1.025534,0.000000,-0.148438
1784159161.667515,8,-1.025564,-0.054283,-0.148438
1784159161.677510,8,-1.025564,-0.031019,-0.140625
1784159161.687511,8,-1.025564,-0.046528,-0.148438
1784159161.697488,8,-1.025564,-0.038774,-0.148438
1784159161.707488,8,-1.025564,-0.038774,-0.156250
1784159161.717488,8,-1.025564,-0.042651,-0.140625
1784159161.727488,8,-1.025564,0.069793,-0.148438
1784159161.737489,8,-1.025564,-0.042651,-0.152344
1784159161.747495,8,-1.025564,-0.050406,-0.156250
1784159161.757496,8,-1.025534,0.007755,-0.152344
1784159161.767493,8,-1.025564,-0.038774,-0.140625
1784159161.777484,8,-1.025564,-0.042651,-0.148438
1784159161.787499,8,-1.025595,-0.038774,-0.148438
1784159161.797490,8,-1.025564,-0.038774,-0.148438
1784159161.807494,8,-1.025564,-0.034896,-0.152344
1784159161.817488,8,-1.025534,0.027142,-0.152344
1784159161.827493,8,-1.025564,-0.038774,-0.152344
1784159161.837490,8,-1.025564,-0.038774,-0.156250
1784159161.847489,8,-1.025564,-0.038774,-0.140625
1784159161.857489,8,-1.025534,0.007755,-0.140625
1784159161.867489,8,-1.025564,-0.042651,-0.148438
1784159161.877494,8,-1.025564,-0.038774,-0.152344
1784159161.887493,8,-1.025564,-0.038774,-0.152344
1784159161.897492,8,-1.025534,0.011632,-0.148438
1784159161.907490,8,-1.025564,-0.054283,-0.164062
1784159161.917490,8,-1.025564,-0.038774,-0.140625
1784159161.927491,8,-1.025564,-0.042651,-0.156250
1784159161.937491,8,-1.025564,-0.038774,-0.140625
1784159161.947492,8,-1.025564,-0.046528,-0.148438
1784159161.957475,8,-1.025564,-0.038774,-0.140625
1784159161.967472,8,-1.025564,-0.046528,-0.140625
1784159161.977471,8,-1.025564,-0.038774,-0.152344
1784159161.987471,8,-1.025595,-0.093057,-0.148438
1784159161.997471,8,-1.025534,0.019387,-0.148438
1784159162.007472,8,-1.025534,0.015509,-0.148438
1784159162.017475,8,-1.025534,0.015509,-0.148438
1784159162.027473,8,-1.025564,-0.050406,-0.148438
1784159162.037477,8,-1.025564,-0.038774,-0.152344
1784159162.047473,8,-1.025534,0.023264,-0.152344
1784159162.057470,8,-1.025564,-0.042651,-0.148438
1784159162.067547,8,-1.025564,-0.034896,-0.148438
1784159162.077528,8,-1.025564,-0.038774,-0.156250
1784159162.087483,8,-1.025564,-0.046528,-0.152344
1784159162.097471,8,-1.025534,0.003877,-0.152344
1784159162.107476,8,-1.025564,-0.038774,-0.152344
1784159162.117476,8,-1.025534,0.019387,-0.152344
1784159162.127472,8,-1.025564,-0.038774,-0.148438
1784159162.137472,8,-1.025564,-0.038774,-0.140625
1784159162.147475,8,-1.025564,-0.038774,-0.152344
1784159162.157480,8,-1.025564,-0.038774,-0.140625
1784159162.167475,8,-1.025564,-0.038774,-0.140625
1784159162.177476,8,-1.025564,-0.038774,-0.148438
1784159162.187473,8,-1.025564,-0.038774,-0.156250
1784159162.197457,8,-1.025564,-0.031019,-0.156250
1784159162.207472,8,-1.025564,-0.042651,-0.148438
1784159162.217454,8,-1.025534,0.019387,-0.140625
1784159162.227475,8,-1.025564,-0.038774,-0.152344
1784159162.237473,8,-1.025564,-0.050406,-0.148438
1784159162.247452,8,-1.025564,-0.034896,-0.148438
1784159162.257458,8,-1.025564,-0.042651,-0.152344
1784159162.267460,8,-1.025534,0.019387,-0.148438
1784159162.277460,8,-1.025564,-0.031019,-0.152344
1784159162.287460,8,-1.025595,-0.093057,-0.152344
1784159162.297452,8,-1.025595,-0.093057,-0.136719
1784159162.307454,8,-1.025564,-0.038774,-0.140625
1784159162.317456,8,-1.025564,-0.038774,-0.148438
1784159162.327454,8,-1.025564,-0.038774,-0.140625
1784159162.337483,8,-1.025564,-0.038774,-0.148438
1784159162.347457,8,-1.025595,-0.096934,-0.152344
1784159162.357454,8,-1.025564,-0.058161,-0.140625
1784159162.367455,8,-1.025564,-0.042651,-0.148438
1784159162.377455,8,-1.025564,-0.038774,-0.148438
1784159162.387455,8,-1.025564,-0.038774,-0.152344
1784159162.397454,8,-1.025534,0.023264,-0.148438
1784159162.407453,8,-1.025534,0.015509,-0.148438
1784159162.417457,8,-1.025564,-0.034896,-0.152344
1784159162.427458,8,-1.025564,-0.038774,-0.152344
1784159162.437456,8,-1.025534,0.015509,-0.148438
1784159162.447454,8,-1.025504,0.073670,-0.152344
1784159162.457455,8,-1.025534,-0.038774,-0.148438
1784159162.467456,8,-1.025534,0.019387,-0.148438
1784159162.477461,8,-1.025564,-0.038774,-0.152344
1784159162.487457,8,-1.025564,-0.038774,-0.140625
1784159162.497457,8,-1.025564,-0.038774,-0.148438
1784159162.507456,8,-1.025564,-0.038774,-0.148438
1784159162.517454,8,-1.025534,-0.038774,-0.152344
1784159162.527436,8,-1.025564,-0.058161,-0.148438
1784159162.537434,8,-1.025564,-0.042651,-0.140625
1784159162.547436,8,-1.025564,-0.046528,-0.152344
1784159162.557435,8,-1.025564,-0.034896,-0.140625
1784159162.567436,8,-1.025564,-0.054283,-0.152344
1784159162.577434,8,-1.025564,-0.038774,-0.152344
1784159162.587442,8,-1.025564,-0.038774,-0.152344
1784159162.597435,8,-1.025595,-0.093057,-0.148438
1784159162.607438,8,-1.025595,-0.089180,-0.140625
1784159162.617438,8,-1.025534,0.011632,-0.140625
1784159162.627439,8,-1.025564,-0.042651,-0.140625
1784159162.637435,8,-1.025564,-0.031019,-0.156250
1784159162.647436,8,-1.025564,-0.054283,-0.152344
1784159162.657448,8,-1.025534,0.003877,-0.140625
1784159162.667441,8,-1.025564,-0.038774,-0.148438
1784159162.677438,8,-1.025564,-0.038774,-0.148438
1784159162.687436,8,-1.025534,0.019387,-0.148438
1784159162.697438,8,-1.025534,-0.038774,-0.148438
1784159162.707441,8,-1.025564,-0.046528,-0.152344
1784159162.717435,8,-1.025534,0.000000,-0.152344
1784159162.727438,8,-1.025534,0.003877,-0.148438
1784159162.737436,8,-1.025564,-0.042651,-0.152344
1784159162.747442,8,-1.025534,0.007755,-0.152344
1784159162.757441,8,-1.025534,0.000000,-0.148438
1784159162.767440,8,-1.025564,-0.054283,-0.148438
1784159162.777436,8,-1.025564,-0.050406,-0.148438
1784159162.787437,8,-1.025564,-0.038774,-0.148438
1784159162.797425,8,-1.025564,-0.042651,-0.148438
1784159162.807419,8,-1.025534,0.023264,-0.136719
1784159162.817417,8,-1.025564,-0.062038,-0.152344
1784159162.827418,8,-1.025564,-0.050406,-0.148438
1784159162.837420,8,-1.025564,-0.046528,-0.152344
1784159162.847417,8,-1.025564,-0.038774,-0.148438
1784159162.857422,8,-1.025564,-0.038774,-0.140625
1784159162.867427,8,-1.025564,-0.038774,-0.148438
1784159162.877419,8,-1.025564,-0.031019,-0.148438
1784159162.887419,8,-1.025534,0.019387,-0.148438
1784159162.897420,8,-1.025534,0.007755,-0.148438
1784159162.907418,8,-1.025564,-0.046528,-0.152344
1784159162.917418,8,-1.025534,0.015509,-0.148438
1784159162.927419,8,-1.025564,-0.054283,-0.152344
1784159162.937426,8,-1.025564,-0.046528,-0.148438
1784159162.947418,8,-1.025534,-0.003877,-0.152344
1784159162.957418,8,-1.025595,-0.096934,-0.148438
1784159162.967421,8,-1.025564,-0.034896,-0.148438
1784159162.977419,8,-1.025564,-0.058161,-0.152344
1784159162.987419,8,-1.025564,-0.058161,-0.152344
1784159162.997423,8,-1.025534,-0.054283,-0.148438
1784159163.007423,8,-1.025564,-0.042651,-0.148438
1784159163.017421,8,-1.025564,-0.042651,-0.148438
1784159163.027420,8,-1.025534,0.015509,-0.148438
1784159163.037421,8,-1.025534,0.000000,-0.156250
1784159163.048412,8,-1.025564,-0.054283,-0.148438
1784159163.057420,8,-1.025534,0.019387,-0.148438
1784159163.067419,8,-1.025534,0.023264,-0.140625
1784159163.077400,8,-1.025564,-0.038774,-0.148438
1784159163.087398,8,-1.025564,-0.038774,-0.152344
1784159163.097401,8,-1.025534,0.011632,-0.156250
1784159163.107403,8,-1.025564,0.019387,-0.152344
1784159163.117400,8,-1.025534,0.019387,-0.156250
1784159163.127402,8,-1.025564,-0.046528,-0.148438
1784159163.137399,8,-1.025564,-0.038774,-0.148438
1784159163.147406,8,-1.025564,-0.038774,-0.156250
1784159163.158409,8,-1.025534,0.015509,-0.148438
1784159163.167402,8,-1.025564,-0.038774,-0.152344
1784159163.177401,8,-1.025564,-0.038774,-0.140625
1784159163.187400,8,-1.025534,0.015509,-0.152344
1784159163.197400,8,-1.025564,-0.038774,-0.152344
1784159163.207403,8,-1.025564,-0.042651,-0.152344
1784159163.218410,8,-1.025534,0.003877,-0.148438
1784159163.227403,8,-1.025564,-0.038774,-0.152344
1784159163.238413,8,-1.025564,-0.038774,-0.152344
1784159163.248405,8,-1.025564,-0.050406,-0.156250
1784159163.258408,8,-1.025564,-0.038774,-0.156250
1784159163.267401,8,-1.025534,-0.038774,-0.148438
1784159163.278407,8,-1.025564,-0.042651,-0.148438
1784159163.287385,8,-1.025564,-0.038774,-0.152344
1784159163.298388,8,-1.025534,0.019387,-0.156250
1784159163.308389,8,-1.025534,0.019387,-0.148438
1784159163.318392,8,-1.025534,0.000000,-0.156250
1784159163.328388,8,-1.025534,0.015509,-0.148438
1784159163.338394,8,-1.025564,-0.038774,-0.152344
1784159163.348387,8,-1.025564,-0.042651,-0.152344
1784159163.358392,8,-1.025564,-0.038774,-0.152344
1784159163.368388,8,-1.025564,-0.038774,-0.152344
1784159163.378390,8,-1.025564,-0.038774,-0.148438
1784159163.388386,8,-1.025564,-0.038774,-0.156250
1784159163.398388,8,-1.025564,-0.038774,-0.152344
1784159163.408389,8,-1.025564,-0.054283,-0.152344
1784159163.418387,8,-1.025534,0.003877,-0.148438
1784159163.428392,8,-1.025564,-0.046528,-0.148438
1784159163.438387,8,-1.025564,-0.038774,-0.140625
1784159163.448394,8,-1.025564,-0.038774,-0.152344
1784159163.458390,8,-1.025564,-0.046528,-0.140625
1784159163.468388,8,-1.025534,0.019387,-0.152344
1784159163.478390,8,-1.025564,-0.058161,-0.148438
1784159163.488398,8,-1.025564,-0.038774,-0.148438
1784159163.498388,8,-1.025564,-0.042651,-0.152344
1784159163.508385,8,-1.025564,-0.031019,-0.148438
1784159163.518391,8,-1.025534,0.000000,-0.152344
1784159163.528393,8,-1.025534,0.015509,-0.152344
1784159163.538384,8,-1.025564,-0.042651,-0.152344
1784159163.548387,8,-1.025534,0.011632,-0.148438
1784159163.558396,8,-1.025534,0.019387,-0.140625
1784159163.568377,8,-1.025564,-0.042651,-0.148438
1784159163.578387,8,-1.025504,0.062038,-0.140625
1784159163.588372,8,-1.025534,0.019387,-0.140625
1784159163.598368,8,-1.025564,-0.038774,-0.152344
1784159163.608365,8,-1.025564,-0.031019,-0.148438
1784159163.618365,8,-1.025534,0.015509,-0.140625
1784159163.628372,8,-1.025564,-0.038774,-0.148438
1784159163.638375,8,-1.025564,-0.038774,-0.152344
1784159163.648372,8,-1.025534,0.023264,-0.148438
1784159163.658494,8,-1.025534,0.019387,-0.152344
1784159163.668366,8,-1.025534,0.023264,-0.152344
1784159163.678364,8,-1.025534,0.019387,-0.152344
1784159163.688365,8,-1.025564,-0.038774,-0.148438
1784159163.698367,8,-1.025564,-0.085302,-0.140625
1784159163.708372,8,-1.025534,0.019387,-0.148438
1784159163.718366,8,-1.025564,-0.054283,-0.152344
1784159163.728375,8,-1.025534,0.000000,-0.148438
1784159163.738369,8,-1.025564,-0.050406,-0.148438
1784159163.748367,8,-1.025564,-0.038774,-0.156250
1784159163.758457,8,-1.025564,-0.062038,-0.148438
1784159163.768465,8,-1.025564,-0.058161,-0.148438
1784159163.778372,8,-1.025564,-0.038774,-0.148438
1784159163.788370,8,-1.025534,0.015509,-0.156250
1784159163.798388,8,-1.025534,0.015509,-0.148438
1784159163.808385,8,-1.025564,-0.046528,-0.140625
1784159163.818371,8,-1.025534,0.019387,-0.152344
1784159163.828375,8,-1.025534,0.011632,-0.152344
1784159163.838373,8,-1.025564,-0.050406,-0.140625
1784159163.848380,8,-1.025564,-0.042651,-0.148438
1784159163.858350,8,-1.025564,-0.058161,-0.152344
1784159163.868371,8,-1.025564,-0.034896,-0.152344
1784159163.878372,8,-1.025595,-0.096934,-0.148438
1784159163.888350,8,-1.025534,-0.038774,-0.148438
1784159163.898352,8,-1.025595,-0.093057,-0.148438
1784159163.908352,8,-1.025564,-0.027142,-0.152344
1784159163.918353,8,-1.025595,-0.096934,-0.148438
1784159163.928357,8,-1.025564,-0.038774,-0.152344
1784159163.938351,8,-1.025534,0.015509,-0.148438
1784159163.948355,8,-1.025534,0.019387,-0.152344
1784159163.958352,8,-1.025564,-0.058161,-0.148438
1784159163.968353,8,-1.025534,0.019387,-0.148438
1784159163.978352,8,-1.025564,-0.031019,-0.152344
1784159163.988351,8,-1.025564,-0.050406,-0.156250
1784159163.998355,8,-1.025564,-0.046528,-0.148438
1784159164.008351,8,-1.025564,-0.038774,-0.152344
1784159164.018352,8,-1.025564,-0.038774,-0.156250
1784159164.028354,8,-1.025504,0.073670,-0.152344
1784159164.038350,8,-1.025564,-0.042651,-0.140625
1784159164.048355,8,-1.025564,-0.042651,-0.152344
1784159164.058353,8,-1.025564,-0.038774,-0.140625
1784159164.068371,8,-1.025534,0.015509,-0.148438
1784159164.078359,8,-1.025564,-0.038774,-0.140625
1784159164.088359,8,-1.025534,0.011632,-0.148438
1784159164.098352,8,-1.025564,-0.038774,-0.152344
1784159164.108348,8,-1.025534,0.000000,-0.148438
1784159164.118357,8,-1.025564,-0.031019,-0.152344
1784159164.128350,8,-1.025534,0.019387,-0.140625
1784159164.138334,8,-1.025564,0.003877,-0.152344
1784159164.148333,8,-1.025564,-0.038774,-0.148438
1784159164.158328,8,-1.025534,0.034896,-0.140625
1784159164.168331,8,-1.025534,0.019387,-0.148438
1784159164.178331,8,-1.025564,-0.042651,-0.140625
1784159164.188360,8,-1.025564,-0.038774,-0.152344
1784159164.198332,8,-1.025564,-0.046528,-0.148438
1784159164.208332,8,-1.025564,-0.031019,-0.148438
1784159164.218336,8,-1.025564,-0.038774,-0.156250
1784159164.228331,8,-1.025595,-0.038774,-0.148438
1784159164.238334,8,-1.025564,-0.031019,-0.152344
1784159164.248354,8,-1.025564,-0.038774,-0.148438
1784159164.258332,8,-1.025564,-0.054283,-0.140625
1784159164.268351,8,-1.025564,-0.034896,-0.152344
1784159164.278334,8,-1.025534,0.019387,-0.140625
1784159164.288331,8,-1.025564,-0.015509,-0.148438
1784159164.298339,8,-1.025564,-0.050406,-0.148438
1784159164.308336,8,-1.025564,-0.038774,-0.140625
1784159164.318336,8,-1.025564,-0.031019,-0.140625
1784159164.328345,8,-1.025534,0.019387,-0.148438
1784159164.338335,8,-1.025564,-0.034896,-0.140625
1784159164.348334,8,-1.025534,0.023264,-0.140625
1784159164.358335,8,-1.025564,-0.031019,-0.152344
1784159164.368439,8,-1.025564,-0.038774,-0.140625
1784159164.378341,8,-1.025564,-0.038774,-0.152344
1784159164.388341,8,-1.025564,-0.038774,-0.148438
1784159164.398341,8,-1.025534,0.027142,-0.148438
1784159164.408343,8,-1.025564,-0.038774,-0.148438
1784159164.418341,8,-1.025564,-0.019387,-0.148438
1784159164.428322,8,-1.025564,-0.038774,-0.148438
1784159164.438321,8,-1.025564,-0.042651,-0.148438
1784159164.448326,8,-1.025534,0.003877,-0.140625
1784159164.458320,8,-1.025595,-0.089180,-0.152344
1784159164.468324,8,-1.025564,-0.038774,-0.140625
1784159164.478321,8,-1.025534,0.007755,-0.140625
1784159164.488324,8,-1.025534,-0.042651,-0.152344
1784159164.498321,8,-1.025564,-0.038774,-0.148438
1784159164.508322,8,-1.025534,0.019387,-0.148438
1784159164.518323,8,-1.025504,0.073670,-0.148438
1784159164.528328,8,-1.025564,-0.038774,-0.148438
1784159164.538324,8,-1.025564,-0.038774,-0.148438
1784159164.548327,8,-1.025564,-0.038774,-0.156250
1784159164.558324,8,-1.025564,-0.046528,-0.152344
1784159164.568321,8,-1.025534,0.000000,-0.152344
1784159164.578324,8,-1.025564,-0.038774,-0.148438
1784159164.588321,8,-1.025564,-0.054283,-0.140625
1784159164.598326,8,-1.025564,-0.038774,-0.152344
1784159164.608324,8,-1.025564,-0.038774,-0.148438
1784159164.618328,8,-1.025534,0.003877,-0.148438
1784159164.628325,8,-1.025595,-0.093057,-0.148438
1784159164.638316,8,-1.025564,-0.038774,-0.152344
1784159164.648326,8,-1.025534,0.007755,-0.152344
1784159164.658322,8,-1.025564,-0.046528,-0.152344
1784159164.668327,8,-1.025564,-0.050406,-0.148438
1784159164.678325,8,-1.025534,0.015509,-0.140625
1784159164.688325,8,-1.025534,0.019387,-0.152344
1784159164.698303,8,-1.025564,-0.062038,-0.152344
1784159164.708304,8,-1.025534,0.019387,-0.148438
1784159164.718304,8,-1.025564,-0.046528,-0.148438
1784159164.728307,8,-1.025564,-0.031019,-0.148438
1784159164.738302,8,-1.025534,0.015509,-0.148438
1784159164.748397,8,-1.025534,0.011632,-0.156250
1784159164.758305,8,-1.025534,0.019387,-0.148438
1784159164.768299,8,-1.025564,-0.038774,-0.148438
1784159164.778298,8,-1.025534,0.003877,-0.152344
1784159164.788300,8,-1.025534,0.019387,-0.152344
1784159164.798295,8,-1.025534,0.000000,-0.148438
1784159164.808300,8,-1.025534,0.015509,-0.140625
1784159164.818299,8,-1.025534,0.019387,-0.152344
1784159164.828296,8,-1.025534,0.003877,-0.140625
1784159164.838297,8,-1.025534,-0.093057,-0.148438
1784159164.848300,8,-1.025534,0.023264,-0.148438
1784159164.858297,8,-1.025534,0.031019,-0.148438
1784159164.868299,8,-1.025534,0.027142,-0.140625
1784159164.878299,8,-1.025564,-0.038774,-0.152344
1784159164.888299,8,-1.025564,-0.050406,-0.152344
1784159164.898299,8,-1.025534,0.007755,-0.152344
1784159164.908296,8,-1.025534,0.011632,-0.148438
1784159164.918297,8,-1.025564,-0.042651,-0.152344
1784159164.928296,8,-1.025534,0.000000,-0.152344
1784159164.938296,8,-1.025534,0.011632,-0.148438
1784159164.948296,8,-1.025534,0.019387,-0.152344
1784159164.958298,8,-1.025564,-0.050406,-0.148438
1784159164.968298,8,-1.025564,-0.046528,-0.152344
1784159164.978279,8,-1.025564,-0.038774,-0.152344
1784159164.988277,8,-1.025534,0.031019,-0.156250
1784159164.998277,8,-1.025564,-0.038774,-0.140625
1784159165.008283,8,-1.025564,-0.027142,-0.148438
1784159165.018279,8,-1.025564,-0.046528,-0.148438
1784159165.028277,8,-1.025564,-0.042651,-0.148438
1784159165.038277,8,-1.025564,-0.042651,-0.148438
1784159165.048301,8,-1.025564,-0.038774,-0.152344
1784159165.058278,8,-1.025534,0.007755,-0.152344
1784159165.068277,8,-1.025534,0.015509,-0.152344
1784159165.078279,8,-1.025534,0.023264,-0.140625
1784159165.088283,8,-1.025534,0.023264,-0.140625
1784159165.098278,8,-1.025564,-0.038774,-0.152344
1784159165.108281,8,-1.025534,0.003877,-0.148438
1784159165.118278,8,-1.025564,-0.038774,-0.140625
1784159165.128275,8,-1.025564,-0.058161,-0.152344
1784159165.138277,8,-1.025564,-0.038774,-0.148438
1784159165.148278,8,-1.025595,-0.096934,-0.148438
1784159165.158276,8,-1.025534,0.000000,-0.140625
1784159165.168280,8,-1.025564,-0.031019,-0.148438
1784159165.178286,8,-1.025564,-0.038774,-0.148438
1784159165.188280,8,-1.025564,-0.038774,-0.148438
1784159165.198279,8,-1.025534,0.019387,-0.148438
1784159165.208284,8,-1.025534,0.019387,-0.148438
1784159165.218278,8,-1.025564,-0.034896,-0.148438
1784159165.228282,8,-1.025595,-0.085302,-0.156250
1784159165.238278,8,-1.025595,-0.077547,-0.152344
1784159165.248266,8,-1.025564,-0.023264,-0.152344
1784159165.258260,8,-1.025564,-0.038774,-0.140625
1784159165.268261,8,-1.025564,-0.046528,-0.152344
1784159165.278261,8,-1.025564,-0.046528,-0.148438
1784159165.288258,8,-1.025564,-0.042651,-0.156250
1784159165.298262,8,-1.025564,-0.038774,-0.140625
1784159165.308259,8,-1.025564,-0.023264,-0.152344
1784159165.318259,8,-1.025564,-0.038774,-0.148438
1784159165.328257,8,-1.025564,-0.038774,-0.140625
1784159165.338257,8,-1.025534,0.027142,-0.152344
1784159165.348261,8,-1.025595,0.023264,-0.148438
1784159165.358263,8,-1.025564,-0.058161,-0.152344
1784159165.368264,8,-1.025534,0.011632,-0.148438
1784159165.378268,8,-1.025564,-0.031019,-0.148438
1784159165.388260,8,-1.025534,0.015509,-0.148438
1784159165.398260,8,-1.025564,-0.031019,-0.156250
1784159165.408260,8,-1.025564,-0.058161,-0.152344
1784159165.418262,8,-1.025564,-0.038774,-0.156250
1784159165.428267,8,-1.025564,-0.031019,-0.148438
1784159165.438265,8,-1.025564,-0.038774,-0.152344
1784159165.448263,8,-1.025534,-0.046528,-0.152344
1784159165.458271,8,-1.025534,0.023264,-0.140625
1784159165.468262,8,-1.025564,-0.038774,-0.140625
1784159165.478262,8,-1.025595,-0.093057,-0.152344
1784159165.488260,8,-1.025534,0.027142,-0.152344
1784159165.498268,8,-1.025564,0.019387,-0.148438
1784159165.508262,8,-1.025564,-0.034896,-0.148438
1784159165.518246,8,-1.025564,-0.011632,-0.152344
1784159165.528259,8,-1.025564,-0.031019,-0.148438
1784159165.538240,8,-1.025595,-0.100812,-0.164062
1784159165.548241,8,-1.025595,-0.093057,-0.152344
1784159165.558246,8,-1.025564,-0.034896,-0.152344
1784159165.568241,8,-1.025564,-0.031019,-0.152344
1784159165.578249,8,-1.025534,0.011632,-0.148438
1784159165.588247,8,-1.025564,-0.054283,-0.152344
1784159165.598245,8,-1.025564,-0.042651,-0.152344
1784159165.608244,8,-1.025595,-0.093057,-0.152344
1784159165.618313,8,-1.025564,-0.038774,-0.152344
1784159165.628242,8,-1.025564,-0.027142,-0.152344
1784159165.638253,8,-1.025534,0.019387,-0.152344
1784159165.648248,8,-1.025564,-0.034896,-0.140625
1784159165.658244,8,-1.025564,-0.046528,-0.152344
1784159165.668242,8,-1.025534,0.000000,-0.152344
1784159165.678243,8,-1.025564,0.031019,-0.140625
1784159165.688248,8,-1.025564,-0.042651,-0.152344
1784159165.698244,8,-1.025534,0.000000,-0.148438
1784159165.708247,8,-1.025534,0.015509,-0.140625
1784159165.718247,8,-1.025534,0.019387,-0.152344
1784159165.728246,8,-1.025534,0.015509,-0.152344
1784159165.738245,8,-1.025534,0.019387,-0.152344
1784159165.748247,8,-1.025564,-0.050406,-0.156250
1784159165.758299,8,-1.025534,0.011632,-0.152344
1784159165.768249,8,-1.025564,-0.038774,-0.148438
1784159165.778228,8,-1.025595,-0.100812,-0.152344
1784159165.788246,8,-1.025595,-0.100812,-0.148438
1784159165.798220,8,-1.025595,-0.104689,-0.152344
1784159165.808226,8,-1.025595,-0.100812,-0.148438
1784159165.818224,8,-1.025564,-0.038774,-0.148438
1784159165.828223,8,-1.025534,0.023264,-0.148438
1784159165.838222,8,-1.025564,-0.042651,-0.148438
1784159165.848223,8,-1.025595,-0.093057,-0.152344
1784159165.858225,8,-1.025564,-0.038774,-0.148438
1784159165.868258,8,-1.025564,-0.050406,-0.152344
1784159165.878225,8,-1.025534,0.011632,-0.152344
1784159165.888226,8,-1.025534,0.011632,-0.148438
1784159165.898296,8,-1.025564,-0.050406,-0.152344
1784159165.908224,8,-1.025534,0.023264,-0.148438
1784159165.918223,8,-1.025564,-0.038774,-0.140625
1784159165.928227,8,-1.025564,-0.027142,-0.148438
1784159165.938226,8,-1.025564,-0.038774,-0.148438
1784159165.948304,8,-1.025595,-0.093057,-0.152344
1784159165.958222,8,-1.025504,0.054283,-0.156250
1784159165.968224,8,-1.025534,0.011632,-0.148438
1784159165.978222,8,-1.025564,-0.038774,-0.152344
1784159165.988222,8,-1.025534,0.027142,-0.148438
1784159165.999235,8,-1.025564,-0.058161,-0.148438
1784159166.008232,8,-1.025534,0.023264,-0.136719
1784159166.018228,8,-1.025564,-0.046528,-0.148438
1784159166.028229,8,-1.025504,0.069793,-0.152344
1784159166.038230,8,-1.025564,-0.042651,-0.140625
1784159166.048230,8,-1.025534,0.019387,-0.148438
1784159166.058223,8,-1.025534,0.000000,-0.140625
1784159166.068224,8,-1.025534,0.027142,-0.152344
1784159166.078204,8,-1.025564,-0.038774,-0.148438
1784159166.088316,8,-1.025564,-0.058161,-0.152344
1784159166.098201,8,-1.025564,-0.054283,-0.152344
1784159166.108204,8,-1.025534,0.019387,-0.156250
1784159166.118206,8,-1.025595,-0.085302,-0.148438
1784159166.128205,8,-1.025534,0.019387,-0.152344
1784159166.138212,8,-1.025564,-0.031019,-0.148438
1784159166.148204,8,-1.025564,-0.038774,-0.148438
1784159166.158210,8,-1.025595,-0.073670,-0.152344
1784159166.168209,8,-1.025595,-0.042651,-0.148438
1784159166.178203,8,-1.025534,0.011632,-0.148438
1784159166.188203,8,-1.025564,-0.031019,-0.140625
1784159166.198207,8,-1.025534,0.007755,-0.148438
1784159166.208204,8,-1.025564,-0.031019,-0.140625
1784159166.218205,8,-1.025534,0.019387,-0.148438
1784159166.228204,8,-1.025595,-0.100812,-0.148438
1784159166.238205,8,-1.025534,0.019387,-0.156250
1784159166.248207,8,-1.025564,-0.015509,-0.148438
1784159166.258205,8,-1.025595,-0.096934,-0.148438
1784159166.268204,8,-1.025564,-0.050406,-0.152344
1784159166.278210,8,-1.025564,0.019387,-0.152344
1784159166.288207,8,-1.025595,-0.081425,-0.140625
1784159166.298208,8,-1.025564,-0.038774,-0.152344
1784159166.308208,8,-1.025564,-0.050406,-0.152344
1784159166.318207,8,-1.025564,-0.027142,-0.148438
1784159166.328206,8,-1.025534,0.000000,-0.148438
1784159166.338207,8,-1.025564,-0.042651,-0.164062
1784159166.348193,8,-1.025564,-0.038774,-0.152344
1784159166.358188,8,-1.025564,-0.050406,-0.152344
1784159166.368198,8,-1.025564,-0.054283,-0.148438
1784159166.378190,8,-1.025595,-0.038774,-0.152344
1784159166.388187,8,-1.025564,-0.038774,-0.148438
1784159166.398188,8,-1.025564,-0.054283,-0.148438
1784159166.408189,8,-1.025534,0.019387,-0.156250
1784159166.418190,8,-1.025595,-0.112444,-0.152344
1784159166.428192,8,-1.025534,0.019387,-0.140625
1784159166.438188,8,-1.025534,0.007755,-0.152344
1784159166.448190,8,-1.025564,-0.050406,-0.148438
1784159166.458194,8,-1.025564,-0.038774,-0.148438
1784159166.468209,8,-1.025564,-0.038774,-0.152344
1784159166.478191,8,-1.025564,-0.007755,-0.148438
1784159166.488190,8,-1.025564,-0.038774,-0.148438
1784159166.498195,8,-1.025564,-0.027142,-0.148438
1784159166.508193,8,-1.025564,-0.038774,-0.148438
1784159166.518191,8,-1.025534,-0.023264,-0.148438
1784159166.528198,8,-1.025534,-0.042651,-0.148438
1784159166.538194,8,-1.025564,-0.050406,-0.152344
1784159166.548194,8,-1.025534,0.019387,-0.148438
1784159166.558193,8,-1.025504,0.085302,-0.152344
1784159166.568191,8,-1.025564,-0.027142,-0.140625
1784159166.578189,8,-1.025564,-0.038774,-0.148438
1784159166.588188,8,-1.025534,0.023264,-0.156250
1784159166.598189,8,-1.025564,-0.023264,-0.152344
1784159166.608189,8,-1.025534,0.000000,-0.148438
1784159166.618191,8,-1.025564,-0.038774,-0.148438
1784159166.628171,8,-1.025534,0.015509,-0.152344
1784159166.638244,8,-1.025534,0.023264,-0.148438
1784159166.648229,8,-1.025534,0.007755,-0.148438
1784159166.658173,8,-1.025534,0.000000,-0.148438
1784159166.668176,8,-1.025534,0.003877,-0.152344
1784159166.678174,8,-1.025595,-0.093057,-0.152344
1784159166.688172,8,-1.025595,-0.081425,-0.152344
1784159166.698172,8,-1.025534,0.019387,-0.148438
1784159166.708257,8,-1.025534,0.000000,-0.152344
1784159166.718253,8,-1.025534,0.007755,-0.148438
1784159166.728187,8,-1.025564,0.007755,-0.152344
1784159166.738175,8,-1.025564,0.019387,-0.140625
1784159166.748175,8,-1.025534,0.007755,-0.148438
1784159166.758174,8,-1.022353,0.628134,-0.039062
1784159166.768185,8,-1.014599,0.833634,-0.042969
1784159166.778186,8,-1.006056,0.775474,-0.039062
1784159166.788182,8,-1.000028,0.418756,-0.027344
1784159166.798182,8,-0.997726,0.050406,-0.011719
1784159166.808185,8,-0.997696,0.027142,-0.003906
1784159166.818182,8,-0.997120,0.100812,0.003906
1784159166.828181,8,-0.996181,0.104689,0.007812
1784159166.838186,8,-0.994121,0.267539,0.007812
1784159166.848181,8,-0.989850,0.527322,0.007812
1784159166.858183,8,-0.983883,0.581605,0.003906
1784159166.868303,8,-0.976340,0.849144,0.000000
1784159166.878182,8,-0.968252,0.759964,0.000000
1784159166.888167,8,-0.960921,0.635889,-0.007812
1784159166.898161,8,-0.953984,0.647521,-0.007812
1784159166.908160,8,-0.946321,0.822002,-0.019531
1784159166.918164,8,-0.937869,0.829757,-0.035156
1784159166.928170,8,-0.928236,1.008116,-0.050781
1784159166.938151,8,-0.916998,1.081786,-0.074219
1784159166.948163,8,-0.905336,1.081786,-0.082031
1784159166.958161,8,-0.895006,0.938323,-0.093750
1784159166.968163,8,-0.884858,0.907305,-0.101562
1784159166.978164,8,-0.875528,0.880163,-0.121094
1784159166.988164,8,-0.866532,0.849144,-0.121094
1784159166.998165,8,-0.858110,0.705681,-0.121094
1784159167.008156,8,-0.850931,0.651398,-0.132812
1784159167.018152,8,-0.843631,0.740578,-0.148438
1784159167.028163,8,-0.835391,0.884040,-0.156250
1784159167.038169,8,-0.826698,0.845267,-0.164062
1784159167.048167,8,-0.817792,0.853021,-0.171875
1784159167.058163,8,-0.809431,0.759964,-0.171875
1784159167.068167,8,-0.801464,0.686294,-0.187500
1784159167.078164,8,-0.793467,0.841389,-0.203125
1784159167.088164,8,-0.785591,0.845267,-0.214844
1784159167.098273,8,-0.776322,0.977097,-0.222656
1784159167.108240,8,-0.766598,0.953833,-0.230469
1784159167.118146,8,-0.757632,0.740578,-0.230469
1784159167.128167,8,-0.749756,0.744455,-0.238281
1784159167.138163,8,-0.742365,0.666908,-0.246094
1784159167.148169,8,-0.735882,0.612624,-0.246094
1784159167.158165,8,-0.729127,0.721191,-0.265625
1784159167.168163,8,-0.721827,0.705681,-0.257812
1784159167.178142,8,-0.714951,0.736700,-0.269531
1784159167.188140,8,-0.707862,0.686294,-0.265625
1784159167.198223,8,-0.700683,0.690172,-0.269531
1784159167.208144,8,-0.693201,0.763842,-0.273438
1784159167.218141,8,-0.685567,0.678540,-0.281250
1784159167.228144,8,-0.678449,0.628134,-0.289062
1784159167.238133,8,-0.671603,0.624257,-0.285156
1784159167.248141,8,-0.665120,0.577728,-0.289062
1784159167.258143,8,-0.659365,0.573851,-0.289062
1784159167.268144,8,-0.653943,0.500181,-0.289062
1784159167.278142,8,-0.648217,0.612624,-0.300781
1784159167.288142,8,-0.641190,0.686294,-0.312500
1784159167.298148,8,-0.633920,0.659153,-0.312500
1784159167.308144,8,-0.627467,0.515690,-0.304688
1784159167.318142,8,-0.622621,0.473039,-0.296875
1784159167.328141,8,-0.617199,0.600992,-0.312500
1784159167.338144,8,-0.610867,0.666908,-0.320312
1784159167.348137,8,-0.603507,0.783229,-0.328125
1784159167.358141,8,-0.595206,0.814248,-0.335938
1784159167.368142,8,-0.586634,0.845267,-0.339844
1784159167.378144,8,-0.578031,0.787106,-0.355469
1784159167.388137,8,-0.569973,0.763842,-0.351562
1784159167.398144,8,-0.562885,0.713436,-0.355469
1784159167.408144,8,-0.555948,0.663030,-0.363281
1784159167.418144,8,-0.548678,0.697927,-0.378906
1784159167.428153,8,-0.541014,0.670785,-0.378906
1784159167.438142,8,-0.533169,0.767719,-0.382812
1784159167.448143,8,-0.525899,0.670785,-0.394531
1784159167.458142,8,-0.519174,0.608747,-0.382812
1784159167.468144,8,-0.512297,0.674662,-0.394531
1784159167.478143,8,-0.504422,0.825880,-0.402344
1784159167.488146,8,-0.496879,0.608747,-0.386719
1784159167.498143,8,-0.491335,0.465284,-0.402344
1784159167.508144,8,-0.485065,0.697927,-0.417969
1784159167.518145,8,-0.476583,0.915059,-0.429688
1784159167.528144,8,-0.467556,0.814248,-0.437500
1784159167.538142,8,-0.459680,0.666908,-0.445312
1784159167.548137,8,-0.453107,0.597115,-0.433594
1784159167.558139,8,-0.445504,0.829757,-0.453125
1784159167.568120,8,-0.436325,0.984852,-0.468750
1784159167.578137,8,-0.425996,1.035258,-0.476562
1784159167.588130,8,-0.415818,1.008116,-0.480469
1784159167.598124,8,-0.407033,0.787106,-0.496094
1784159167.608119,8,-0.399611,0.713436,-0.500000
1784159167.618123,8,-0.392099,0.783229,-0.511719
1784159167.628122,8,-0.384193,0.837512,-0.519531
1784159167.638139,8,-0.376256,0.783229,-0.515625
1784159167.648120,8,-0.368623,0.709559,-0.515625
1784159167.658101,8,-0.362837,0.558341,-0.511719
1784159167.668201,8,-0.356021,0.775474,-0.535156
1784159167.678119,8,-0.346176,1.070154,-0.558594
1784159167.688105,8,-0.335241,1.035258,-0.558594
1784159167.698105,8,-0.326911,0.635889,-0.558594
1784159167.708102,8,-0.321579,0.507935,-0.558594
1784159167.718102,8,-0.315884,0.686294,-0.574219
1784159167.728099,8,-0.306706,0.988729,-0.593750
1784159167.738100,8,-0.295377,1.105050,-0.613281
1784159167.748099,8,-0.283563,1.194230,-0.609375
1784159167.758102,8,-0.274233,0.837512,-0.613281
1784159167.768173,8,-0.266297,0.763842,-0.632812
1784159167.778105,8,-0.257572,0.887918,-0.644531
1784159167.788103,8,-0.248879,0.880163,-0.648438
1784159167.798107,8,-0.240306,0.822002,-0.656250
1784159167.808106,8,-0.233975,0.473039,-0.648438
1784159167.818107,8,-0.229310,0.430388,-0.648438
1784159167.828102,8,-0.222282,0.903427,-0.675781
1784159167.838102,8,-0.211892,1.046890,-0.679688
1784159167.848107,8,-0.201017,1.039135,-0.699219
1784159167.858104,8,-0.192263,0.678540,-0.691406
1784159167.868105,8,-0.185932,0.488549,-0.699219
1784159167.878185,8,-0.180237,0.620379,-0.710938
1784159167.888111,8,-0.172513,0.833634,-0.714844
1784159167.898101,8,-0.163274,0.876286,-0.730469
1784159167.908100,8,-0.154307,0.907305,-0.730469
1784159167.918087,8,-0.145613,0.787106,-0.738281
1784159167.928173,8,-0.138101,0.616502,-0.746094
1784159167.938102,8,-0.130558,0.752210,-0.761719
1784159167.948106,8,-0.121895,0.895672,-0.765625
1784159167.958109,8,-0.112080,0.973220,-0.781250
1784159167.968101,8,-0.104083,0.659153,-0.773438
1784159167.978084,8,-0.099085,0.445898,-0.781250
1784159167.988089,8,-0.091300,0.934446,-0.804688
1784159167.998088,8,-0.079365,1.287287,-0.828125
1784159168.008083,8,-0.067612,1.000361,-0.824219
1784159168.018093,8,-0.058978,0.790983,-0.832031
1784159168.028085,8,-0.051103,0.798738,-0.843750
1784159168.038093,8,-0.042681,0.841389,-0.859375
1784159168.048085,8,-0.033897,0.845267,-0.863281
1784159168.058082,8,-0.025900,0.728945,-0.863281
1784159168.068091,8,-0.018963,0.569973,-0.871094
1784159168.078082,8,-0.011238,0.771597,-0.878906
1784159168.088082,8,-0.001878,0.891795,-0.886719
1784159168.098081,8,0.005968,0.701804,-0.886719
1784159168.108084,8,0.012783,0.740578,-0.902344
1784159168.118087,8,0.021568,0.918937,-0.910156
1784159168.128083,8,0.028323,0.407124,-0.894531
1784159168.138081,8,0.032594,0.476916,-0.906250
1784159168.148082,8,0.039622,0.965465,-0.929688
1784159168.158081,8,0.050981,1.085664,-0.937500
1784159168.168082,8,0.059857,0.767719,-0.937500
1784159168.178085,8,0.066248,0.542832,-0.937500
1784159168.188088,8,0.072913,0.721191,-0.945312
1784159168.198086,8,0.080001,0.608747,-0.945312
1784159168.208085,8,0.086241,0.577728,-0.941406
1784159168.218089,8,0.091482,0.387737,-0.941406
1784159168.228082,8,0.096480,0.504058,-0.945312
1784159168.238083,8,0.102296,0.620379,-0.953125
1784159168.248090,8,0.109657,0.771597,-0.960938
1784159168.258068,8,0.117351,0.709559,-0.957031
1784159168.268063,8,0.123016,0.507935,-0.960938
1784159168.278063,8,0.128165,0.581605,-0.957031
1784159168.288069,8,0.134193,0.616502,-0.960938
1784159168.298072,8,0.141373,0.713436,-0.960938
1784159168.308063,8,0.147582,0.585483,-0.972656
1784159168.318063,8,0.154035,0.608747,-0.984375
1784159168.328064,8,0.159548,0.411001,-0.972656
1784159168.338072,8,0.163970,0.445898,-0.972656
1784159168.348064,8,0.169968,0.624257,-0.988281
1784159168.358063,8,0.178086,0.829757,-0.992188
1784159168.368063,8,0.185629,0.593238,-0.984375
1784159168.378066,8,0.190779,0.286925,-0.976562
1784159168.388062,8,0.195110,0.442020,-0.984375
1784159168.398063,8,0.200957,0.628134,-0.996094
1784159168.408065,8,0.207591,0.705681,-0.996094
1784159168.418068,8,0.213286,0.430388,-0.984375
1784159168.428063,8,0.216890,0.298557,-0.976562
1784159168.438068,8,0.220222,0.325699,-0.984375
1784159168.448063,8,0.224221,0.473039,-0.984375
1784159168.458066,8,0.228825,0.414879,-0.968750
1784159168.468066,8,0.233672,0.411001,-0.984375
1784159168.478065,8,0.239367,0.573851,-0.984375
1784159168.488063,8,0.244274,0.476916,-0.968750
1784159168.498065,8,0.248515,0.407124,-0.976562
1784159168.508067,8,0.253816,0.593238,-0.984375
1784159168.518067,8,0.260147,0.643643,-0.976562
1784159168.528201,8,0.265751,0.500181,-0.976562
1784159168.538045,8,0.271386,0.519568,-0.988281
1784159168.548047,8,0.277656,0.546709,-0.988281
1784159168.558044,8,0.283442,0.414879,-0.968750
1784159168.568044,8,0.285744,0.174482,-0.957031
1784159168.578042,8,0.287228,0.139585,-0.957031
1784159168.588049,8,0.290167,0.356718,-0.957031
1784159168.598049,8,0.294014,0.352841,-0.957031
1784159168.608053,8,0.300011,0.736700,-0.960938
1784159168.618047,8,0.307403,0.639766,-0.960938
1784159168.628044,8,0.311795,0.302435,-0.945312
1784159168.638047,8,0.314006,0.209378,-0.941406
1784159168.648045,8,0.317369,0.383860,-0.945312
1784159168.658157,8,0.321246,0.364473,-0.937500
1784159168.668049,8,0.324457,0.290803,-0.937500
1784159168.678050,8,0.327305,0.341209,-0.929688
1784159168.688049,8,0.330909,0.333454,-0.914062
1784159168.698046,8,0.333938,0.271416,-0.910156
1784159168.708045,8,0.335635,0.135708,-0.906250
1784159168.718047,8,0.338149,0.263661,-0.902344
1784159168.728054,8,0.342390,0.507935,-0.914062
1784159168.738050,8,0.349145,0.721191,-0.910156
1784159168.748047,8,0.355506,0.616502,-0.902344
1784159168.758050,8,0.359414,0.314067,-0.906250
1784159168.768046,8,0.364321,0.573851,-0.921875
1784159168.778104,8,0.371167,0.705681,-0.921875
1784159168.788034,8,0.378074,0.635889,-0.906250
1784159168.798040,8,0.382951,0.422633,-0.914062
1784159168.808055,8,0.388040,0.577728,-0.925781
1784159168.818035,8,0.395007,0.697927,-0.921875
1784159168.828108,8,0.402580,0.639766,-0.921875
1784159168.838036,8,0.408275,0.581605,-0.925781
1784159168.848045,8,0.413546,0.391614,-0.925781
1784159168.858035,8,0.417756,0.267539,-0.902344
1784159168.868028,8,0.420331,0.158972,-0.902344
1784159168.878135,8,0.423209,0.368350,-0.910156
1784159168.888156,8,0.428298,0.562219,-0.921875
1784159168.898128,8,0.435992,0.763842,-0.929688
1784159168.908123,8,0.442899,0.635889,-0.929688
1784159168.918038,8,0.446776,0.360595,-0.906250
1784159168.928039,8,0.448654,0.054283,-0.890625
1784159168.938042,8,0.450108,0.213255,-0.890625
1784159168.948042,8,0.452834,0.352841,-0.890625
1784159168.958045,8,0.456681,0.356718,-0.878906
1784159168.968041,8,0.460074,0.283048,-0.875000
1784159168.978044,8,0.463588,0.314067,-0.863281
1784159168.988043,8,0.467344,0.376105,-0.863281
1784159168.998043,8,0.470888,0.391614,-0.859375
1784159169.008038,8,0.474645,0.376105,-0.863281
1784159169.018041,8,0.479098,0.484671,-0.859375
1784159169.028023,8,0.483975,0.143463,-0.828125
1784159169.038023,8,0.487397,0.306312,-0.828125
1784159169.048041,8,0.490427,0.286925,-0.828125
1784159169.058111,8,0.492093,0.193868,-0.839844
1784159169.068024,8,0.494546,0.290803,-0.839844
1784159169.078022,8,0.497878,0.302435,-0.828125
1784159169.088031,8,0.500726,0.255906,-0.824219
1784159169.098025,8,0.503937,0.290803,-0.812500
1784159169.108087,8,0.506451,0.182236,-0.804688
1784159169.118064,8,0.508511,0.209378,-0.792969
1784159169.128039,8,0.510571,0.162850,-0.781250
1784159169.138032,8,0.512903,0.228765,-0.773438
1784159169.148027,8,0.514963,0.151217,-0.773438
1784159169.158019,8,0.517386,0.275293,-0.750000
1784159169.168268,8,0.519265,0.046528,-0.750000
1784159169.178138,8,0.519901,0.077547,-0.738281
1784159169.189429,8,0.521082,0.205501,-0.738281
1784159169.200014,8,0.524475,0.302435,-0.726562
1784159169.208246,8,0.526898,0.244274,-0.714844
1784159169.218020,8,0.529352,0.263661,-0.699219
1784159169.228041,8,0.530927,0.124076,-0.695312
1784159169.238018,8,0.532078,0.139585,-0.683594
1784159169.248022,8,0.534138,0.259784,-0.675781
1784159169.258119,8,0.536531,0.259784,-0.679688
1784159169.268025,8,0.538833,0.147340,-0.664062
1784159169.278063,8,0.540287,0.124076,-0.660156
1784159169.288032,8,0.541711,0.127953,-0.644531
1784159169.298007,8,0.543256,0.155095,-0.632812
1784159169.308002,8,0.544952,0.166727,-0.628906
1784159169.318002,8,0.546830,0.182236,-0.613281
1784159169.328141,8,0.548254,0.170604,-0.609375
1784159169.338085,8,0.550041,0.174482,-0.597656
1784159169.347997,8,0.551980,0.174482,-0.593750
1784159169.357992,8,0.554767,0.345086,-0.593750
1784159169.367997,8,0.558886,0.461407,-0.578125
1784159169.377995,8,0.563006,0.294680,-0.578125
1784159169.387995,8,0.566581,0.236520,-0.574219
1784159169.397999,8,0.568671,0.151217,-0.562500
1784159169.407995,8,0.570700,0.182236,-0.562500
1784159169.417997,8,0.573851,0.337331,-0.550781
1784159169.427995,8,0.577395,0.244274,-0.546875
1784159169.437996,8,0.580666,0.317944,-0.550781
1784159169.447996,8,0.583756,0.271416,-0.535156
1784159169.457995,8,0.586301,0.174482,-0.531250
1784159169.467995,8,0.588512,0.279171,-0.519531
1784159169.477998,8,0.591541,0.356718,-0.519531
1784159169.487996,8,0.594994,0.337331,-0.515625
1784159169.497999,8,0.597630,0.186114,-0.500000
1784159169.507999,8,0.599902,0.228765,-0.500000
1784159169.517992,8,0.602477,0.232642,-0.492188
1784159169.527997,8,0.605294,0.267539,-0.476562
1784159169.537997,8,0.607626,0.209378,-0.480469
1784159169.547999,8,0.610050,0.232642,-0.464844
1784159169.557976,8,0.612655,0.298557,-0.468750
1784159169.567978,8,0.614866,0.155095,-0.449219
1784159169.578010,8,0.616774,0.155095,-0.449219
1784159169.587991,8,0.619077,0.236520,-0.445312
1784159169.597983,8,0.622166,0.267539,-0.433594
1784159169.607978,8,0.624650,0.182236,-0.421875
1784159169.617978,8,0.626316,0.085302,-0.417969
1784159169.627980,8,0.628346,0.147340,-0.402344
1784159169.637989,8,0.630618,0.217133,-0.398438
1784159169.647979,8,0.632829,0.166727,-0.382812
1784159169.657978,8,0.634798,0.189991,-0.394531
1784159169.667980,8,0.637282,0.158972,-0.378906
1784159169.677978,8,0.639796,0.263661,-0.367188
1784159169.687977,8,0.641886,0.143463,-0.355469
1784159169.697977,8,0.643886,0.290803,-0.355469
1784159169.707978,8,0.646794,0.279171,-0.351562
1784159169.717987,8,0.650156,0.263661,-0.335938
1784159169.727977,8,0.652852,0.244274,-0.335938
1784159169.737976,8,0.654791,0.155095,-0.328125
1784159169.747982,8,0.657214,0.240397,-0.312500
1784159169.757978,8,0.659819,0.263661,-0.312500
1784159169.767985,8,0.662576,0.263661,-0.300781
1784159169.777981,8,0.665423,0.314067,-0.300781
1784159169.787989,8,0.668392,0.248152,-0.285156
1784159169.797986,8,0.671209,0.193868,-0.285156
1784159169.807982,8,0.673844,0.221010,-0.285156
1784159169.817983,8,0.676904,0.232642,-0.269531
1784159169.828058,8,0.679267,0.151217,-0.257812
1784159169.837996,8,0.680690,0.116321,-0.250000
1784159169.847987,8,0.681963,0.186114,-0.250000
1784159169.857960,8,0.684537,0.255906,-0.238281
1784159169.867962,8,0.687779,0.325699,-0.234375
1784159169.877969,8,0.690687,0.271416,-0.230469
1784159169.887962,8,0.693504,0.271416,-0.222656
1784159169.897968,8,0.696170,0.228765,-0.203125
1784159169.907959,8,0.698169,0.147340,-0.203125
1784159169.917957,8,0.700622,0.240397,-0.199219
1784159169.927963,8,0.703924,0.314067,-0.191406
1784159169.937967,8,0.707196,0.279171,-0.183594
1784159169.947969,8,0.709740,0.228765,-0.171875
1784159169.957966,8,0.712103,0.147340,-0.167969
1784159169.967964,8,0.714527,0.209378,-0.167969
1784159169.977972,8,0.717071,0.213255,-0.152344
1784159169.987970,8,0.719767,0.178359,-0.152344
1784159169.997972,8,0.722342,0.205501,-0.140625
1784159170.007963,8,0.724735,0.205501,-0.136719
1784159170.017972,8,0.726886,0.228765,-0.132812
1784159170.027969,8,0.729460,0.263661,-0.125000
1784159170.037977,8,0.732702,0.213255,-0.109375
1784159170.047975,8,0.735701,0.205501,-0.105469
1784159170.057976,8,0.737700,0.116321,-0.093750
1784159170.067981,8,0.739669,0.151217,-0.089844
1784159170.077965,8,0.741214,0.139585,-0.082031
1784159170.087977,8,0.743031,0.124076,-0.074219
1784159170.097969,8,0.744576,0.143463,-0.066406
1784159170.107967,8,0.745879,0.077547,-0.050781
1784159170.117955,8,0.747545,0.131831,-0.039062
1784159170.127949,8,0.748847,0.038774,-0.027344
1784159170.137969,8,0.750210,0.120198,-0.023438
1784159170.147943,8,0.751877,0.069793,-0.007812
1784159170.157943,8,0.752785,0.054283,0.003906
1784159170.167942,8,0.753391,0.069793,0.007812
1784159170.177943,8,0.755209,0.252029,0.011719
1784159170.187942,8,0.757481,0.213255,0.019531
1784159170.198015,8,0.760479,0.221010,0.035156
1784159170.207942,8,0.762660,0.135708,0.035156
1784159170.217946,8,0.764872,0.155095,0.050781
1784159170.227941,8,0.767295,0.205501,0.050781
1784159170.237944,8,0.768689,0.127953,0.042969
1784159170.247943,8,0.769537,0.127953,0.042969
1784159170.257942,8,0.769840,-0.019387,0.042969
1784159170.267943,8,0.769991,-0.007755,0.042969
1784159170.277952,8,0.770264,0.019387,0.054688
1784159170.287946,8,0.770355,0.000000,0.042969
1784159170.298023,8,0.770718,0.015509,0.042969
1784159170.307944,8,0.771082,0.027142,0.042969
1784159170.317947,8,0.771536,0.065915,0.039062
1784159170.327948,8,0.771778,0.046528,0.039062
1784159170.337948,8,0.771809,-0.003877,0.039062
1784159170.347944,8,0.771960,-0.046528,0.035156
1784159170.357945,8,0.772263,0.007755,0.039062
1784159170.367943,8,0.772626,0.011632,0.039062
1784159170.377946,8,0.773020,-0.019387,0.039062
1784159170.387924,8,0.773384,-0.027142,0.039062
1784159170.397924,8,0.773990,-0.019387,0.039062
1784159170.407991,8,0.774505,0.000000,0.035156
1784159170.418035,8,0.774535,-0.003877,0.035156
1784159170.427979,8,0.774505,-0.054283,0.039062
1784159170.437925,8,0.774505,-0.077547,0.035156
1784159170.447925,8,0.774565,0.019387,0.027344
1784159170.457927,8,0.774595,-0.038774,0.035156
1784159170.467930,8,0.774626,-0.011632,0.027344
1784159170.477924,8,0.774656,-0.011632,0.039062
1784159170.487932,8,0.774717,-0.011632,0.035156
1784159170.497927,8,0.774777,0.000000,0.039062
1784159170.507926,8,0.774747,-0.081425,0.039062
1784159170.517928,8,0.774777,-0.019387,0.039062
1784159170.527924,8,0.774777,-0.023264,0.039062
1784159170.537926,8,0.774777,-0.027142,0.027344
1784159170.547926,8,0.774777,-0.034896,0.027344
1784159170.557931,8,0.774777,-0.042651,0.027344
1784159170.567921,8,0.774808,-0.042651,0.035156
1784159170.577929,8,0.774868,0.019387,0.035156
1784159170.587929,8,0.774838,-0.042651,0.027344
1784159170.597926,8,0.774929,0.034896,0.027344
1784159170.607928,8,0.774959,0.000000,0.027344
1784159170.617929,8,0.774959,-0.096934,0.027344
1784159170.627928,8,0.775020,0.000000,0.027344
1784159170.637929,8,0.775050,0.011632,0.035156
1784159170.647927,8,0.775050,-0.034896,0.035156
1784159170.657905,8,0.775110,0.000000,0.039062
1784159170.667908,8,0.775141,0.015509,0.027344
1784159170.677910,8,0.775141,-0.031019,0.023438
1784159170.687908,8,0.775171,0.000000,0.027344
1784159170.697909,8,0.775171,-0.073670,0.035156
1784159170.707909,8,0.775171,-0.050406,0.039062
1784159170.717914,8,0.775201,-0.027142,0.039062
1784159170.727908,8,0.775232,0.015509,0.027344
1784159170.737906,8,0.775232,-0.015509,0.027344
1784159170.747907,8,0.775232,-0.038774,0.027344
1784159170.757910,8,0.775292,0.019387,0.039062
1784159170.767905,8,0.775292,0.000000,0.035156
1784159170.777911,8,0.775292,-0.038774,0.039062
1784159170.787910,8,0.775292,-0.058161,0.039062
1784159170.797909,8,0.775322,-0.015509,0.039062
1784159170.807909,8,0.775322,-0.062038,0.027344
1784159170.817909,8,0.775353,-0.011632,0.027344
1784159170.827909,8,0.775383,-0.003877,0.035156
1784159170.837916,8,0.775413,0.019387,0.039062
1784159170.847911,8,0.775413,0.000000,0.027344
1784159170.857908,8,0.775413,-0.034896,0.023438
1784159170.867911,8,0.775413,-0.050406,0.039062
1784159170.877912,8,0.775413,-0.050406,0.027344
1784159170.887907,8,0.775444,0.019387,0.027344
1784159170.897909,8,0.775444,0.003877,0.027344
1784159170.907908,8,0.775444,-0.019387,0.027344
1784159170.917909,8,0.775444,-0.031019,0.027344
1784159170.927919,8,0.775474,0.019387,0.027344
1784159170.937887,8,0.775444,-0.058161,0.039062
1784159170.947889,8,0.775474,-0.019387,0.039062
1784159170.957887,8,0.775474,-0.031019,0.039062
1784159170.967891,8,0.775474,-0.023264,0.035156
1784159170.977887,8,0.775504,0.015509,0.023438
1784159170.987888,8,0.775474,-0.034896,0.027344
1784159170.997887,8,0.775474,-0.046528,0.027344
1784159171.007890,8,0.775504,0.007755,0.027344
1784159171.017891,8,0.775474,-0.023264,0.027344
1784159171.027888,8,0.775504,-0.031019,0.039062
1784159171.037888,8,0.775474,-0.038774,0.039062
1784159171.047886,8,0.775474,-0.038774,0.039062
1784159171.057889,8,0.775474,-0.019387,0.027344
1784159171.067886,8,0.775474,-0.015509,0.039062
1784159171.077885,8,0.775474,-0.019387,0.039062
1784159171.087895,8,0.775474,-0.015509,0.039062
1784159171.097891,8,0.775474,-0.038774,0.039062
1784159171.107890,8,0.775474,-0.038774,0.027344
1784159171.117889,8,0.775474,-0.038774,0.027344
1784159171.127979,8,0.775474,-0.031019,0.027344
1784159171.138003,8,0.775535,0.069793,0.039062
1784159171.148006,8,0.775474,-0.038774,0.027344
1784159171.157889,8,0.775474,-0.038774,0.023438
1784159171.167898,8,0.775504,0.019387,0.027344
1784159171.177896,8,0.775474,-0.054283,0.035156
1784159171.187895,8,0.775474,-0.046528,0.027344
1784159171.197890,8,0.775504,0.000000,0.027344
1784159171.207876,8,0.775504,0.011632,0.035156
1784159171.217874,8,0.775474,-0.054283,0.039062
1784159171.227875,8,0.775504,-0.003877,0.027344
1784159171.237871,8,0.775504,-0.027142,0.027344
1784159171.247874,8,0.775535,0.027142,0.027344
1784159171.257874,8,0.775535,0.011632,0.027344
1784159171.267873,8,0.775504,-0.042651,0.035156
1784159171.277883,8,0.775565,0.065915,0.023438
1784159171.287895,8,0.775504,-0.062038,0.027344
1784159171.297873,8,0.775535,-0.019387,0.027344
1784159171.307881,8,0.775565,0.042651,0.027344
1784159171.317878,8,0.775535,-0.011632,0.027344
1784159171.327881,8,0.775565,0.034896,0.027344
1784159171.337878,8,0.775565,0.007755,0.027344
1784159171.347880,8,0.775504,-0.077547,0.039062
1784159171.357878,8,0.775535,-0.042651,0.035156
1784159171.367883,8,0.775504,-0.112444,0.027344
1784159171.377881,8,0.775535,-0.027142,0.035156
1784159171.387882,8,0.775535,-0.058161,0.035156
1784159171.397877,8,0.775565,-0.031019,0.027344
1784159171.407881,8,0.775565,-0.023264,0.039062
1784159171.417881,8,0.775565,-0.015509,0.027344
1784159171.427882,8,0.775565,-0.023264,0.027344
1784159171.437881,8,0.775565,-0.011632,0.027344
1784159171.447878,8,0.775535,-0.089180,0.023438
1784159171.457883,8,0.775565,-0.015509,0.027344
1784159171.467881,8,0.775565,-0.038774,0.039062
1784159171.477882,8,0.775595,0.015509,0.023438
1784159171.487881,8,0.775565,-0.027142,0.035156
1784159171.497862,8,0.775595,0.015509,0.027344
1784159171.507861,8,0.775595,0.019387,0.027344
1784159171.517862,8,0.775595,0.019387,0.039062
1784159171.527860,8,0.775565,-0.054283,0.027344
1784159171.537858,8,0.775595,0.003877,0.039062
1784159171.547862,8,0.775595,0.000000,0.035156
1784159171.557853,8,0.775565,-0.058161,0.035156
1784159171.567865,8,0.775565,-0.073670,0.023438
1784159171.577861,8,0.775595,-0.019387,0.027344
1784159171.587861,8,0.775595,-0.011632,0.039062
1784159171.597859,8,0.775595,-0.019387,0.039062
1784159171.607852,8,0.775565,-0.073670,0.039062
1784159171.617863,8,0.775625,0.027142,0.027344
1784159171.627861,8,0.775625,0.031019,0.039062
1784159171.637859,8,0.775595,-0.038774,0.027344
1784159171.647864,8,0.775595,-0.038774,0.039062
1784159171.657863,8,0.775625,0.019387,0.027344
1784159171.667863,8,0.775625,0.000000,0.027344
1784159171.677855,8,0.775625,-0.011632,0.027344
1784159171.687859,8,0.775625,-0.038774,0.027344
1784159171.697852,8,0.775625,-0.031019,0.027344
1784159171.707859,8,0.775625,-0.027142,0.027344
1784159171.717855,8,0.775625,-0.038774,0.035156
1784159171.727865,8,0.775595,-0.100812,0.027344
1784159171.737866,8,0.775625,-0.038774,0.035156
1784159171.747865,8,0.775625,-0.038774,0.027344
1784159171.757862,8,0.775625,-0.050406,0.039062
1784159171.767852,8,0.775595,-0.112444,0.039062
1784159171.777843,8,0.775686,0.062038,0.035156
1784159171.787844,8,0.775656,0.000000,0.039062
1784159171.797846,8,0.775656,-0.046528,0.039062
1784159171.807842,8,0.775656,-0.031019,0.035156
1784159171.817842,8,0.775656,-0.046528,0.027344
1784159171.827835,8,0.775656,-0.050406,0.035156
1784159171.837848,8,0.775656,-0.054283,0.035156
1784159171.847843,8,0.775686,-0.015509,0.027344
1784159171.857845,8,0.775716,0.019387,0.027344
1784159171.867840,8,0.775686,-0.038774,0.039062
1784159171.877843,8,0.775716,0.019387,0.027344
1784159171.887843,8,0.775686,-0.058161,0.027344
1784159171.897843,8,0.775686,-0.038774,0.035156
1784159171.907843,8,0.775716,0.000000,0.027344
1784159171.917842,8,0.775747,0.019387,0.035156
1784159171.927905,8,0.775747,0.027142,0.039062
1784159171.937917,8,0.775686,-0.069793,0.027344
1784159171.947976,8,0.775747,0.000000,0.035156
1784159171.957946,8,0.775747,-0.023264,0.027344
1784159171.967844,8,0.775777,0.038774,0.035156
1784159171.977841,8,0.775716,-0.100812,0.035156
1784159171.987844,8,0.775716,-0.093057,0.035156
1784159171.997845,8,0.775777,0.003877,0.027344
1784159172.007843,8,0.775777,0.000000,0.035156
1784159172.017844,8,0.775777,-0.027142,0.019531
1784159172.027931,8,0.775807,0.007755,0.027344
1784159172.037818,8,0.775777,-0.038774,0.035156
1784159172.047821,8,0.775807,0.003877,0.035156
1784159172.057815,8,0.775837,0.042651,0.035156
1784159172.067825,8,0.775777,-0.073670,0.035156
1784159172.077819,8,0.775777,-0.065915,0.027344
1784159172.087818,8,0.775777,-0.096934,0.027344
1784159172.097819,8,0.775837,0.019387,0.035156
1784159172.107820,8,0.775837,0.011632,0.039062
1784159172.117825,8,0.775837,-0.015509,0.035156
1784159172.127820,8,0.775837,-0.023264,0.035156
1784159172.137821,8,0.775837,-0.019387,0.035156
1784159172.147822,8,0.775837,-0.038774,0.035156
1784159172.157828,8,0.775868,-0.038774,0.035156
1784159172.167820,8,0.775837,-0.038774,0.035156
1784159172.177823,8,0.775837,-0.038774,0.035156
1784159172.187826,8,0.775837,-0.038774,0.027344
1784159172.197822,8,0.775837,-0.042651,0.023438
1784159172.207824,8,0.775837,-0.038774,0.039062
1784159172.217817,8,0.775837,-0.038774,0.027344
1784159172.227817,8,0.775837,-0.058161,0.035156
1784159172.237823,8,0.775837,-0.038774,0.035156
1784159172.247824,8,0.775837,-0.038774,0.027344
1784159172.257821,8,0.775837,-0.062038,0.023438
1784159172.267821,8,0.775837,-0.093057,0.039062
1784159172.277819,8,0.775837,-0.096934,0.035156
1784159172.287823,8,0.775837,-0.093057,0.023438
1784159172.297817,8,0.775898,0.019387,0.035156
1784159172.307801,8,0.775898,0.019387,0.027344
1784159172.317800,8,0.775898,-0.027142,0.035156
1784159172.327802,8,0.775898,-0.038774,0.035156
1784159172.337812,8,0.775868,-0.038774,0.035156
1784159172.347803,8,0.775898,0.011632,0.019531
1784159172.357829,8,0.775868,-0.038774,0.035156
1784159172.367805,8,0.775868,-0.038774,0.027344
1784159172.377801,8,0.775868,-0.046528,0.039062
1784159172.387809,8,0.775898,0.000000,0.027344
1784159172.397800,8,0.775898,0.015509,0.023438
1784159172.407810,8,0.775868,-0.042651,0.039062
1784159172.417798,8,0.775898,0.000000,0.035156
1784159172.427808,8,0.775898,0.000000,0.027344
1784159172.437813,8,0.775898,0.000000,0.023438
1784159172.447799,8,0.775868,-0.054283,0.039062
1784159172.457806,8,0.775898,-0.015509,0.027344
1784159172.467798,8,0.775898,-0.031019,0.023438
1784159172.477799,8,0.775898,-0.019387,0.027344
1784159172.487815,8,0.775928,0.019387,0.035156
1784159172.497796,8,0.775928,0.019387,0.035156
1784159172.507806,8,0.775898,-0.038774,0.027344
1784159172.517811,8,0.775898,-0.038774,0.035156
1784159172.527805,8,0.775898,-0.038774,0.039062
1784159172.537801,8,0.775898,-0.038774,0.039062
1784159172.547804,8,0.775898,-0.038774,0.035156
1784159172.557801,8,0.775898,-0.038774,0.027344
1784159172.567798,8,0.775898,-0.038774,0.027344
1784159172.577811,8,0.775898,-0.031019,0.027344
1784159172.587782,8,0.775898,-0.031019,0.035156
1784159172.597787,8,0.775898,-0.007755,0.027344
1784159172.607802,8,0.775898,-0.015509,0.035156
1784159172.617781,8,0.775868,-0.054283,0.027344
1784159172.627779,8,0.775868,-0.062038,0.039062
1784159172.637797,8,0.775898,-0.015509,0.035156
1784159172.647782,8,0.775898,-0.015509,0.035156
1784159172.657782,8,0.775898,-0.038774,0.027344
1784159172.667837,8,0.775898,-0.038774,0.035156
1784159172.677779,8,0.775898,-0.007755,0.035156
1784159172.687884,8,0.775898,-0.038774,0.027344
1784159172.697872,8,0.775898,-0.038774,0.035156
1784159172.707783,8,0.775898,-0.027142,0.035156
1784159172.717783,8,0.775898,-0.038774,0.035156
1784159172.727784,8,0.775898,-0.042651,0.035156
1784159172.737786,8,0.775898,-0.034896,0.027344
1784159172.747784,8,0.775898,-0.038774,0.035156
1784159172.757786,8,0.775898,-0.031019,0.023438
1784159172.767786,8,0.775898,-0.038774,0.023438
1784159172.777782,8,0.775898,-0.038774,0.035156
1784159172.787784,8,0.775898,0.019387,0.039062
1784159172.797884,8,0.775898,-0.038774,0.035156
1784159172.807783,8,0.775898,-0.038774,0.035156
1784159172.817786,8,0.775928,0.019387,0.023438
1784159172.827784,8,0.775898,-0.050406,0.035156
1784159172.837786,8,0.775898,-0.034896,0.035156
1784159172.847765,8,0.775928,0.000000,0.039062
1784159172.857766,8,0.775928,-0.011632,0.035156
1784159172.867764,8,0.775928,-0.034896,0.035156
1784159172.877763,8,0.775928,-0.027142,0.035156
1784159172.887762,8,0.775959,0.038774,0.019531
1784159172.897761,8,0.775928,-0.027142,0.035156
1784159172.907764,8,0.775928,-0.034896,0.027344
1784159172.917767,8,0.775928,-0.015509,0.027344
1784159172.927770,8,0.775928,-0.031019,0.035156
1784159172.937761,8,0.775928,0.019387,0.035156
1784159172.947764,8,0.775928,-0.038774,0.035156
1784159172.957765,8,0.775928,-0.034896,0.027344
1784159172.967918,8,0.775928,-0.038774,0.035156
1784159172.977763,8,0.775928,-0.050406,0.035156
1784159172.987767,8,0.775928,-0.050406,0.039062
1784159172.997766,8,0.775928,-0.038774,0.035156
1784159173.007762,8,0.775959,0.011632,0.023438
1784159173.017765,8,0.775928,-0.050406,0.035156
1784159173.027762,8,0.775959,0.000000,0.035156
1784159173.037763,8,0.775959,0.000000,0.035156
1784159173.047759,8,0.775959,-0.027142,0.039062
1784159173.057766,8,0.775928,-0.081425,0.035156
1784159173.067846,8,0.775959,-0.027142,0.039062
1784159173.077771,8,0.775989,0.023264,0.039062
1784159173.087762,8,0.775959,-0.019387,0.039062
1784159173.097763,8,0.775959,-0.031019,0.027344
1784159173.107766,8,0.775959,-0.034896,0.027344
1784159173.117766,8,0.776019,0.054283,0.039062
1784159173.127766,8,0.775959,-0.054283,0.023438
1784159173.137744,8,0.775959,-0.031019,0.027344
1784159173.147748,8,0.775959,-0.069793,0.027344
1784159173.157746,8,0.775989,-0.011632,0.035156
1784159173.167741,8,0.775989,0.015509,0.027344
1784159173.177747,8,0.776019,0.019387,0.035156
1784159173.187747,8,0.776019,0.011632,0.035156
1784159173.197752,8,0.776019,0.019387,0.023438
1784159173.207749,8,0.775989,-0.023264,0.027344
1784159173.217747,8,0.775989,-0.042651,0.035156
1784159173.227806,8,0.775989,-0.058161,0.027344
1784159173.237808,8,0.775989,-0.073670,0.039062
1784159173.247749,8,0.776019,-0.034896,0.035156
1784159173.257746,8,0.776049,0.027142,0.039062
1784159173.267745,8,0.776019,-0.038774,0.035156
1784159173.277759,8,0.776049,0.003877,0.023438
1784159173.287743,8,0.776049,0.011632,0.035156
1784159173.297759,8,0.776049,0.019387,0.035156
1784159173.307752,8,0.776049,0.011632,0.035156
1784159173.317760,8,0.776019,-0.054283,0.035156
1784159173.327747,8,0.776049,0.000000,0.027344
1784159173.337750,8,0.776019,-0.058161,0.035156
1784159173.347751,8,0.776049,0.003877,0.035156
1784159173.357747,8,0.776049,0.003877,0.035156
1784159173.367758,8,0.776049,-0.003877,0.035156
1784159173.377753,8,0.776080,0.023264,0.035156
1784159173.387757,8,0.776049,-0.027142,0.039062
1784159173.397754,8,0.776049,-0.015509,0.035156
1784159173.407756,8,0.776019,-0.093057,0.019531
1784159173.417734,8,0.776049,-0.046528,0.023438
1784159173.427729,8,0.776049,-0.038774,0.035156
1784159173.437734,8,0.776049,-0.042651,0.027344
1784159173.447738,8,0.776049,-0.046528,0.039062
1784159173.457727,8,0.776049,-0.038774,0.039062
1784159173.467728,8,0.776049,-0.038774,0.035156
1784159173.477732,8,0.776080,-0.027142,0.039062
1784159173.487731,8,0.776110,0.019387,0.035156
1784159173.497729,8,0.776080,-0.050406,0.023438
1784159173.507734,8,0.776110,0.007755,0.035156
1784159173.517734,8,0.776110,0.000000,0.035156
1784159173.527734,8,0.776110,0.000000,0.027344
1784159173.537726,8,0.776110,0.000000,0.035156
1784159173.547729,8,0.776110,0.000000,0.039062
1784159173.557730,8,0.776110,-0.019387,0.035156
1784159173.567728,8,0.776110,-0.031019,0.023438
1784159173.577728,8,0.776110,-0.038774,0.039062
1784159173.587731,8,0.776110,-0.038774,0.039062
1784159173.597728,8,0.776140,0.011632,0.035156
1784159173.607733,8,0.776140,0.015509,0.035156
1784159173.617733,8,0.776140,0.007755,0.023438
1784159173.627729,8,0.776110,-0.038774,0.027344
1784159173.637729,8,0.776140,0.019387,0.027344
1784159173.647734,8,0.776140,0.000000,0.027344
1784159173.657734,8,0.776110,-0.054283,0.023438
1784159173.667739,8,0.776140,0.011632,0.023438
1784159173.677734,8,0.776140,-0.031019,0.039062
1784159173.687712,8,0.776140,-0.027142,0.039062
1784159173.697710,8,0.776140,-0.031019,0.035156
1784159173.707804,8,0.776140,-0.019387,0.035156
1784159173.717707,8,0.776171,0.019387,0.023438
1784159173.727709,8,0.776140,-0.031019,0.039062
1784159173.737709,8,0.776140,-0.034896,0.035156
1784159173.747708,8,0.776140,-0.046528,0.035156
1784159173.757805,8,0.776171,0.000000,0.027344
1784159173.767706,8,0.776171,0.000000,0.035156
1784159173.777716,8,0.776171,0.000000,0.035156
1784159173.787707,8,0.776171,-0.023264,0.035156
1784159173.797715,8,0.776171,-0.038774,0.027344
1784159173.807714,8,0.776171,-0.046528,0.027344
1784159173.818789,8,0.776201,0.000000,0.019531
1784159173.827712,8,0.776171,-0.038774,0.035156
1784159173.837713,8,0.776201,-0.003877,0.019531
1784159173.847721,8,0.776201,-0.038774,0.039062
1784159173.857710,8,0.776201,-0.027142,0.035156
1784159173.867713,8,0.776201,-0.046528,0.035156
1784159173.877711,8,0.776231,0.019387,0.035156
1784159173.887711,8,0.776231,0.015509,0.027344
1784159173.897712,8,0.776201,0.019387,0.035156
1784159173.907713,8,0.776171,-0.093057,0.039062
1784159173.917715,8,0.776231,0.019387,0.027344
1784159173.927716,8,0.776231,0.000000,0.027344
1784159173.937712,8,0.776231,0.003877,0.023438
1784159173.947712,8,0.776201,-0.042651,0.035156
1784159173.957699,8,0.776231,0.000000,0.035156
1784159173.967693,8,0.776201,-0.093057,0.023438
1784159173.977707,8,0.776262,0.019387,0.023438
1784159173.987689,8,0.776262,0.011632,0.035156
1784159173.997697,8,0.776262,0.019387,0.035156
1784159174.007693,8,0.776231,-0.058161,0.035156
1784159174.017692,8,0.776231,-0.031019,0.027344
1784159174.027691,8,0.776201,-0.100812,0.027344
1784159174.037691,8,0.776231,-0.031019,0.039062
1784159174.047693,8,0.776262,0.000000,0.035156
1784159174.057693,8,0.776262,-0.003877,0.035156
1784159174.067695,8,0.776262,0.000000,0.035156
1784159174.077693,8,0.776262,-0.003877,0.035156
1784159174.087692,8,0.776292,0.034896,0.035156
1784159174.097693,8,0.776292,-0.031019,0.035156
1784159174.107694,8,0.776292,0.015509,0.027344
1784159174.117692,8,0.776262,-0.042651,0.035156
1784159174.127694,8,0.776292,0.003877,0.039062
1784159174.137692,8,0.776262,-0.058161,0.035156
1784159174.147693,8,0.776292,0.000000,0.039062
1784159174.157692,8,0.776262,-0.069793,0.027344
1784159174.167695,8,0.776292,0.000000,0.035156
1784159174.177697,8,0.776292,-0.015509,0.027344
1784159174.187702,8,0.776292,0.000000,0.023438
1784159174.197696,8,0.776292,-0.019387,0.035156
1784159174.207694,8,0.776322,0.050406,0.039062
1784159174.217691,8,0.776292,-0.027142,0.035156
1784159174.227701,8,0.776292,-0.034896,0.035156
1784159174.237674,8,0.776262,-0.085302,0.027344
1784159174.247675,8,0.776322,0.019387,0.035156
1784159174.257672,8,0.776292,-0.015509,0.035156
1784159174.267670,8,0.776292,-0.019387,0.027344
1784159174.277678,8,0.776292,-0.034896,0.035156
1784159174.287673,8,0.776322,0.019387,0.035156
1784159174.297676,8,0.776322,0.027142,0.027344
1784159174.307683,8,0.776322,0.019387,0.023438
1784159174.317674,8,0.776322,0.019387,0.027344
1784159174.327674,8,0.776322,0.015509,0.027344
1784159174.337673,8,0.776292,-0.038774,0.027344
1784159174.347677,8,0.776322,0.019387,0.035156
1784159174.357673,8,0.776322,0.000000,0.027344
1784159174.367677,8,0.776292,-0.058161,0.027344
1784159174.377675,8,0.776322,0.000000,0.035156
1784159174.387676,8,0.776292,-0.054283,0.035156
1784159174.397678,8,0.776322,-0.003877,0.035156
1784159174.407675,8,0.776322,-0.007755,0.039062
1784159174.417675,8,0.776352,0.015509,0.035156
1784159174.427677,8,0.776322,-0.015509,0.035156
1784159174.437675,8,0.776322,-0.034896,0.035156
1784159174.447681,8,0.776322,-0.038774,0.035156
1784159174.457677,8,0.776322,-0.038774,0.023438
1784159174.467677,8,0.776322,-0.038774,0.027344
1784159174.477677,8,0.776322,-0.038774,0.027344
1784159174.487677,8,0.776322,-0.034896,0.027344
1784159174.497680,8,0.776352,0.007755,0.035156
1784159174.507656,8,0.776322,-0.046528,0.027344
1784159174.517658,8,0.776352,0.000000,0.027344
1784159174.527656,8,0.776352,-0.054283,0.035156
1784159174.537658,8,0.776352,-0.007755,0.035156
1784159174.547657,8,0.776322,-0.069793,0.039062
1784159174.557662,8,0.776352,-0.023264,0.035156
1784159174.567657,8,0.776322,-0.093057,0.035156
1784159174.577863,8,0.776322,-0.081425,0.035156
1784159174.587738,8,0.776352,-0.031019,0.035156
1784159174.597763,8,0.776352,-0.042651,0.019531
1784159174.607658,8,0.776352,-0.054283,0.035156
1784159174.617658,8,0.776352,-0.062038,0.035156
1784159174.627658,8,0.776383,-0.081425,0.035156
1784159174.637659,8,0.776413,0.031019,0.027344
1784159174.647668,8,0.776383,-0.054283,0.027344
1784159174.657659,8,0.776383,-0.042651,0.035156
1784159174.667660,8,0.776413,0.000000,0.035156
1784159174.677662,8,0.776443,0.019387,0.035156
1784159174.687679,8,0.776413,-0.058161,0.035156
1784159174.697656,8,0.776413,-0.081425,0.035156
1784159174.707656,8,0.776443,-0.031019,0.035156
1784159174.717658,8,0.776443,-0.031019,0.035156
1784159174.727761,8,0.776474,0.007755,0.027344
1784159174.737655,8,0.776443,-0.058161,0.027344
1784159174.747658,8,0.776474,0.011632,0.035156
1784159174.757659,8,0.776474,0.023264,0.027344
1784159174.767653,8,0.776504,0.054283,0.027344
1784159174.777638,8,0.776443,-0.034896,0.027344
1784159174.787638,8,0.776443,-0.058161,0.027344
1784159174.797639,8,0.776443,-0.034896,0.027344
1784159174.807636,8,0.776474,-0.003877,0.027344
1784159174.817639,8,0.776474,0.015509,0.035156
1784159174.827636,8,0.776474,0.003877,0.027344
1784159174.837639,8,0.776443,-0.038774,0.027344
1784159174.847640,8,0.776474,0.019387,0.027344
1784159174.857637,8,0.776443,-0.054283,0.035156
1784159174.867637,8,0.776443,-0.058161,0.027344
1784159174.877641,8,0.776474,0.000000,0.027344
1784159174.887637,8,0.776474,0.003877,0.035156
1784159174.897638,8,0.776474,0.003877,0.019531
1784159174.907645,8,0.776474,-0.027142,0.027344
1784159174.917638,8,0.776474,0.003877,0.035156
1784159174.927643,8,0.776443,-0.093057,0.027344
1784159174.937639,8,0.776474,-0.011632,0.035156
1784159174.947639,8,0.776474,-0.027142,0.023438
1784159174.957641,8,0.776474,-0.038774,0.027344
1784159174.967643,8,0.776474,-0.003877,0.035156
1784159174.977641,8,0.776474,-0.019387,0.027344
1784159174.987649,8,0.776474,-0.003877,0.023438
1784159174.997646,8,0.776474,-0.027142,0.035156
1784159175.007638,8,0.776504,0.019387,0.027344
1784159175.017640,8,0.776474,-0.062038,0.027344
1784159175.027723,8,0.776443,-0.085302,0.023438
1784159175.037645,8,0.776474,-0.031019,0.027344
1784159175.047640,8,0.776474,-0.027142,0.023438
1784159175.057638,8,0.776474,-0.011632,0.027344
1784159175.067624,8,0.776474,-0.038774,0.023438
1784159175.077623,8,0.776474,-0.027142,0.027344
1784159175.087622,8,0.776474,-0.015509,0.027344
1784159175.097621,8,0.776504,0.031019,0.027344
1784159175.107619,8,0.776443,-0.085302,0.023438
1784159175.117627,8,0.776474,-0.023264,0.027344
1784159175.127619,8,0.776474,-0.038774,0.027344
1784159175.137624,8,0.776474,-0.031019,0.023438
1784159175.147622,8,0.776474,-0.015509,0.019531
1784159175.157621,8,0.776504,0.027142,0.027344
1784159175.167624,8,0.776474,-0.023264,0.023438
1784159175.177624,8,0.776474,-0.011632,0.035156
1784159175.187628,8,0.776474,-0.038774,0.027344
1784159175.197622,8,0.776443,-0.093057,0.027344
1784159175.207628,8,0.776474,-0.038774,0.027344
1784159175.217620,8,0.776474,-0.038774,0.027344
1784159175.227623,8,0.776474,-0.038774,0.027344
1784159175.237626,8,0.776474,-0.031019,0.027344
1784159175.247657,8,0.776443,-0.089180,0.035156
1784159175.257622,8,0.776504,0.019387,0.027344
1784159175.267624,8,0.776474,-0.031019,0.035156
1784159175.277621,8,0.776474,-0.038774,0.039062
1784159175.287631,8,0.776504,0.046528,0.027344
1784159175.297625,8,0.776474,-0.050406,0.019531
1784159175.307623,8,0.776504,0.019387,0.027344
1784159175.317604,8,0.776474,-0.042651,0.027344
1784159175.327600,8,0.776474,-0.031019,0.023438
