timestamp,motor_id,position,velocity,torque
1784159145.212653,3,0.134436,-0.038774,0.003906
1784159145.222587,3,0.134496,0.015509,0.003906
1784159145.232589,3,0.134708,0.000000,0.011719
1784159145.242584,3,0.134890,-0.038774,0.023438
1784159145.252584,3,0.134890,-0.046528,0.019531
1784159145.262593,3,0.134920,-0.062038,0.011719
1784159145.272559,3,0.134981,-0.027142,0.011719
1784159145.282558,3,0.135163,0.031019,0.023438
1784159145.292561,3,0.135496,0.038774,0.011719
1784159145.302558,3,0.135829,0.089180,0.007812
1784159145.312558,3,0.136314,0.089180,0.007812
1784159145.322570,3,0.137404,0.096934,0.007812
1784159145.332560,3,0.138495,0.058161,0.003906
1784159145.342558,3,0.138586,0.000000,0.003906
1784159145.352570,3,0.138798,0.038774,0.007812
1784159145.362557,3,0.138858,-0.054283,0.007812
1784159145.372558,3,0.138858,-0.015509,0.007812
1784159145.382558,3,0.138858,-0.027142,0.007812
1784159145.392558,3,0.138889,0.027142,0.007812
1784159145.402560,3,0.138828,-0.034896,0.007812
1784159145.412559,3,0.138646,-0.096934,0.007812
1784159145.422561,3,0.138555,-0.077547,0.007812
1784159145.432560,3,0.138313,-0.093057,0.007812
1784159145.442558,3,0.137980,-0.031019,0.007812
1784159145.452561,3,0.137556,-0.104689,0.003906
1784159145.462559,3,0.136950,-0.062038,0.011719
1784159145.472561,3,0.135769,-0.213255,0.023438
1784159145.482558,3,0.133345,-0.217133,0.023438
1784159145.492563,3,0.132194,-0.081425,0.023438
1784159145.502562,3,0.131285,-0.155095,0.023438
1784159145.512558,3,0.130195,-0.116321,0.023438
1784159145.522616,3,0.129952,-0.027142,0.027344
1784159145.532636,3,0.129862,-0.038774,0.027344
1784159145.542698,3,0.129650,-0.038774,0.027344
1784159145.552578,3,0.129438,-0.062038,0.023438
1784159145.562561,3,0.129225,-0.007755,0.042969
1784159145.572540,3,0.128892,-0.031019,0.035156
1784159145.582544,3,0.128286,-0.077547,0.039062
1784159145.592541,3,0.127347,-0.124076,0.042969
1784159145.602540,3,0.126590,-0.058161,0.027344
1784159145.612543,3,0.126772,-0.027142,0.042969
1784159145.622540,3,0.126893,0.000000,0.042969
1784159145.632541,3,0.127105,0.007755,0.039062
1784159145.642560,3,0.127469,0.054283,0.035156
1784159145.652541,3,0.127923,0.042651,0.035156
1784159145.662543,3,0.128923,0.104689,0.023438
1784159145.672542,3,0.130619,0.081425,0.023438
1784159145.682544,3,0.130801,-0.023264,0.027344
1784159145.692542,3,0.130710,-0.058161,0.011719
1784159145.702541,3,0.130649,-0.038774,0.027344
1784159145.712541,3,0.130589,-0.038774,0.027344
1784159145.722544,3,0.130528,-0.046528,0.023438
1784159145.732542,3,0.130558,-0.019387,0.027344
1784159145.742548,3,0.130558,-0.015509,0.023438
1784159145.752542,3,0.130467,-0.046528,0.023438
1784159145.762542,3,0.130346,-0.073670,0.027344
1784159145.772541,3,0.130377,-0.038774,0.027344
1784159145.782541,3,0.130407,0.015509,0.027344
1784159145.792545,3,0.130346,-0.081425,0.023438
1784159145.802543,3,0.130286,-0.019387,0.027344
1784159145.812543,3,0.130074,-0.058161,0.027344
1784159145.822543,3,0.129922,-0.050406,0.023438
1784159145.832544,3,0.129771,-0.085302,0.027344
1784159145.842523,3,0.129801,-0.003877,0.027344
1784159145.852520,3,0.129801,0.003877,0.027344
1784159145.862521,3,0.129801,0.054283,0.023438
1784159145.872521,3,0.129710,-0.011632,0.027344
1784159145.882527,3,0.129710,0.000000,0.023438
1784159145.892523,3,0.129680,-0.007755,0.027344
1784159145.902523,3,0.129680,-0.015509,0.023438
1784159145.912522,3,0.129680,-0.027142,0.035156
1784159145.922525,3,0.129710,0.023264,0.027344
1784159145.932536,3,0.129740,0.050406,0.027344
1784159145.942522,3,0.129710,-0.027142,0.023438
1784159145.952521,3,0.129710,-0.058161,0.023438
1784159145.962523,3,0.129740,0.007755,0.027344
1784159145.972523,3,0.129710,-0.042651,0.023438
1784159145.982524,3,0.129710,-0.019387,0.023438
1784159145.992527,3,0.129710,-0.011632,0.023438
1784159146.002524,3,0.129710,0.000000,0.027344
1784159146.012524,3,0.129710,0.000000,0.023438
1784159146.022523,3,0.129680,-0.019387,0.035156
1784159146.032522,3,0.129619,-0.034896,0.023438
1784159146.042524,3,0.129589,-0.034896,0.027344
1784159146.053531,3,0.129559,0.003877,0.027344
1784159146.062517,3,0.129438,-0.069793,0.035156
1784159146.072531,3,0.129286,-0.007755,0.035156
1784159146.082532,3,0.129225,-0.058161,0.027344
1784159146.092528,3,0.129225,-0.038774,0.035156
1784159146.102511,3,0.129195,-0.058161,0.039062
1784159146.112528,3,0.129074,-0.015509,0.035156
1784159146.122512,3,0.128801,-0.077547,0.039062
1784159146.132513,3,0.128408,-0.058161,0.035156
1784159146.142530,3,0.127408,-0.135708,0.042969
1784159146.152512,3,0.126045,-0.089180,0.035156
1784159146.162503,3,0.125742,-0.046528,0.039062
1784159146.172515,3,0.125742,-0.015509,0.035156
1784159146.182512,3,0.125712,-0.038774,0.039062
1784159146.192510,3,0.125651,0.027142,0.039062
1784159146.202512,3,0.125318,-0.135708,0.039062
1784159146.212511,3,0.125136,-0.077547,0.050781
1784159146.222511,3,0.124682,-0.069793,0.042969
1784159146.232511,3,0.123500,-0.186114,0.054688
1784159146.242509,3,0.121501,-0.178359,0.050781
1784159146.252512,3,0.120380,-0.147340,0.058594
1784159146.262513,3,0.118654,-0.279171,0.070312
1784159146.272511,3,0.117018,-0.135708,0.066406
1784159146.282516,3,0.116321,-0.120198,0.066406
1784159146.292511,3,0.115412,-0.120198,0.070312
1784159146.302514,3,0.114352,-0.112444,0.066406
1784159146.312507,3,0.114079,-0.089180,0.066406
1784159146.322597,3,0.114079,-0.054283,0.070312
1784159146.332508,3,0.114049,-0.031019,0.066406
1784159146.342505,3,0.114019,0.050406,0.070312
1784159146.352591,3,0.113807,-0.034896,0.070312
1784159146.362557,3,0.113777,0.019387,0.074219
1784159146.372503,3,0.113807,0.000000,0.074219
1784159146.382508,3,0.113777,-0.015509,0.070312
1784159146.392484,3,0.113746,-0.042651,0.070312
1784159146.402734,3,0.113746,-0.093057,0.070312
1784159146.412559,3,0.113807,-0.015509,0.070312
1784159146.422594,3,0.113807,0.011632,0.074219
1784159146.432488,3,0.113746,-0.034896,0.070312
1784159146.442487,3,0.113746,-0.007755,0.074219
1784159146.453489,3,0.113746,-0.062038,0.070312
1784159146.462488,3,0.113746,-0.050406,0.074219
1784159146.472490,3,0.113777,-0.031019,0.074219
1784159146.482489,3,0.113807,0.019387,0.070312
1784159146.492486,3,0.113807,0.007755,0.066406
1784159146.502488,3,0.113777,-0.038774,0.074219
1784159146.512488,3,0.113746,-0.058161,0.070312
1784159146.522487,3,0.113807,-0.073670,0.074219
1784159146.532492,3,0.113777,-0.058161,0.070312
1784159146.542484,3,0.113837,0.015509,0.070312
1784159146.552489,3,0.113807,-0.054283,0.070312
1784159146.562487,3,0.113807,-0.015509,0.070312
1784159146.572490,3,0.113837,0.015509,0.074219
1784159146.582488,3,0.113867,0.050406,0.074219
1784159146.592487,3,0.113837,-0.069793,0.070312
1784159146.602488,3,0.113837,-0.015509,0.074219
1784159146.612489,3,0.113867,-0.023264,0.070312
1784159146.622488,3,0.113898,-0.003877,0.070312
1784159146.632488,3,0.113867,0.007755,0.070312
1784159146.642491,3,0.113867,-0.007755,0.070312
1784159146.652488,3,0.113898,0.027142,0.070312
1784159146.662491,3,0.113867,-0.034896,0.074219
1784159146.672472,3,0.113867,-0.027142,0.070312
1784159146.682473,3,0.113928,0.015509,0.070312
1784159146.692471,3,0.114049,0.038774,0.070312
1784159146.702472,3,0.114079,0.000000,0.066406
1784159146.712474,3,0.113989,-0.069793,0.070312
1784159146.722472,3,0.113928,0.011632,0.070312
1784159146.732472,3,0.113928,-0.003877,0.066406
1784159146.742473,3,0.114019,0.019387,0.070312
1784159146.752476,3,0.114019,0.019387,0.070312
1784159146.762480,3,0.113989,0.011632,0.070312
1784159146.772477,3,0.113928,-0.031019,0.070312
1784159146.782473,3,0.113958,0.015509,0.070312
1784159146.792474,3,0.113958,-0.073670,0.070312
1784159146.802474,3,0.113989,-0.038774,0.066406
1784159146.812474,3,0.113989,0.019387,0.070312
1784159146.822476,3,0.113928,0.000000,0.074219
1784159146.832473,3,0.113867,-0.042651,0.070312
1784159146.842476,3,0.113898,-0.011632,0.066406
1784159146.852473,3,0.113898,-0.038774,0.066406
1784159146.862593,3,0.113928,0.019387,0.070312
1784159146.873478,3,0.113898,0.015509,0.074219
1784159146.882477,3,0.113867,-0.023264,0.070312
1784159146.892461,3,0.113837,-0.065915,0.070312
1784159146.902481,3,0.113807,-0.065915,0.070312
1784159146.912482,3,0.113777,-0.003877,0.070312
1784159146.922460,3,0.113655,0.019387,0.074219
1784159146.932459,3,0.113655,-0.050406,0.070312
1784159146.942462,3,0.113716,0.019387,0.074219
1784159146.952456,3,0.113686,-0.038774,0.070312
1784159146.962460,3,0.113655,-0.038774,0.070312
1784159146.972463,3,0.113625,-0.038774,0.082031
1784159146.982462,3,0.113595,-0.038774,0.070312
1784159146.992457,3,0.113595,0.050406,0.074219
1784159147.002559,3,0.113443,-0.058161,0.074219
1784159147.012446,3,0.113413,-0.038774,0.074219
1784159147.022451,3,0.113352,-0.038774,0.074219
1784159147.032455,3,0.113171,-0.065915,0.074219
1784159147.042457,3,0.112656,-0.108566,0.085938
1784159147.052452,3,0.111171,-0.209378,0.085938
1784159147.062455,3,0.109596,-0.081425,0.082031
1784159147.072454,3,0.109021,-0.093057,0.085938
1784159147.082454,3,0.108385,-0.124076,0.085938
1784159147.092453,3,0.107294,-0.062038,0.089844
1784159147.102454,3,0.106355,-0.077547,0.089844
1784159147.112453,3,0.106294,-0.054283,0.089844
1784159147.122454,3,0.106325,-0.062038,0.093750
1784159147.132455,3,0.106325,-0.042651,0.089844
1784159147.142455,3,0.106294,-0.031019,0.085938
1784159147.152454,3,0.106294,-0.003877,0.089844
1784159147.162454,3,0.106325,0.042651,0.085938
1784159147.172458,3,0.106325,-0.027142,0.089844
1784159147.182453,3,0.106325,-0.027142,0.089844
1784159147.192439,3,0.106325,-0.003877,0.089844
1784159147.202454,3,0.106355,0.023264,0.089844
1784159147.212434,3,0.106385,-0.015509,0.089844
1784159147.222437,3,0.106385,-0.058161,0.089844
1784159147.232436,3,0.106385,-0.003877,0.089844
1784159147.242433,3,0.106325,-0.104689,0.085938
1784159147.252433,3,0.106385,-0.015509,0.085938
1784159147.262440,3,0.106446,0.034896,0.085938
1784159147.272435,3,0.106446,0.027142,0.093750
1784159147.282436,3,0.106446,0.003877,0.085938
1784159147.292434,3,0.106476,-0.027142,0.085938
1784159147.302432,3,0.106688,0.027142,0.085938
1784159147.312437,3,0.106779,0.019387,0.089844
1784159147.322435,3,0.106688,-0.011632,0.085938
1784159147.332438,3,0.106658,-0.019387,0.089844
1784159147.342436,3,0.106688,0.000000,0.085938
1784159147.352543,3,0.106719,-0.058161,0.089844
1784159147.363442,3,0.106779,-0.003877,0.089844
1784159147.373443,3,0.106749,-0.015509,0.085938
1784159147.383443,3,0.106719,-0.081425,0.089844
1784159147.392444,3,0.106749,-0.019387,0.085938
1784159147.402447,3,0.106779,0.038774,0.085938
1784159147.412443,3,0.106749,-0.019387,0.089844
1784159147.422444,3,0.106749,-0.054283,0.089844
1784159147.432442,3,0.106900,-0.038774,0.085938
1784159147.442442,3,0.107173,0.000000,0.082031
1784159147.452445,3,0.107264,-0.046528,0.089844
1784159147.462443,3,0.107234,-0.038774,0.089844
1784159147.472426,3,0.107234,-0.015509,0.089844
1784159147.482443,3,0.107294,0.023264,0.089844
1784159147.492424,3,0.107264,-0.042651,0.089844
1784159147.502420,3,0.107234,-0.073670,0.085938
1784159147.512424,3,0.107234,-0.042651,0.089844
1784159147.522424,3,0.107264,-0.058161,0.082031
1784159147.532424,3,0.107385,0.000000,0.085938
1784159147.542417,3,0.107627,-0.031019,0.085938
1784159147.552426,3,0.107748,-0.007755,0.093750
1784159147.562425,3,0.107718,0.000000,0.085938
1784159147.572424,3,0.107688,-0.038774,0.085938
1784159147.582423,3,0.107688,-0.058161,0.085938
1784159147.593425,3,0.107688,-0.038774,0.093750
1784159147.602485,3,0.107688,-0.038774,0.093750
1784159147.613425,3,0.107718,0.015509,0.093750
1784159147.623427,3,0.107718,-0.038774,0.085938
1784159147.633427,3,0.107718,-0.027142,0.093750
1784159147.643429,3,0.107688,-0.058161,0.093750
1784159147.653426,3,0.107688,0.015509,0.085938
1784159147.663427,3,0.107658,0.000000,0.093750
1784159147.673425,3,0.107658,-0.003877,0.085938
1784159147.683427,3,0.107688,0.000000,0.085938
1784159147.693424,3,0.107688,-0.058161,0.093750
1784159147.702426,3,0.107718,-0.042651,0.085938
1784159147.713426,3,0.107961,0.003877,0.085938
1784159147.723425,3,0.108566,0.069793,0.082031
1784159147.733425,3,0.109899,0.174482,0.074219
1784159147.743406,3,0.111444,0.050406,0.082031
1784159147.753424,3,0.111717,0.011632,0.082031
1784159147.763416,3,0.111747,-0.007755,0.074219
1784159147.773406,3,0.111989,0.000000,0.070312
1784159147.783408,3,0.112413,0.038774,0.070312
1784159147.793404,3,0.113292,0.069793,0.066406
1784159147.803407,3,0.114716,0.077547,0.066406
1784159147.813404,3,0.115109,-0.027142,0.070312
1784159147.823405,3,0.115352,-0.031019,0.066406
1784159147.833410,3,0.115958,0.065915,0.058594
1784159147.843407,3,0.116594,0.042651,0.058594
1784159147.853406,3,0.117654,0.124076,0.058594
1784159147.863406,3,0.118593,0.011632,0.058594
1784159147.873412,3,0.118684,0.015509,0.058594
1784159147.883469,3,0.118835,0.046528,0.058594
1784159147.893406,3,0.119350,0.108566,0.054688
1784159147.903404,3,0.120380,0.131831,0.042969
1784159147.913409,3,0.123288,0.383860,0.035156
1784159147.923407,3,0.127105,0.364473,0.023438
1784159147.933407,3,0.130498,0.244274,0.027344
1784159147.943428,3,0.132133,0.081425,0.027344
1784159147.953410,3,0.132739,0.000000,0.011719
1784159147.963409,3,0.134072,0.135708,0.011719
1784159147.973410,3,0.134920,0.015509,0.023438
1784159147.983406,3,0.134981,-0.058161,0.023438
1784159147.993409,3,0.135163,-0.065915,0.011719
1784159148.003410,3,0.135254,-0.050406,0.011719
1784159148.013390,3,0.135284,0.019387,0.007812
1784159148.023407,3,0.135223,-0.077547,0.011719
1784159148.033388,3,0.135223,-0.069793,0.023438
1784159148.043386,3,0.135254,-0.038774,0.011719
1784159148.053392,3,0.135254,-0.015509,0.007812
1784159148.063391,3,0.135223,-0.031019,0.011719
1784159148.073392,3,0.135254,0.027142,0.011719
1784159148.083391,3,0.135223,-0.031019,0.011719
1784159148.093389,3,0.135223,-0.038774,0.011719
1784159148.103387,3,0.135193,-0.077547,0.011719
1784159148.113391,3,0.135223,0.031019,0.011719
1784159148.123388,3,0.135193,-0.062038,0.011719
1784159148.133392,3,0.135254,0.038774,0.023438
1784159148.143391,3,0.135254,-0.073670,0.007812
1784159148.153393,3,0.135284,-0.011632,0.011719
1784159148.163388,3,0.135466,0.023264,0.011719
1784159148.173390,3,0.135678,-0.038774,0.007812
1784159148.183393,3,0.135769,-0.034896,0.007812
1784159148.193387,3,0.135738,-0.085302,0.023438
1784159148.203390,3,0.135769,-0.093057,0.011719
1784159148.213388,3,0.135829,0.011632,0.007812
1784159148.223393,3,0.135950,-0.011632,0.007812
1784159148.233393,3,0.136283,-0.031019,0.007812
1784159148.243389,3,0.137253,0.116321,0.003906
1784159148.253389,3,0.138525,0.093057,0.003906
1784159148.263391,3,0.138646,0.000000,0.007812
1784159148.273389,3,0.138616,-0.023264,0.003906
1784159148.283391,3,0.138586,-0.096934,0.003906
1784159148.293373,3,0.138586,-0.038774,0.003906
1784159148.303390,3,0.138646,0.007755,0.003906
1784159148.313370,3,0.138737,-0.034896,0.007812
1784159148.323370,3,0.139040,0.081425,0.007812
1784159148.333370,3,0.139282,0.011632,0.000000
1784159148.343370,3,0.139434,0.003877,0.003906
1784159148.353370,3,0.139464,-0.027142,0.003906
1784159148.363369,3,0.139464,-0.011632,0.003906
1784159148.373370,3,0.139434,-0.073670,0.003906
1784159148.383371,3,0.139464,-0.027142,0.003906
1784159148.393372,3,0.139555,0.000000,0.003906
1784159148.403374,3,0.139949,0.019387,0.000000
1784159148.413373,3,0.141403,0.217133,-0.003906
1784159148.423377,3,0.142796,-0.027142,0.000000
1784159148.433371,3,0.142917,-0.038774,0.000000
1784159148.443373,3,0.142948,-0.011632,-0.003906
1784159148.453370,3,0.142917,-0.011632,0.000000
1784159148.463374,3,0.142857,0.000000,0.000000
1784159148.473371,3,0.142887,0.023264,0.000000
1784159148.483372,3,0.143039,-0.034896,-0.007812
1784159148.493372,3,0.143463,0.038774,-0.003906
1784159148.503395,3,0.144462,0.139585,-0.011719
1784159148.513371,3,0.146219,0.166727,-0.007812
1784159148.523355,3,0.147249,0.023264,-0.019531
1784159148.533372,3,0.148279,0.108566,-0.023438
1784159148.543374,3,0.151399,0.329576,-0.035156
1784159148.553373,3,0.155549,0.387737,-0.050781
1784159148.563353,3,0.160366,0.469162,-0.058594
1784159148.573373,3,0.163758,0.197746,-0.054688
1784159148.583355,3,0.165031,-0.015509,-0.066406
1784159148.593352,3,0.165758,-0.058161,-0.066406
1784159148.603352,3,0.165788,0.027142,-0.066406
1784159148.613353,3,0.165758,0.000000,-0.066406
1784159148.623353,3,0.165727,-0.034896,-0.058594
1784159148.633358,3,0.165758,0.003877,-0.066406
1784159148.643356,3,0.165818,-0.007755,-0.066406
1784159148.653364,3,0.166030,-0.023264,-0.066406
1784159148.663354,3,0.166212,0.023264,-0.058594
1784159148.673357,3,0.166182,-0.046528,-0.066406
1784159148.683352,3,0.166151,-0.019387,-0.058594
1784159148.693350,3,0.166182,-0.003877,-0.066406
1784159148.703356,3,0.166242,-0.003877,-0.058594
1784159148.713436,3,0.166424,-0.007755,-0.066406
1784159148.723360,3,0.166545,-0.038774,-0.066406
1784159148.733357,3,0.166545,-0.015509,-0.066406
1784159148.743354,3,0.166545,-0.023264,-0.066406
1784159148.753353,3,0.166515,-0.042651,-0.066406
1784159148.763356,3,0.166485,-0.058161,-0.066406
1784159148.773353,3,0.166515,-0.019387,-0.066406
1784159148.783361,3,0.166575,0.019387,-0.066406
1784159148.793357,3,0.166606,0.038774,-0.066406
1784159148.803355,3,0.166515,-0.096934,-0.066406
1784159148.813359,3,0.166485,-0.042651,-0.070312
1784159148.823339,3,0.166485,-0.003877,-0.066406
1784159148.833337,3,0.166575,0.019387,-0.066406
1784159148.843340,3,0.166848,0.038774,-0.066406
1784159148.853335,3,0.167696,0.112444,-0.070312
1784159148.863337,3,0.169756,0.209378,-0.082031
1784159148.873335,3,0.171301,0.069793,-0.082031
1784159148.883335,3,0.172331,0.120198,-0.089844
1784159148.893324,3,0.174360,0.162850,-0.089844
1784159148.903335,3,0.176420,0.267539,-0.101562
1784159148.913338,3,0.179995,0.426511,-0.117188
1784159148.923338,3,0.185114,0.527322,-0.132812
1784159148.933337,3,0.189840,0.345086,-0.132812
1784159148.943340,3,0.191475,0.042651,-0.121094
1784159148.953336,3,0.191506,-0.011632,-0.132812
1784159148.963334,3,0.191475,-0.042651,-0.125000
1784159148.973337,3,0.191475,-0.042651,-0.125000
1784159148.983334,3,0.191475,-0.054283,-0.125000
1784159148.993336,3,0.191536,0.023264,-0.125000
1784159149.003335,3,0.191506,-0.019387,-0.125000
1784159149.013344,3,0.191506,-0.019387,-0.125000
1784159149.023399,3,0.191506,0.000000,-0.125000
1784159149.033335,3,0.191475,-0.058161,-0.125000
1784159149.043335,3,0.191475,-0.015509,-0.125000
1784159149.053327,3,0.191475,0.027142,-0.125000
1784159149.063344,3,0.191294,-0.038774,-0.132812
1784159149.073337,3,0.190960,-0.038774,-0.125000
1784159149.083338,3,0.190415,-0.100812,-0.125000
1784159149.093336,3,0.189991,-0.085302,-0.125000
1784159149.103336,3,0.189931,0.034896,-0.125000
1784159149.113339,3,0.189718,-0.077547,-0.125000
1784159149.123316,3,0.189506,-0.027142,-0.125000
1784159149.133318,3,0.189476,-0.011632,-0.121094
1784159149.143320,3,0.189446,-0.038774,-0.125000
1784159149.153319,3,0.189446,-0.038774,-0.117188
1784159149.163318,3,0.189416,-0.019387,-0.121094
1784159149.173317,3,0.189416,0.042651,-0.121094
1784159149.183316,3,0.189385,-0.046528,-0.121094
1784159149.193321,3,0.189416,0.015509,-0.121094
1784159149.203323,3,0.189385,-0.046528,-0.125000
1784159149.213320,3,0.189416,-0.042651,-0.121094
1784159149.223311,3,0.189416,-0.031019,-0.125000
1784159149.233319,3,0.189446,0.000000,-0.125000
1784159149.243316,3,0.189446,-0.042651,-0.121094
1784159149.253316,3,0.189446,-0.058161,-0.125000
1784159149.263321,3,0.189506,0.019387,-0.121094
1784159149.273318,3,0.189567,0.062038,-0.121094
1784159149.283322,3,0.189537,-0.019387,-0.121094
1784159149.293321,3,0.189567,0.000000,-0.125000
1784159149.303319,3,0.189567,-0.081425,-0.121094
1784159149.313318,3,0.189628,0.015509,-0.121094
1784159149.323317,3,0.189658,0.031019,-0.125000
1784159149.333319,3,0.189658,0.027142,-0.125000
1784159149.343320,3,0.189658,0.015509,-0.125000
1784159149.353318,3,0.189658,0.019387,-0.125000
1784159149.363304,3,0.189628,-0.046528,-0.125000
1784159149.373322,3,0.189628,-0.007755,-0.125000
1784159149.383320,3,0.189597,-0.062038,-0.125000
1784159149.393320,3,0.189628,0.000000,-0.125000
1784159149.403302,3,0.189567,-0.034896,-0.121094
1784159149.413290,3,0.189597,0.003877,-0.125000
1784159149.423391,3,0.189567,-0.038774,-0.121094
1784159149.433296,3,0.189567,-0.007755,-0.121094
1784159149.443295,3,0.189537,-0.015509,-0.121094
1784159149.453296,3,0.189506,-0.038774,-0.121094
1784159149.463297,3,0.189506,-0.027142,-0.121094
1784159149.473296,3,0.189506,-0.031019,-0.121094
1784159149.483297,3,0.189506,-0.027142,-0.121094
1784159149.493316,3,0.189506,-0.019387,-0.121094
1784159149.503298,3,0.189506,-0.034896,-0.121094
1784159149.513298,3,0.189506,-0.038774,-0.121094
1784159149.523297,3,0.189537,0.003877,-0.121094
1784159149.533302,3,0.189567,0.031019,-0.121094
1784159149.543301,3,0.189537,-0.112444,-0.121094
1784159149.553301,3,0.189567,-0.054283,-0.121094
1784159149.563297,3,0.189597,0.019387,-0.121094
1784159149.573297,3,0.189658,0.062038,-0.121094
1784159149.583320,3,0.189628,0.000000,-0.125000
1784159149.593305,3,0.189597,-0.046528,-0.121094
1784159149.603296,3,0.189597,-0.058161,-0.121094
1784159149.613303,3,0.189628,0.000000,-0.125000
1784159149.623302,3,0.189628,-0.015509,-0.121094
1784159149.633297,3,0.189628,0.003877,-0.125000
1784159149.643298,3,0.189628,0.011632,-0.125000
1784159149.653303,3,0.189628,0.019387,-0.125000
1784159149.663283,3,0.189628,0.015509,-0.117188
1784159149.673298,3,0.189597,-0.050406,-0.125000
1784159149.683279,3,0.189567,-0.058161,-0.121094
1784159149.693276,3,0.189597,-0.003877,-0.121094
1784159149.703279,3,0.189597,-0.007755,-0.121094
1784159149.713279,3,0.189567,-0.038774,-0.117188
1784159149.723279,3,0.189597,0.034896,-0.121094
1784159149.733278,3,0.189567,-0.011632,-0.121094
1784159149.743278,3,0.189567,-0.011632,-0.125000
1784159149.753278,3,0.189537,-0.038774,-0.121094
1784159149.763283,3,0.189567,0.007755,-0.125000
1784159149.773278,3,0.189537,-0.031019,-0.121094
1784159149.783278,3,0.189537,-0.038774,-0.121094
1784159149.793281,3,0.189567,0.019387,-0.121094
1784159149.803279,3,0.189537,-0.046528,-0.121094
1784159149.813290,3,0.189567,0.000000,-0.125000
1784159149.823279,3,0.189537,-0.038774,-0.121094
1784159149.833281,3,0.189567,-0.038774,-0.125000
1784159149.843286,3,0.189567,-0.019387,-0.121094
1784159149.853339,3,0.189597,0.019387,-0.121094
1784159149.863369,3,0.189597,-0.007755,-0.117188
1784159149.873352,3,0.189567,-0.058161,-0.121094
1784159149.883275,3,0.189597,-0.011632,-0.121094
1784159149.893282,3,0.189597,-0.027142,-0.121094
1784159149.903282,3,0.189597,-0.034896,-0.125000
1784159149.913282,3,0.189628,0.007755,-0.125000
1784159149.923287,3,0.189567,-0.077547,-0.121094
1784159149.933284,3,0.189628,0.054283,-0.125000
1784159149.943284,3,0.189597,-0.038774,-0.125000
1784159149.953266,3,0.189597,-0.034896,-0.125000
1784159149.963264,3,0.189628,0.019387,-0.125000
1784159149.973262,3,0.189597,0.000000,-0.121094
1784159149.983265,3,0.189628,0.054283,-0.121094
1784159149.993263,3,0.189567,-0.062038,-0.125000
1784159150.003261,3,0.189597,0.007755,-0.121094
1784159150.013260,3,0.189567,-0.038774,-0.125000
1784159150.023263,3,0.189567,-0.034896,-0.125000
1784159150.033265,3,0.189567,0.027142,-0.117188
1784159150.043335,3,0.189567,-0.007755,-0.121094
1784159150.053360,3,0.189567,0.000000,-0.121094
1784159150.063331,3,0.189567,0.000000,-0.125000
1784159150.073261,3,0.189597,0.038774,-0.121094
1784159150.083262,3,0.189537,-0.062038,-0.132812
1784159150.093262,3,0.189567,-0.011632,-0.121094
1784159150.103264,3,0.189567,-0.031019,-0.125000
1784159150.113261,3,0.189597,0.019387,-0.125000
1784159150.123264,3,0.189597,0.007755,-0.125000
1784159150.133261,3,0.189567,-0.062038,-0.121094
1784159150.143261,3,0.189567,-0.050406,-0.121094
1784159150.153264,3,0.189567,-0.065915,-0.125000
1784159150.163265,3,0.189597,-0.007755,-0.125000
1784159150.173264,3,0.189597,-0.031019,-0.121094
1784159150.183265,3,0.189628,0.027142,-0.121094
1784159150.193256,3,0.189597,-0.007755,-0.121094
1784159150.203243,3,0.189597,-0.019387,-0.125000
1784159150.213237,3,0.189567,-0.058161,-0.125000
1784159150.223243,3,0.189597,-0.023264,-0.121094
1784159150.233247,3,0.189628,0.042651,-0.121094
1784159150.243244,3,0.189597,-0.027142,-0.121094
1784159150.253243,3,0.189597,-0.007755,-0.121094
1784159150.263247,3,0.189597,-0.003877,-0.121094
1784159150.273242,3,0.189628,0.069793,-0.121094
1784159150.283242,3,0.189567,-0.054283,-0.125000
1784159150.293243,3,0.189597,0.007755,-0.125000
1784159150.303245,3,0.189567,-0.038774,-0.125000
1784159150.313244,3,0.189567,-0.038774,-0.121094
1784159150.323245,3,0.189567,-0.023264,-0.121094
1784159150.333243,3,0.189567,-0.038774,-0.117188
1784159150.343242,3,0.189567,-0.015509,-0.121094
1784159150.353245,3,0.189567,-0.038774,-0.125000
1784159150.363247,3,0.189567,-0.050406,-0.121094
1784159150.373245,3,0.189567,-0.042651,-0.121094
1784159150.383247,3,0.189567,-0.038774,-0.125000
1784159150.393245,3,0.189567,-0.027142,-0.121094
1784159150.403244,3,0.189567,-0.046528,-0.125000
1784159150.413249,3,0.189597,0.000000,-0.125000
1784159150.423244,3,0.189567,-0.065915,-0.121094
1784159150.433244,3,0.189597,-0.015509,-0.121094
1784159150.443248,3,0.189597,-0.023264,-0.125000
1784159150.453248,3,0.189597,0.046528,-0.121094
1784159150.463246,3,0.189628,0.038774,-0.121094
1784159150.473247,3,0.189597,-0.011632,-0.121094
1784159150.483244,3,0.189597,-0.023264,-0.121094
1784159150.493225,3,0.189628,0.027142,-0.125000
1784159150.503225,3,0.189597,0.000000,-0.121094
1784159150.513226,3,0.189567,-0.003877,-0.121094
1784159150.523227,3,0.189628,0.050406,-0.121094
1784159150.533227,3,0.189597,-0.007755,-0.121094
1784159150.543220,3,0.189597,0.000000,-0.125000
1784159150.553225,3,0.189567,-0.054283,-0.117188
1784159150.563227,3,0.189567,-0.038774,-0.125000
1784159150.573233,3,0.189628,0.069793,-0.125000
1784159150.583228,3,0.189567,-0.054283,-0.125000
1784159150.593227,3,0.189567,-0.038774,-0.121094
1784159150.603227,3,0.189567,-0.038774,-0.121094
1784159150.613220,3,0.189567,-0.054283,-0.121094
1784159150.623225,3,0.189597,0.007755,-0.125000
1784159150.633228,3,0.189567,-0.058161,-0.125000
1784159150.643219,3,0.189567,-0.058161,-0.125000
1784159150.653227,3,0.189597,0.003877,-0.121094
1784159150.663229,3,0.189597,0.015509,-0.121094
1784159150.673227,3,0.189567,-0.077547,-0.121094
1784159150.683229,3,0.189567,-0.069793,-0.121094
1784159150.693228,3,0.189567,-0.046528,-0.121094
1784159150.703225,3,0.189567,-0.054283,-0.125000
1784159150.713229,3,0.189567,-0.073670,-0.125000
1784159150.723229,3,0.189628,0.038774,-0.121094
1784159150.733226,3,0.189628,0.027142,-0.125000
1784159150.743227,3,0.189597,0.003877,-0.125000
1784159150.753207,3,0.189567,-0.073670,-0.125000
1784159150.763228,3,0.189567,-0.077547,-0.125000
1784159150.773207,3,0.189597,-0.027142,-0.125000
1784159150.783207,3,0.189597,-0.034896,-0.121094
1784159150.793208,3,0.189597,-0.023264,-0.125000
1784159150.803203,3,0.189597,0.000000,-0.121094
1784159150.813211,3,0.189567,-0.069793,-0.125000
1784159150.823206,3,0.189567,-0.062038,-0.125000
1784159150.833207,3,0.189597,-0.011632,-0.121094
1784159150.843209,3,0.189628,0.046528,-0.121094
1784159150.853220,3,0.189628,0.058161,-0.121094
1784159150.863199,3,0.189597,0.011632,-0.121094
1784159150.873202,3,0.189567,-0.062038,-0.125000
1784159150.883199,3,0.189597,0.011632,-0.117188
1784159150.893200,3,0.189537,-0.100812,-0.121094
1784159150.903203,3,0.189567,-0.038774,-0.121094
1784159150.913201,3,0.189567,-0.038774,-0.125000
1784159150.923199,3,0.189597,0.000000,-0.125000
1784159150.933205,3,0.189597,0.000000,-0.121094
1784159150.943203,3,0.189597,-0.003877,-0.121094
1784159150.953216,3,0.189597,0.003877,-0.121094
1784159150.963209,3,0.189597,-0.003877,-0.125000
1784159150.973205,3,0.189567,-0.065915,-0.121094
1784159150.983207,3,0.189597,-0.011632,-0.121094
1784159150.993202,3,0.189597,-0.027142,-0.121094
1784159151.003201,3,0.189597,0.042651,-0.121094
1784159151.013203,3,0.189567,-0.058161,-0.125000
1784159151.023330,3,0.189597,0.000000,-0.125000
1784159151.033201,3,0.189567,-0.065915,-0.121094
1784159151.043180,3,0.189628,0.046528,-0.121094
1784159151.053180,3,0.189597,-0.019387,-0.121094
1784159151.063191,3,0.189567,-0.058161,-0.121094
1784159151.073183,3,0.189597,0.000000,-0.125000
1784159151.083191,3,0.189628,0.042651,-0.121094
1784159151.093184,3,0.189597,0.007755,-0.121094
1784159151.103189,3,0.189567,-0.058161,-0.125000
1784159151.113183,3,0.189567,-0.062038,-0.117188
1784159151.123191,3,0.189597,-0.011632,-0.121094
1784159151.133184,3,0.189537,-0.112444,-0.125000
1784159151.143187,3,0.189597,-0.023264,-0.125000
1784159151.153191,3,0.189597,0.000000,-0.125000
1784159151.163196,3,0.189567,-0.042651,-0.121094
1784159151.173214,3,0.189597,0.000000,-0.121094
1784159151.183191,3,0.189567,-0.050406,-0.125000
1784159151.193189,3,0.189597,-0.015509,-0.125000
1784159151.203280,3,0.189567,0.054283,-0.121094
1784159151.213185,3,0.189597,-0.003877,-0.125000
1784159151.223183,3,0.189597,-0.011632,-0.125000
1784159151.233184,3,0.189567,-0.042651,-0.125000
1784159151.243187,3,0.189597,-0.011632,-0.121094
1784159151.253184,3,0.189597,-0.003877,-0.125000
1784159151.263255,3,0.189597,0.000000,-0.121094
1784159151.273281,3,0.189597,0.000000,-0.125000
1784159151.283187,3,0.189567,-0.058161,-0.125000
1784159151.293186,3,0.189597,-0.007755,-0.125000
1784159151.303186,3,0.189597,-0.003877,-0.121094
1784159151.313188,3,0.189597,-0.023264,-0.125000
1784159151.323174,3,0.189597,0.050406,-0.125000
1784159151.333170,3,0.189567,-0.062038,-0.125000
1784159151.343166,3,0.189537,-0.112444,-0.121094
1784159151.353167,3,0.189628,0.050406,-0.121094
1784159151.363168,3,0.189597,-0.007755,-0.121094
1784159151.373168,3,0.189628,0.046528,-0.125000
1784159151.383173,3,0.189597,0.000000,-0.121094
1784159151.393168,3,0.189597,-0.019387,-0.121094
1784159151.403167,3,0.189597,-0.007755,-0.121094
1784159151.413171,3,0.189567,-0.058161,-0.121094
1784159151.423168,3,0.189597,0.019387,-0.125000
1784159151.433170,3,0.189567,-0.054283,-0.121094
1784159151.443173,3,0.189597,-0.003877,-0.121094
1784159151.453169,3,0.189567,-0.050406,-0.117188
1784159151.463166,3,0.189567,-0.038774,-0.125000
1784159151.473234,3,0.189597,-0.003877,-0.125000
1784159151.483241,3,0.189597,-0.003877,-0.125000
1784159151.493237,3,0.189567,-0.058161,-0.125000
1784159151.503169,3,0.189567,-0.069793,-0.121094
1784159151.513167,3,0.189567,-0.069793,-0.121094
1784159151.523170,3,0.189597,-0.027142,-0.125000
1784159151.533168,3,0.189597,-0.046528,-0.121094
1784159151.543168,3,0.189597,-0.019387,-0.121094
1784159151.553169,3,0.189597,0.000000,-0.125000
1784159151.563167,3,0.189597,-0.015509,-0.125000
1784159151.573172,3,0.189628,0.054283,-0.125000
1784159151.583151,3,0.189597,0.000000,-0.121094
1784159151.593152,3,0.189597,-0.062038,-0.125000
1784159151.603147,3,0.189597,-0.003877,-0.121094
1784159151.613153,3,0.189597,-0.007755,-0.125000
1784159151.623151,3,0.189567,-0.054283,-0.121094
1784159151.633156,3,0.189597,-0.003877,-0.125000
1784159151.643152,3,0.189597,0.000000,-0.121094
1784159151.653150,3,0.189567,-0.038774,-0.125000
1784159151.663152,3,0.189597,0.000000,-0.121094
1784159151.673156,3,0.189567,-0.054283,-0.125000
1784159151.683149,3,0.189567,-0.058161,-0.125000
1784159151.693151,3,0.189597,0.011632,-0.125000
1784159151.703150,3,0.189597,0.011632,-0.121094
1784159151.713152,3,0.189597,0.000000,-0.121094
1784159151.723151,3,0.189597,0.011632,-0.125000
1784159151.733151,3,0.189567,-0.069793,-0.121094
1784159151.743149,3,0.189597,0.000000,-0.125000
1784159151.753154,3,0.189597,0.003877,-0.121094
1784159151.763152,3,0.189597,-0.007755,-0.125000
1784159151.773154,3,0.189567,-0.069793,-0.121094
1784159151.783152,3,0.189597,0.000000,-0.121094
1784159151.793153,3,0.189567,-0.065915,-0.121094
1784159151.803152,3,0.189597,-0.007755,-0.125000
1784159151.813154,3,0.189597,-0.023264,-0.121094
1784159151.823154,3,0.189567,-0.081425,-0.121094
1784159151.833159,3,0.189597,-0.011632,-0.125000
1784159151.843155,3,0.189597,-0.034896,-0.125000
1784159151.853160,3,0.189567,-0.077547,-0.121094
1784159151.863129,3,0.189597,-0.007755,-0.121094
1784159151.873128,3,0.189597,-0.007755,-0.125000
1784159151.883129,3,0.189597,0.000000,-0.125000
1784159151.893130,3,0.189597,-0.007755,-0.125000
1784159151.903128,3,0.189567,-0.058161,-0.121094
1784159151.913129,3,0.189597,-0.015509,-0.121094
1784159151.923130,3,0.189597,-0.015509,-0.125000
1784159151.933129,3,0.189597,-0.042651,-0.121094
1784159151.943136,3,0.189597,0.015509,-0.117188
1784159151.953131,3,0.189597,0.000000,-0.121094
1784159151.963131,3,0.189628,0.046528,-0.121094
1784159151.973130,3,0.189597,-0.003877,-0.125000
1784159151.983132,3,0.189597,0.000000,-0.121094
1784159151.993133,3,0.189567,-0.065915,-0.125000
1784159152.003132,3,0.189567,-0.062038,-0.125000
1784159152.013132,3,0.189567,-0.038774,-0.125000
1784159152.023133,3,0.189597,-0.003877,-0.121094
1784159152.033131,3,0.189567,-0.054283,-0.125000
1784159152.043135,3,0.189567,-0.073670,-0.125000
1784159152.053132,3,0.189597,-0.015509,-0.121094
1784159152.063133,3,0.189597,-0.003877,-0.121094
1784159152.073132,3,0.189597,-0.023264,-0.121094
1784159152.083132,3,0.189597,-0.007755,-0.125000
1784159152.093134,3,0.189597,-0.007755,-0.121094
1784159152.103131,3,0.189628,0.034896,-0.121094
1784159152.113131,3,0.189597,-0.015509,-0.121094
1784159152.123131,3,0.189597,-0.003877,-0.117188
1784159152.133177,3,0.189628,0.042651,-0.121094
1784159152.143110,3,0.189567,-0.058161,-0.121094
1784159152.153110,3,0.189628,0.019387,-0.125000
1784159152.163111,3,0.189567,-0.073670,-0.121094
1784159152.173111,3,0.189597,0.000000,-0.121094
1784159152.183112,3,0.189567,-0.069793,-0.121094
1784159152.193113,3,0.189567,0.000000,-0.121094
1784159152.203120,3,0.189597,-0.011632,-0.117188
1784159152.213112,3,0.189597,0.000000,-0.121094
1784159152.223115,3,0.189597,0.000000,-0.121094
1784159152.233113,3,0.189597,0.015509,-0.117188
1784159152.243114,3,0.189567,-0.042651,-0.121094
1784159152.253115,3,0.189597,-0.003877,-0.121094
1784159152.263114,3,0.189597,-0.003877,-0.117188
1784159152.273115,3,0.189567,-0.038774,-0.125000
1784159152.283118,3,0.189567,-0.054283,-0.121094
1784159152.293116,3,0.189567,-0.007755,-0.121094
1784159152.303115,3,0.189597,0.000000,-0.121094
1784159152.313118,3,0.189597,0.000000,-0.121094
1784159152.323124,3,0.189597,0.000000,-0.125000
1784159152.333122,3,0.189567,-0.007755,-0.125000
1784159152.343116,3,0.189597,-0.034896,-0.121094
1784159152.353113,3,0.189567,-0.062038,-0.121094
1784159152.363114,3,0.189597,-0.027142,-0.125000
1784159152.373115,3,0.189597,-0.023264,-0.121094
1784159152.383114,3,0.189567,-0.065915,-0.117188
1784159152.393113,3,0.189597,-0.015509,-0.125000
1784159152.403114,3,0.189597,-0.038774,-0.121094
1784159152.413096,3,0.189567,-0.065915,-0.121094
1784159152.423187,3,0.189597,-0.011632,-0.121094
1784159152.433093,3,0.189597,-0.015509,-0.121094
1784159152.443095,3,0.189597,0.000000,-0.125000
1784159152.453099,3,0.189597,-0.023264,-0.121094
1784159152.463098,3,0.189537,-0.120198,-0.121094
1784159152.473096,3,0.189597,0.000000,-0.121094
1784159152.483098,3,0.189567,-0.050406,-0.121094
1784159152.493096,3,0.189597,-0.011632,-0.125000
1784159152.503096,3,0.189597,0.000000,-0.121094
1784159152.513097,3,0.189597,0.000000,-0.121094
1784159152.523103,3,0.189597,0.000000,-0.121094
1784159152.533096,3,0.189597,0.000000,-0.121094
1784159152.543097,3,0.189597,-0.003877,-0.121094
1784159152.553102,3,0.189597,-0.019387,-0.125000
1784159152.563092,3,0.189597,0.000000,-0.121094
1784159152.573095,3,0.189597,-0.003877,-0.121094
1784159152.583102,3,0.189597,-0.007755,-0.125000
1784159152.593096,3,0.189597,0.011632,-0.121094
1784159152.603096,3,0.189597,-0.003877,-0.121094
1784159152.613104,3,0.189597,-0.003877,-0.125000
1784159152.623100,3,0.189597,-0.007755,-0.121094
1784159152.633094,3,0.189597,-0.015509,-0.125000
1784159152.643098,3,0.189597,-0.015509,-0.121094
1784159152.653096,3,0.189567,-0.062038,-0.125000
1784159152.663095,3,0.189597,-0.015509,-0.121094
1784159152.673104,3,0.189597,-0.019387,-0.125000
1784159152.683079,3,0.189597,-0.027142,-0.121094
1784159152.693078,3,0.189597,-0.011632,-0.121094
1784159152.703079,3,0.189567,-0.085302,-0.121094
1784159152.713075,3,0.189597,-0.019387,-0.121094
1784159152.723084,3,0.189597,-0.031019,-0.121094
1784159152.733076,3,0.189597,-0.011632,-0.121094
1784159152.743085,3,0.189628,-0.007755,-0.121094
1784159152.753081,3,0.189597,0.000000,-0.121094
1784159152.763084,3,0.189597,-0.031019,-0.121094
1784159152.773074,3,0.189597,-0.034896,-0.121094
1784159152.783078,3,0.189597,-0.015509,-0.121094
1784159152.793077,3,0.189597,-0.015509,-0.121094
1784159152.803077,3,0.189597,0.000000,-0.125000
1784159152.813076,3,0.189628,0.050406,-0.121094
1784159152.823077,3,0.189597,0.000000,-0.117188
1784159152.833076,3,0.189567,-0.081425,-0.121094
1784159152.843076,3,0.189567,-0.081425,-0.121094
1784159152.853076,3,0.189597,-0.007755,-0.121094
1784159152.863077,3,0.189597,-0.031019,-0.132812
1784159152.873082,3,0.189597,-0.003877,-0.121094
1784159152.883081,3,0.189567,-0.069793,-0.121094
1784159152.893076,3,0.189597,-0.015509,-0.125000
1784159152.903078,3,0.189597,-0.015509,-0.121094
1784159152.913078,3,0.189597,0.031019,-0.125000
1784159152.923081,3,0.189628,0.038774,-0.125000
1784159152.933079,3,0.189597,-0.027142,-0.121094
1784159152.943079,3,0.189567,-0.038774,-0.121094
1784159152.953087,3,0.189597,-0.023264,-0.121094
1784159152.963057,3,0.189597,0.000000,-0.121094
1784159152.973060,3,0.189567,-0.062038,-0.121094
1784159152.983059,3,0.189597,-0.015509,-0.121094
1784159152.993058,3,0.189597,-0.007755,-0.125000
1784159153.003056,3,0.189597,-0.031019,-0.121094
1784159153.013057,3,0.189597,-0.011632,-0.125000
1784159153.023059,3,0.189567,-0.058161,-0.121094
1784159153.033070,3,0.189597,-0.011632,-0.125000
1784159153.043087,3,0.189597,-0.027142,-0.117188
1784159153.053056,3,0.189597,-0.015509,-0.125000
1784159153.063061,3,0.189597,-0.011632,-0.121094
1784159153.073062,3,0.189567,-0.062038,-0.125000
1784159153.083067,3,0.189597,-0.015509,-0.125000
1784159153.093059,3,0.189597,0.011632,-0.121094
1784159153.103059,3,0.189597,-0.015509,-0.121094
1784159153.113058,3,0.189597,-0.011632,-0.121094
1784159153.123060,3,0.189597,-0.015509,-0.121094
1784159153.133061,3,0.189597,-0.019387,-0.121094
1784159153.143063,3,0.189597,-0.019387,-0.121094
1784159153.153066,3,0.189567,-0.003877,-0.117188
1784159153.163060,3,0.189567,-0.058161,-0.121094
1784159153.173060,3,0.189597,-0.011632,-0.125000
1784159153.183063,3,0.189597,-0.034896,-0.125000
1784159153.193063,3,0.189597,-0.027142,-0.121094
1784159153.203060,3,0.189597,-0.015509,-0.125000
1784159153.213042,3,0.189597,-0.023264,-0.121094
1784159153.223044,3,0.189597,-0.015509,-0.125000
1784159153.233049,3,0.189567,-0.065915,-0.121094
1784159153.243045,3,0.189597,-0.081425,-0.121094
1784159153.253045,3,0.189597,-0.007755,-0.117188
1784159153.263096,3,0.189597,-0.011632,-0.121094
1784159153.273039,3,0.189597,-0.023264,-0.121094
1784159153.283042,3,0.189597,-0.019387,-0.121094
1784159153.293054,3,0.189597,-0.019387,-0.121094
1784159153.303043,3,0.189597,-0.011632,-0.121094
1784159153.313048,3,0.189597,-0.023264,-0.125000
1784159153.323046,3,0.189567,-0.073670,-0.121094
1784159153.333045,3,0.189597,-0.015509,-0.121094
1784159153.343045,3,0.189597,0.000000,-0.121094
1784159153.353042,3,0.189597,-0.034896,-0.125000
1784159153.363044,3,0.189567,-0.077547,-0.121094
1784159153.373044,3,0.189567,-0.069793,-0.121094
1784159153.383045,3,0.189597,-0.011632,-0.125000
1784159153.393047,3,0.189597,-0.007755,-0.121094
1784159153.403045,3,0.189567,-0.062038,-0.125000
1784159153.413052,3,0.189597,-0.023264,-0.125000
1784159153.423045,3,0.189597,-0.003877,-0.121094
1784159153.433043,3,0.189597,-0.003877,-0.125000
1784159153.443043,3,0.189567,-0.069793,-0.125000
1784159153.453046,3,0.189628,0.019387,-0.125000
1784159153.463041,3,0.189567,-0.069793,-0.121094
1784159153.473026,3,0.189597,-0.027142,-0.125000
1784159153.483042,3,0.189597,-0.031019,-0.125000
1784159153.493042,3,0.189597,-0.038774,-0.125000
1784159153.503025,3,0.189597,-0.015509,-0.121094
1784159153.513111,3,0.189567,-0.062038,-0.121094
1784159153.523021,3,0.189567,-0.062038,-0.125000
1784159153.533033,3,0.189597,0.000000,-0.125000
1784159153.543026,3,0.189628,0.046528,-0.125000
1784159153.553021,3,0.189597,-0.023264,-0.125000
1784159153.563022,3,0.189597,-0.027142,-0.117188
1784159153.573028,3,0.189597,-0.015509,-0.121094
1784159153.583027,3,0.189597,-0.027142,-0.117188
1784159153.593029,3,0.189597,-0.011632,-0.117188
1784159153.603024,3,0.189628,0.019387,-0.121094
1784159153.613023,3,0.189597,-0.011632,-0.121094
1784159153.623024,3,0.189567,-0.054283,-0.121094
1784159153.633025,3,0.189567,-0.062038,-0.117188
1784159153.643025,3,0.189597,-0.015509,-0.121094
1784159153.653022,3,0.189567,-0.050406,-0.125000
1784159153.663028,3,0.189597,0.000000,-0.121094
1784159153.673022,3,0.189597,-0.003877,-0.125000
1784159153.683026,3,0.189597,-0.015509,-0.125000
1784159153.693033,3,0.189628,0.046528,-0.125000
1784159153.703026,3,0.189597,-0.019387,-0.121094
1784159153.713023,3,0.189597,-0.011632,-0.121094
1784159153.723028,3,0.189597,-0.003877,-0.121094
1784159153.733030,3,0.189567,-0.062038,-0.125000
1784159153.743026,3,0.189597,0.000000,-0.125000
1784159153.753188,3,0.189597,-0.031019,-0.125000
1784159153.763027,3,0.189597,0.000000,-0.121094
1784159153.773157,3,0.189597,0.000000,-0.121094
1784159153.783009,3,0.189567,-0.069793,-0.121094
1784159153.793017,3,0.189597,-0.027142,-0.121094
1784159153.803006,3,0.189597,-0.003877,-0.121094
1784159153.813015,3,0.189628,0.027142,-0.125000
1784159153.823011,3,0.189628,0.042651,-0.121094
1784159153.833006,3,0.189597,-0.007755,-0.125000
1784159153.843105,3,0.189597,-0.011632,-0.117188
1784159153.853019,3,0.189597,-0.007755,-0.117188
1784159153.863055,3,0.189567,-0.073670,-0.125000
1784159153.873100,3,0.189597,-0.038774,-0.121094
1784159153.883015,3,0.189597,-0.015509,-0.125000
1784159153.893013,3,0.189597,0.007755,-0.121094
1784159153.903018,3,0.189597,-0.003877,-0.125000
1784159153.913014,3,0.189597,0.003877,-0.121094
1784159153.923018,3,0.189567,-0.058161,-0.125000
1784159153.933014,3,0.189597,-0.003877,-0.121094
1784159153.943017,3,0.189567,-0.062038,-0.121094
1784159153.953018,3,0.189597,-0.023264,-0.125000
1784159153.963013,3,0.189567,-0.065915,-0.121094
1784159153.973024,3,0.189567,-0.034896,-0.117188
1784159153.983014,3,0.189597,-0.027142,-0.125000
1784159153.993015,3,0.189628,0.027142,-0.121094
1784159154.003060,3,0.189628,0.027142,-0.125000
1784159154.013016,3,0.189597,-0.011632,-0.121094
1784159154.023016,3,0.189567,-0.081425,-0.121094
1784159154.033014,3,0.189567,-0.046528,-0.121094
1784159154.043006,3,0.189567,0.000000,-0.125000
1784159154.052995,3,0.189597,0.000000,-0.117188
1784159154.062999,3,0.189628,0.031019,-0.121094
1784159154.073004,3,0.189567,-0.069793,-0.121094
1784159154.082996,3,0.189597,-0.003877,-0.125000
1784159154.092997,3,0.189597,-0.023264,-0.125000
1784159154.102995,3,0.189597,-0.007755,-0.121094
1784159154.112996,3,0.189567,-0.058161,-0.121094
1784159154.122994,3,0.189597,0.000000,-0.121094
1784159154.134988,3,0.189628,-0.011632,-0.121094
1784159154.143006,3,0.189567,-0.065915,-0.125000
1784159154.152997,3,0.189597,0.000000,-0.121094
1784159154.163001,3,0.189567,-0.046528,-0.121094
1784159154.172996,3,0.189597,0.000000,-0.125000
1784159154.182986,3,0.189597,-0.027142,-0.117188
1784159154.192991,3,0.189567,-0.065915,-0.125000
1784159154.202999,3,0.189567,-0.062038,-0.117188
1784159154.214008,3,0.189567,-0.081425,-0.121094
1784159154.227028,3,0.189597,-0.015509,-0.125000
1784159154.235006,3,0.189597,-0.003877,-0.121094
1784159154.242990,3,0.189597,0.000000,-0.121094
1784159154.252990,3,0.189567,-0.081425,-0.121094
1784159154.263000,3,0.189597,-0.003877,-0.121094
1784159154.272987,3,0.189567,-0.073670,-0.121094
1784159154.282990,3,0.189628,0.046528,-0.125000
1784159154.292992,3,0.189597,0.000000,-0.121094
1784159154.302973,3,0.189597,-0.007755,-0.121094
1784159154.312969,3,0.189597,0.000000,-0.121094
1784159154.322966,3,0.189567,-0.058161,-0.121094
1784159154.332976,3,0.189597,-0.031019,-0.125000
1784159154.342966,3,0.189597,-0.007755,-0.121094
1784159154.352968,3,0.189597,-0.011632,-0.125000
1784159154.363077,3,0.189597,0.000000,-0.121094
1784159154.372966,3,0.189597,-0.003877,-0.125000
1784159154.382971,3,0.189597,-0.003877,-0.121094
1784159154.392970,3,0.189597,0.000000,-0.121094
1784159154.402997,3,0.189597,-0.003877,-0.117188
1784159154.413005,3,0.189597,0.000000,-0.117188
1784159154.423045,3,0.189597,0.000000,-0.117188
1784159154.433156,3,0.189628,0.031019,-0.125000
1784159154.442982,3,0.189567,-0.062038,-0.125000
1784159154.452980,3,0.189597,-0.003877,-0.125000
1784159154.462988,3,0.189597,-0.015509,-0.125000
1784159154.472968,3,0.189567,-0.062038,-0.121094
1784159154.483092,3,0.189597,-0.019387,-0.121094
1784159154.493078,3,0.189597,-0.011632,-0.125000
1784159154.503095,3,0.189597,-0.007755,-0.125000
1784159154.512978,3,0.189597,-0.003877,-0.125000
1784159154.522980,3,0.189597,-0.003877,-0.121094
1784159154.532980,3,0.189567,-0.062038,-0.121094
1784159154.542983,3,0.189567,-0.058161,-0.121094
1784159154.552955,3,0.189597,-0.015509,-0.125000
1784159154.563106,3,0.189597,-0.023264,-0.125000
1784159154.572981,3,0.189567,-0.058161,-0.121094
1784159154.582978,3,0.189597,-0.011632,-0.125000
1784159154.592980,3,0.189597,-0.003877,-0.121094
1784159154.602954,3,0.189567,-0.062038,-0.121094
1784159154.612958,3,0.189597,-0.007755,-0.121094
1784159154.623090,3,0.189628,0.042651,-0.121094
1784159154.632962,3,0.189628,0.042651,-0.121094
1784159154.642963,3,0.189567,-0.069793,-0.121094
1784159154.652960,3,0.189597,0.003877,-0.121094
1784159154.662962,3,0.189597,-0.007755,-0.121094
1784159154.672961,3,0.189597,-0.003877,-0.121094
1784159154.682951,3,0.189597,0.000000,-0.125000
1784159154.693040,3,0.189597,-0.003877,-0.125000
1784159154.702962,3,0.189597,-0.011632,-0.121094
1784159154.712954,3,0.189537,-0.112444,-0.121094
1784159154.722964,3,0.189597,-0.003877,-0.121094
1784159154.732963,3,0.189597,-0.023264,-0.121094
1784159154.742959,3,0.189597,0.000000,-0.121094
1784159154.752958,3,0.189597,-0.015509,-0.121094
1784159154.762958,3,0.189567,-0.065915,-0.125000
1784159154.772949,3,0.189597,-0.031019,-0.125000
1784159154.782951,3,0.189537,-0.120198,-0.121094
1784159154.792952,3,0.189597,-0.011632,-0.121094
1784159154.802952,3,0.189597,-0.023264,-0.125000
1784159154.812953,3,0.189628,0.042651,-0.125000
1784159154.822951,3,0.189597,-0.015509,-0.121094
1784159154.832952,3,0.189597,-0.003877,-0.121094
1784159154.842933,3,0.189567,-0.062038,-0.121094
1784159154.852955,3,0.189597,-0.003877,-0.125000
1784159154.862935,3,0.189597,-0.023264,-0.117188
1784159154.872940,3,0.189597,-0.015509,-0.121094
1784159154.883033,3,0.189597,-0.007755,-0.117188
1784159154.892933,3,0.189597,-0.003877,-0.121094
1784159154.902935,3,0.189597,-0.023264,-0.125000
1784159154.912936,3,0.189597,-0.085302,-0.121094
1784159154.922934,3,0.189567,-0.069793,-0.121094
1784159154.932936,3,0.189567,-0.062038,-0.121094
1784159154.942941,3,0.189597,-0.031019,-0.117188
1784159154.952936,3,0.189567,-0.081425,-0.121094
1784159154.962940,3,0.189567,-0.089180,-0.121094
1784159154.972936,3,0.189597,-0.015509,-0.121094
1784159154.982934,3,0.189597,-0.007755,-0.121094
1784159154.992937,3,0.189597,-0.019387,-0.121094
1784159155.002934,3,0.189567,-0.054283,-0.121094
1784159155.012936,3,0.189597,-0.031019,-0.121094
1784159155.022936,3,0.189597,0.000000,-0.121094
1784159155.032941,3,0.189628,0.031019,-0.125000
1784159155.042938,3,0.189628,0.038774,-0.125000
1784159155.052939,3,0.189567,-0.058161,-0.117188
1784159155.062939,3,0.189597,-0.034896,-0.125000
1784159155.072934,3,0.189597,-0.011632,-0.125000
1784159155.082934,3,0.189597,-0.034896,-0.121094
1784159155.092938,3,0.189628,0.046528,-0.121094
1784159155.102940,3,0.189597,-0.007755,-0.125000
1784159155.112938,3,0.189597,-0.007755,-0.125000
1784159155.122935,3,0.189567,-0.062038,-0.121094
1784159155.132936,3,0.189597,0.027142,-0.121094
1784159155.142915,3,0.189597,-0.015509,-0.121094
1784159155.152915,3,0.189597,-0.003877,-0.125000
1784159155.162915,3,0.189597,-0.027142,-0.125000
1784159155.172913,3,0.189597,-0.003877,-0.121094
1784159155.182916,3,0.189597,-0.015509,-0.125000
1784159155.192918,3,0.189567,-0.050406,-0.121094
1784159155.202933,3,0.189597,0.000000,-0.125000
1784159155.212913,3,0.189567,-0.062038,-0.121094
1784159155.222916,3,0.189597,-0.011632,-0.121094
1784159155.232914,3,0.189597,-0.031019,-0.121094
1784159155.242917,3,0.189567,-0.069793,-0.121094
1784159155.252918,3,0.189597,0.007755,-0.125000
1784159155.262918,3,0.189597,0.000000,-0.121094
1784159155.272978,3,0.189567,-0.046528,-0.121094
1784159155.282916,3,0.189597,-0.019387,-0.121094
1784159155.292922,3,0.189597,-0.007755,-0.121094
1784159155.302920,3,0.189567,-0.062038,-0.117188
1784159155.312925,3,0.189567,-0.054283,-0.121094
1784159155.322916,3,0.189597,-0.019387,-0.121094
1784159155.332921,3,0.189567,-0.062038,-0.125000
1784159155.342920,3,0.189567,-0.081425,-0.121094
1784159155.352919,3,0.189597,-0.027142,-0.125000
1784159155.362915,3,0.189597,-0.003877,-0.121094
1784159155.372916,3,0.189628,0.031019,-0.121094
1784159155.382924,3,0.189597,-0.038774,-0.121094
1784159155.392919,3,0.189597,-0.007755,-0.121094
1784159155.402916,3,0.189597,-0.011632,-0.121094
1784159155.412899,3,0.189567,-0.062038,-0.121094
1784159155.422899,3,0.189628,0.050406,-0.121094
1784159155.432895,3,0.189597,-0.015509,-0.125000
1784159155.442894,3,0.189597,-0.027142,-0.121094
1784159155.452899,3,0.189597,-0.011632,-0.125000
1784159155.462899,3,0.189597,-0.027142,-0.121094
1784159155.472898,3,0.189567,-0.065915,-0.121094
1784159155.482896,3,0.189567,-0.065915,-0.121094
1784159155.492903,3,0.189597,-0.038774,-0.121094
1784159155.502901,3,0.189597,-0.007755,-0.125000
1784159155.512902,3,0.189597,-0.038774,-0.125000
1784159155.522899,3,0.189597,-0.011632,-0.125000
1784159155.532901,3,0.189567,-0.065915,-0.121094
1784159155.542899,3,0.189628,0.019387,-0.125000
1784159155.552903,3,0.189567,-0.073670,-0.125000
1784159155.562902,3,0.189597,-0.015509,-0.121094
1784159155.572900,3,0.189597,-0.015509,-0.125000
1784159155.582901,3,0.189597,-0.019387,-0.121094
1784159155.592902,3,0.189628,0.023264,-0.125000
1784159155.602902,3,0.189597,-0.007755,-0.121094
1784159155.612903,3,0.189597,-0.011632,-0.121094
1784159155.622904,3,0.189597,0.000000,-0.125000
1784159155.633014,3,0.189597,-0.015509,-0.125000
1784159155.642987,3,0.189567,-0.062038,-0.121094
1784159155.652972,3,0.189597,-0.038774,-0.121094
1784159155.662899,3,0.189567,-0.062038,-0.125000
1784159155.672883,3,0.189628,0.050406,-0.121094
1784159155.682900,3,0.189567,-0.069793,-0.121094
1784159155.692880,3,0.189628,0.042651,-0.125000
1784159155.702882,3,0.189567,-0.073670,-0.121094
1784159155.712883,3,0.189597,-0.003877,-0.125000
1784159155.722884,3,0.189597,0.000000,-0.121094
1784159155.732882,3,0.189597,-0.034896,-0.125000
1784159155.742884,3,0.189597,-0.031019,-0.121094
1784159155.752879,3,0.189597,-0.015509,-0.121094
1784159155.762880,3,0.189597,-0.027142,-0.125000
1784159155.772884,3,0.189597,-0.019387,-0.125000
1784159155.782883,3,0.189597,-0.015509,-0.121094
1784159155.792882,3,0.189597,-0.023264,-0.125000
1784159155.802884,3,0.189597,-0.019387,-0.121094
1784159155.812881,3,0.189567,-0.069793,-0.125000
1784159155.822881,3,0.189597,-0.019387,-0.125000
1784159155.832881,3,0.189567,-0.093057,-0.121094
1784159155.842883,3,0.189567,-0.058161,-0.125000
1784159155.852884,3,0.189597,-0.007755,-0.125000
1784159155.862881,3,0.189597,-0.003877,-0.121094
1784159155.872882,3,0.189567,-0.069793,-0.121094
1784159155.882884,3,0.189597,-0.015509,-0.125000
1784159155.892883,3,0.189628,0.046528,-0.121094
1784159155.902882,3,0.189567,-0.069793,-0.125000
1784159155.912882,3,0.189597,-0.007755,-0.125000
1784159155.922883,3,0.189597,-0.023264,-0.121094
1784159155.932885,3,0.189597,0.000000,-0.121094
1784159155.942882,3,0.189597,-0.027142,-0.125000
1784159155.952892,3,0.189567,-0.062038,-0.121094
1784159155.962863,3,0.189597,0.000000,-0.121094
1784159155.972865,3,0.189567,-0.093057,-0.121094
1784159155.982865,3,0.189597,-0.007755,-0.125000
1784159155.992862,3,0.189597,0.000000,-0.121094
1784159156.002866,3,0.189567,-0.069793,-0.125000
1784159156.012872,3,0.189597,0.031019,-0.121094
1784159156.022871,3,0.189597,-0.011632,-0.125000
1784159156.032867,3,0.189567,-0.073670,-0.121094
1784159156.042893,3,0.189597,0.003877,-0.121094
1784159156.052864,3,0.189597,-0.023264,-0.125000
1784159156.062866,3,0.189597,-0.011632,-0.125000
1784159156.073063,3,0.189628,0.046528,-0.121094
1784159156.082864,3,0.189597,-0.019387,-0.121094
1784159156.092864,3,0.189597,-0.023264,-0.121094
1784159156.102865,3,0.189567,-0.093057,-0.125000
1784159156.112873,3,0.189597,-0.011632,-0.125000
1784159156.122863,3,0.189597,-0.034896,-0.121094
1784159156.132965,3,0.189597,-0.031019,-0.125000
1784159156.142863,3,0.189597,-0.023264,-0.125000
1784159156.152864,3,0.189597,-0.027142,-0.121094
1784159156.162929,3,0.189597,-0.015509,-0.125000
1784159156.172863,3,0.189597,-0.031019,-0.125000
1784159156.182932,3,0.189597,-0.019387,-0.121094
1784159156.192916,3,0.189597,-0.003877,-0.121094
1784159156.202847,3,0.189597,-0.003877,-0.121094
1784159156.212863,3,0.189597,-0.019387,-0.125000
1784159156.222865,3,0.189567,-0.058161,-0.121094
1784159156.232862,3,0.189597,-0.011632,-0.121094
1784159156.242841,3,0.189597,-0.031019,-0.125000
1784159156.252842,3,0.189597,-0.031019,-0.121094
1784159156.262855,3,0.189597,-0.015509,-0.125000
1784159156.272850,3,0.189597,-0.027142,-0.125000
1784159156.282846,3,0.189567,-0.085302,-0.121094
1784159156.292846,3,0.189567,-0.077547,-0.121094
1784159156.302844,3,0.189597,-0.011632,-0.125000
1784159156.312847,3,0.189597,-0.027142,-0.125000
1784159156.322855,3,0.189597,-0.019387,-0.125000
1784159156.332847,3,0.189567,-0.065915,-0.121094
1784159156.342844,3,0.189628,0.011632,-0.125000
1784159156.352844,3,0.189597,-0.003877,-0.125000
1784159156.362844,3,0.189597,-0.027142,-0.121094
1784159156.372845,3,0.189597,-0.019387,-0.121094
1784159156.382848,3,0.189567,-0.058161,-0.125000
1784159156.392847,3,0.189628,-0.038774,-0.121094
1784159156.402844,3,0.189597,-0.015509,-0.125000
1784159156.412845,3,0.189567,-0.081425,-0.121094
1784159156.422844,3,0.189567,0.000000,-0.121094
1784159156.432847,3,0.189597,-0.015509,-0.125000
1784159156.442847,3,0.189597,-0.015509,-0.121094
1784159156.452845,3,0.189597,-0.023264,-0.125000
1784159156.462854,3,0.189597,-0.019387,-0.125000
1784159156.472846,3,0.189628,0.034896,-0.125000
1784159156.482853,3,0.189597,-0.007755,-0.121094
1784159156.492832,3,0.189597,-0.019387,-0.125000
1784159156.502827,3,0.189597,-0.031019,-0.121094
1784159156.512828,3,0.189597,0.003877,-0.121094
1784159156.522832,3,0.189597,-0.034896,-0.125000
1784159156.532838,3,0.189567,-0.069793,-0.121094
1784159156.542834,3,0.189628,0.031019,-0.121094
1784159156.552828,3,0.189597,0.000000,-0.125000
1784159156.562833,3,0.189597,-0.011632,-0.121094
1784159156.572838,3,0.189597,-0.015509,-0.125000
1784159156.582830,3,0.189597,-0.019387,-0.121094
1784159156.592830,3,0.189597,-0.007755,-0.125000
1784159156.602831,3,0.189597,-0.015509,-0.121094
1784159156.612830,3,0.189628,0.027142,-0.121094
1784159156.622832,3,0.189597,-0.015509,-0.121094
1784159156.632836,3,0.189597,-0.015509,-0.121094
1784159156.642833,3,0.189567,-0.062038,-0.121094
1784159156.652833,3,0.189567,-0.073670,-0.121094
1784159156.662833,3,0.189597,-0.015509,-0.140625
1784159156.672832,3,0.189658,0.077547,-0.121094
1784159156.682833,3,0.189597,-0.007755,-0.121094
1784159156.692830,3,0.189567,-0.058161,-0.121094
1784159156.702835,3,0.189658,0.081425,-0.125000
1784159156.712843,3,0.189597,-0.015509,-0.125000
1784159156.722833,3,0.189567,-0.069793,-0.121094
1784159156.732832,3,0.189597,-0.003877,-0.121094
1784159156.742835,3,0.189597,0.000000,-0.121094
1784159156.752828,3,0.189628,0.050406,-0.121094
1784159156.762830,3,0.189628,0.050406,-0.121094
1784159156.772835,3,0.189567,-0.081425,-0.121094
1784159156.782812,3,0.189597,-0.027142,-0.121094
1784159156.792813,3,0.189628,0.031019,-0.125000
1784159156.802814,3,0.189597,-0.007755,-0.125000
1784159156.812815,3,0.189597,-0.023264,-0.125000
1784159156.822810,3,0.189597,-0.015509,-0.125000
1784159156.832813,3,0.189567,-0.093057,-0.121094
1784159156.842810,3,0.189567,-0.062038,-0.121094
1784159156.852810,3,0.189597,-0.007755,-0.125000
1784159156.862812,3,0.189597,-0.023264,-0.125000
1784159156.872813,3,0.189567,-0.058161,-0.125000
1784159156.882844,3,0.189597,-0.007755,-0.121094
1784159156.892813,3,0.189567,-0.081425,-0.121094
1784159156.902814,3,0.189597,-0.015509,-0.117188
1784159156.912811,3,0.189597,-0.007755,-0.121094
1784159156.922811,3,0.189567,-0.077547,-0.125000
1784159156.932812,3,0.189628,0.023264,-0.125000
1784159156.942811,3,0.189567,-0.093057,-0.121094
1784159156.952811,3,0.189597,0.000000,-0.121094
1784159156.962813,3,0.189597,-0.015509,-0.121094
1784159156.972813,3,0.189628,0.019387,-0.125000
1784159156.982812,3,0.189628,0.038774,-0.121094
1784159156.992815,3,0.189597,-0.007755,-0.117188
1784159157.002811,3,0.189597,-0.027142,-0.125000
1784159157.012811,3,0.189597,0.000000,-0.117188
1784159157.022814,3,0.189597,-0.015509,-0.121094
1784159157.032811,3,0.189567,-0.069793,-0.121094
1784159157.042810,3,0.189597,-0.019387,-0.121094
1784159157.052789,3,0.189597,-0.034896,-0.125000
1784159157.062789,3,0.189628,0.034896,-0.117188
1784159157.072789,3,0.189597,-0.027142,-0.121094
1784159157.082792,3,0.189628,0.019387,-0.121094
1784159157.092794,3,0.189597,-0.027142,-0.125000
1784159157.102793,3,0.189567,-0.054283,-0.121094
1784159157.112795,3,0.189597,-0.011632,-0.125000
1784159157.122801,3,0.189628,0.042651,-0.121094
1784159157.132793,3,0.189597,-0.007755,-0.121094
1784159157.142791,3,0.189597,-0.031019,-0.125000
1784159157.152793,3,0.189597,-0.015509,-0.125000
1784159157.162799,3,0.189597,-0.003877,-0.121094
1784159157.172804,3,0.189597,-0.007755,-0.121094
1784159157.182803,3,0.189597,-0.007755,-0.121094
1784159157.192792,3,0.189597,-0.003877,-0.121094
1784159157.202793,3,0.189567,-0.058161,-0.125000
1784159157.212793,3,0.189597,0.000000,-0.121094
1784159157.222795,3,0.189597,-0.023264,-0.121094
1784159157.232792,3,0.189567,-0.062038,-0.125000
1784159157.242795,3,0.189567,-0.069793,-0.121094
1784159157.252795,3,0.189628,0.050406,-0.121094
1784159157.262802,3,0.189597,0.000000,-0.121094
1784159157.272799,3,0.189597,0.000000,-0.121094
1784159157.282799,3,0.189597,0.000000,-0.121094
1784159157.292798,3,0.189567,-0.058161,-0.121094
1784159157.302797,3,0.189597,0.000000,-0.125000
1784159157.312778,3,0.189567,-0.058161,-0.121094
1784159157.322794,3,0.189597,0.000000,-0.121094
1784159157.332774,3,0.189567,-0.077547,-0.121094
1784159157.342779,3,0.189597,-0.027142,-0.125000
1784159157.352776,3,0.189628,0.054283,-0.121094
1784159157.362775,3,0.189597,-0.023264,-0.125000
1784159157.372773,3,0.189567,-0.058161,-0.125000
1784159157.382776,3,0.189567,-0.062038,-0.121094
1784159157.392774,3,0.189597,0.000000,-0.121094
1784159157.402779,3,0.189567,-0.058161,-0.121094
1784159157.412784,3,0.189597,0.007755,-0.125000
1784159157.422773,3,0.189567,-0.085302,-0.121094
1784159157.432780,3,0.189597,-0.015509,-0.125000
1784159157.442779,3,0.189567,-0.065915,-0.121094
1784159157.452775,3,0.189567,-0.065915,-0.125000
1784159157.462774,3,0.189597,-0.011632,-0.121094
1784159157.472780,3,0.189597,0.000000,-0.121094
1784159157.482772,3,0.189597,0.000000,-0.125000
1784159157.492776,3,0.189597,-0.003877,-0.121094
1784159157.502773,3,0.189597,-0.003877,-0.125000
1784159157.512773,3,0.189597,0.000000,-0.125000
1784159157.522774,3,0.189597,-0.038774,-0.125000
1784159157.532781,3,0.189567,-0.058161,-0.121094
1784159157.542777,3,0.189597,-0.003877,-0.125000
1784159157.552776,3,0.189597,-0.007755,-0.121094
1784159157.562776,3,0.189597,-0.027142,-0.121094
1784159157.572782,3,0.189567,-0.065915,-0.117188
1784159157.582778,3,0.189597,-0.003877,-0.125000
1784159157.592778,3,0.189567,-0.073670,-0.121094
1784159157.602759,3,0.189597,0.003877,-0.121094
1784159157.612761,3,0.189597,0.054283,-0.121094
1784159157.622756,3,0.189597,-0.015509,-0.125000
1784159157.632757,3,0.189567,-0.054283,-0.117188
1784159157.642766,3,0.189597,-0.050406,-0.121094
1784159157.652766,3,0.189567,-0.069793,-0.121094
1784159157.662755,3,0.189597,-0.015509,-0.121094
1784159157.672755,3,0.189597,-0.011632,-0.125000
1784159157.682756,3,0.189597,-0.011632,-0.121094
1784159157.692756,3,0.189597,-0.023264,-0.121094
1784159157.702760,3,0.189567,-0.007755,-0.117188
1784159157.712760,3,0.189597,-0.007755,-0.121094
1784159157.722757,3,0.189597,0.000000,-0.125000
1784159157.732763,3,0.189597,0.046528,-0.121094
1784159157.742866,3,0.189597,-0.007755,-0.125000
1784159157.752759,3,0.189597,0.000000,-0.121094
1784159157.762759,3,0.189597,0.000000,-0.125000
1784159157.772763,3,0.189597,0.000000,-0.121094
1784159157.782773,3,0.189597,-0.027142,-0.121094
1784159157.792758,3,0.189567,-0.011632,-0.125000
1784159157.802758,3,0.189597,-0.011632,-0.121094
1784159157.812760,3,0.189597,-0.007755,-0.121094
1784159157.822757,3,0.189597,0.054283,-0.121094
1784159157.832767,3,0.189597,-0.007755,-0.121094
1784159157.842759,3,0.189597,0.000000,-0.125000
1784159157.852761,3,0.189597,-0.003877,-0.121094
1784159157.862762,3,0.189567,-0.046528,-0.125000
1784159157.872761,3,0.189597,-0.003877,-0.125000
1784159157.882738,3,0.189597,0.000000,-0.125000
1784159157.892837,3,0.189597,0.003877,-0.121094
1784159157.902738,3,0.189567,-0.065915,-0.125000
1784159157.912740,3,0.189597,-0.003877,-0.125000
1784159157.922738,3,0.189567,-0.069793,-0.125000
1784159157.932745,3,0.189567,-0.062038,-0.117188
1784159157.942737,3,0.189567,-0.065915,-0.125000
1784159157.952743,3,0.189567,-0.069793,-0.121094
1784159157.962739,3,0.189567,-0.062038,-0.117188
1784159157.972747,3,0.189597,-0.038774,-0.117188
1784159157.982744,3,0.189597,-0.015509,-0.121094
1784159157.992742,3,0.189597,-0.003877,-0.125000
1784159158.002740,3,0.189597,0.007755,-0.121094
1784159158.012748,3,0.189597,-0.003877,-0.125000
1784159158.022749,3,0.189597,0.007755,-0.117188
1784159158.032743,3,0.189567,-0.054283,-0.125000
1784159158.042742,3,0.189567,-0.069793,-0.121094
1784159158.052739,3,0.189597,-0.007755,-0.125000
1784159158.062747,3,0.189597,-0.003877,-0.125000
1784159158.072744,3,0.189597,0.000000,-0.121094
1784159158.082740,3,0.189567,-0.058161,-0.121094
1784159158.092746,3,0.189597,0.003877,-0.121094
1784159158.102743,3,0.189537,-0.116321,-0.121094
1784159158.112740,3,0.189597,0.015509,-0.125000
1784159158.122740,3,0.189597,-0.003877,-0.125000
1784159158.132749,3,0.189597,-0.003877,-0.117188
1784159158.142722,3,0.189567,-0.062038,-0.125000
1784159158.152726,3,0.189597,0.000000,-0.117188
1784159158.162727,3,0.189597,0.000000,-0.117188
1784159158.172727,3,0.189597,-0.007755,-0.121094
1784159158.182732,3,0.189567,-0.046528,-0.117188
1784159158.192728,3,0.189567,-0.038774,-0.121094
1784159158.202731,3,0.189597,0.000000,-0.117188
1784159158.212722,3,0.189628,0.038774,-0.121094
1784159158.222723,3,0.189597,0.000000,-0.117188
1784159158.232724,3,0.189567,-0.003877,-0.117188
1784159158.242724,3,0.189597,-0.003877,-0.117188
1784159158.252724,3,0.189597,0.000000,-0.125000
1784159158.262722,3,0.189567,-0.073670,-0.121094
1784159158.272728,3,0.189597,-0.003877,-0.125000
1784159158.282728,3,0.189658,0.100812,-0.121094
1784159158.292732,3,0.189597,-0.015509,-0.125000
1784159158.302724,3,0.189597,0.000000,-0.121094
1784159158.312726,3,0.189567,-0.081425,-0.121094
1784159158.322727,3,0.189567,-0.062038,-0.121094
1784159158.332732,3,0.189597,0.015509,-0.121094
1784159158.342727,3,0.189628,0.046528,-0.121094
1784159158.352728,3,0.189567,-0.054283,-0.121094
1784159158.362728,3,0.189567,-0.054283,-0.125000
1784159158.372726,3,0.189597,-0.015509,-0.125000
1784159158.382725,3,0.189597,0.000000,-0.125000
1784159158.392704,3,0.189597,-0.027142,-0.125000
1784159158.402705,3,0.189597,-0.007755,-0.121094
1784159158.412710,3,0.189628,0.054283,-0.125000
1784159158.422703,3,0.189597,0.011632,-0.125000
1784159158.432703,3,0.189597,-0.015509,-0.121094
1784159158.442707,3,0.189567,-0.058161,-0.121094
1784159158.452706,3,0.189567,-0.062038,-0.117188
1784159158.462712,3,0.189567,-0.062038,-0.121094
1784159158.472708,3,0.189567,-0.038774,-0.125000
1784159158.482711,3,0.189628,0.050406,-0.121094
1784159158.492706,3,0.189597,-0.011632,-0.117188
1784159158.502706,3,0.189537,-0.116321,-0.121094
1784159158.512707,3,0.189567,-0.058161,-0.125000
1784159158.522710,3,0.189597,-0.019387,-0.121094
1784159158.532707,3,0.189597,-0.058161,-0.121094
1784159158.542705,3,0.189597,-0.011632,-0.125000
1784159158.552711,3,0.189597,-0.015509,-0.121094
1784159158.562712,3,0.189628,0.050406,-0.121094
1784159158.572704,3,0.189597,-0.011632,-0.121094
1784159158.582704,3,0.189567,-0.062038,-0.121094
1784159158.592704,3,0.189567,-0.062038,-0.125000
1784159158.602705,3,0.189597,-0.015509,-0.125000
1784159158.612707,3,0.189567,-0.062038,-0.125000
1784159158.622703,3,0.189567,-0.062038,-0.121094
1784159158.632778,3,0.189567,-0.054283,-0.125000
1784159158.642706,3,0.189597,0.007755,-0.125000
1784159158.652703,3,0.189597,-0.007755,-0.121094
1784159158.662795,3,0.189597,0.000000,-0.121094
1784159158.672704,3,0.189597,0.000000,-0.121094
1784159158.682714,3,0.189597,0.003877,-0.121094
1784159158.692688,3,0.189597,-0.050406,-0.121094
1784159158.702683,3,0.189597,0.007755,-0.121094
1784159158.712703,3,0.189597,0.003877,-0.121094
1784159158.722687,3,0.189628,0.031019,-0.125000
1784159158.732684,3,0.189597,0.000000,-0.121094
1784159158.742683,3,0.189597,-0.011632,-0.121094
1784159158.752683,3,0.189597,-0.011632,-0.125000
1784159158.762851,3,0.189628,0.054283,-0.125000
1784159158.772685,3,0.189567,-0.042651,-0.121094
1784159158.782686,3,0.189597,-0.007755,-0.125000
1784159158.792685,3,0.189597,0.000000,-0.121094
1784159158.802687,3,0.189567,-0.065915,-0.125000
1784159158.812687,3,0.189567,-0.069793,-0.121094
1784159158.822685,3,0.189597,-0.007755,-0.125000
1784159158.832685,3,0.189597,-0.003877,-0.117188
1784159158.842710,3,0.189597,-0.003877,-0.121094
1784159158.852686,3,0.189567,-0.062038,-0.125000
1784159158.862689,3,0.189597,0.007755,-0.121094
1784159158.872687,3,0.189597,-0.007755,-0.121094
1784159158.882688,3,0.189597,-0.011632,-0.121094
1784159158.892686,3,0.189567,-0.062038,-0.125000
1784159158.902687,3,0.189567,-0.058161,-0.125000
1784159158.912675,3,0.189628,0.050406,-0.121094
1784159158.922687,3,0.189597,0.003877,-0.125000
1784159158.932687,3,0.189597,-0.023264,-0.125000
1784159158.942687,3,0.189628,0.046528,-0.125000
1784159158.952687,3,0.189597,0.019387,-0.121094
1784159158.962692,3,0.189597,0.000000,-0.125000
1784159158.972677,3,0.189597,0.000000,-0.125000
1784159158.982678,3,0.189567,-0.054283,-0.125000
1784159158.992695,3,0.189597,0.003877,-0.125000
1784159159.002670,3,0.189597,-0.003877,-0.121094
1784159159.012669,3,0.189597,-0.007755,-0.125000
1784159159.022670,3,0.189597,-0.003877,-0.121094
1784159159.032672,3,0.189628,0.065915,-0.121094
1784159159.042668,3,0.189567,-0.065915,-0.121094
1784159159.052668,3,0.189597,-0.027142,-0.121094
1784159159.062668,3,0.189567,-0.054283,-0.125000
1784159159.072670,3,0.189597,-0.027142,-0.121094
1784159159.082675,3,0.189597,-0.007755,-0.121094
1784159159.092670,3,0.189597,-0.007755,-0.121094
1784159159.102671,3,0.189567,-0.054283,-0.125000
1784159159.112670,3,0.189567,-0.054283,-0.121094
1784159159.122672,3,0.189628,0.034896,-0.125000
1784159159.132671,3,0.189597,-0.058161,-0.121094
1784159159.142671,3,0.189597,-0.003877,-0.125000
1784159159.152668,3,0.189597,0.000000,-0.117188
1784159159.162675,3,0.189567,-0.062038,-0.121094
1784159159.172670,3,0.189597,-0.023264,-0.121094
1784159159.182670,3,0.189567,-0.058161,-0.125000
1784159159.192668,3,0.189567,-0.062038,-0.121094
1784159159.202669,3,0.189597,-0.058161,-0.121094
1784159159.212668,3,0.189597,0.000000,-0.121094
1784159159.222669,3,0.189597,0.000000,-0.121094
1784159159.232673,3,0.189567,-0.058161,-0.125000
1784159159.242648,3,0.189628,0.038774,-0.121094
1784159159.252647,3,0.189567,-0.062038,-0.121094
1784159159.262655,3,0.189597,-0.011632,-0.125000
1784159159.272649,3,0.189567,-0.058161,-0.125000
1784159159.282648,3,0.189567,-0.054283,-0.125000
1784159159.292655,3,0.189567,-0.050406,-0.121094
1784159159.302649,3,0.189567,-0.073670,-0.121094
1784159159.312653,3,0.189597,-0.027142,-0.125000
1784159159.322659,3,0.189597,0.007755,-0.121094
1784159159.332649,3,0.189597,0.003877,-0.121094
1784159159.342654,3,0.189597,0.000000,-0.121094
1784159159.352652,3,0.189628,0.050406,-0.121094
1784159159.362653,3,0.189567,-0.015509,-0.121094
1784159159.372651,3,0.189597,-0.007755,-0.121094
1784159159.382658,3,0.189567,-0.058161,-0.125000
1784159159.392654,3,0.189597,-0.011632,-0.125000
1784159159.402655,3,0.189567,-0.073670,-0.121094
1784159159.412650,3,0.189597,0.000000,-0.117188
1784159159.422651,3,0.189567,-0.062038,-0.125000
1784159159.432653,3,0.189567,-0.011632,-0.125000
1784159159.442661,3,0.189567,-0.038774,-0.121094
1784159159.452663,3,0.189567,-0.081425,-0.121094
1784159159.462652,3,0.189597,-0.003877,-0.121094
1784159159.472659,3,0.189597,-0.003877,-0.125000
1784159159.482654,3,0.189567,-0.058161,-0.121094
1784159159.492656,3,0.189597,0.000000,-0.125000
1784159159.502656,3,0.189597,-0.003877,-0.125000
1784159159.512649,3,0.189567,-0.054283,-0.125000
1784159159.522632,3,0.189567,-0.069793,-0.125000
1784159159.532730,3,0.189567,-0.050406,-0.125000
1784159159.542632,3,0.189597,-0.003877,-0.117188
1784159159.552635,3,0.189597,0.000000,-0.125000
1784159159.562633,3,0.189597,0.000000,-0.121094
1784159159.572634,3,0.189628,0.038774,-0.121094
1784159159.582634,3,0.189597,-0.003877,-0.125000
1784159159.592633,3,0.189597,-0.062038,-0.121094
1784159159.602636,3,0.189597,0.007755,-0.125000
1784159159.612630,3,0.189597,-0.003877,-0.121094
1784159159.622634,3,0.189628,0.023264,-0.121094
1784159159.632634,3,0.189597,-0.027142,-0.121094
1784159159.642635,3,0.189597,0.000000,-0.121094
1784159159.652637,3,0.189567,-0.062038,-0.121094
1784159159.662708,3,0.189567,-0.069793,-0.125000
1784159159.672639,3,0.189597,0.000000,-0.121094
1784159159.682635,3,0.189597,-0.015509,-0.117188
1784159159.692640,3,0.189597,0.000000,-0.125000
1784159159.702630,3,0.189597,-0.003877,-0.125000
1784159159.712633,3,0.189597,0.000000,-0.121094
1784159159.722641,3,0.189597,0.015509,-0.117188
1784159159.732637,3,0.189597,-0.011632,-0.125000
1784159159.742638,3,0.189597,0.000000,-0.125000
1784159159.752641,3,0.189567,-0.046528,-0.121094
1784159159.762637,3,0.189597,0.000000,-0.121094
1784159159.772623,3,0.189597,-0.015509,-0.125000
1784159159.782617,3,0.189597,0.000000,-0.121094
1784159159.792615,3,0.189597,0.000000,-0.117188
1784159159.802617,3,0.189567,-0.065915,-0.125000
1784159159.812617,3,0.189597,0.003877,-0.125000
1784159159.822618,3,0.189567,-0.062038,-0.121094
1784159159.832622,3,0.189597,0.000000,-0.125000
1784159159.842618,3,0.189597,0.000000,-0.121094
1784159159.852618,3,0.189597,0.000000,-0.125000
1784159159.862632,3,0.189597,-0.003877,-0.125000
1784159159.872626,3,0.189567,-0.073670,-0.121094
1784159159.882624,3,0.189597,0.007755,-0.121094
1784159159.892622,3,0.189597,0.003877,-0.121094
1784159159.902619,3,0.189597,-0.011632,-0.121094
1784159159.912617,3,0.189597,-0.011632,-0.121094
1784159159.922626,3,0.189597,-0.003877,-0.125000
1784159159.932634,3,0.189567,-0.062038,-0.121094
1784159159.942619,3,0.189597,-0.007755,-0.121094
1784159159.952617,3,0.189597,0.000000,-0.125000
1784159159.962619,3,0.189597,0.000000,-0.125000
1784159159.972619,3,0.189567,-0.058161,-0.121094
1784159159.982626,3,0.189628,0.050406,-0.117188
1784159159.992619,3,0.189597,-0.027142,-0.125000
1784159160.002627,3,0.189597,-0.015509,-0.121094
1784159160.012615,3,0.189628,0.034896,-0.121094
1784159160.022626,3,0.189597,-0.011632,-0.117188
1784159160.032715,3,0.189597,-0.003877,-0.125000
1784159160.042713,3,0.189567,-0.062038,-0.121094
1784159160.052622,3,0.189597,-0.003877,-0.121094
1784159160.062783,3,0.189597,0.000000,-0.117188
1784159160.072614,3,0.189567,-0.054283,-0.121094
1784159160.082604,3,0.189567,-0.058161,-0.121094
1784159160.092603,3,0.189597,0.000000,-0.121094
1784159160.102686,3,0.189597,0.003877,-0.121094
1784159160.112602,3,0.189597,-0.015509,-0.121094
1784159160.122602,3,0.189567,-0.011632,-0.125000
1784159160.132600,3,0.189567,-0.062038,-0.121094
1784159160.142601,3,0.189597,-0.015509,-0.121094
1784159160.152602,3,0.189567,-0.073670,-0.117188
1784159160.162601,3,0.189597,0.003877,-0.125000
1784159160.172600,3,0.189658,0.116321,-0.121094
1784159160.182605,3,0.189597,-0.015509,-0.125000
1784159160.192603,3,0.189567,-0.015509,-0.125000
1784159160.202605,3,0.189597,-0.007755,-0.125000
1784159160.212598,3,0.189567,-0.069793,-0.117188
1784159160.222602,3,0.189597,-0.023264,-0.121094
1784159160.232617,3,0.189597,0.000000,-0.121094
1784159160.242705,3,0.189628,0.058161,-0.121094
1784159160.252604,3,0.189567,-0.046528,-0.121094
1784159160.262600,3,0.189597,-0.003877,-0.121094
1784159160.272604,3,0.189597,-0.003877,-0.121094
1784159160.282605,3,0.189567,-0.085302,-0.125000
1784159160.292608,3,0.189597,-0.007755,-0.121094
1784159160.302604,3,0.189597,-0.015509,-0.125000
1784159160.312605,3,0.189567,-0.062038,-0.121094
1784159160.322582,3,0.189597,0.003877,-0.125000
1784159160.332577,3,0.189597,0.000000,-0.125000
1784159160.342580,3,0.189597,0.054283,-0.121094
1784159160.352665,3,0.189567,-0.062038,-0.125000
1784159160.362581,3,0.189597,0.000000,-0.125000
1784159160.372659,3,0.189597,0.000000,-0.121094
1784159160.382677,3,0.189567,-0.054283,-0.121094
1784159160.392580,3,0.189597,-0.038774,-0.125000
1784159160.402580,3,0.189628,0.046528,-0.125000
1784159160.412578,3,0.189597,-0.062038,-0.125000
1784159160.422588,3,0.189597,-0.062038,-0.121094
1784159160.432593,3,0.189628,0.046528,-0.125000
1784159160.442588,3,0.189567,-0.058161,-0.125000
1784159160.452595,3,0.189597,-0.011632,-0.125000
1784159160.462580,3,0.189597,0.000000,-0.121094
1784159160.472580,3,0.189597,-0.011632,-0.125000
1784159160.482588,3,0.189597,0.003877,-0.121094
1784159160.492583,3,0.189597,-0.003877,-0.117188
1784159160.502583,3,0.189597,0.000000,-0.121094
1784159160.512583,3,0.189597,0.000000,-0.121094
1784159160.522697,3,0.189597,0.000000,-0.121094
1784159160.532660,3,0.189567,-0.073670,-0.121094
1784159160.542582,3,0.189597,-0.011632,-0.125000
1784159160.552589,3,0.189597,0.000000,-0.125000
1784159160.562582,3,0.189597,0.003877,-0.121094
1784159160.572695,3,0.189567,-0.054283,-0.121094
1784159160.582590,3,0.189597,0.000000,-0.125000
1784159160.592582,3,0.189597,-0.011632,-0.121094
1784159160.602585,3,0.189597,0.003877,-0.121094
1784159160.612564,3,0.189567,-0.058161,-0.125000
1784159160.622655,3,0.189628,0.054283,-0.121094
1784159160.633561,3,0.189597,-0.003877,-0.125000
1784159160.642561,3,0.189597,-0.023264,-0.125000
1784159160.652561,3,0.189597,0.000000,-0.121094
1784159160.662558,3,0.189597,-0.023264,-0.125000
1784159160.672561,3,0.189597,-0.003877,-0.117188
1784159160.682563,3,0.189597,-0.011632,-0.121094
1784159160.692562,3,0.189628,0.054283,-0.121094
1784159160.702563,3,0.189567,-0.058161,-0.121094
1784159160.712581,3,0.189597,-0.019387,-0.125000
1784159160.722562,3,0.189597,-0.015509,-0.125000
1784159160.732569,3,0.189537,-0.096934,-0.125000
1784159160.742571,3,0.189597,-0.015509,-0.121094
1784159160.752563,3,0.189597,-0.011632,-0.125000
1784159160.762562,3,0.189597,0.000000,-0.121094
1784159160.772561,3,0.189597,0.046528,-0.121094
1784159160.782563,3,0.189597,-0.007755,-0.125000
1784159160.792562,3,0.189567,-0.069793,-0.121094
1784159160.802562,3,0.189597,-0.003877,-0.121094
1784159160.812571,3,0.189628,0.054283,-0.121094
1784159160.822561,3,0.189597,-0.003877,-0.121094
1784159160.832563,3,0.189597,0.000000,-0.121094
1784159160.842571,3,0.189567,-0.054283,-0.121094
1784159160.852564,3,0.189597,-0.023264,-0.125000
1784159160.862561,3,0.189597,-0.019387,-0.125000
1784159160.872549,3,0.189597,0.000000,-0.121094
1784159160.882544,3,0.189597,-0.058161,-0.121094
1784159160.892550,3,0.189628,0.058161,-0.121094
1784159160.902541,3,0.189597,-0.011632,-0.121094
1784159160.912572,3,0.189567,-0.069793,-0.121094
1784159160.922543,3,0.189567,-0.058161,-0.117188
1784159160.932542,3,0.189597,-0.003877,-0.121094
1784159160.942542,3,0.189567,-0.007755,-0.125000
1784159160.952546,3,0.189597,-0.015509,-0.121094
1784159160.962551,3,0.189597,-0.011632,-0.125000
1784159160.972544,3,0.189597,0.007755,-0.121094
1784159160.982549,3,0.189597,-0.007755,-0.125000
1784159160.992548,3,0.189597,0.000000,-0.121094
1784159161.002548,3,0.189597,-0.007755,-0.121094
1784159161.012545,3,0.189597,0.000000,-0.125000
1784159161.022545,3,0.189597,0.003877,-0.121094
1784159161.032552,3,0.189597,-0.011632,-0.125000
1784159161.042544,3,0.189597,-0.003877,-0.125000
1784159161.052545,3,0.189597,-0.011632,-0.125000
1784159161.062546,3,0.189597,-0.003877,-0.125000
1784159161.072544,3,0.189567,-0.062038,-0.121094
1784159161.082541,3,0.189597,-0.003877,-0.121094
1784159161.092545,3,0.189567,-0.062038,-0.121094
1784159161.102545,3,0.189597,-0.019387,-0.121094
1784159161.112546,3,0.189597,-0.034896,-0.125000
1784159161.122545,3,0.189597,-0.011632,-0.121094
1784159161.132547,3,0.189597,-0.007755,-0.121094
1784159161.142526,3,0.189567,-0.081425,-0.121094
1784159161.153544,3,0.189597,-0.007755,-0.117188
1784159161.162524,3,0.189597,-0.011632,-0.125000
1784159161.172525,3,0.189567,-0.081425,-0.125000
1784159161.182524,3,0.189597,0.000000,-0.121094
1784159161.192524,3,0.189597,-0.007755,-0.121094
1784159161.202525,3,0.189597,-0.007755,-0.125000
1784159161.212526,3,0.189597,-0.077547,-0.121094
1784159161.222530,3,0.189597,0.000000,-0.125000
1784159161.232528,3,0.189597,0.007755,-0.117188
1784159161.242525,3,0.189567,-0.050406,-0.125000
1784159161.252527,3,0.189567,-0.058161,-0.125000
1784159161.262532,3,0.189597,-0.011632,-0.121094
1784159161.272528,3,0.189597,-0.003877,-0.117188
1784159161.282528,3,0.189597,-0.007755,-0.121094
1784159161.292525,3,0.189597,-0.003877,-0.125000
1784159161.302527,3,0.189597,-0.007755,-0.125000
1784159161.312525,3,0.189597,0.000000,-0.125000
1784159161.322525,3,0.189567,-0.058161,-0.121094
1784159161.332535,3,0.189567,-0.062038,-0.121094
1784159161.342529,3,0.189537,-0.104689,-0.121094
1784159161.352530,3,0.189567,-0.062038,-0.125000
1784159161.362526,3,0.189567,-0.062038,-0.125000
1784159161.372530,3,0.189597,0.000000,-0.121094
1784159161.382528,3,0.189597,-0.003877,-0.121094
1784159161.392528,3,0.189597,0.000000,-0.125000
1784159161.402528,3,0.189597,0.000000,-0.125000
1784159161.412507,3,0.189567,-0.054283,-0.121094
1784159161.422510,3,0.189597,0.000000,-0.121094
1784159161.432520,3,0.189628,0.050406,-0.121094
1784159161.442511,3,0.189567,-0.054283,-0.125000
1784159161.452516,3,0.189597,0.003877,-0.121094
1784159161.462509,3,0.189628,0.054283,-0.117188
1784159161.472513,3,0.189597,-0.003877,-0.125000
1784159161.482514,3,0.189597,0.007755,-0.125000
1784159161.492611,3,0.189567,-0.054283,-0.121094
1784159161.503510,3,0.189628,0.054283,-0.121094
1784159161.512518,3,0.189597,-0.011632,-0.125000
1784159161.522519,3,0.189597,0.015509,-0.125000
1784159161.532511,3,0.189597,0.000000,-0.125000
1784159161.542514,3,0.189567,-0.062038,-0.125000
1784159161.552512,3,0.189597,-0.011632,-0.121094
1784159161.562513,3,0.189597,-0.019387,-0.125000
1784159161.572524,3,0.189597,-0.011632,-0.117188
1784159161.582513,3,0.189567,-0.062038,-0.121094
1784159161.592515,3,0.189628,-0.058161,-0.121094
1784159161.602513,3,0.189567,-0.058161,-0.121094
1784159161.612631,3,0.189567,-0.062038,-0.125000
1784159161.622574,3,0.189567,-0.077547,-0.121094
1784159161.632513,3,0.189597,-0.015509,-0.125000
1784159161.642513,3,0.189567,-0.065915,-0.121094
1784159161.652513,3,0.189597,-0.007755,-0.121094
1784159161.662521,3,0.189597,0.003877,-0.121094
1784159161.672491,3,0.189597,-0.011632,-0.125000
1784159161.682496,3,0.189567,-0.062038,-0.125000
1784159161.692490,3,0.189628,0.038774,-0.125000
1784159161.702489,3,0.189597,-0.015509,-0.125000
1784159161.712491,3,0.189567,-0.069793,-0.121094
1784159161.722492,3,0.189597,-0.011632,-0.117188
1784159161.732491,3,0.189597,-0.027142,-0.121094
1784159161.742501,3,0.189597,0.000000,-0.121094
1784159161.752491,3,0.189597,0.000000,-0.125000
1784159161.762492,3,0.189567,-0.081425,-0.121094
1784159161.772491,3,0.189597,-0.003877,-0.121094
1784159161.782499,3,0.189628,0.054283,-0.121094
1784159161.792490,3,0.189597,-0.031019,-0.125000
1784159161.802490,3,0.189597,0.000000,-0.125000
1784159161.812493,3,0.189597,0.000000,-0.125000
1784159161.822493,3,0.189597,-0.003877,-0.121094
1784159161.832491,3,0.189567,-0.054283,-0.121094
1784159161.842495,3,0.189567,-0.069793,-0.121094
1784159161.852491,3,0.189597,0.000000,-0.121094
1784159161.862489,3,0.189567,-0.062038,-0.121094
1784159161.872493,3,0.189567,-0.054283,-0.121094
1784159161.882492,3,0.189597,-0.007755,-0.117188
1784159161.892489,3,0.189567,0.000000,-0.121094
1784159161.902498,3,0.189597,-0.003877,-0.125000
1784159161.912490,3,0.189567,-0.077547,-0.117188
1784159161.922497,3,0.189597,-0.007755,-0.117188
1784159161.932491,3,0.189597,-0.065915,-0.121094
1784159161.942494,3,0.189597,-0.003877,-0.121094
1784159161.952497,3,0.189597,0.000000,-0.121094
1784159161.962494,3,0.189597,0.019387,-0.125000
1784159161.972487,3,0.189567,-0.046528,-0.121094
1784159161.982477,3,0.189597,-0.023264,-0.117188
1784159161.992470,3,0.189567,-0.019387,-0.121094
1784159162.002472,3,0.189597,-0.015509,-0.121094
1784159162.012480,3,0.189597,0.007755,-0.121094
1784159162.022474,3,0.189567,-0.058161,-0.121094
1784159162.032481,3,0.189597,0.007755,-0.125000
1784159162.042472,3,0.189597,0.000000,-0.121094
1784159162.052474,3,0.189567,-0.062038,-0.121094
1784159162.062571,3,0.189628,0.058161,-0.121094
1784159162.072534,3,0.189597,-0.003877,-0.121094
1784159162.082529,3,0.189567,-0.062038,-0.121094
1784159162.092474,3,0.189597,-0.027142,-0.121094
1784159162.102473,3,0.189567,-0.062038,-0.117188
1784159162.112473,3,0.189628,0.042651,-0.125000
1784159162.122473,3,0.189567,-0.058161,-0.121094
1784159162.132474,3,0.189597,0.034896,-0.125000
1784159162.142473,3,0.189567,-0.054283,-0.121094
1784159162.152472,3,0.189567,-0.062038,-0.117188
1784159162.162472,3,0.189597,-0.007755,-0.121094
1784159162.172474,3,0.189597,-0.011632,-0.121094
1784159162.182474,3,0.189567,-0.054283,-0.121094
1784159162.192473,3,0.189597,0.000000,-0.125000
1784159162.202474,3,0.189567,-0.054283,-0.117188
1784159162.212477,3,0.189567,-0.058161,-0.121094
1784159162.222473,3,0.189537,-0.116321,-0.121094
1784159162.232475,3,0.189628,0.065915,-0.121094
1784159162.242476,3,0.189597,0.000000,-0.121094
1784159162.252454,3,0.189567,-0.042651,-0.121094
1784159162.262454,3,0.189597,-0.011632,-0.121094
1784159162.272454,3,0.189567,-0.050406,-0.121094
1784159162.282459,3,0.189597,0.000000,-0.121094
1784159162.292457,3,0.189597,-0.003877,-0.121094
1784159162.302456,3,0.189597,0.003877,-0.125000
1784159162.312462,3,0.189597,0.011632,-0.121094
1784159162.322455,3,0.189567,-0.065915,-0.121094
1784159162.332458,3,0.189597,-0.003877,-0.125000
1784159162.342464,3,0.189597,-0.007755,-0.121094
1784159162.352453,3,0.189597,0.000000,-0.125000
1784159162.362454,3,0.189567,-0.003877,-0.121094
1784159162.372453,3,0.189567,-0.050406,-0.121094
1784159162.382453,3,0.189597,-0.003877,-0.125000
1784159162.392453,3,0.189628,0.042651,-0.121094
1784159162.402453,3,0.189628,0.034896,-0.125000
1784159162.412457,3,0.189567,-0.062038,-0.121094
1784159162.422455,3,0.189597,0.000000,-0.125000
1784159162.432457,3,0.189597,-0.003877,-0.121094
1784159162.442456,3,0.189628,0.042651,-0.121094
1784159162.452453,3,0.189597,0.003877,-0.121094
1784159162.462461,3,0.189597,0.011632,-0.125000
1784159162.472457,3,0.189597,-0.003877,-0.125000
1784159162.482459,3,0.189567,-0.058161,-0.121094
1784159162.492455,3,0.189567,-0.050406,-0.121094
1784159162.502456,3,0.189597,-0.003877,-0.125000
1784159162.512469,3,0.189597,0.000000,-0.121094
1784159162.522436,3,0.189597,0.000000,-0.125000
1784159162.532435,3,0.189597,-0.058161,-0.121094
1784159162.542435,3,0.189597,-0.011632,-0.121094
1784159162.552437,3,0.189628,0.054283,-0.125000
1784159162.562442,3,0.189597,0.000000,-0.125000
1784159162.572438,3,0.189567,0.011632,-0.121094
1784159162.582440,3,0.189597,-0.011632,-0.121094
1784159162.592445,3,0.189567,-0.062038,-0.121094
1784159162.602439,3,0.189597,0.003877,-0.121094
1784159162.612437,3,0.189567,-0.046528,-0.121094
1784159162.622549,3,0.189597,-0.015509,-0.121094
1784159162.632437,3,0.189628,0.034896,-0.121094
1784159162.642436,3,0.189567,-0.065915,-0.121094
1784159162.652436,3,0.189597,-0.023264,-0.121094
1784159162.662439,3,0.189597,-0.015509,-0.125000
1784159162.672437,3,0.189567,0.000000,-0.121094
1784159162.682439,3,0.189567,-0.062038,-0.121094
1784159162.692438,3,0.189597,-0.003877,-0.121094
1784159162.702437,3,0.189567,-0.062038,-0.121094
1784159162.712443,3,0.189597,-0.007755,-0.121094
1784159162.722437,3,0.189567,-0.046528,-0.125000
1784159162.732441,3,0.189597,0.015509,-0.121094
1784159162.742438,3,0.189597,0.000000,-0.125000
1784159162.752439,3,0.189597,-0.015509,-0.117188
1784159162.762460,3,0.189567,-0.069793,-0.125000
1784159162.772442,3,0.189597,0.007755,-0.125000
1784159162.782439,3,0.189597,-0.007755,-0.121094
1784159162.792443,3,0.189597,0.000000,-0.125000
1784159162.802418,3,0.189597,0.000000,-0.121094
1784159162.812417,3,0.189567,-0.062038,-0.121094
1784159162.822417,3,0.189567,-0.054283,-0.125000
1784159162.832433,3,0.189628,0.046528,-0.121094
1784159162.842418,3,0.189597,-0.011632,-0.121094
1784159162.852421,3,0.189597,0.000000,-0.121094
1784159162.862425,3,0.189567,0.000000,-0.125000
1784159162.872427,3,0.189597,-0.019387,-0.125000
1784159162.882433,3,0.189597,-0.015509,-0.125000
1784159162.892420,3,0.189567,-0.058161,-0.125000
1784159162.902424,3,0.189597,-0.015509,-0.125000
1784159162.912419,3,0.189597,-0.003877,-0.121094
1784159162.922419,3,0.189597,-0.015509,-0.121094
1784159162.932419,3,0.189597,0.000000,-0.121094
1784159162.942422,3,0.189597,0.000000,-0.125000
1784159162.952419,3,0.189628,0.054283,-0.125000
1784159162.962420,3,0.189567,-0.003877,-0.125000
1784159162.972420,3,0.189597,-0.003877,-0.117188
1784159162.982419,3,0.189567,-0.065915,-0.121094
1784159162.992420,3,0.189597,-0.011632,-0.125000
1784159163.002420,3,0.189597,-0.007755,-0.125000
1784159163.012426,3,0.189597,0.000000,-0.121094
1784159163.022420,3,0.189628,0.038774,-0.121094
1784159163.032425,3,0.189597,-0.015509,-0.125000
1784159163.042423,3,0.189597,0.000000,-0.121094
1784159163.053420,3,0.189567,-0.058161,-0.125000
1784159163.062423,3,0.189597,-0.007755,-0.125000
1784159163.072403,3,0.189567,-0.062038,-0.121094
1784159163.082402,3,0.189597,0.000000,-0.125000
1784159163.092408,3,0.189567,-0.046528,-0.125000
1784159163.102407,3,0.189597,0.007755,-0.121094
1784159163.112405,3,0.189567,-0.062038,-0.121094
1784159163.122406,3,0.189597,-0.019387,-0.121094
1784159163.132408,3,0.189597,0.000000,-0.125000
1784159163.142407,3,0.189597,0.000000,-0.125000
1784159163.152408,3,0.189597,0.007755,-0.125000
1784159163.163407,3,0.189597,-0.003877,-0.125000
1784159163.172405,3,0.189597,-0.015509,-0.125000
1784159163.182404,3,0.189597,-0.015509,-0.121094
1784159163.192406,3,0.189597,0.000000,-0.125000
1784159163.202406,3,0.189537,-0.108566,-0.121094
1784159163.212403,3,0.189628,0.054283,-0.121094
1784159163.223407,3,0.189597,-0.003877,-0.121094
1784159163.232406,3,0.189597,-0.011632,-0.125000
1784159163.243405,3,0.189597,-0.007755,-0.125000
1784159163.253404,3,0.189567,-0.046528,-0.125000
1784159163.263409,3,0.189567,-0.058161,-0.121094
1784159163.272407,3,0.189628,0.038774,-0.125000
1784159163.283404,3,0.189597,-0.015509,-0.125000
1784159163.292406,3,0.189597,0.000000,-0.125000
1784159163.303407,3,0.189597,0.003877,-0.121094
1784159163.313392,3,0.189567,-0.062038,-0.121094
1784159163.323389,3,0.189597,-0.023264,-0.121094
1784159163.333381,3,0.189597,-0.015509,-0.125000
1784159163.343384,3,0.189567,-0.050406,-0.121094
1784159163.353382,3,0.189597,-0.007755,-0.121094
1784159163.363391,3,0.189597,-0.003877,-0.121094
1784159163.373387,3,0.189597,0.003877,-0.117188
1784159163.383387,3,0.189597,0.000000,-0.121094
1784159163.393388,3,0.189597,-0.003877,-0.121094
1784159163.403383,3,0.189597,0.003877,-0.125000
1784159163.413383,3,0.189597,-0.023264,-0.125000
1784159163.423385,3,0.189567,-0.046528,-0.121094
1784159163.433386,3,0.189597,0.000000,-0.121094
1784159163.443386,3,0.189628,0.042651,-0.121094
1784159163.453383,3,0.189597,-0.007755,-0.121094
1784159163.463392,3,0.189597,0.000000,-0.121094
1784159163.473386,3,0.189597,0.000000,-0.117188
1784159163.483392,3,0.189597,-0.011632,-0.121094
1784159163.493387,3,0.189597,-0.003877,-0.117188
1784159163.503388,3,0.189597,0.011632,-0.121094
1784159163.513390,3,0.189597,-0.023264,-0.117188
1784159163.523386,3,0.189597,0.000000,-0.117188
1784159163.533391,3,0.189597,-0.003877,-0.121094
1784159163.543387,3,0.189567,-0.058161,-0.121094
1784159163.553385,3,0.189597,-0.015509,-0.121094
1784159163.563388,3,0.189597,0.000000,-0.121094
1784159163.573389,3,0.189597,-0.019387,-0.121094
1784159163.583451,3,0.189597,-0.007755,-0.121094
1784159163.593385,3,0.189628,0.054283,-0.125000
1784159163.603390,3,0.189567,-0.058161,-0.121094
1784159163.613391,3,0.189597,0.003877,-0.117188
1784159163.623440,3,0.189567,-0.065915,-0.121094
1784159163.633371,3,0.189597,0.000000,-0.121094
1784159163.643371,3,0.189597,0.000000,-0.121094
1784159163.653365,3,0.189597,-0.003877,-0.121094
1784159163.663368,3,0.189597,-0.003877,-0.121094
1784159163.673364,3,0.189597,0.011632,-0.121094
1784159163.683368,3,0.189597,0.058161,-0.121094
1784159163.693364,3,0.189567,-0.058161,-0.121094
1784159163.703365,3,0.189537,-0.108566,-0.121094
1784159163.713366,3,0.189597,0.000000,-0.125000
1784159163.723369,3,0.189597,0.000000,-0.121094
1784159163.733373,3,0.189597,-0.011632,-0.121094
1784159163.743366,3,0.189567,-0.058161,-0.117188
1784159163.753450,3,0.189597,0.000000,-0.121094
1784159163.763473,3,0.189567,-0.062038,-0.121094
1784159163.773370,3,0.189567,-0.050406,-0.117188
1784159163.783371,3,0.189597,-0.007755,-0.121094
1784159163.793369,3,0.189597,-0.007755,-0.125000
1784159163.803370,3,0.189597,0.000000,-0.121094
1784159163.813381,3,0.189597,-0.011632,-0.125000
1784159163.823367,3,0.189597,-0.015509,-0.121094
1784159163.833367,3,0.189628,-0.007755,-0.117188
1784159163.843369,3,0.189597,0.000000,-0.121094
1784159163.853369,3,0.189597,-0.007755,-0.121094
1784159163.863371,3,0.189567,-0.058161,-0.121094
1784159163.873370,3,0.189567,-0.065915,-0.121094
1784159163.883352,3,0.189597,0.007755,-0.121094
1784159163.893349,3,0.189567,-0.038774,-0.121094
1784159163.903349,3,0.189567,-0.046528,-0.125000
1784159163.913349,3,0.189597,0.000000,-0.125000
1784159163.923348,3,0.189567,0.000000,-0.125000
1784159163.933350,3,0.189597,-0.007755,-0.125000
1784159163.943349,3,0.189537,-0.120198,-0.121094
1784159163.953348,3,0.189597,-0.007755,-0.125000
1784159163.963351,3,0.189597,0.000000,-0.117188
1784159163.973351,3,0.189567,-0.054283,-0.125000
1784159163.983347,3,0.189567,-0.058161,-0.121094
1784159163.993347,3,0.189567,-0.058161,-0.121094
1784159164.003348,3,0.189628,0.054283,-0.125000
1784159164.013355,3,0.189597,0.011632,-0.121094
1784159164.023350,3,0.189597,0.000000,-0.121094
1784159164.033353,3,0.189597,0.038774,-0.121094
1784159164.043349,3,0.189567,-0.058161,-0.121094
1784159164.053348,3,0.189597,-0.023264,-0.125000
1784159164.063499,3,0.189567,-0.062038,-0.125000
1784159164.073359,3,0.189628,-0.003877,-0.125000
1784159164.083358,3,0.189597,-0.003877,-0.121094
1784159164.093360,3,0.189537,-0.112444,-0.125000
1784159164.103355,3,0.189567,-0.062038,-0.121094
1784159164.113355,3,0.189597,-0.015509,-0.125000
1784159164.123353,3,0.189597,-0.003877,-0.121094
1784159164.133350,3,0.189597,-0.007755,-0.121094
1784159164.143349,3,0.189597,0.000000,-0.121094
1784159164.153353,3,0.189597,-0.007755,-0.125000
1784159164.163329,3,0.189597,0.000000,-0.121094
1784159164.173329,3,0.189597,-0.003877,-0.121094
1784159164.183331,3,0.189567,-0.062038,-0.121094
1784159164.193332,3,0.189567,0.000000,-0.125000
1784159164.203331,3,0.189597,0.000000,-0.125000
1784159164.213331,3,0.189597,0.000000,-0.121094
1784159164.223330,3,0.189597,-0.019387,-0.125000
1784159164.233334,3,0.189597,-0.003877,-0.121094
1784159164.243330,3,0.189597,-0.031019,-0.121094
1784159164.253330,3,0.189597,-0.019387,-0.121094
1784159164.263336,3,0.189597,0.000000,-0.125000
1784159164.273334,3,0.189628,0.042651,-0.121094
1784159164.283328,3,0.189567,-0.058161,-0.121094
1784159164.293331,3,0.189597,-0.023264,-0.125000
1784159164.303342,3,0.189567,-0.050406,-0.117188
1784159164.313330,3,0.189597,-0.007755,-0.125000
1784159164.323328,3,0.189567,-0.058161,-0.125000
1784159164.333333,3,0.189567,-0.050406,-0.121094
1784159164.343332,3,0.189567,-0.069793,-0.125000
1784159164.353331,3,0.189597,-0.027142,-0.121094
1784159164.363422,3,0.189597,-0.019387,-0.121094
1784159164.373333,3,0.189597,0.000000,-0.121094
1784159164.383322,3,0.189597,-0.007755,-0.121094
1784159164.393341,3,0.189597,-0.003877,-0.121094
1784159164.403339,3,0.189597,-0.038774,-0.121094
1784159164.413342,3,0.189597,0.003877,-0.121094
1784159164.423325,3,0.189567,-0.069793,-0.121094
1784159164.433321,3,0.189597,-0.011632,-0.121094
1784159164.443322,3,0.189628,0.054283,-0.121094
1784159164.453320,3,0.189597,0.000000,-0.121094
1784159164.463324,3,0.189597,0.003877,-0.121094
1784159164.473327,3,0.189597,0.000000,-0.121094
1784159164.483324,3,0.189597,0.000000,-0.125000
1784159164.493323,3,0.189597,-0.011632,-0.121094
1784159164.503325,3,0.189597,0.000000,-0.121094
1784159164.513321,3,0.189597,0.003877,-0.121094
1784159164.523324,3,0.189567,-0.042651,-0.121094
1784159164.533323,3,0.189567,-0.062038,-0.121094
1784159164.543324,3,0.189567,-0.062038,-0.121094
1784159164.553325,3,0.189597,0.015509,-0.125000
1784159164.563322,3,0.189597,0.000000,-0.125000
1784159164.573319,3,0.189597,-0.007755,-0.125000
1784159164.583321,3,0.189567,-0.093057,-0.121094
1784159164.593320,3,0.189597,-0.003877,-0.125000
1784159164.603322,3,0.189597,-0.003877,-0.121094
1784159164.613322,3,0.189628,0.042651,-0.125000
1784159164.623322,3,0.189597,-0.003877,-0.121094
1784159164.633330,3,0.189597,-0.015509,-0.121094
1784159164.643305,3,0.189597,-0.003877,-0.121094
1784159164.653323,3,0.189597,-0.003877,-0.121094
1784159164.663321,3,0.189567,-0.058161,-0.121094
1784159164.673323,3,0.189597,0.000000,-0.121094
1784159164.683324,3,0.189597,-0.007755,-0.125000
1784159164.693304,3,0.189597,-0.003877,-0.125000
1784159164.703302,3,0.189597,-0.015509,-0.121094
1784159164.713308,3,0.189567,-0.050406,-0.125000
1784159164.723303,3,0.189567,-0.058161,-0.117188
1784159164.733301,3,0.189597,-0.003877,-0.125000
1784159164.743307,3,0.189597,-0.015509,-0.121094
1784159164.753368,3,0.189597,-0.007755,-0.125000
1784159164.763300,3,0.189597,-0.015509,-0.121094
1784159164.773296,3,0.189567,0.000000,-0.121094
1784159164.783298,3,0.189597,-0.003877,-0.125000
1784159164.793300,3,0.189597,0.000000,-0.121094
1784159164.803298,3,0.189597,-0.007755,-0.125000
1784159164.813302,3,0.189597,-0.019387,-0.121094
1784159164.823296,3,0.189597,0.003877,-0.121094
1784159164.833297,3,0.189597,-0.011632,-0.121094
1784159164.843296,3,0.189597,-0.003877,-0.125000
1784159164.853297,3,0.189597,0.003877,-0.121094
1784159164.863297,3,0.189567,-0.073670,-0.121094
1784159164.873296,3,0.189597,-0.011632,-0.125000
1784159164.883297,3,0.189628,-0.062038,-0.125000
1784159164.893298,3,0.189597,0.011632,-0.121094
1784159164.903297,3,0.189597,-0.003877,-0.121094
1784159164.913299,3,0.189567,-0.062038,-0.121094
1784159164.923298,3,0.189567,0.054283,-0.125000
1784159164.933298,3,0.189597,0.000000,-0.125000
1784159164.943298,3,0.189597,-0.011632,-0.121094
1784159164.953280,3,0.189567,-0.062038,-0.121094
1784159164.963278,3,0.189567,-0.081425,-0.121094
1784159164.973276,3,0.189597,-0.003877,-0.121094
1784159164.983276,3,0.189567,-0.073670,-0.121094
1784159164.993275,3,0.189597,-0.003877,-0.121094
1784159165.003277,3,0.189597,0.000000,-0.121094
1784159165.013276,3,0.189597,-0.003877,-0.125000
1784159165.023279,3,0.189597,-0.003877,-0.121094
1784159165.033278,3,0.189567,-0.062038,-0.117188
1784159165.043277,3,0.189597,-0.007755,-0.121094
1784159165.053276,3,0.189597,-0.015509,-0.121094
1784159165.063276,3,0.189628,0.034896,-0.125000
1784159165.073277,3,0.189597,-0.003877,-0.121094
1784159165.083283,3,0.189597,-0.027142,-0.121094
1784159165.093277,3,0.189597,-0.011632,-0.125000
1784159165.103278,3,0.189597,0.007755,-0.121094
1784159165.113276,3,0.189597,0.000000,-0.121094
1784159165.123278,3,0.189597,-0.011632,-0.121094
1784159165.133277,3,0.189567,-0.065915,-0.121094
1784159165.143274,3,0.189597,-0.003877,-0.121094
1784159165.153278,3,0.189567,-0.065915,-0.125000
1784159165.163277,3,0.189597,0.000000,-0.121094
1784159165.173282,3,0.189597,0.003877,-0.121094
1784159165.183281,3,0.189567,-0.042651,-0.125000
1784159165.193277,3,0.189597,-0.062038,-0.121094
1784159165.203280,3,0.189597,-0.011632,-0.125000
1784159165.213276,3,0.189567,-0.062038,-0.125000
1784159165.223280,3,0.189628,0.031019,-0.125000
1784159165.233279,3,0.189567,-0.058161,-0.125000
1784159165.243281,3,0.189628,0.046528,-0.125000
1784159165.253290,3,0.189597,0.000000,-0.125000
1784159165.263273,3,0.189567,-0.069793,-0.121094
1784159165.273278,3,0.189567,-0.062038,-0.121094
1784159165.283257,3,0.189597,-0.015509,-0.117188
1784159165.293258,3,0.189537,-0.058161,-0.125000
1784159165.303257,3,0.189567,-0.054283,-0.117188
1784159165.313260,3,0.189597,0.000000,-0.125000
1784159165.323257,3,0.189597,0.007755,-0.125000
1784159165.333258,3,0.189628,0.046528,-0.121094
1784159165.343259,3,0.189537,-0.108566,-0.121094
1784159165.353262,3,0.189597,-0.027142,-0.125000
1784159165.363260,3,0.189597,0.000000,-0.117188
1784159165.373263,3,0.189567,-0.046528,-0.121094
1784159165.383260,3,0.189597,0.000000,-0.121094
1784159165.393262,3,0.189597,0.000000,-0.117188
1784159165.403260,3,0.189597,-0.003877,-0.132812
1784159165.413260,3,0.189567,-0.058161,-0.121094
1784159165.423259,3,0.189567,-0.054283,-0.125000
1784159165.433261,3,0.189537,-0.112444,-0.117188
1784159165.443267,3,0.189597,0.000000,-0.121094
1784159165.453265,3,0.189567,-0.058161,-0.121094
1784159165.463258,3,0.189567,-0.038774,-0.125000
1784159165.473259,3,0.189567,-0.058161,-0.125000
1784159165.483264,3,0.189597,0.000000,-0.125000
1784159165.493260,3,0.189597,-0.003877,-0.121094
1784159165.503260,3,0.189628,0.027142,-0.125000
1784159165.513261,3,0.189597,0.000000,-0.125000
1784159165.523238,3,0.189567,-0.062038,-0.121094
1784159165.533239,3,0.189567,-0.058161,-0.121094
1784159165.543239,3,0.189597,-0.015509,-0.121094
1784159165.553240,3,0.189567,-0.058161,-0.125000
1784159165.563241,3,0.189597,0.000000,-0.121094
1784159165.573241,3,0.189597,-0.011632,-0.121094
1784159165.583240,3,0.189567,-0.073670,-0.125000
1784159165.593242,3,0.189597,-0.003877,-0.125000
1784159165.603242,3,0.189597,0.000000,-0.125000
1784159165.613347,3,0.189567,-0.058161,-0.125000
1784159165.623242,3,0.189567,-0.062038,-0.121094
1784159165.633249,3,0.189567,-0.062038,-0.125000
1784159165.643244,3,0.189597,-0.003877,-0.125000
1784159165.653242,3,0.189567,-0.065915,-0.125000
1784159165.663254,3,0.189567,-0.054283,-0.121094
1784159165.673245,3,0.189597,0.000000,-0.121094
1784159165.683248,3,0.189597,0.000000,-0.121094
1784159165.693242,3,0.189567,-0.050406,-0.121094
1784159165.703247,3,0.189567,-0.058161,-0.121094
1784159165.713245,3,0.189567,-0.062038,-0.121094
1784159165.723242,3,0.189537,-0.096934,-0.125000
1784159165.733244,3,0.189597,-0.011632,-0.121094
1784159165.743242,3,0.189628,0.027142,-0.121094
1784159165.753357,3,0.189597,-0.003877,-0.121094
1784159165.763226,3,0.189597,0.000000,-0.121094
1784159165.773250,3,0.189628,0.046528,-0.125000
1784159165.783244,3,0.189597,0.000000,-0.121094
1784159165.793251,3,0.189597,0.019387,-0.121094
1784159165.803221,3,0.189567,-0.054283,-0.125000
1784159165.813223,3,0.189567,-0.050406,-0.121094
1784159165.823225,3,0.189537,-0.116321,-0.121094
1784159165.833223,3,0.189628,0.058161,-0.121094
1784159165.843223,3,0.189597,0.011632,-0.125000
1784159165.853222,3,0.189567,-0.062038,-0.121094
1784159165.863356,3,0.189597,-0.003877,-0.121094
1784159165.873225,3,0.189567,-0.054283,-0.121094
1784159165.883226,3,0.189567,-0.069793,-0.121094
1784159165.893223,3,0.189597,0.000000,-0.121094
1784159165.903223,3,0.189567,-0.058161,-0.125000
1784159165.913228,3,0.189537,-0.124076,-0.121094
1784159165.923227,3,0.189597,0.007755,-0.125000
1784159165.933223,3,0.189567,-0.058161,-0.125000
1784159165.943343,3,0.189628,0.065915,-0.117188
1784159165.953223,3,0.189597,0.003877,-0.125000
1784159165.963223,3,0.189537,-0.104689,-0.125000
1784159165.973223,3,0.189628,0.046528,-0.125000
1784159165.983230,3,0.189597,-0.003877,-0.125000
1784159165.996234,3,0.189567,-0.058161,-0.121094
1784159166.004232,3,0.189567,-0.062038,-0.121094
1784159166.013228,3,0.189597,0.015509,-0.121094
1784159166.023228,3,0.189567,-0.042651,-0.121094
1784159166.033229,3,0.189597,-0.011632,-0.125000
1784159166.043227,3,0.189597,0.003877,-0.121094
1784159166.053222,3,0.189597,-0.003877,-0.125000
1784159166.063225,3,0.189567,-0.058161,-0.121094
1784159166.073203,3,0.189567,-0.065915,-0.121094
1784159166.083317,3,0.189597,0.000000,-0.121094
1784159166.093202,3,0.189597,0.000000,-0.117188
1784159166.103203,3,0.189597,0.019387,-0.125000
1784159166.113209,3,0.189567,-0.062038,-0.121094
1784159166.123203,3,0.189597,-0.023264,-0.121094
1784159166.133203,3,0.189597,-0.003877,-0.125000
1784159166.143206,3,0.189597,0.000000,-0.121094
1784159166.153204,3,0.189567,-0.062038,-0.117188
1784159166.163206,3,0.189567,-0.058161,-0.125000
1784159166.173203,3,0.189597,-0.058161,-0.125000
1784159166.183204,3,0.189628,0.062038,-0.125000
1784159166.193206,3,0.189597,-0.011632,-0.121094
1784159166.203206,3,0.189628,0.046528,-0.121094
1784159166.213212,3,0.189567,-0.062038,-0.125000
1784159166.223204,3,0.189597,0.000000,-0.117188
1784159166.233205,3,0.189597,-0.015509,-0.132812
1784159166.243208,3,0.189567,0.069793,-0.125000
1784159166.253206,3,0.189597,0.011632,-0.125000
1784159166.263205,3,0.189597,-0.003877,-0.121094
1784159166.273205,3,0.189597,0.000000,-0.125000
1784159166.283206,3,0.189597,0.000000,-0.125000
1784159166.293212,3,0.189567,-0.058161,-0.125000
1784159166.303207,3,0.189567,-0.034896,-0.121094
1784159166.313209,3,0.189567,-0.031019,-0.121094
1784159166.323205,3,0.189567,-0.050406,-0.125000
1784159166.333210,3,0.189597,-0.015509,-0.121094
1784159166.343195,3,0.189597,0.003877,-0.125000
1784159166.353187,3,0.189597,-0.054283,-0.125000
1784159166.363193,3,0.189567,-0.058161,-0.121094
1784159166.373193,3,0.189567,-0.038774,-0.121094
1784159166.383188,3,0.189567,-0.081425,-0.121094
1784159166.393189,3,0.189567,-0.077547,-0.121094
1784159166.403192,3,0.189628,0.034896,-0.125000
1784159166.413189,3,0.189597,0.019387,-0.121094
1784159166.423189,3,0.189597,0.000000,-0.121094
1784159166.433188,3,0.189597,-0.003877,-0.121094
1784159166.443191,3,0.189567,-0.046528,-0.125000
1784159166.453190,3,0.189567,-0.054283,-0.121094
1784159166.463195,3,0.189628,0.046528,-0.121094
1784159166.473192,3,0.189597,0.000000,-0.121094
1784159166.483191,3,0.189628,0.054283,-0.125000
1784159166.493192,3,0.189567,-0.062038,-0.125000
1784159166.503192,3,0.189628,0.054283,-0.121094
1784159166.513193,3,0.189597,0.003877,-0.121094
1784159166.523194,3,0.189597,-0.058161,-0.125000
1784159166.533197,3,0.189597,0.000000,-0.121094
1784159166.543198,3,0.189567,-0.062038,-0.121094
1784159166.553197,3,0.189597,-0.015509,-0.125000
1784159166.563200,3,0.189567,-0.054283,-0.125000
1784159166.573192,3,0.189567,-0.050406,-0.125000
1784159166.583192,3,0.189597,0.015509,-0.121094
1784159166.593193,3,0.189567,-0.046528,-0.121094
1784159166.603173,3,0.189567,-0.050406,-0.121094
1784159166.613178,3,0.189597,-0.007755,-0.125000
1784159166.623170,3,0.189597,0.011632,-0.125000
1784159166.633275,3,0.189567,-0.058161,-0.125000
1784159166.643233,3,0.189567,-0.054283,-0.125000
1784159166.653252,3,0.189597,0.011632,-0.125000
1784159166.663248,3,0.189597,-0.003877,-0.125000
1784159166.673170,3,0.189567,-0.050406,-0.125000
1784159166.683171,3,0.189597,-0.007755,-0.121094
1784159166.693172,3,0.189597,0.003877,-0.121094
1784159166.703253,3,0.189567,-0.046528,-0.125000
1784159166.713292,3,0.189597,0.003877,-0.125000
1784159166.723256,3,0.189567,-0.054283,-0.121094
1784159166.733176,3,0.189597,0.000000,-0.121094
1784159166.743244,3,0.189597,-0.023264,-0.121094
1784159166.753175,3,0.189567,-0.054283,-0.121094
1784159166.763210,3,0.192142,0.449775,-0.042969
1784159166.773186,3,0.197958,0.616502,-0.074219
1784159166.783185,3,0.202956,0.438143,-0.074219
1784159166.793182,3,0.207712,0.376105,-0.109375
1784159166.803184,3,0.210044,0.046528,-0.109375
1784159166.813181,3,0.209408,-0.015509,-0.140625
1784159166.823182,3,0.209711,0.093057,-0.152344
1784159166.833179,3,0.209711,-0.011632,-0.167969
1784159166.843182,3,0.209529,-0.003877,-0.171875
1784159166.853184,3,0.208499,-0.189991,-0.175781
1784159166.863237,3,0.206167,-0.341209,-0.175781
1784159166.873182,3,0.202683,-0.329576,-0.171875
1784159166.883163,3,0.198564,-0.492426,-0.152344
1784159166.893167,3,0.194020,-0.414879,-0.148438
1784159166.903156,3,0.191354,-0.201623,-0.152344
1784159166.913158,3,0.189991,-0.108566,-0.148438
1784159166.923163,3,0.189900,-0.046528,-0.152344
1784159166.933161,3,0.189931,-0.007755,-0.152344
1784159166.943161,3,0.189931,0.019387,-0.148438
1784159166.953161,3,0.189870,-0.038774,-0.148438
1784159166.963164,3,0.189718,-0.093057,-0.148438
1784159166.973165,3,0.189446,-0.038774,-0.152344
1784159166.983162,3,0.189446,-0.003877,-0.148438
1784159166.993160,3,0.189446,-0.054283,-0.148438
1784159167.003160,3,0.189416,-0.034896,-0.148438
1784159167.013164,3,0.189234,-0.038774,-0.148438
1784159167.023164,3,0.188779,-0.108566,-0.140625
1784159167.033163,3,0.188719,-0.034896,-0.140625
1784159167.043164,3,0.188749,0.007755,-0.140625
1784159167.053162,3,0.188689,-0.062038,-0.136719
1784159167.063167,3,0.188598,-0.038774,-0.140625
1784159167.073165,3,0.187901,-0.143463,-0.136719
1784159167.083167,3,0.185811,-0.275293,-0.121094
1784159167.093162,3,0.183842,-0.143463,-0.132812
1784159167.103211,3,0.183085,-0.104689,-0.132812
1784159167.113233,3,0.182327,-0.108566,-0.121094
1784159167.123164,3,0.181479,-0.089180,-0.125000
1784159167.133161,3,0.180722,-0.073670,-0.125000
1784159167.143164,3,0.180237,-0.127953,-0.117188
1784159167.153163,3,0.178813,-0.221010,-0.101562
1784159167.163136,3,0.175451,-0.403246,-0.093750
1784159167.173140,3,0.170544,-0.527322,-0.074219
1784159167.183141,3,0.166182,-0.364473,-0.082031
1784159167.193141,3,0.164576,-0.038774,-0.085938
1784159167.203140,3,0.164273,-0.127953,-0.082031
1784159167.213143,3,0.163274,-0.124076,-0.070312
1784159167.223141,3,0.161668,-0.143463,-0.074219
1784159167.233142,3,0.161789,0.019387,-0.074219
1784159167.243142,3,0.161820,0.011632,-0.074219
1784159167.253140,3,0.161880,-0.019387,-0.074219
1784159167.263143,3,0.161910,0.019387,-0.074219
1784159167.273142,3,0.161850,-0.058161,-0.074219
1784159167.283141,3,0.161880,-0.058161,-0.074219
1784159167.293139,3,0.161910,-0.023264,-0.082031
1784159167.303144,3,0.161880,-0.019387,-0.074219
1784159167.313143,3,0.161880,0.027142,-0.074219
1784159167.323142,3,0.161850,-0.038774,-0.082031
1784159167.333141,3,0.161971,0.003877,-0.074219
1784159167.343140,3,0.162032,-0.046528,-0.074219
1784159167.353143,3,0.162001,-0.093057,-0.074219
1784159167.363150,3,0.161971,-0.065915,-0.074219
1784159167.373146,3,0.162032,0.003877,-0.082031
1784159167.383145,3,0.162123,-0.058161,-0.074219
1784159167.393152,3,0.162365,-0.034896,-0.074219
1784159167.403142,3,0.162456,-0.116321,-0.074219
1784159167.413143,3,0.162395,0.023264,-0.074219
1784159167.423151,3,0.162335,-0.054283,-0.082031
1784159167.433124,3,0.162365,-0.027142,-0.082031
1784159167.443122,3,0.162425,-0.050406,-0.074219
1784159167.453212,3,0.162425,-0.054283,-0.074219
1784159167.463145,3,0.162395,-0.042651,-0.074219
1784159167.473125,3,0.162335,-0.077547,-0.074219
1784159167.483122,3,0.162304,-0.046528,-0.082031
1784159167.493113,3,0.162213,-0.015509,-0.074219
1784159167.503123,3,0.162062,-0.031019,-0.074219
1784159167.513123,3,0.162092,0.054283,-0.082031
1784159167.523124,3,0.162123,0.019387,-0.074219
1784159167.533207,3,0.162062,-0.062038,-0.074219
1784159167.543123,3,0.161910,-0.100812,-0.074219
1784159167.553116,3,0.161668,-0.038774,-0.074219
1784159167.563118,3,0.161698,-0.003877,-0.082031
1784159167.573140,3,0.161789,0.023264,-0.074219
1784159167.583118,3,0.161850,0.011632,-0.074219
1784159167.593122,3,0.161850,-0.007755,-0.074219
1784159167.603117,3,0.161850,-0.038774,-0.074219
1784159167.613117,3,0.161789,0.000000,-0.074219
1784159167.623116,3,0.161698,0.011632,-0.070312
1784159167.633118,3,0.161608,-0.031019,-0.074219
1784159167.643120,3,0.161608,0.000000,-0.074219
1784159167.653116,3,0.161608,0.038774,-0.070312
1784159167.663123,3,0.161305,-0.096934,-0.070312
1784159167.673119,3,0.160729,-0.116321,-0.066406
1784159167.683121,3,0.159517,-0.174482,-0.066406
1784159167.693126,3,0.157488,-0.193868,-0.066406
1784159167.703121,3,0.157033,0.003877,-0.066406
1784159167.713103,3,0.157124,-0.015509,-0.058594
1784159167.723099,3,0.157033,-0.019387,-0.058594
1784159167.733098,3,0.156943,-0.096934,-0.058594
1784159167.743110,3,0.156943,0.046528,-0.058594
1784159167.753102,3,0.157064,-0.003877,-0.070312
1784159167.763198,3,0.157276,0.034896,-0.058594
1784159167.773199,3,0.157336,-0.031019,-0.058594
1784159167.783098,3,0.157246,0.003877,-0.058594
1784159167.793099,3,0.157094,-0.019387,-0.058594
1784159167.803100,3,0.157033,-0.058161,-0.058594
1784159167.813103,3,0.157003,-0.034896,-0.058594
1784159167.823099,3,0.156912,-0.089180,-0.058594
1784159167.833100,3,0.156670,-0.046528,-0.070312
1784159167.843101,3,0.155398,-0.213255,-0.042969
1784159167.853104,3,0.152793,-0.306312,-0.054688
1784159167.863099,3,0.150036,-0.345086,-0.039062
1784159167.873181,3,0.147401,-0.290803,-0.027344
1784159167.883099,3,0.144341,-0.333454,-0.023438
1784159167.893099,3,0.141342,-0.189991,-0.023438
1784159167.903101,3,0.140585,-0.011632,-0.023438
1784159167.913099,3,0.140555,-0.096934,-0.023438
1784159167.923167,3,0.140282,-0.062038,-0.019531
1784159167.933102,3,0.139525,-0.120198,-0.011719
1784159167.943100,3,0.138434,-0.100812,-0.011719
1784159167.953104,3,0.138010,0.000000,-0.007812
1784159167.963085,3,0.138040,0.000000,-0.011719
1784159167.973102,3,0.137950,-0.062038,-0.007812
1784159167.983083,3,0.137525,-0.104689,-0.003906
1784159167.993091,3,0.136617,-0.182236,-0.007812
1784159168.003084,3,0.134708,-0.224887,0.003906
1784159168.013083,3,0.133073,-0.162850,0.000000
1784159168.023087,3,0.133285,0.027142,-0.003906
1784159168.033091,3,0.133163,-0.062038,0.000000
1784159168.043086,3,0.133224,0.007755,0.000000
1784159168.053173,3,0.133224,-0.003877,0.000000
1784159168.063086,3,0.133224,0.019387,0.000000
1784159168.073091,3,0.133073,-0.065915,0.000000
1784159168.083086,3,0.132618,-0.108566,0.003906
1784159168.093084,3,0.131528,-0.155095,0.007812
1784159168.103086,3,0.130225,-0.151217,0.003906
1784159168.113084,3,0.130407,0.054283,0.011719
1784159168.123085,3,0.130316,-0.081425,0.011719
1784159168.133083,3,0.130286,-0.023264,0.007812
1784159168.143084,3,0.130165,-0.058161,0.007812
1784159168.153084,3,0.129892,-0.069793,0.003906
1784159168.163085,3,0.129468,-0.065915,0.011719
1784159168.173084,3,0.128892,-0.073670,0.007812
1784159168.183087,3,0.128347,-0.054283,0.007812
1784159168.193090,3,0.127105,-0.201623,0.023438
1784159168.203086,3,0.125590,-0.104689,0.023438
1784159168.213084,3,0.125227,0.019387,0.007812
1784159168.223072,3,0.125378,0.011632,0.019531
1784159168.233068,3,0.125469,-0.015509,0.019531
1784159168.243070,3,0.125378,-0.058161,0.019531
1784159168.253067,3,0.125015,-0.069793,0.023438
1784159168.263071,3,0.123864,-0.205501,0.027344
1784159168.273065,3,0.122046,-0.131831,0.023438
1784159168.283061,3,0.122198,0.003877,0.023438
1784159168.293071,3,0.122319,-0.093057,0.023438
1784159168.303063,3,0.122349,-0.038774,0.035156
1784159168.313068,3,0.122379,-0.015509,0.023438
1784159168.323062,3,0.122622,0.042651,0.023438
1784159168.333067,3,0.122652,0.019387,0.023438
1784159168.343066,3,0.122622,0.007755,0.035156
1784159168.353063,3,0.122561,-0.096934,0.023438
1784159168.363065,3,0.122652,0.019387,0.023438
1784159168.373064,3,0.122713,-0.038774,0.027344
1784159168.383066,3,0.122955,0.019387,0.023438
1784159168.393064,3,0.122925,-0.031019,0.027344
1784159168.403067,3,0.122894,-0.081425,0.023438
1784159168.413064,3,0.122925,-0.038774,0.023438
1784159168.423069,3,0.122955,-0.003877,0.023438
1784159168.433073,3,0.122985,-0.011632,0.019531
1784159168.443067,3,0.123046,0.054283,0.027344
1784159168.453067,3,0.123076,-0.093057,0.019531
1784159168.463072,3,0.123288,0.042651,0.011719
1784159168.473063,3,0.123894,0.065915,0.011719
1784159168.483071,3,0.125439,0.205501,0.003906
1784159168.493065,3,0.127529,0.147340,0.007812
1784159168.503065,3,0.128408,0.131831,0.007812
1784159168.513064,3,0.129831,0.232642,0.000000
1784159168.523052,3,0.131679,0.065915,0.000000
1784159168.533047,3,0.133224,0.170604,-0.003906
1784159168.543046,3,0.134769,0.015509,-0.007812
1784159168.553053,3,0.134860,-0.081425,-0.007812
1784159168.563046,3,0.135132,0.007755,-0.007812
1784159168.573050,3,0.135678,0.065915,-0.007812
1784159168.583045,3,0.136193,-0.007755,-0.007812
1784159168.593047,3,0.136526,0.007755,-0.011719
1784159168.603053,3,0.136556,-0.046528,-0.007812
1784159168.613049,3,0.136768,0.054283,-0.011719
1784159168.623045,3,0.137586,0.069793,-0.019531
1784159168.633044,3,0.138525,0.007755,-0.011719
1784159168.643044,3,0.138495,-0.027142,-0.019531
1784159168.653047,3,0.138646,-0.003877,-0.011719
1784159168.663165,3,0.138767,-0.015509,-0.019531
1784159168.673046,3,0.138858,-0.046528,-0.019531
1784159168.683046,3,0.138919,-0.011632,-0.011719
1784159168.693046,3,0.138949,0.034896,-0.011719
1784159168.703048,3,0.138979,-0.027142,-0.019531
1784159168.713052,3,0.139222,0.007755,-0.019531
1784159168.723047,3,0.139616,0.003877,-0.023438
1784159168.733058,3,0.139767,-0.034896,-0.019531
1784159168.743052,3,0.140040,0.007755,-0.019531
1784159168.753048,3,0.141221,0.108566,-0.035156
1784159168.763053,3,0.143251,0.081425,-0.035156
1784159168.773050,3,0.144614,0.166727,-0.027344
1784159168.783055,3,0.146492,0.166727,-0.039062
1784159168.793055,3,0.148037,0.135708,-0.042969
1784159168.803027,3,0.150157,0.213255,-0.054688
1784159168.813037,3,0.152823,0.217133,-0.058594
1784159168.823032,3,0.156306,0.352841,-0.058594
1784159168.833035,3,0.159487,0.228765,-0.070312
1784159168.843166,3,0.161244,0.178359,-0.074219
1784159168.853034,3,0.162274,0.007755,-0.074219
1784159168.863028,3,0.162274,0.000000,-0.082031
1784159168.873113,3,0.162274,0.007755,-0.074219
1784159168.883099,3,0.162213,-0.007755,-0.074219
1784159168.893091,3,0.162092,-0.038774,-0.082031
1784159168.903160,3,0.162032,-0.019387,-0.074219
1784159168.913182,3,0.162032,0.019387,-0.074219
1784159168.923170,3,0.162032,-0.038774,-0.082031
1784159168.933037,3,0.162062,0.000000,-0.074219
1784159168.943040,3,0.162062,-0.062038,-0.074219
1784159168.953039,3,0.162092,0.000000,-0.082031
1784159168.963041,3,0.162062,-0.011632,-0.082031
1784159168.973039,3,0.162032,-0.062038,-0.074219
1784159168.983040,3,0.162032,-0.054283,-0.074219
1784159168.993038,3,0.162062,-0.050406,-0.074219
1784159169.003038,3,0.162123,0.000000,-0.074219
1784159169.013042,3,0.162123,-0.058161,-0.074219
1784159169.023012,3,0.162213,-0.015509,-0.074219
1784159169.033032,3,0.162213,0.027142,-0.074219
1784159169.043031,3,0.162274,0.003877,-0.082031
1784159169.053040,3,0.162244,-0.027142,-0.074219
1784159169.063039,3,0.162365,0.046528,-0.082031
1784159169.073019,3,0.162456,0.007755,-0.082031
1784159169.083019,3,0.162486,0.007755,-0.082031
1784159169.093019,3,0.162819,-0.038774,-0.085938
1784159169.103113,3,0.163758,0.058161,-0.085938
1784159169.113074,3,0.165788,0.217133,-0.093750
1784159169.123093,3,0.166909,-0.007755,-0.085938
1784159169.134039,3,0.166787,0.042651,-0.085938
1784159169.143048,3,0.166787,0.027142,-0.085938
1784159169.153020,3,0.166757,-0.011632,-0.082031
1784159169.163028,3,0.166727,-0.046528,-0.089844
1784159169.173028,3,0.166727,-0.038774,-0.089844
1784159169.185022,3,0.166757,0.027142,-0.085938
1784159169.197020,3,0.166727,-0.038774,-0.085938
1784159169.205105,3,0.166697,-0.019387,-0.082031
1784159169.213043,3,0.166697,0.019387,-0.082031
1784159169.223011,3,0.166575,-0.081425,-0.085938
1784159169.234025,3,0.166575,-0.038774,-0.089844
1784159169.243021,3,0.166545,0.042651,-0.085938
1784159169.253008,3,0.166515,-0.011632,-0.089844
1784159169.263012,3,0.166515,0.015509,-0.089844
1784159169.273021,3,0.166485,-0.007755,-0.082031
1784159169.283008,3,0.166454,-0.023264,-0.085938
1784159169.293019,3,0.166485,0.034896,-0.085938
1784159169.303018,3,0.166485,0.007755,-0.085938
1784159169.313021,3,0.166515,0.027142,-0.085938
1784159169.323072,3,0.166545,0.069793,-0.085938
1784159169.333080,3,0.166485,-0.015509,-0.085938
1784159169.343106,3,0.166515,0.027142,-0.089844
1784159169.352988,3,0.166515,0.015509,-0.085938
1784159169.362992,3,0.166515,0.000000,-0.085938
1784159169.372993,3,0.166515,-0.011632,-0.085938
1784159169.382991,3,0.166515,-0.011632,-0.085938
1784159169.392988,3,0.166575,0.054283,-0.085938
1784159169.402990,3,0.166575,-0.058161,-0.089844
1784159169.412992,3,0.166606,-0.019387,-0.085938
1784159169.422996,3,0.166606,-0.050406,-0.085938
1784159169.432989,3,0.166666,-0.050406,-0.085938
1784159169.442991,3,0.166727,0.000000,-0.085938
1784159169.452991,3,0.166727,-0.038774,-0.089844
1784159169.462993,3,0.166787,0.003877,-0.085938
1784159169.472990,3,0.166818,0.000000,-0.089844
1784159169.482995,3,0.166878,-0.019387,-0.085938
1784159169.492990,3,0.167121,0.042651,-0.089844
1784159169.502996,3,0.167545,0.081425,-0.089844
1784159169.512995,3,0.168090,0.011632,-0.101562
1784159169.522993,3,0.169059,0.104689,-0.093750
1784159169.532995,3,0.169908,0.000000,-0.093750
1784159169.542995,3,0.169968,0.019387,-0.093750
1784159169.552992,3,0.169968,0.007755,-0.101562
1784159169.562997,3,0.169968,-0.081425,-0.101562
1784159169.572997,3,0.169998,-0.027142,-0.101562
1784159169.582996,3,0.169998,-0.003877,-0.093750
1784159169.593114,3,0.169998,-0.031019,-0.089844
1784159169.602975,3,0.169998,-0.015509,-0.093750
1784159169.612975,3,0.169968,-0.042651,-0.101562
1784159169.622973,3,0.169968,-0.007755,-0.093750
1784159169.632978,3,0.169998,0.019387,-0.101562
1784159169.642978,3,0.169968,-0.054283,-0.093750
1784159169.652978,3,0.169968,-0.042651,-0.093750
1784159169.662985,3,0.169938,-0.046528,-0.093750
1784159169.672984,3,0.169938,-0.038774,-0.093750
1784159169.682976,3,0.169968,0.000000,-0.093750
1784159169.692975,3,0.169968,0.011632,-0.105469
1784159169.702980,3,0.169968,-0.011632,-0.093750
1784159169.712976,3,0.169938,-0.054283,-0.093750
1784159169.722978,3,0.169968,-0.015509,-0.093750
1784159169.732980,3,0.169968,-0.065915,-0.093750
1784159169.742976,3,0.169998,-0.031019,-0.093750
1784159169.752977,3,0.169998,-0.038774,-0.101562
1784159169.762985,3,0.169998,-0.031019,-0.093750
1784159169.772979,3,0.170029,-0.069793,-0.093750
1784159169.782984,3,0.170029,0.015509,-0.101562
1784159169.792988,3,0.170059,-0.003877,-0.093750
1784159169.802978,3,0.170089,0.000000,-0.093750
1784159169.812979,3,0.170059,-0.019387,-0.093750
1784159169.822978,3,0.170059,-0.007755,-0.101562
1784159169.832980,3,0.170029,0.054283,-0.093750
1784159169.842993,3,0.170059,0.019387,-0.101562
1784159169.852982,3,0.170059,0.019387,-0.093750
1784159169.862978,3,0.170059,0.000000,-0.093750
1784159169.872978,3,0.170059,0.007755,-0.093750
1784159169.882961,3,0.170029,-0.089180,-0.093750
1784159169.892957,3,0.169998,-0.093057,-0.093750
1784159169.902957,3,0.170029,-0.054283,-0.093750
1784159169.912963,3,0.170059,-0.011632,-0.101562
1784159169.922958,3,0.170029,-0.050406,-0.093750
1784159169.932966,3,0.170059,0.027142,-0.093750
1784159169.942958,3,0.170059,0.000000,-0.093750
1784159169.952965,3,0.170059,-0.042651,-0.093750
1784159169.962968,3,0.170120,0.000000,-0.093750
1784159169.972968,3,0.170120,-0.015509,-0.093750
1784159169.982961,3,0.170089,0.027142,-0.093750
1784159169.993100,3,0.170089,0.027142,-0.093750
1784159170.002962,3,0.170089,0.042651,-0.101562
1784159170.012977,3,0.170089,-0.007755,-0.093750
1784159170.022970,3,0.170059,-0.023264,-0.093750
1784159170.032969,3,0.170059,-0.038774,-0.101562
1784159170.042971,3,0.170059,-0.007755,-0.093750
1784159170.052966,3,0.170029,-0.096934,-0.093750
1784159170.062968,3,0.169211,-0.162850,-0.093750
1784159170.072965,3,0.168090,-0.108566,-0.089844
1784159170.082968,3,0.166333,-0.252029,-0.082031
1784159170.092965,3,0.164637,-0.135708,-0.082031
1784159170.102970,3,0.162971,-0.259784,-0.070312
1784159170.112975,3,0.161214,-0.124076,-0.070312
1784159170.122974,3,0.161183,-0.034896,-0.070312
1784159170.132966,3,0.160911,-0.011632,-0.070312
1784159170.143038,3,0.160426,-0.116321,-0.074219
1784159170.152960,3,0.159820,-0.143463,-0.070312
1784159170.162946,3,0.158215,-0.252029,-0.054688
1784159170.172937,3,0.157306,-0.027142,-0.070312
1784159170.182949,3,0.157367,-0.038774,-0.058594
1784159170.192938,3,0.157064,-0.054283,-0.070312
1784159170.202946,3,0.156185,-0.135708,-0.050781
1784159170.212940,3,0.154186,-0.201623,-0.050781
1784159170.222943,3,0.152399,-0.135708,-0.050781
1784159170.232948,3,0.150793,-0.197746,-0.042969
1784159170.242945,3,0.148855,-0.201623,-0.035156
1784159170.252950,3,0.147552,-0.197746,-0.035156
1784159170.262941,3,0.146068,-0.151217,-0.039062
1784159170.272939,3,0.145129,-0.089180,-0.023438
1784159170.282941,3,0.144371,-0.081425,-0.027344
1784159170.292938,3,0.143220,-0.073670,-0.023438
1784159170.302944,3,0.142372,-0.089180,-0.023438
1784159170.312940,3,0.142312,-0.081425,-0.023438
1784159170.322939,3,0.142190,-0.062038,-0.023438
1784159170.332945,3,0.142100,-0.062038,-0.011719
1784159170.342940,3,0.142069,-0.003877,-0.019531
1784159170.352939,3,0.142039,0.000000,-0.023438
1784159170.362940,3,0.142039,-0.003877,-0.011719
1784159170.372946,3,0.142009,0.007755,-0.019531
1784159170.382941,3,0.142009,-0.003877,-0.011719
1784159170.392938,3,0.142009,-0.038774,-0.019531
1784159170.402941,3,0.142009,-0.065915,-0.019531
1784159170.413034,3,0.141978,-0.046528,-0.011719
1784159170.423008,3,0.141948,-0.073670,-0.019531
1784159170.432920,3,0.141978,-0.038774,-0.019531
1784159170.442925,3,0.141978,-0.038774,-0.023438
1784159170.452918,3,0.141978,-0.003877,-0.011719
1784159170.462920,3,0.141948,-0.062038,-0.019531
1784159170.472923,3,0.142009,0.042651,-0.019531
1784159170.482923,3,0.141978,0.007755,-0.023438
1784159170.492923,3,0.141948,-0.031019,-0.023438
1784159170.502921,3,0.141918,-0.093057,-0.023438
1784159170.513010,3,0.141978,0.011632,-0.019531
1784159170.522923,3,0.141918,-0.093057,-0.019531
1784159170.532924,3,0.141948,-0.034896,-0.019531
1784159170.542921,3,0.141948,-0.046528,-0.011719
1784159170.552926,3,0.141948,-0.019387,-0.019531
1784159170.562937,3,0.141948,-0.031019,-0.023438
1784159170.572923,3,0.141948,-0.019387,-0.019531
1784159170.582931,3,0.141948,-0.042651,-0.019531
1784159170.592921,3,0.141978,0.000000,-0.023438
1784159170.602925,3,0.141948,-0.034896,-0.019531
1784159170.612929,3,0.141948,-0.038774,-0.023438
1784159170.622925,3,0.141978,0.015509,-0.019531
1784159170.632923,3,0.141948,-0.023264,-0.023438
1784159170.642928,3,0.141948,-0.038774,-0.023438
1784159170.652929,3,0.141978,0.023264,-0.011719
1784159170.662924,3,0.141918,-0.093057,-0.023438
1784159170.672922,3,0.141948,-0.031019,-0.019531
1784159170.682924,3,0.141978,0.031019,-0.019531
1784159170.692923,3,0.141948,-0.034896,-0.019531
1784159170.702925,3,0.141948,-0.038774,-0.019531
1784159170.712908,3,0.141978,0.015509,-0.019531
1784159170.722908,3,0.141978,0.007755,-0.023438
1784159170.732905,3,0.141948,-0.027142,-0.019531
1784159170.742902,3,0.141948,-0.038774,-0.011719
1784159170.752903,3,0.141948,-0.038774,-0.019531
1784159170.762913,3,0.141948,-0.038774,-0.019531
1784159170.772903,3,0.141978,0.011632,-0.019531
1784159170.782910,3,0.141978,0.038774,-0.011719
1784159170.792902,3,0.141918,-0.089180,-0.023438
1784159170.802910,3,0.141978,0.023264,-0.011719
1784159170.812905,3,0.141978,0.019387,-0.019531
1784159170.822904,3,0.141948,-0.031019,-0.019531
1784159170.832906,3,0.141978,0.019387,-0.023438
1784159170.842909,3,0.141948,-0.046528,-0.023438
1784159170.852912,3,0.141948,-0.046528,-0.023438
1784159170.862904,3,0.141948,-0.038774,-0.019531
1784159170.872911,3,0.141948,-0.019387,-0.011719
1784159170.882911,3,0.141978,0.015509,-0.011719
1784159170.892903,3,0.141948,-0.023264,-0.019531
1784159170.902906,3,0.141978,0.015509,-0.019531
1784159170.912906,3,0.141948,-0.038774,-0.023438
1784159170.922907,3,0.141978,0.023264,-0.019531
1784159170.932904,3,0.141948,-0.038774,-0.011719
1784159170.942917,3,0.141948,-0.038774,-0.019531
1784159170.952908,3,0.141948,-0.054283,-0.019531
1784159170.962905,3,0.141978,0.019387,-0.019531
1784159170.972906,3,0.141948,-0.034896,-0.019531
1784159170.982892,3,0.141948,-0.023264,-0.019531
1784159170.992886,3,0.141918,-0.085302,-0.011719
1784159171.002885,3,0.141948,-0.027142,-0.023438
1784159171.012886,3,0.141948,-0.031019,-0.023438
1784159171.022885,3,0.141948,-0.034896,-0.011719
1784159171.032885,3,0.141978,0.019387,-0.023438
1784159171.042886,3,0.141948,-0.023264,-0.019531
1784159171.052888,3,0.141948,-0.023264,-0.023438
1784159171.062885,3,0.141948,-0.034896,-0.011719
1784159171.072885,3,0.141948,-0.015509,-0.019531
1784159171.082885,3,0.141948,-0.034896,-0.019531
1784159171.092890,3,0.141978,0.011632,-0.011719
1784159171.102885,3,0.141948,-0.019387,-0.019531
1784159171.112885,3,0.141948,-0.038774,-0.011719
1784159171.122888,3,0.141948,-0.031019,-0.023438
1784159171.132969,3,0.141978,0.015509,-0.023438
1784159171.142986,3,0.141948,-0.038774,-0.023438
1784159171.153004,3,0.141948,-0.038774,-0.019531
1784159171.162890,3,0.141948,-0.038774,-0.019531
1784159171.172889,3,0.141948,-0.046528,-0.011719
1784159171.182890,3,0.141948,-0.038774,-0.019531
1784159171.192888,3,0.141948,-0.038774,-0.011719
1784159171.202889,3,0.141978,0.019387,-0.023438
1784159171.212886,3,0.141978,-0.003877,-0.019531
1784159171.222891,3,0.141948,-0.050406,-0.023438
1784159171.232890,3,0.141948,-0.038774,-0.023438
1784159171.242871,3,0.141948,-0.038774,-0.023438
1784159171.252871,3,0.141948,-0.038774,-0.019531
1784159171.262870,3,0.141948,-0.038774,-0.019531
1784159171.272960,3,0.141948,-0.042651,-0.023438
1784159171.282877,3,0.141948,-0.038774,-0.023438
1784159171.292877,3,0.141948,-0.054283,-0.019531
1784159171.302868,3,0.141948,-0.058161,-0.023438
1784159171.312868,3,0.141978,0.007755,-0.019531
1784159171.322973,3,0.141978,-0.058161,-0.023438
1784159171.332869,3,0.142009,0.058161,-0.023438
1784159171.342867,3,0.141918,-0.081425,-0.011719
1784159171.352878,3,0.141948,0.000000,-0.019531
1784159171.362872,3,0.141948,-0.031019,-0.019531
1784159171.372878,3,0.141948,-0.042651,-0.023438
1784159171.382870,3,0.142009,0.065915,-0.023438
1784159171.392876,3,0.141948,-0.042651,-0.019531
1784159171.402880,3,0.142009,0.058161,-0.019531
1784159171.412870,3,0.141948,-0.038774,-0.019531
1784159171.422872,3,0.141918,-0.093057,-0.019531
1784159171.432871,3,0.141948,-0.034896,-0.019531
1784159171.442877,3,0.141978,0.023264,-0.019531
1784159171.452872,3,0.141948,-0.031019,-0.019531
1784159171.462876,3,0.141948,-0.034896,-0.023438
1784159171.472874,3,0.141948,-0.038774,-0.023438
1784159171.482872,3,0.141948,-0.011632,-0.023438
1784159171.492874,3,0.141948,-0.027142,-0.023438
1784159171.502879,3,0.141948,-0.015509,-0.023438
1784159171.512862,3,0.141978,0.015509,-0.023438
1784159171.522878,3,0.142009,-0.058161,-0.023438
1784159171.532858,3,0.141948,-0.054283,-0.023438
1784159171.542861,3,0.141948,-0.031019,-0.023438
1784159171.552860,3,0.141948,-0.038774,-0.019531
1784159171.562860,3,0.141948,-0.031019,-0.023438
1784159171.572861,3,0.141948,-0.038774,-0.023438
1784159171.582862,3,0.141978,0.015509,-0.023438
1784159171.592860,3,0.141948,-0.038774,-0.011719
1784159171.602862,3,0.141948,-0.031019,-0.011719
1784159171.612850,3,0.141978,0.000000,-0.023438
1784159171.622856,3,0.141948,0.019387,-0.023438
1784159171.632850,3,0.141948,-0.046528,-0.023438
1784159171.642851,3,0.141948,-0.038774,-0.023438
1784159171.652850,3,0.141948,-0.031019,-0.019531
1784159171.662857,3,0.141948,-0.038774,-0.023438
1784159171.672850,3,0.141978,0.011632,-0.019531
1784159171.682852,3,0.141948,0.003877,-0.019531
1784159171.692852,3,0.141948,-0.038774,-0.019531
1784159171.702861,3,0.141948,-0.031019,-0.023438
1784159171.712854,3,0.141978,0.019387,-0.019531
1784159171.722853,3,0.141948,-0.042651,-0.023438
1784159171.732854,3,0.141948,-0.038774,-0.019531
1784159171.742851,3,0.141978,0.000000,-0.019531
1784159171.752859,3,0.141978,-0.034896,-0.023438
1784159171.762837,3,0.141948,-0.031019,-0.023438
1784159171.772856,3,0.141948,-0.050406,-0.023438
1784159171.782853,3,0.141978,-0.042651,-0.023438
1784159171.792843,3,0.141948,-0.038774,-0.019531
1784159171.802860,3,0.141948,-0.027142,-0.019531
1784159171.812842,3,0.141978,0.031019,-0.011719
1784159171.822830,3,0.141948,-0.038774,-0.019531
1784159171.832839,3,0.141948,-0.023264,-0.019531
1784159171.842841,3,0.141948,-0.042651,-0.019531
1784159171.852843,3,0.141948,-0.038774,-0.023438
1784159171.862836,3,0.141978,0.019387,-0.019531
1784159171.872833,3,0.141948,-0.038774,-0.023438
1784159171.882841,3,0.141918,-0.085302,-0.019531
1784159171.892838,3,0.141978,0.023264,-0.019531
1784159171.902841,3,0.141978,-0.003877,-0.023438
1784159171.912835,3,0.141948,-0.042651,-0.023438
1784159171.922895,3,0.141948,-0.038774,-0.023438
1784159171.932917,3,0.141978,0.027142,-0.023438
1784159171.942893,3,0.141948,-0.058161,-0.019531
1784159171.952938,3,0.141948,-0.062038,-0.019531
1784159171.962855,3,0.141918,-0.096934,-0.023438
1784159171.972838,3,0.141978,-0.015509,-0.019531
1784159171.982844,3,0.141948,-0.038774,-0.019531
1784159171.992837,3,0.141948,-0.038774,-0.019531
1784159172.002836,3,0.141948,-0.062038,-0.023438
1784159172.012844,3,0.141948,-0.054283,-0.019531
1784159172.022848,3,0.141978,0.019387,-0.019531
1784159172.032837,3,0.141948,-0.058161,-0.019531
1784159172.042836,3,0.141948,-0.027142,-0.019531
1784159172.052840,3,0.141948,-0.034896,-0.019531
1784159172.062837,3,0.141978,0.019387,-0.023438
1784159172.072824,3,0.141948,-0.038774,-0.019531
1784159172.082817,3,0.142009,0.069793,-0.011719
1784159172.092817,3,0.141948,-0.027142,-0.023438
1784159172.102815,3,0.141948,-0.038774,-0.019531
1784159172.112820,3,0.141948,-0.038774,-0.019531
1784159172.122815,3,0.141948,-0.042651,-0.023438
1784159172.132818,3,0.141978,-0.011632,-0.023438
1784159172.142820,3,0.141978,0.023264,-0.019531
1784159172.152819,3,0.141978,0.019387,-0.023438
1784159172.162818,3,0.141948,-0.054283,-0.023438
1784159172.172824,3,0.142009,0.077547,-0.023438
1784159172.182821,3,0.141948,-0.042651,-0.019531
1784159172.192818,3,0.141978,0.034896,-0.019531
1784159172.202817,3,0.141948,-0.042651,-0.019531
1784159172.212818,3,0.141978,0.011632,-0.023438
1784159172.222815,3,0.141948,-0.062038,-0.011719
1784159172.232818,3,0.141948,0.015509,-0.023438
1784159172.242817,3,0.141948,-0.038774,-0.019531
1784159172.252817,3,0.141948,-0.058161,-0.023438
1784159172.262816,3,0.141948,-0.038774,-0.023438
1784159172.272818,3,0.142009,0.058161,-0.023438
1784159172.282820,3,0.141978,0.000000,-0.023438
1784159172.292818,3,0.141948,0.019387,-0.023438
1784159172.302819,3,0.141978,0.019387,-0.023438
1784159172.312815,3,0.141978,0.019387,-0.023438
1784159172.322817,3,0.141978,0.015509,-0.023438
1784159172.332808,3,0.141948,-0.031019,-0.023438
1784159172.342825,3,0.141948,-0.003877,-0.019531
1784159172.352799,3,0.141918,-0.093057,-0.011719
1784159172.362814,3,0.141948,-0.046528,-0.023438
1784159172.372888,3,0.141978,0.015509,-0.011719
1784159172.382799,3,0.141948,-0.038774,-0.023438
1784159172.392807,3,0.141978,0.027142,-0.023438
1784159172.402807,3,0.141948,-0.042651,-0.019531
1784159172.412793,3,0.141948,-0.034896,-0.019531
1784159172.422806,3,0.141948,-0.038774,-0.019531
1784159172.432790,3,0.141948,-0.042651,-0.023438
1784159172.444799,3,0.141948,-0.050406,-0.019531
1784159172.452796,3,0.141948,-0.038774,-0.023438
1784159172.462796,3,0.141978,0.034896,-0.023438
1784159172.472798,3,0.141978,0.003877,-0.023438
1784159172.482793,3,0.141978,0.011632,-0.023438
1784159172.492802,3,0.141948,-0.062038,-0.023438
1784159172.502799,3,0.141948,-0.038774,-0.023438
1784159172.512801,3,0.141948,-0.038774,-0.023438
1784159172.522797,3,0.141978,0.007755,-0.019531
1784159172.532802,3,0.141948,-0.046528,-0.023438
1784159172.542800,3,0.141948,-0.046528,-0.011719
1784159172.552784,3,0.141978,0.019387,-0.023438
1784159172.562797,3,0.141948,-0.046528,-0.019531
1784159172.572802,3,0.141978,0.011632,-0.023438
1784159172.582794,3,0.141948,-0.038774,-0.019531
1784159172.592805,3,0.141948,-0.034896,-0.011719
1784159172.602796,3,0.141948,-0.027142,-0.023438
1784159172.612800,3,0.141978,0.019387,-0.019531
1784159172.622775,3,0.141978,0.019387,-0.023438
1784159172.632860,3,0.141948,-0.054283,-0.023438
1784159172.642779,3,0.141948,0.015509,-0.019531
1784159172.652780,3,0.141978,0.019387,-0.023438
1784159172.662869,3,0.141948,0.038774,-0.023438
1784159172.672778,3,0.141948,-0.034896,-0.019531
1784159172.682864,3,0.141978,0.015509,-0.019531
1784159172.692868,3,0.141948,-0.046528,-0.023438
1784159172.702785,3,0.141948,-0.038774,-0.023438
1784159172.712784,3,0.141948,-0.034896,-0.019531
1784159172.722781,3,0.141948,-0.034896,-0.019531
1784159172.732782,3,0.141978,0.019387,-0.023438
1784159172.742779,3,0.141948,-0.038774,-0.023438
1784159172.752781,3,0.141978,0.015509,-0.023438
1784159172.762781,3,0.141948,-0.046528,-0.019531
1784159172.772786,3,0.141948,-0.038774,-0.019531
1784159172.782781,3,0.141948,-0.038774,-0.023438
1784159172.792789,3,0.141978,0.015509,-0.019531
1784159172.802784,3,0.141978,0.019387,-0.023438
1784159172.812778,3,0.141978,0.000000,-0.023438
1784159172.822784,3,0.141918,-0.093057,-0.019531
1784159172.832809,3,0.141948,-0.038774,-0.023438
1784159172.842782,3,0.141948,-0.038774,-0.019531
1784159172.852797,3,0.141978,-0.011632,-0.019531
1784159172.862782,3,0.141948,-0.027142,-0.011719
1784159172.872763,3,0.141948,-0.038774,-0.011719
1784159172.882764,3,0.141948,-0.054283,-0.011719
1784159172.892763,3,0.141978,0.019387,-0.023438
1784159172.902770,3,0.141948,-0.038774,-0.023438
1784159172.912768,3,0.141948,-0.019387,-0.011719
1784159172.922763,3,0.141948,-0.031019,-0.019531
1784159172.932771,3,0.141978,0.027142,-0.023438
1784159172.942760,3,0.141948,-0.038774,-0.023438
1784159172.952764,3,0.141948,-0.046528,-0.023438
1784159172.962763,3,0.141978,0.019387,-0.023438
1784159172.972762,3,0.141978,0.019387,-0.023438
1784159172.982762,3,0.141978,0.019387,-0.023438
1784159172.992767,3,0.141918,0.000000,-0.019531
1784159173.002762,3,0.141948,-0.054283,-0.019531
1784159173.012765,3,0.141948,-0.042651,-0.023438
1784159173.022762,3,0.141978,-0.038774,-0.023438
1784159173.032760,3,0.141918,-0.073670,-0.023438
1784159173.042765,3,0.141948,-0.038774,-0.023438
1784159173.052767,3,0.141978,-0.023264,-0.019531
1784159173.062761,3,0.141978,0.023264,-0.019531
1784159173.072762,3,0.141948,-0.054283,-0.023438
1784159173.082770,3,0.141948,-0.054283,-0.019531
1784159173.092769,3,0.141948,-0.034896,-0.019531
1784159173.102770,3,0.141948,-0.038774,-0.019531
1784159173.112769,3,0.142009,0.050406,-0.019531
1784159173.122766,3,0.141978,-0.054283,-0.023438
1784159173.132761,3,0.141978,0.019387,-0.019531
1784159173.142769,3,0.141948,-0.038774,-0.023438
1784159173.152747,3,0.141948,-0.023264,-0.019531
1784159173.162750,3,0.141948,-0.046528,-0.011719
1784159173.172744,3,0.141978,0.019387,-0.019531
1784159173.182742,3,0.141978,0.019387,-0.023438
1784159173.192747,3,0.141948,-0.031019,-0.019531
1784159173.202743,3,0.141978,0.019387,-0.019531
1784159173.212745,3,0.142009,0.077547,-0.019531
1784159173.222825,3,0.141948,-0.042651,-0.019531
1784159173.232809,3,0.141948,-0.038774,-0.023438
1784159173.242798,3,0.142009,0.073670,-0.023438
1784159173.252742,3,0.141948,-0.038774,-0.023438
1784159173.262744,3,0.141978,0.011632,-0.019531
1784159173.272749,3,0.141978,0.011632,-0.023438
1784159173.282749,3,0.141948,-0.042651,-0.019531
1784159173.292750,3,0.141918,-0.096934,-0.019531
1784159173.302747,3,0.141948,-0.058161,-0.019531
1784159173.312757,3,0.141948,-0.038774,-0.023438
1784159173.322747,3,0.141948,-0.042651,-0.023438
1784159173.332744,3,0.141918,-0.093057,-0.019531
1784159173.342746,3,0.141948,-0.042651,-0.023438
1784159173.352745,3,0.141978,0.000000,-0.023438
1784159173.362745,3,0.141978,0.000000,-0.019531
1784159173.372750,3,0.141948,-0.038774,-0.019531
1784159173.382751,3,0.141978,0.034896,-0.023438
1784159173.392751,3,0.141948,-0.034896,-0.023438
1784159173.402747,3,0.141948,-0.054283,-0.019531
1784159173.412753,3,0.141948,-0.034896,-0.023438
1784159173.422884,3,0.141948,-0.038774,-0.019531
1784159173.432726,3,0.141948,-0.038774,-0.023438
1784159173.442730,3,0.141948,-0.065915,-0.019531
1784159173.452812,3,0.141948,-0.038774,-0.023438
1784159173.462725,3,0.141948,-0.034896,-0.023438
1784159173.472728,3,0.141948,-0.038774,-0.023438
1784159173.482733,3,0.141948,-0.050406,-0.023438
1784159173.492733,3,0.141948,-0.058161,-0.011719
1784159173.502725,3,0.141978,0.011632,-0.019531
1784159173.512727,3,0.141948,-0.042651,-0.019531
1784159173.522734,3,0.141978,0.003877,-0.023438
1784159173.532733,3,0.141978,-0.003877,-0.023438
1784159173.542737,3,0.141978,-0.011632,-0.019531
1784159173.552729,3,0.141978,0.000000,-0.023438
1784159173.562737,3,0.141948,-0.065915,-0.023438
1784159173.572730,3,0.141978,-0.007755,-0.019531
1784159173.582732,3,0.141948,-0.046528,-0.011719
1784159173.592731,3,0.141978,0.000000,-0.011719
1784159173.602726,3,0.141978,-0.003877,-0.019531
1784159173.612728,3,0.141948,-0.046528,-0.023438
1784159173.622731,3,0.141948,-0.058161,-0.019531
1784159173.632736,3,0.141948,-0.038774,-0.019531
1784159173.642726,3,0.141978,0.000000,-0.019531
1784159173.652730,3,0.141978,0.015509,-0.023438
1784159173.662734,3,0.141978,-0.003877,-0.019531
1784159173.672729,3,0.142009,0.003877,-0.011719
1784159173.682728,3,0.141948,-0.054283,-0.023438
1784159173.692731,3,0.141978,-0.003877,-0.011719
1784159173.702730,3,0.141948,-0.046528,-0.019531
1784159173.712845,3,0.141978,0.003877,-0.023438
1784159173.722714,3,0.141948,-0.042651,-0.023438
1784159173.732709,3,0.141948,-0.050406,-0.019531
1784159173.742741,3,0.141948,-0.046528,-0.011719
1784159173.752707,3,0.141948,-0.034896,-0.023438
1784159173.762709,3,0.141948,-0.038774,-0.023438
1784159173.772708,3,0.141918,-0.093057,-0.023438
1784159173.782712,3,0.141948,-0.038774,-0.023438
1784159173.792708,3,0.141948,-0.027142,-0.019531
1784159173.802708,3,0.141948,-0.046528,-0.011719
1784159173.812707,3,0.141978,0.011632,-0.011719
1784159173.823709,3,0.141948,-0.042651,-0.019531
1784159173.832708,3,0.141918,-0.089180,-0.011719
1784159173.842714,3,0.141978,0.003877,-0.019531
1784159173.852714,3,0.141978,0.003877,-0.023438
1784159173.862722,3,0.141948,-0.023264,-0.019531
1784159173.872709,3,0.141948,-0.058161,-0.019531
1784159173.882709,3,0.141948,-0.054283,-0.019531
1784159173.892712,3,0.141948,-0.046528,-0.023438
1784159173.902711,3,0.141978,0.019387,-0.019531
1784159173.912711,3,0.141948,-0.042651,-0.019531
1784159173.922709,3,0.141948,-0.038774,-0.019531
1784159173.932714,3,0.141948,-0.058161,-0.023438
1784159173.942717,3,0.141978,0.011632,-0.019531
1784159173.952770,3,0.141978,0.015509,-0.011719
1784159173.962712,3,0.141918,-0.100812,-0.011719
1784159173.972711,3,0.141948,-0.038774,-0.023438
1784159173.982688,3,0.141918,0.015509,-0.019531
1784159173.992786,3,0.141978,0.011632,-0.011719
1784159174.002692,3,0.141978,0.034896,-0.023438
1784159174.012695,3,0.141978,0.019387,-0.019531
1784159174.022690,3,0.141978,0.007755,-0.019531
1784159174.032690,3,0.141978,0.011632,-0.019531
1784159174.042692,3,0.141948,-0.042651,-0.023438
1784159174.052695,3,0.141948,-0.058161,-0.019531
1784159174.062692,3,0.141948,-0.038774,-0.023438
1784159174.072692,3,0.141948,-0.027142,-0.023438
1784159174.082692,3,0.141948,-0.093057,-0.019531
1784159174.092692,3,0.141948,-0.038774,-0.019531
1784159174.102690,3,0.141948,-0.058161,-0.023438
1784159174.112691,3,0.141948,-0.034896,-0.019531
1784159174.122692,3,0.141978,0.007755,-0.019531
1784159174.132694,3,0.141948,-0.038774,-0.011719
1784159174.142703,3,0.141978,0.011632,-0.023438
1784159174.152691,3,0.141948,0.007755,-0.023438
1784159174.162696,3,0.141948,-0.058161,-0.023438
1784159174.172692,3,0.141948,-0.038774,-0.023438
1784159174.182700,3,0.141948,-0.038774,-0.023438
1784159174.192698,3,0.141948,-0.015509,-0.023438
1784159174.202692,3,0.141978,0.015509,-0.023438
1784159174.212695,3,0.141978,0.027142,-0.023438
1784159174.222692,3,0.141948,-0.042651,-0.019531
1784159174.232699,3,0.141978,0.015509,-0.023438
1784159174.242695,3,0.141948,-0.038774,-0.023438
1784159174.252692,3,0.141978,0.031019,-0.023438
1784159174.262673,3,0.141948,-0.038774,-0.019531
1784159174.272672,3,0.141918,-0.093057,-0.011719
1784159174.282669,3,0.141978,0.019387,-0.023438
1784159174.292674,3,0.141978,0.019387,-0.011719
1784159174.302679,3,0.141948,-0.042651,-0.023438
1784159174.312687,3,0.141948,-0.034896,-0.023438
1784159174.322675,3,0.141978,0.015509,-0.019531
1784159174.332674,3,0.141948,-0.038774,-0.023438
1784159174.342675,3,0.141948,-0.046528,-0.023438
1784159174.352671,3,0.141948,-0.050406,-0.019531
1784159174.362674,3,0.141948,-0.046528,-0.011719
1784159174.372674,3,0.141948,-0.058161,-0.023438
1784159174.382674,3,0.141978,0.019387,-0.023438
1784159174.392674,3,0.141978,0.000000,-0.023438
1784159174.402675,3,0.141978,0.007755,-0.023438
1784159174.412673,3,0.142009,0.046528,-0.023438
1784159174.422673,3,0.141948,-0.058161,-0.023438
1784159174.432673,3,0.141948,-0.054283,-0.023438
1784159174.442680,3,0.141978,0.023264,-0.019531
1784159174.452677,3,0.141948,-0.031019,-0.023438
1784159174.462676,3,0.141978,0.007755,-0.023438
1784159174.472677,3,0.141948,-0.054283,-0.023438
1784159174.482674,3,0.141948,-0.046528,-0.019531
1784159174.492676,3,0.141948,-0.046528,-0.023438
1784159174.502674,3,0.141978,0.007755,-0.023438
1784159174.512658,3,0.141948,-0.054283,-0.019531
1784159174.522656,3,0.141948,-0.046528,-0.023438
1784159174.532659,3,0.141978,0.003877,-0.023438
1784159174.542659,3,0.141978,0.007755,-0.019531
1784159174.552657,3,0.141978,0.015509,-0.023438
1784159174.562658,3,0.141978,0.011632,-0.023438
1784159174.572661,3,0.141948,-0.034896,-0.023438
1784159174.582765,3,0.141978,0.019387,-0.019531
1784159174.592765,3,0.141948,-0.058161,-0.019531
1784159174.602663,3,0.141978,0.023264,-0.019531
1784159174.612662,3,0.141948,-0.054283,-0.019531
1784159174.622657,3,0.141978,0.034896,-0.019531
1784159174.632656,3,0.141948,-0.038774,-0.023438
1784159174.642657,3,0.141978,0.015509,-0.019531
1784159174.652667,3,0.141948,-0.046528,-0.019531
1784159174.662663,3,0.141978,0.007755,-0.023438
1784159174.672665,3,0.141918,-0.120198,-0.019531
1784159174.682668,3,0.141978,0.007755,-0.011719
1784159174.692658,3,0.141978,0.023264,-0.023438
1784159174.702657,3,0.141918,-0.089180,-0.011719
1784159174.712662,3,0.141948,-0.058161,-0.019531
1784159174.722662,3,0.141948,-0.042651,-0.019531
1784159174.732662,3,0.141948,-0.046528,-0.023438
1784159174.742666,3,0.141948,-0.015509,-0.023438
1784159174.752661,3,0.141948,-0.038774,-0.019531
1784159174.762662,3,0.141918,-0.085302,-0.011719
1784159174.772660,3,0.141978,0.011632,-0.023438
1784159174.782659,3,0.141948,-0.046528,-0.023438
1784159174.792660,3,0.141948,-0.031019,-0.023438
1784159174.802639,3,0.141948,-0.038774,-0.019531
1784159174.812636,3,0.141978,0.019387,-0.023438
1784159174.822637,3,0.141978,0.023264,-0.023438
1784159174.832637,3,0.141978,0.000000,-0.019531
1784159174.842636,3,0.141978,0.007755,-0.019531
1784159174.852638,3,0.141978,-0.003877,-0.019531
1784159174.862640,3,0.141918,-0.116321,-0.019531
1784159174.872639,3,0.141978,0.000000,-0.019531
1784159174.882638,3,0.141948,-0.015509,-0.011719
1784159174.892636,3,0.141978,0.042651,-0.019531
1784159174.902639,3,0.141948,-0.038774,-0.023438
1784159174.912642,3,0.141948,-0.038774,-0.023438
1784159174.922638,3,0.142009,0.069793,-0.011719
1784159174.932641,3,0.141948,-0.042651,-0.023438
1784159174.942640,3,0.141948,-0.054283,-0.019531
1784159174.952638,3,0.141978,0.015509,-0.019531
1784159174.962639,3,0.141948,-0.058161,-0.019531
1784159174.972639,3,0.141948,-0.050406,-0.023438
1784159174.982642,3,0.141978,0.000000,-0.023438
1784159174.992637,3,0.141948,-0.054283,-0.023438
1784159175.002639,3,0.141978,0.000000,-0.023438
1784159175.012640,3,0.141978,0.000000,-0.023438
1784159175.022638,3,0.141948,-0.058161,-0.023438
1784159175.032637,3,0.141978,0.000000,-0.011719
1784159175.042644,3,0.141918,-0.085302,-0.023438
1784159175.052638,3,0.141978,0.019387,-0.019531
1784159175.062640,3,0.141948,-0.038774,-0.019531
1784159175.072628,3,0.141978,0.019387,-0.023438
1784159175.082618,3,0.141978,-0.003877,-0.023438
1784159175.092624,3,0.141978,0.000000,-0.019531
1784159175.102619,3,0.141948,-0.050406,-0.023438
1784159175.112625,3,0.141978,-0.007755,-0.019531
1784159175.122620,3,0.141948,-0.058161,-0.023438
1784159175.132624,3,0.141978,-0.011632,-0.019531
1784159175.142630,3,0.141948,-0.054283,-0.019531
1784159175.152620,3,0.141948,-0.046528,-0.023438
1784159175.162620,3,0.141978,0.019387,-0.019531
1784159175.172621,3,0.141978,0.019387,-0.011719
1784159175.182628,3,0.141978,-0.015509,-0.023438
1784159175.192624,3,0.141918,-0.104689,-0.023438
1784159175.202621,3,0.141948,-0.046528,-0.019531
1784159175.212620,3,0.141948,-0.058161,-0.023438
1784159175.222619,3,0.141978,0.000000,-0.011719
1784159175.232620,3,0.142009,0.000000,-0.011719
1784159175.242621,3,0.141978,0.011632,-0.019531
1784159175.252620,3,0.141978,0.011632,-0.019531
1784159175.262621,3,0.141948,0.019387,-0.023438
1784159175.272627,3,0.141978,0.015509,-0.023438
1784159175.282623,3,0.141978,0.000000,-0.011719
1784159175.292622,3,0.141948,-0.046528,-0.023438
1784159175.302620,3,0.141978,0.007755,-0.019531
1784159175.312631,3,0.141978,-0.007755,-0.011719
1784159175.322623,3,0.141978,-0.112444,-0.023438
1784159175.331626,3,0.141978,-0.011632,-0.019531
