timestamp,motor_id,position,velocity,torque
1784249635.072219,0,36.354614,-0.038774,0.000000
1784249635.081273,0,36.367336,1.958072,0.023438
1784249635.091253,0,36.386024,1.768081,0.035156
1784249635.101359,0,36.405685,1.892156,0.027344
1784249635.111321,0,36.424496,1.853383,0.011719
1784249635.121269,0,36.443581,1.892156,0.019531
1784249635.131318,0,36.462967,1.950317,0.023438
1784249635.141400,0,36.482445,1.965827,0.019531
1784249635.151302,0,36.501011,1.930930,0.023438
1784249635.161363,0,36.521702,1.876647,0.035156
1784249635.171344,0,36.541092,1.896034,0.011719
1784249635.181355,0,36.560173,2.016232,0.019531
1784249635.191429,0,36.579105,1.961949,0.039062
1784249635.201292,0,36.599068,1.938685,0.023438
1784249635.211607,0,36.617123,1.876647,0.011719
1784249635.221517,0,36.636902,1.880524,0.023438
1784249635.231338,0,36.655716,1.849505,0.027344
1784249635.241345,0,36.674889,2.055006,0.007812
1784249635.251292,0,36.694580,2.039496,0.035156
1784249635.261216,0,36.713329,1.884402,0.035156
1784249635.271438,0,36.733292,2.058883,0.007812
1784249635.281313,0,36.753223,2.000723,0.023438
1784249635.291253,0,36.772488,1.861138,0.023438
1784249635.301310,0,36.792057,1.892156,0.027344
1784249635.311477,0,36.810688,1.849505,0.011719
1784249635.321269,0,36.830406,1.896034,0.027344
1784249635.331396,0,36.850006,1.791345,0.027344
1784249635.341256,0,36.869392,1.954194,0.019531
1784249635.351503,0,36.888172,1.961949,0.019531
1784249635.361487,0,36.907681,1.923175,0.035156
1784249635.371375,0,36.927372,1.888279,0.011719
1784249635.381338,0,36.946487,1.958072,0.023438
1784249635.391448,0,36.965572,1.892156,0.027344
1784249635.401226,0,36.984505,1.888279,0.019531
1784249635.411482,0,37.003860,2.043374,0.019531
1784249635.421492,0,37.023033,1.822364,0.023438
1784249635.431547,0,37.042484,1.915421,0.035156
1784249635.442438,0,37.062565,2.004600,0.019531
1784249635.452294,0,37.081802,2.000723,0.023438
1784249635.461240,0,37.100674,1.814609,0.035156
1784249635.471391,0,37.119392,1.896034,0.007812
1784249635.481251,0,37.139446,1.903789,0.023438
1784249635.491302,0,37.158745,1.977458,0.023438
1784249635.501549,0,37.177402,1.911543,0.027344
1784249635.511481,0,37.196579,1.950317,0.011719
1784249635.522650,0,37.216721,1.841751,0.027344
1784249635.531192,0,37.235470,1.791345,0.039062
1784249635.541376,0,37.254646,1.919298,0.007812
1784249635.551506,0,37.273640,1.907666,0.035156
1784249635.562259,0,37.293663,1.969704,0.023438
1784249635.572238,0,37.313232,1.872770,0.019531
1784249635.581281,0,37.332104,1.989091,0.019531
1784249635.591377,0,37.350430,1.927053,0.027344
1784249635.601449,0,37.370575,1.896034,0.023438
1784249635.611369,0,37.389599,1.977458,0.003906
1784249635.621255,0,37.409073,1.876647,0.035156
1784249635.632430,0,37.428463,1.876647,0.027344
1784249635.641261,0,37.446697,1.915421,0.023438
1784249635.651191,0,37.465843,1.965827,0.035156
1784249635.661248,0,37.486168,1.861138,0.019531
1784249635.671239,0,37.505676,1.868892,0.019531
1784249635.681347,0,37.524639,1.938685,0.011719
1784249635.691445,0,37.543842,1.861138,0.035156
1784249635.701494,0,37.563232,1.930930,0.027344
1784249635.711214,0,37.582676,1.903789,0.019531
1784249635.721413,0,37.601582,1.760326,0.027344
1784249635.731325,0,37.620728,1.810732,0.027344
1784249635.741410,0,37.639507,1.965827,0.019531
1784249635.752425,0,37.659893,1.954194,0.027344
1784249635.761217,0,37.678097,1.802977,0.023438
1784249635.771194,0,37.698242,1.942562,0.023438
1784249635.781189,0,37.717419,1.888279,0.007812
1784249635.791191,0,37.736954,1.799100,0.035156
1784249635.801299,0,37.756069,1.911543,0.011719
1784249635.811312,0,37.775517,1.946440,0.019531
1784249635.821208,0,37.794754,1.865015,0.039062
1784249635.832636,0,37.814289,1.919298,0.023438
1784249635.842672,0,37.833614,2.000723,0.011719
1784249635.851390,0,37.852154,1.911543,0.035156
1784249635.861482,0,37.871422,1.958072,0.027344
1784249635.872422,0,37.891659,1.942562,0.019531
1784249635.882262,0,37.910801,2.066638,0.011719
1784249635.892308,0,37.930126,1.837873,0.035156
1784249635.901306,0,37.949451,1.938685,0.007812
1784249635.911288,0,37.968750,1.896034,0.007812
1784249635.921185,0,37.987316,1.872770,0.035156
1784249635.931320,0,38.006859,1.915421,0.023438
1784249635.941217,0,38.026848,1.884402,0.007812
1784249635.952175,0,38.046204,1.969704,0.007812
1784249635.961315,0,38.065048,1.872770,0.035156
1784249635.971318,0,38.084194,1.868892,0.011719
1784249635.981341,0,38.103882,2.008477,0.007812
1784249635.991235,0,38.123482,1.896034,0.027344
1784249636.001326,0,38.142776,1.810732,0.019531
1784249636.011376,0,38.162346,2.023987,0.023438
1784249636.021266,0,38.181370,1.865015,0.035156
1784249636.032312,0,38.201180,1.880524,0.035156
1784249636.042345,0,38.220417,1.907666,0.019531
1784249636.051230,0,38.239258,1.977458,0.019531
1784249636.062645,0,38.258732,1.872770,0.035156
1784249636.071424,0,38.277424,1.849505,0.019531
1784249636.081384,0,38.296810,1.950317,0.023438
1784249636.092378,0,38.316048,1.779713,0.042969
1784249636.102346,0,38.335342,1.950317,0.019531
1784249636.111223,0,38.354065,1.923175,0.023438
1784249636.121306,0,38.373085,1.787467,0.039062
1784249636.131337,0,38.392593,1.996845,0.027344
1784249636.141295,0,38.411770,1.884402,0.019531
1784249636.151138,0,38.429821,1.969704,0.019531
1784249636.161341,0,38.448936,1.845628,0.035156
1784249636.171196,0,38.468506,2.012355,0.019531
1784249636.181241,0,38.487469,1.961949,0.023438
1784249636.191229,0,38.506554,1.837873,0.035156
1784249636.201355,0,38.526787,1.973581,0.007812
1784249636.211273,0,38.545055,1.799100,0.027344
1784249636.221288,0,38.564198,1.826241,0.035156
1784249636.231271,0,38.583950,1.837873,0.023438
1784249636.241258,0,38.603245,1.961949,0.011719
1784249636.251214,0,38.622601,1.950317,0.019531
1784249636.262630,0,38.642986,1.965827,0.027344
1784249636.271323,0,38.661953,2.016232,0.007812
1784249636.281264,0,38.680912,1.857260,0.019531
1784249636.291236,0,38.700359,1.888279,0.035156
1784249636.301318,0,38.719505,2.035619,0.011719
1784249636.312365,0,38.739799,1.996845,0.011719
1784249636.322208,0,38.758823,1.946440,0.027344
1784249636.332290,0,38.778572,1.849505,0.035156
1784249636.342221,0,38.797626,1.927053,0.019531
1784249636.351235,0,38.815861,1.795222,0.027344
1784249636.361182,0,38.835098,1.896034,0.027344
1784249636.371288,0,38.854790,2.012355,0.007812
1784249636.381214,0,38.873508,1.958072,0.019531
1784249636.391195,0,38.893047,1.880524,0.039062
1784249636.401433,0,38.913162,1.888279,0.019531
1784249636.411260,0,38.932941,2.031742,0.019531
1784249636.421182,0,38.951874,1.872770,0.023438
1784249636.431412,0,38.971413,1.810732,0.023438
1784249636.442234,0,38.991314,1.899911,0.007812
1784249636.451206,0,39.010429,1.965827,0.023438
1784249636.461240,0,39.028725,1.857260,0.027344
1784249636.471123,0,39.048172,2.097657,0.007812
1784249636.481009,0,39.067257,1.896034,0.023438
1784249636.491024,0,39.087158,1.865015,0.035156
1784249636.501017,0,39.106396,2.020110,0.023438
1784249636.511018,0,39.125477,1.861138,0.011719
1784249636.522052,0,39.146954,1.896034,0.027344
1784249636.531184,0,39.165462,1.938685,0.027344
1784249636.541013,0,39.183941,1.919298,0.007812
1784249636.551251,0,39.203239,1.806854,0.035156
1784249636.561287,0,39.222805,1.884402,0.027344
1784249636.571173,0,39.242134,1.973581,0.019531
1784249636.581303,0,39.261246,1.919298,0.023438
1784249636.591239,0,39.280846,1.919298,0.019531
1784249636.601225,0,39.300018,1.833996,0.023438
1784249636.611206,0,39.318890,1.872770,0.023438
1784249636.621252,0,39.338703,1.837873,0.039062
1784249636.631280,0,39.357845,1.915421,0.023438
1784249636.641144,0,39.376629,2.012355,0.019531
1784249636.651165,0,39.395622,1.942562,0.027344
1784249636.661115,0,39.414978,1.837873,0.027344
1784249636.671162,0,39.434517,1.954194,0.019531
1784249636.681126,0,39.453629,1.985213,0.023438
1784249636.691132,0,39.472836,1.911543,0.023438
1784249636.701115,0,39.492008,1.884402,0.027344
1784249636.711126,0,39.511368,2.020110,0.007812
1784249636.721118,0,39.530693,1.806854,0.039062
1784249636.731155,0,39.550140,1.764203,0.023438
1784249636.741138,0,39.570648,1.841751,0.011719
1784249636.751248,0,39.589733,1.973581,0.023438
1784249636.761175,0,39.608059,1.930930,0.023438
1784249636.771154,0,39.628323,1.888279,0.023438
1784249636.781261,0,39.647106,1.915421,0.019531
1784249636.791330,0,39.666431,1.958072,0.027344
1784249636.801238,0,39.686211,1.950317,0.023438
1784249636.811256,0,39.705025,2.043374,0.003906
1784249636.821205,0,39.724380,1.802977,0.042969
1784249636.831215,0,39.743404,1.768081,0.035156
1784249636.842589,0,39.763336,1.911543,0.027344
1784249636.852264,0,39.782207,1.888279,0.027344
1784249636.861249,0,39.801258,1.888279,0.023438
1784249636.871164,0,39.820766,1.795222,0.011719
1784249636.881251,0,39.839611,1.880524,0.023438
1784249636.891271,0,39.859177,1.865015,0.039062
1784249636.901229,0,39.878475,1.880524,0.019531
1784249636.911218,0,39.897560,2.074393,0.007812
1784249636.921365,0,39.916431,1.818486,0.027344
1784249636.931230,0,39.935818,1.919298,0.027344
1784249636.941128,0,39.955326,1.795222,0.011719
1784249636.951261,0,39.974503,1.837873,0.035156
1784249636.961257,0,39.993614,1.826241,0.023438
1784249636.972204,0,40.013790,1.923175,0.019531
1784249636.982573,0,40.032780,1.969704,0.007812
1784249636.991271,0,40.051838,1.849505,0.035156
1784249637.002372,0,40.071556,1.896034,0.019531
1784249637.012308,0,40.091003,1.946440,0.007812
1784249637.021247,0,40.109665,1.919298,0.039062
1784249637.031219,0,40.128899,1.857260,0.023438
1784249637.042218,0,40.148830,1.954194,0.019531
1784249637.052194,0,40.168007,1.969704,0.023438
1784249637.062205,0,40.187302,1.903789,0.023438
1784249637.071333,0,40.205811,1.915421,0.023438
1784249637.082352,0,40.225864,1.969704,0.011719
1784249637.092592,0,40.245159,1.837873,0.035156
1784249637.102236,0,40.264576,1.849505,0.019531
1784249637.112554,0,40.283932,1.899911,0.007812
1784249637.122336,0,40.303200,1.977458,0.035156
1784249637.131354,0,40.322159,1.942562,0.019531
1784249637.141245,0,40.341125,1.919298,0.019531
1784249637.152237,0,40.361118,1.853383,0.019531
1784249637.162217,0,40.380653,1.810732,0.042969
1784249637.171225,0,40.399162,1.927053,0.019531
1784249637.181248,0,40.418308,1.942562,0.023438
1784249637.191212,0,40.437572,1.853383,0.035156
1784249637.202209,0,40.457535,1.923175,0.019531
1784249637.212213,0,40.476501,1.938685,0.019531
1784249637.221316,0,40.495613,1.837873,0.035156
1784249637.232253,0,40.515423,1.888279,0.023438
1784249637.241322,0,40.534206,1.927053,0.019531
1784249637.251130,0,40.553589,2.000723,0.023438
1784249637.261204,0,40.572556,1.833996,0.035156
1784249637.271178,0,40.591850,1.942562,0.011719
1784249637.281212,0,40.611450,1.946440,0.019531
1784249637.292270,0,40.631081,1.818486,0.027344
1784249637.302233,0,40.650528,1.923175,0.007812
1784249637.312256,0,40.669666,1.973581,0.023438
1784249637.321251,0,40.688599,1.919298,0.039062
1784249637.332322,0,40.708294,1.915421,0.027344
1784249637.342598,0,40.727283,1.872770,0.023438
1784249637.351216,0,40.746281,2.016232,0.011719
1784249637.361221,0,40.765362,1.802977,0.035156
1784249637.372262,0,40.785053,1.868892,0.007812
1784249637.382223,0,40.804470,1.826241,0.019531
1784249637.392196,0,40.823708,1.903789,0.039062
1784249637.402205,0,40.843151,1.919298,0.007812
1784249637.412246,0,40.862389,1.973581,0.019531
1784249637.421181,0,40.880802,1.826241,0.027344
1784249637.431448,0,40.900406,1.760326,0.023438
1784249637.442198,0,40.920033,1.865015,0.011719
1784249637.451263,0,40.939240,1.923175,0.023438
1784249637.461228,0,40.958263,1.841751,0.035156
1784249637.471149,0,40.977741,1.961949,0.007812
1784249637.482155,0,40.997429,2.012355,0.027344
1784249637.491282,0,41.016331,1.849505,0.027344
1784249637.501175,0,41.035446,1.896034,0.019531
1784249637.512193,0,41.055199,2.031742,0.011719
1784249637.522241,0,41.074463,1.969704,0.019531
1784249637.532266,0,41.093876,1.845628,0.035156
1784249637.542542,0,41.112900,1.973581,0.011719
1784249637.551390,0,41.131592,1.841751,0.023438
1784249637.561185,0,41.151131,1.868892,0.035156
1784249637.571162,0,41.170242,2.047251,0.007812
1784249637.581148,0,41.189240,1.938685,0.023438
1784249637.591317,0,41.208263,1.911543,0.035156
1784249637.602191,0,41.228588,1.950317,0.019531
1784249637.612225,0,41.247429,1.938685,0.027344
1784249637.622245,0,41.266666,2.023987,0.023438
1784249637.632111,0,41.286022,1.806854,0.035156
1784249637.642291,0,41.305344,2.023987,0.019531
1784249637.651135,0,41.324066,1.802977,0.027344
1784249637.661119,0,41.342819,1.861138,0.039062
1784249637.671234,0,41.362354,2.058883,0.011719
1784249637.681183,0,41.381744,1.938685,0.023438
1784249637.691139,0,41.400768,1.833996,0.027344
1784249637.701194,0,41.420425,1.826241,0.019531
1784249637.711130,0,41.439087,1.938685,0.027344
1784249637.721032,0,41.457806,1.853383,0.027344
1784249637.731240,0,41.477978,1.868892,0.023438
1784249637.741055,0,41.497185,1.880524,0.011719
1784249637.751071,0,41.516361,1.930930,0.042969
1784249637.761213,0,41.535202,1.938685,0.023438
1784249637.771249,0,41.554924,2.000723,0.011719
1784249637.781260,0,41.573673,1.818486,0.027344
1784249637.791065,0,41.592846,1.830119,0.023438
1784249637.801090,0,41.612690,1.958072,0.019531
1784249637.811195,0,41.631409,1.857260,0.023438
1784249637.821100,0,41.650768,1.923175,0.023438
1784249637.831090,0,41.670670,2.000723,0.019531
1784249637.841110,0,41.690056,2.023987,0.019531
1784249637.851077,0,41.709198,1.888279,0.035156
1784249637.862168,0,41.728859,1.861138,0.027344
1784249637.872519,0,41.748062,1.911543,0.019531
1784249637.881164,0,41.767029,1.806854,0.035156
1784249637.891097,0,41.786201,1.888279,0.023438
1784249637.902229,0,41.806103,1.973581,0.011719
1784249637.911078,0,41.824638,1.961949,0.019531
1784249637.921188,0,41.844116,1.938685,0.035156
1784249637.932068,0,41.863869,1.954194,0.023438
1784249637.942209,0,41.883041,2.004600,0.007812
1784249637.952245,0,41.902222,1.876647,0.039062
1784249637.962230,0,41.921635,1.876647,0.027344
1784249637.970935,0,41.940540,1.903789,0.011719
1784249637.981050,0,41.959835,1.977458,0.035156
1784249637.991065,0,41.978706,1.919298,0.027344
1784249638.001059,0,41.997974,1.888279,0.027344
1784249638.012214,0,42.017811,1.930930,0.027344
1784249638.022066,0,42.037170,1.961949,0.039062
1784249638.031047,0,42.056313,1.884402,0.023438
1784249638.042201,0,42.075733,2.008477,0.011719
1784249638.051251,0,42.094666,1.857260,0.042969
1784249638.062476,0,42.114506,1.868892,0.027344
1784249638.072181,0,42.133896,1.977458,0.027344
1784249638.081039,0,42.152340,1.888279,0.035156
1784249638.092456,0,42.172123,1.961949,0.027344
1784249638.101064,0,42.191113,2.020110,0.019531
1784249638.111107,0,42.210197,1.942562,0.019531
1784249638.122157,0,42.229950,1.938685,0.039062
1784249638.132090,0,42.249214,1.965827,0.019531
1784249638.141097,0,42.267994,1.927053,0.019531
1784249638.151073,0,42.287231,1.880524,0.039062
1784249638.162045,0,42.306980,1.907666,0.027344
1784249638.171185,0,42.325794,1.865015,0.019531
1784249638.182187,0,42.345207,1.923175,0.035156
1784249638.191496,0,42.363899,1.806854,0.027344
1784249638.201077,0,42.383377,1.958072,0.023438
1784249638.211086,0,42.402431,1.903789,0.023438
1784249638.221032,0,42.422092,1.861138,0.035156
1784249638.231062,0,42.441143,1.853383,0.019531
1784249638.241030,0,42.460407,1.907666,0.023438
1784249638.251164,0,42.479340,1.954194,0.039062
1784249638.261041,0,42.498577,1.961949,0.019531
1784249638.272437,0,42.518024,1.989091,0.023438
1784249638.282466,0,42.536655,1.954194,0.027344
1784249638.290979,0,42.555737,1.946440,0.039062
1784249638.301070,0,42.574638,1.907666,0.019531
1784249638.312080,0,42.594181,1.826241,0.023438
1784249638.322098,0,42.613415,1.744816,0.039062
1784249638.331996,0,42.632526,1.927053,0.011719
1784249638.342160,0,42.651581,1.989091,0.027344
1784249638.352210,0,42.670879,1.946440,0.039062
1784249638.362193,0,42.690144,1.771958,0.019531
1784249638.372458,0,42.709259,1.923175,0.023438
1784249638.381119,0,42.728279,1.899911,0.023438
1784249638.391115,0,42.747517,1.888279,0.035156
1784249638.402075,0,42.767357,1.961949,0.011719
1784249638.410984,0,42.786198,1.861138,0.027344
1784249638.422124,0,42.805920,1.899911,0.027344
1784249638.432122,0,42.825153,1.919298,0.000000
1784249638.441974,0,42.844540,1.822364,0.019531
1784249638.452024,0,42.863895,1.903789,0.027344
1784249638.460980,0,42.883041,1.899911,0.011719
1784249638.470865,0,42.902035,1.946440,0.019531
1784249638.480977,0,42.921486,1.837873,0.023438
1784249638.491157,0,42.941357,1.930930,0.023438
1784249638.500964,0,42.960495,1.930930,0.011719
1784249638.511969,0,42.980221,1.865015,0.023438
1784249638.521038,0,42.999424,1.849505,0.035156
1784249638.531056,0,43.018932,1.969704,0.003906
1784249638.541057,0,43.038227,1.973581,0.027344
1784249638.551014,0,43.057465,1.876647,0.019531
1784249638.562187,0,43.077641,1.884402,0.023438
1784249638.572422,0,43.096600,1.965827,0.011719
1784249638.581066,0,43.115654,1.888279,0.023438
1784249638.590999,0,43.135075,1.938685,0.035156
1784249638.602006,0,43.154518,2.012355,0.007812
1784249638.612181,0,43.173752,1.946440,0.039062
1784249638.621010,0,43.192657,1.830119,0.027344
1784249638.631022,0,43.212196,1.985213,0.023438
1784249638.642184,0,43.231796,1.923175,0.023438
1784249638.652464,0,43.250912,1.938685,0.019531
1784249638.661191,0,43.269630,1.942562,0.035156
1784249638.671089,0,43.289196,1.888279,0.011719
1784249638.681083,0,43.308552,1.865015,0.035156
1784249638.691232,0,43.327637,1.930930,0.035156
1784249638.702025,0,43.347420,1.849505,0.007812
1784249638.712157,0,43.366501,1.903789,0.027344
1784249638.722059,0,43.385708,1.752571,0.027344
1784249638.731267,0,43.404854,1.977458,0.019531
1784249638.742180,0,43.424389,1.989091,0.023438
1784249638.752192,0,43.443657,1.946440,0.027344
1784249638.761238,0,43.462498,1.861138,0.023438
1784249638.771012,0,43.481766,1.961949,0.011719
1784249638.781047,0,43.501148,1.919298,0.035156
1784249638.792171,0,43.520569,1.884402,0.035156
1784249638.801010,0,43.539440,1.977458,0.019531
1784249638.810989,0,43.558613,1.849505,0.039062
1784249638.820984,0,43.577911,1.954194,0.027344
1784249638.830998,0,43.597115,1.954194,0.027344
1784249638.840980,0,43.616081,1.930930,0.023438
1784249638.851003,0,43.635311,1.814609,0.035156
1784249638.860993,0,43.654518,1.884402,0.027344
1784249638.871023,0,43.673691,1.888279,0.019531
1784249638.880959,0,43.692898,1.868892,0.042969
1784249638.891155,0,43.712009,1.810732,0.019531
1784249638.901066,0,43.731579,2.148063,0.011719
1784249638.911002,0,43.750511,1.822364,0.035156
1784249638.921131,0,43.769958,1.954194,0.019531
1784249638.931057,0,43.789135,1.938685,0.023438
1784249638.941042,0,43.807945,1.942562,0.027344
1784249638.950993,0,43.827457,1.853383,0.039062
1784249638.961045,0,43.846600,1.861138,0.019531
1784249638.971128,0,43.865746,1.896034,0.019531
1784249638.981161,0,43.885132,1.857260,0.035156
1784249638.991019,0,43.904671,1.950317,0.019531
1784249639.000997,0,43.923725,1.950317,0.019531
1784249639.010983,0,43.942867,1.779713,0.035156
1784249639.020999,0,43.962891,2.012355,0.023438
1784249639.031009,0,43.982395,1.911543,0.011719
1784249639.040977,0,44.001484,1.961949,0.027344
1784249639.051065,0,44.021111,1.930930,0.023438
1784249639.061002,0,44.040226,1.946440,0.019531
1784249639.070915,0,44.059521,2.035619,0.007812
1784249639.081024,0,44.078728,1.888279,0.035156
1784249639.091056,0,44.098232,1.907666,0.011719
1784249639.101013,0,44.117619,1.985213,0.019531
1784249639.111006,0,44.137100,1.818486,0.023438
1784249639.121060,0,44.156487,1.880524,0.027344
1784249639.130999,0,44.175964,2.047251,0.011719
1784249639.140964,0,44.195045,1.896034,0.007812
1784249639.151147,0,44.214523,2.012355,0.035156
1784249639.161043,0,44.233944,1.989091,0.019531
1784249639.171057,0,44.253178,1.911543,0.019531
1784249639.180895,0,44.272446,1.880524,0.027344
1784249639.191245,0,44.291618,1.958072,0.011719
1784249639.200979,0,44.311066,1.977458,0.019531
1784249639.210938,0,44.329937,1.876647,0.035156
1784249639.220938,0,44.349598,1.787467,0.039062
1784249639.230942,0,44.368622,1.985213,0.023438
1784249639.241076,0,44.388309,1.919298,0.019531
1784249639.251114,0,44.407364,1.861138,0.039062
1784249639.261230,0,44.426781,1.946440,0.011719
1784249639.270993,0,44.446049,1.961949,0.019531
1784249639.281996,0,44.465614,1.876647,0.035156
1784249639.292005,0,44.484791,1.868892,0.027344
1784249639.302380,0,44.504116,1.934808,0.011719
1784249639.312151,0,44.523170,1.911543,0.027344
1784249639.321133,0,44.542011,1.961949,0.027344
1784249639.330936,0,44.561516,1.938685,0.023438
1784249639.342183,0,44.580574,1.965827,0.019531
1784249639.350873,0,44.599262,1.857260,0.042969
1784249639.362149,0,44.618561,1.961949,0.023438
1784249639.372331,0,44.637825,1.927053,0.035156
1784249639.382061,0,44.656696,1.756449,0.042969
1784249639.392183,0,44.676300,1.849505,0.011719
1784249639.402206,0,44.695316,1.884402,0.023438
1784249639.412163,0,44.714340,1.919298,0.023438
1784249639.422042,0,44.733791,1.868892,0.023438
1784249639.432221,0,44.752785,2.035619,0.011719
1784249639.441121,0,44.771774,1.927053,0.035156
1784249639.452392,0,44.791252,1.868892,0.039062
1784249639.460979,0,44.810459,1.996845,0.003906
1784249639.470962,0,44.829632,1.865015,0.035156
1784249639.480951,0,44.848839,1.992968,0.039062
1784249639.490962,0,44.868347,1.896034,0.019531
1784249639.501014,0,44.887611,1.899911,0.019531
1784249639.511016,0,44.906910,1.791345,0.027344
1784249639.520962,0,44.926567,1.927053,0.019531
1784249639.531299,0,44.945320,1.903789,0.011719
1784249639.540999,0,44.964947,1.849505,0.035156
1784249639.550947,0,44.984245,1.802977,0.027344
1784249639.560892,0,45.003902,1.954194,0.003906
1784249639.570956,0,45.023201,1.903789,0.023438
1784249639.580940,0,45.042706,1.927053,0.023438
1784249639.591161,0,45.061852,1.938685,0.023438
1784249639.601119,0,45.081272,1.872770,0.011719
1784249639.612407,0,45.101139,1.896034,0.023438
1784249639.622041,0,45.120743,1.934808,0.035156
1784249639.630886,0,45.139885,1.899911,0.003906
1784249639.641979,0,45.159512,1.915421,0.023438
1784249639.650923,0,45.178600,1.876647,0.023438
1784249639.660920,0,45.198078,1.911543,0.007812
1784249639.672359,0,45.217705,1.965827,0.019531
1784249639.682178,0,45.237179,2.008477,0.023438
1784249639.692059,0,45.256599,1.837873,0.023438
1784249639.702055,0,45.275986,2.012355,0.011719
1784249639.711102,0,45.295010,1.965827,0.027344
1784249639.720957,0,45.314548,1.775835,0.035156
1784249639.732055,0,45.334267,1.954194,0.019531
1784249639.742102,0,45.353504,1.950317,0.027344
1784249639.752383,0,45.372860,1.977458,0.035156
1784249639.760900,0,45.392063,1.899911,0.011719
1784249639.772395,0,45.411541,2.020110,0.011719
1784249639.782144,0,45.430779,1.849505,0.023438
1784249639.792372,0,45.450161,1.810732,0.027344
1784249639.800934,0,45.469128,2.020110,0.007812
1784249639.810990,0,45.488422,1.865015,0.039062
1784249639.822125,0,45.507778,1.791345,0.035156
1784249639.832344,0,45.527138,1.934808,0.011719
1784249639.841947,0,45.546345,2.035619,0.027344
1784249639.851098,0,45.564758,1.857260,0.023438
1784249639.861025,0,45.584846,1.934808,0.019531
1784249639.872098,0,45.604168,1.930930,0.019531
1784249639.880980,0,45.622795,1.896034,0.039062
1784249639.891996,0,45.642670,1.892156,0.039062
1784249639.902338,0,45.661480,1.977458,0.011719
1784249639.912337,0,45.680687,1.969704,0.035156
1784249639.922112,0,45.699982,1.927053,0.027344
1784249639.932143,0,45.719276,1.938685,0.011719
1784249639.942285,0,45.738361,1.857260,0.035156
1784249639.952139,0,45.757507,1.880524,0.035156
1784249639.962160,0,45.776745,1.923175,0.007812
1784249639.972181,0,45.795734,1.876647,0.019531
1784249639.980929,0,45.814880,1.837873,0.027344
1784249639.992360,0,45.834476,1.973581,0.019531
1784249640.001014,0,45.853409,2.055006,0.019531
1784249640.012342,0,45.872799,1.930930,0.039062
1784249640.022105,0,45.892063,1.872770,0.027344
1784249640.032043,0,45.911301,2.031742,0.011719
1784249640.040943,0,45.929928,1.961949,0.035156
1784249640.052134,0,45.949528,1.810732,0.027344
1784249640.060916,0,45.968792,1.930930,0.023438
1784249640.071050,0,45.987965,2.000723,0.007812
1784249640.080927,0,46.007202,1.965827,0.042969
1784249640.092368,0,46.026890,1.880524,0.027344
1784249640.102274,0,46.045979,1.888279,0.011719
1784249640.112134,0,46.065216,1.787467,0.035156
1784249640.122068,0,46.084538,1.919298,0.023438
1784249640.132010,0,46.103985,1.946440,0.011719
1784249640.142142,0,46.122856,1.857260,0.035156
1784249640.152322,0,46.142517,1.996845,0.027344
1784249640.162354,0,46.161659,1.899911,0.019531
1784249640.172346,0,46.180836,1.888279,0.019531
1784249640.182307,0,46.200161,1.954194,0.035156
1784249640.190974,0,46.219334,1.938685,0.019531
1784249640.200973,0,46.238453,1.915421,0.011719
1784249640.210830,0,46.257538,1.814609,0.027344
1784249640.221967,0,46.277405,1.868892,0.011719
1784249640.231983,0,46.296703,2.008477,0.011719
1784249640.240895,0,46.315636,1.861138,0.027344
1784249640.250909,0,46.335236,1.818486,0.027344
1784249640.260913,0,46.354439,1.923175,0.019531
1784249640.272175,0,46.373947,1.915421,0.023438
1784249640.282343,0,46.393364,1.907666,0.027344
1784249640.292355,0,46.412689,1.853383,0.011719
1784249640.300914,0,46.431473,2.004600,0.019531
1784249640.311925,0,46.451283,1.826241,0.027344
1784249640.322040,0,46.470577,1.849505,0.019531
1784249640.330823,0,46.489815,2.004600,0.019531
1784249640.340814,0,46.508865,1.787467,0.023438
1784249640.352155,0,46.528648,1.911543,0.027344
1784249640.362316,0,46.547947,1.954194,0.011719
1784249640.371967,0,46.567451,2.004600,0.019531
1784249640.382312,0,46.586567,1.930930,0.035156
1784249640.392340,0,46.605953,1.934808,0.019531
1784249640.402362,0,46.625282,1.865015,0.019531
1784249640.411942,0,46.644512,1.783590,0.035156
1784249640.420882,0,46.663719,1.853383,0.035156
1784249640.432297,0,46.682804,1.884402,0.027344
1784249640.442101,0,46.702221,1.915421,0.019531
1784249640.452301,0,46.721424,1.771958,0.027344
1784249640.462034,0,46.740631,2.000723,0.019531
1784249640.470878,0,46.759472,2.000723,0.023438
1784249640.480893,0,46.778828,1.954194,0.023438
1784249640.490791,0,46.798428,1.954194,0.007812
1784249640.501313,0,46.817089,1.965827,0.023438
1784249640.511308,0,46.836327,1.927053,0.027344
1784249640.521312,0,46.855862,1.849505,0.023438
1784249640.530936,0,46.875069,1.946440,0.023438
1784249640.540951,0,46.894638,1.884402,0.023438
1784249640.551028,0,46.914051,1.857260,0.023438
1784249640.560980,0,46.933712,1.837873,0.003906
1784249640.570819,0,46.952553,1.892156,0.023438
1784249640.581055,0,46.971577,1.729307,0.035156
1784249640.590859,0,46.991268,1.872770,0.011719
1784249640.600804,0,47.010410,1.965827,0.019531
1784249640.610873,0,47.029709,1.985213,0.023438
1784249640.620886,0,47.049400,1.911543,0.027344
1784249640.631949,0,47.069180,1.930930,0.011719
1784249640.641879,0,47.088779,2.047251,0.027344
1784249640.652314,0,47.107952,1.814609,0.035156
1784249640.662302,0,47.127186,1.985213,0.003906
1784249640.672309,0,47.146515,2.000723,0.027344
1784249640.681873,0,47.165718,1.849505,0.023438
1784249640.690795,0,47.184772,1.872770,0.011719
1784249640.701317,0,47.203613,1.927053,0.019531
1784249640.711284,0,47.222881,1.915421,0.027344
1784249640.721277,0,47.242416,1.996845,0.023438
1784249640.731274,0,47.261471,1.973581,0.023438
1784249640.741127,0,47.280796,1.857260,0.035156
1784249640.750819,0,47.300182,1.872770,0.035156
1784249640.761076,0,47.319389,1.965827,0.007812
1784249640.770909,0,47.338627,1.961949,0.023438
1784249640.780927,0,47.358196,1.930930,0.019531
1784249640.790887,0,47.377701,1.919298,0.023438
1784249640.802306,0,47.397270,1.954194,0.019531
1784249640.812357,0,47.416599,1.965827,0.027344
1784249640.820926,0,47.435802,1.868892,0.023438
1784249640.830888,0,47.454975,2.000723,0.003906
1784249640.842283,0,47.474514,1.892156,0.023438
1784249640.852156,0,47.493660,1.826241,0.039062
1784249640.862102,0,47.513531,1.977458,0.011719
1784249640.872099,0,47.532494,1.880524,0.023438
1784249640.881997,0,47.551758,1.977458,0.027344
1784249640.892298,0,47.571480,1.973581,0.023438
1784249640.902304,0,47.590565,2.058883,0.007812
1784249640.912256,0,47.609829,1.934808,0.035156
1784249640.922081,0,47.629036,1.806854,0.035156
1784249640.932103,0,47.648514,2.023987,0.007812
1784249640.942075,0,47.667778,1.892156,0.027344
1784249640.952275,0,47.687107,1.950317,0.039062
1784249640.961881,0,47.706463,1.950317,0.011719
1784249640.970933,0,47.725090,1.981336,0.035156
1784249640.980826,0,47.744541,2.012355,0.023438
1784249640.992286,0,47.764259,1.938685,0.023438
1784249641.002332,0,47.783524,1.899911,0.019531
1784249641.011974,0,47.802818,1.927053,0.035156
1784249641.022044,0,47.822174,1.861138,0.027344
1784249641.031830,0,47.841473,1.896034,0.019531
1784249641.042273,0,47.860554,1.865015,0.027344
1784249641.052271,0,47.879726,1.818486,0.023438
1784249641.062299,0,47.899086,2.035619,0.023438
1784249641.072270,0,47.918171,1.950317,0.023438
1784249641.081898,0,47.937710,1.826241,0.027344
1784249641.091969,0,47.956852,2.012355,0.023438
1784249641.102019,0,47.976086,1.989091,0.007812
1784249641.112039,0,47.995480,1.927053,0.035156
1784249641.121934,0,48.014893,1.880524,0.027344
1784249641.132311,0,48.034157,1.872770,0.019531
1784249641.142288,0,48.053272,1.927053,0.027344
1784249641.152290,0,48.072536,1.865015,0.019531
1784249641.162290,0,48.091713,1.961949,0.019531
1784249641.171891,0,48.110977,1.849505,0.023438
1784249641.180757,0,48.130035,1.973581,0.027344
1784249641.192099,0,48.149689,1.903789,0.023438
1784249641.202276,0,48.168655,1.919298,0.011719
1784249641.212288,0,48.187859,1.958072,0.035156
1784249641.222059,0,48.207096,1.849505,0.027344
1784249641.231932,0,48.226482,1.961949,0.007812
1784249641.242258,0,48.245384,1.814609,0.035156
1784249641.251891,0,48.264740,1.923175,0.027344
1784249641.262096,0,48.284157,2.058883,0.023438
1784249641.272266,0,48.302967,1.934808,0.019531
1784249641.282270,0,48.322414,1.830119,0.042969
1784249641.292292,0,48.341774,1.857260,0.023438
1784249641.302297,0,48.360916,1.996845,0.011719
1784249641.312243,0,48.380211,1.896034,0.027344
1784249641.321915,0,48.399483,1.880524,0.011719
1784249641.331874,0,48.418713,1.961949,0.019531
1784249641.342285,0,48.437771,1.938685,0.023438
1784249641.350751,0,48.456490,1.911543,0.027344
1784249641.360746,0,48.475361,1.961949,0.019531
1784249641.370740,0,48.494385,1.919298,0.019531
1784249641.380830,0,48.514194,1.837873,0.027344
1784249641.390727,0,48.533249,1.899911,0.019531
1784249641.400732,0,48.552216,1.919298,0.023438
1784249641.410708,0,48.571480,1.907666,0.035156
1784249641.421241,0,48.591106,1.950317,0.007812
1784249641.431801,0,48.610767,2.055006,0.019531
1784249641.440825,0,48.629517,1.961949,0.027344
1784249641.450765,0,48.648781,1.915421,0.035156
1784249641.460777,0,48.667835,1.849505,0.023438
1784249641.470768,0,48.686951,1.958072,0.035156
1784249641.480772,0,48.706306,1.942562,0.039062
1784249641.490806,0,48.725513,1.954194,0.023438
1784249641.500786,0,48.744568,1.896034,0.027344
1784249641.510785,0,48.763683,1.899911,0.039062
1784249641.520787,0,48.782673,1.884402,0.011719
1784249641.530725,0,48.801968,1.907666,0.027344
1784249641.540851,0,48.821083,1.872770,0.035156
1784249641.550719,0,48.840317,1.992968,0.027344
1784249641.560762,0,48.859341,1.934808,0.023438
1784249641.570703,0,48.878609,1.934808,0.023438
1784249641.580772,0,48.897873,1.779713,0.035156
1784249641.590793,0,48.916866,1.857260,0.011719
1784249641.600800,0,48.936192,1.853383,0.023438
1784249641.610697,0,48.955879,1.907666,0.035156
1784249641.620706,0,48.975327,1.876647,0.007812
1784249641.630662,0,48.994019,2.039496,0.023438
1784249641.640648,0,49.013256,1.884402,0.019531
1784249641.650640,0,49.032734,1.938685,0.023438
1784249641.660642,0,49.051849,1.888279,0.011719
1784249641.670649,0,49.071236,1.954194,0.035156
1784249641.680642,0,49.090775,1.880524,0.035156
1784249641.690640,0,49.109856,1.880524,0.007812
1784249641.700642,0,49.129150,1.930930,0.027344
1784249641.710765,0,49.148872,1.977458,0.035156
1784249641.720793,0,49.168232,1.946440,0.011719
1784249641.730758,0,49.187496,1.958072,0.019531
1784249641.740748,0,49.206699,1.826241,0.023438
1784249641.750774,0,49.226238,1.822364,0.027344
1784249641.760772,0,49.245262,1.985213,0.023438
1784249641.770768,0,49.264557,1.915421,0.035156
1784249641.780673,0,49.284035,1.896034,0.035156
1784249641.790743,0,49.302998,1.892156,0.007812
1784249641.800731,0,49.322414,1.857260,0.023438
1784249641.810748,0,49.341652,1.771958,0.027344
1784249641.820728,0,49.361126,1.884402,0.011719
1784249641.830747,0,49.380180,1.965827,0.023438
1784249641.840668,0,49.399265,1.919298,0.027344
1784249641.850781,0,49.418743,1.903789,0.027344
1784249641.860822,0,49.437946,2.058883,0.011719
1784249641.870682,0,49.457153,1.965827,0.039062
1784249641.880807,0,49.476418,1.872770,0.027344
1784249641.890764,0,49.495747,1.965827,0.011719
1784249641.900674,0,49.514801,1.919298,0.027344
1784249641.910702,0,49.534248,1.915421,0.035156
1784249641.920683,0,49.553394,1.996845,0.023438
1784249641.930788,0,49.572353,1.884402,0.023438
1784249641.940755,0,49.591805,1.861138,0.035156
1784249641.950734,0,49.611160,1.954194,0.023438
1784249641.960695,0,49.630333,1.965827,0.007812
1784249641.970766,0,49.649414,1.930930,0.042969
1784249641.980730,0,49.668594,1.872770,0.027344
1784249641.990785,0,49.688007,1.977458,0.019531
1784249642.000756,0,49.707214,1.927053,0.035156
1784249642.010752,0,49.726631,1.930930,0.027344
1784249642.020750,0,49.745773,1.969704,0.019531
1784249642.030678,0,49.764828,1.992968,0.027344
1784249642.040719,0,49.784218,1.818486,0.027344
1784249642.050812,0,49.803905,1.903789,0.019531
1784249642.061905,0,49.823139,1.923175,0.011719
1784249642.070911,0,49.842133,1.814609,0.027344
1784249642.081917,0,49.862034,1.946440,0.019531
1784249642.091917,0,49.881031,1.903789,0.011719
1784249642.101880,0,49.900352,1.938685,0.035156
1784249642.112053,0,49.919617,1.830119,0.023438
1784249642.121878,0,49.939037,1.969704,0.023438
1784249642.130714,0,49.957909,1.969704,0.007812
1784249642.142166,0,49.977596,1.833996,0.039062
1784249642.152233,0,49.997257,1.954194,0.011719
1784249642.162239,0,50.016132,1.950317,0.011719
1784249642.171978,0,50.035759,1.845628,0.035156
1784249642.181878,0,50.054905,1.884402,0.019531
1784249642.191895,0,50.074169,1.884402,0.011719
1784249642.201910,0,50.093559,1.903789,0.027344
1784249642.212252,0,50.112854,1.830119,0.035156
1784249642.221990,0,50.132332,1.927053,0.019531
1784249642.231869,0,50.151413,2.000723,0.019531
1784249642.242239,0,50.170769,1.857260,0.023438
1784249642.252002,0,50.190125,1.973581,0.011719
1784249642.262056,0,50.209305,1.954194,0.019531
1784249642.272063,0,50.228874,1.729307,0.023438
1784249642.282219,0,50.248196,1.884402,0.027344
1784249642.291880,0,50.267342,1.927053,0.011719
1784249642.300795,0,50.285755,1.896034,0.023438
1784249642.310663,0,50.290516,0.019387,0.000000
1784249642.320731,0,50.290970,0.031019,-0.007812
1784249642.331873,0,50.291302,0.034896,0.000000
1784249642.340630,0,50.291454,-0.007755,0.000000
1784249642.350760,0,50.291512,-0.046528,0.000000
1784249642.362010,0,50.291576,0.027142,0.003906
1784249642.372205,0,50.291576,-0.023264,0.000000
1784249642.382181,0,50.291576,-0.007755,0.000000
1784249642.392228,0,50.291576,0.000000,0.003906
1784249642.402222,0,50.291576,-0.011632,0.000000
1784249642.412193,0,50.291603,-0.011632,0.007812
1784249642.421886,0,50.291576,0.000000,0.000000
1784249642.431765,0,50.291576,0.000000,0.000000
1784249642.441779,0,50.291576,0.000000,0.007812
1784249642.451817,0,50.291576,-0.007755,0.003906
1784249642.461878,0,50.291546,-0.046528,0.000000
1784249642.471603,0,50.291546,-0.062038,0.003906
1784249642.480808,0,50.291546,-0.058161,0.003906
1784249642.491820,0,50.291546,-0.054283,0.000000
1784249642.500826,0,50.291576,0.000000,0.003906
1784249642.510720,0,50.291576,0.000000,0.003906
1784249642.521774,0,50.291603,0.062038,0.003906
1784249642.531727,0,50.291576,-0.003877,0.007812
1784249642.540757,0,50.291546,-0.062038,0.003906
1784249642.551808,0,50.291546,-0.062038,0.000000
1784249642.560803,0,50.291576,0.003877,0.003906
1784249642.572170,0,50.291576,0.000000,0.003906
1784249642.581708,0,50.291576,0.069793,0.000000
1784249642.592078,0,50.291576,0.000000,0.007812
1784249642.602077,0,50.291603,0.069793,0.007812
1784249642.610576,0,50.291576,0.000000,0.000000
1784249642.621772,0,50.291546,-0.038774,0.003906
1784249642.631896,0,50.291576,-0.003877,0.000000
1784249642.641659,0,50.291603,0.000000,0.003906
1784249642.651659,0,50.291576,0.000000,0.000000
1784249642.660762,0,50.291546,-0.042651,0.003906
1784249642.670727,0,50.291546,-0.046528,0.000000
1784249642.681801,0,50.291576,-0.007755,0.007812
1784249642.690740,0,50.291546,-0.050406,0.003906
1784249642.701814,0,50.291546,-0.058161,0.000000
1784249642.711791,0,50.291576,0.000000,0.003906
1784249642.721828,0,50.291576,0.000000,0.007812
1784249642.731686,0,50.291576,-0.062038,0.003906
1784249642.741869,0,50.291546,-0.054283,0.003906
1784249642.751774,0,50.291576,-0.011632,0.003906
1784249642.761711,0,50.291546,-0.062038,0.003906
1784249642.771712,0,50.291512,-0.096934,0.007812
1784249642.780751,0,50.291576,-0.015509,0.000000
1784249642.791806,0,50.291576,0.015509,0.003906
1784249642.800752,0,50.291576,0.000000,0.003906
1784249642.811799,0,50.291546,-0.054283,0.000000
1784249642.821894,0,50.291576,0.000000,0.003906
1784249642.830670,0,50.291546,-0.038774,0.003906
1784249642.841890,0,50.291546,-0.054283,0.003906
1784249642.850755,0,50.291576,0.007755,0.000000
1784249642.860610,0,50.291576,0.000000,0.003906
1784249642.871735,0,50.291576,0.054283,0.003906
1784249642.881865,0,50.291576,0.000000,0.000000
1784249642.891954,0,50.291546,-0.050406,0.000000
1784249642.900737,0,50.291576,0.000000,0.000000
1784249642.910613,0,50.291576,0.011632,0.007812
1784249642.921806,0,50.291512,-0.096934,0.000000
1784249642.931734,0,50.291576,0.019387,0.003906
1784249642.942075,0,50.291576,0.007755,0.000000
1784249642.951781,0,50.291546,-0.042651,0.003906
1784249642.961807,0,50.291576,0.015509,0.000000
1784249642.971831,0,50.291546,-0.050406,0.003906
1784249642.981727,0,50.291576,-0.007755,0.007812
1784249642.991784,0,50.291546,-0.054283,0.003906
1784249643.001793,0,50.291546,-0.054283,0.000000
1784249643.011798,0,50.291576,0.000000,0.007812
1784249643.021791,0,50.291576,0.000000,0.003906
1784249643.031688,0,50.291546,-0.054283,0.003906
1784249643.042133,0,50.291576,0.007755,0.003906
1784249643.051728,0,50.291546,-0.050406,0.000000
1784249643.062061,0,50.291576,0.000000,0.000000
1784249643.071768,0,50.291546,-0.046528,0.000000
1784249643.081731,0,50.291546,-0.058161,0.003906
1784249643.092084,0,50.291576,0.000000,0.000000
1784249643.101699,0,50.291546,-0.046528,-0.007812
1784249643.112103,0,50.291546,-0.058161,0.000000
1784249643.121803,0,50.291546,-0.046528,0.000000
1784249643.130627,0,50.291603,0.054283,0.003906
1784249643.141928,0,50.291576,-0.007755,0.000000
1784249643.150682,0,50.291546,-0.058161,0.007812
1784249643.160675,0,50.291576,0.003877,0.003906
1784249643.171891,0,50.291576,0.000000,0.003906
1784249643.180746,0,50.291546,-0.038774,0.000000
1784249643.192378,0,50.291576,0.000000,0.000000
1784249643.201702,0,50.291603,0.058161,0.000000
1784249643.210692,0,50.291576,0.003877,0.000000
1784249643.221891,0,50.291603,0.054283,0.003906
1784249643.230790,0,50.291546,-0.050406,0.003906
1784249643.242000,0,50.291546,-0.042651,0.003906
1784249643.251720,0,50.291512,-0.112444,0.007812
1784249643.260832,0,50.291546,-0.038774,0.003906
1784249643.271885,0,50.291576,-0.007755,0.000000
1784249643.282030,0,50.291546,-0.042651,0.003906
1784249643.292117,0,50.291576,0.007755,0.003906
1784249643.301767,0,50.291603,0.069793,0.003906
1784249643.312110,0,50.291603,0.038774,0.003906
1784249643.321944,0,50.291546,-0.065915,0.000000
1784249643.331923,0,50.291603,0.058161,0.003906
1784249643.342164,0,50.291576,0.003877,0.003906
1784249643.351664,0,50.291546,-0.046528,0.007812
1784249643.361695,0,50.291576,0.003877,0.003906
1784249643.372135,0,50.291546,-0.046528,0.003906
1784249643.381921,0,50.291576,0.007755,0.003906
1784249643.391743,0,50.291546,-0.046528,0.007812
1784249643.402088,0,50.291546,-0.058161,0.007812
1784249643.410696,0,50.291546,0.000000,0.000000
1784249643.420723,0,50.291576,0.000000,0.003906
1784249643.430569,0,50.291546,-0.011632,0.000000
1784249643.440711,0,50.291546,-0.062038,0.000000
1784249643.451918,0,50.291546,-0.046528,0.007812
1784249643.461739,0,50.291603,0.046528,0.003906
1784249643.472033,0,50.291576,-0.007755,0.000000
1784249643.482011,0,50.291603,0.058161,0.000000
1784249643.491902,0,50.291546,-0.058161,0.000000
1784249643.502034,0,50.291576,0.003877,0.007812
1784249643.512052,0,50.291603,0.054283,0.000000
1784249643.521916,0,50.291576,0.000000,0.003906
1784249643.531832,0,50.291576,-0.003877,0.003906
1784249643.542129,0,50.291576,0.000000,0.003906
1784249643.551952,0,50.291546,-0.077547,0.000000
1784249643.562111,0,50.291546,-0.069793,0.003906
1784249643.571708,0,50.291603,0.054283,0.007812
1784249643.582131,0,50.291576,-0.027142,0.000000
1784249643.591899,0,50.291576,-0.031019,0.000000
1784249643.602107,0,50.291576,-0.019387,0.000000
1784249643.612142,0,50.291576,-0.003877,0.003906
1784249643.621789,0,50.291546,-0.069793,0.011719
1784249643.631718,0,50.291576,0.000000,0.003906
1784249643.640675,0,50.291576,-0.019387,0.000000
1784249643.651660,0,50.291576,0.000000,0.003906
1784249643.660682,0,50.291576,-0.007755,0.000000
1784249643.671910,0,50.291576,0.000000,0.003906
1784249643.681803,0,50.291546,-0.058161,0.000000
1784249643.691822,0,50.291546,-0.054283,0.003906
1784249643.701777,0,50.291546,-0.058161,0.003906
1784249643.711734,0,50.291576,-0.015509,0.003906
1784249643.721815,0,50.291576,-0.011632,0.003906
1784249643.731772,0,50.291576,-0.027142,0.003906
1784249643.742119,0,50.291576,0.000000,0.000000
1784249643.752047,0,50.291576,0.003877,0.000000
1784249643.761892,0,50.291603,0.038774,0.003906
1784249643.771832,0,50.291512,-0.112444,0.003906
1784249643.781856,0,50.291546,-0.062038,0.000000
1784249643.791871,0,50.291546,-0.077547,0.000000
1784249643.802082,0,50.291576,-0.003877,0.007812
1784249643.812060,0,50.291576,0.000000,0.000000
1784249643.821826,0,50.291576,-0.003877,0.007812
1784249643.830917,0,50.291576,0.000000,0.000000
1784249643.842033,0,50.291576,0.000000,0.007812
1784249643.852010,0,50.291576,-0.007755,0.003906
1784249643.862033,0,50.291576,-0.058161,0.003906
1784249643.871871,0,50.291634,0.100812,0.003906
1784249643.881853,0,50.291603,0.058161,0.007812
1784249643.891824,0,50.291546,-0.062038,0.003906
1784249643.901984,0,50.291603,0.038774,0.000000
1784249643.912070,0,50.291546,-0.069793,0.003906
1784249643.921833,0,50.291546,-0.054283,0.007812
1784249643.931866,0,50.291546,-0.069793,0.000000
1784249643.941562,0,50.291546,-0.003877,0.007812
1784249643.951708,0,50.291546,-0.062038,0.003906
1784249643.961664,0,50.291546,0.007755,0.000000
1784249643.971657,0,50.291576,0.000000,0.000000
1784249643.981669,0,50.291546,-0.054283,0.007812
1784249643.992039,0,50.291576,0.007755,0.000000
1784249644.001860,0,50.291576,0.000000,0.003906
1784249644.011626,0,50.291603,0.050406,0.003906
1784249644.021702,0,50.291546,-0.054283,0.007812
1784249644.031694,0,50.291576,-0.003877,0.003906
1784249644.041645,0,50.291603,0.046528,0.000000
1784249644.050536,0,50.291576,0.000000,0.003906
1784249644.061637,0,50.291546,-0.054283,0.000000
1784249644.071979,0,50.291576,0.000000,0.003906
1784249644.081628,0,50.291603,0.038774,0.007812
1784249644.091816,0,50.291576,-0.031019,0.003906
1784249644.101697,0,50.291603,0.034896,0.003906
1784249644.111648,0,50.291576,-0.038774,0.007812
1784249644.121772,0,50.291603,0.015509,0.003906
1784249644.131987,0,50.291576,-0.050406,0.000000
1784249644.142073,0,50.291603,0.019387,0.000000
1784249644.152063,0,50.291576,-0.042651,0.007812
1784249644.161974,0,50.291576,-0.034896,0.003906
1784249644.171986,0,50.291576,-0.038774,0.000000
1784249644.182050,0,50.291576,-0.031019,0.003906
1784249644.192056,0,50.291546,-0.093057,0.000000
1784249644.201805,0,50.291576,-0.038774,0.007812
1784249644.211759,0,50.291576,-0.054283,0.003906
1784249644.221660,0,50.291546,-0.093057,0.000000
1784249644.231704,0,50.291576,-0.038774,0.000000
1784249644.241944,0,50.291603,0.011632,0.003906
1784249644.252049,0,50.291576,-0.042651,0.003906
1784249644.262072,0,50.291576,-0.042651,0.003906
1784249644.272093,0,50.291576,-0.042651,0.003906
1784249644.282097,0,50.291603,0.019387,0.003906
1784249644.292054,0,50.291576,-0.023264,0.003906
1784249644.302057,0,50.291576,-0.058161,0.000000
1784249644.311821,0,50.291603,0.019387,0.003906
1784249644.320645,0,50.291576,-0.062038,0.003906
1784249644.330646,0,50.291576,-0.031019,0.007812
1784249644.340808,0,50.291576,-0.034896,-0.003906
1784249644.350791,0,50.291634,0.065915,0.000000
1784249644.360698,0,50.291576,-0.050406,0.007812
1784249644.370707,0,50.291603,0.011632,0.003906
1784249644.380699,0,50.291603,0.000000,0.000000
1784249644.390910,0,50.291576,-0.046528,0.003906
1784249644.400645,0,50.291546,-0.096934,0.003906
1784249644.410532,0,50.291603,0.015509,0.000000
1784249644.420542,0,50.291603,0.007755,0.007812
1784249644.430689,0,50.291603,0.000000,0.000000
1784249644.440629,0,50.291576,-0.058161,0.003906
1784249644.450683,0,50.291603,-0.007755,0.000000
1784249644.460743,0,50.291576,-0.058161,0.007812
1784249644.470722,0,50.291603,0.015509,0.000000
1784249644.480718,0,50.291576,-0.054283,0.000000
1784249644.491597,0,50.291603,0.000000,0.003906
1784249644.501644,0,50.291603,0.000000,0.003906
1784249644.511705,0,50.291576,-0.046528,0.000000
1784249644.521641,0,50.291576,-0.042651,0.000000
1784249644.531621,0,50.291603,0.000000,0.003906
1784249644.541629,0,50.291603,0.011632,0.007812
1784249644.551605,0,50.291603,0.000000,0.000000
1784249644.561612,0,50.291576,-0.042651,0.003906
1784249644.571606,0,50.291603,-0.007755,0.007812
1784249644.581645,0,50.291603,0.003877,0.007812
1784249644.591623,0,50.291576,-0.069793,0.007812
1784249644.601637,0,50.291603,0.000000,0.007812
1784249644.611578,0,50.291603,0.019387,0.003906
1784249644.621603,0,50.291603,0.000000,0.007812
1784249644.631516,0,50.291576,-0.065915,0.000000
1784249644.641580,0,50.291603,0.000000,0.000000
1784249644.651528,0,50.291576,-0.058161,0.000000
1784249644.661597,0,50.291603,0.019387,0.000000
1784249644.671613,0,50.291603,-0.007755,0.003906
1784249644.681591,0,50.291603,0.007755,0.007812
1784249644.691584,0,50.291603,0.015509,0.000000
1784249644.701577,0,50.291576,-0.046528,0.007812
1784249644.710543,0,50.291576,-0.046528,0.007812
1784249644.721831,0,50.291603,0.000000,0.003906
1784249644.731745,0,50.291603,0.007755,0.003906
1784249644.740579,0,50.291576,-0.042651,0.003906
1784249644.751714,0,50.291603,0.007755,0.003906
1784249644.761652,0,50.291603,-0.003877,0.000000
1784249644.772036,0,50.291603,-0.003877,0.003906
1784249644.781693,0,50.291576,-0.062038,0.000000
1784249644.790549,0,50.291603,0.019387,0.003906
1784249644.802044,0,50.291576,-0.031019,0.003906
1784249644.811629,0,50.291603,0.019387,0.007812
1784249644.821977,0,50.291603,0.007755,0.000000
1784249644.831641,0,50.291603,0.003877,0.003906
1784249644.841692,0,50.291603,0.011632,0.000000
1784249644.851718,0,50.291603,0.011632,0.003906
1784249644.861679,0,50.291603,-0.007755,0.000000
1784249644.871890,0,50.291576,-0.054283,0.007812
1784249644.881659,0,50.291576,-0.038774,0.007812
1784249644.892035,0,50.291603,0.019387,0.003906
1784249644.901699,0,50.291576,-0.058161,0.003906
1784249644.911669,0,50.291576,-0.050406,0.000000
1784249644.921893,0,50.291576,-0.042651,0.007812
1784249644.931599,0,50.291576,-0.038774,0.003906
1784249644.941939,0,50.291576,-0.038774,0.003906
1784249644.951538,0,50.291576,-0.054283,0.000000
1784249644.961514,0,50.291603,0.015509,0.003906
1784249644.971751,0,50.291603,0.007755,0.007812
1784249644.981927,0,50.291603,0.003877,0.003906
1784249644.991680,0,50.291603,0.003877,0.003906
1784249645.001609,0,50.291603,0.019387,0.000000
1784249645.011921,0,50.291576,-0.046528,0.003906
1784249645.021687,0,50.291603,0.015509,0.007812
1784249645.031949,0,50.291603,0.000000,0.000000
1784249645.041921,0,50.291576,-0.042651,0.000000
1784249645.051594,0,50.291576,-0.058161,0.003906
1784249645.061569,0,50.291603,0.015509,0.003906
1784249645.071510,0,50.291603,-0.046528,0.000000
1784249645.081581,0,50.291576,-0.027142,0.003906
1784249645.091615,0,50.291576,-0.054283,0.000000
1784249645.101598,0,50.291576,-0.058161,0.000000
1784249645.111615,0,50.291576,-0.034896,0.003906
1784249645.121513,0,50.291576,-0.054283,0.003906
1784249645.131710,0,50.291603,0.015509,0.000000
1784249645.141928,0,50.291576,-0.058161,0.003906
1784249645.151621,0,50.291634,0.054283,0.003906
1784249645.161929,0,50.291576,-0.058161,0.007812
1784249645.171611,0,50.291603,0.019387,0.003906
1784249645.181757,0,50.291576,-0.050406,0.000000
1784249645.191687,0,50.291603,0.011632,0.003906
1784249645.201605,0,50.291576,-0.038774,0.000000
1784249645.211427,0,50.291603,0.000000,0.003906
1784249645.221617,0,50.291603,0.023264,0.007812
1784249645.231902,0,50.291576,-0.031019,0.000000
1784249645.241758,0,50.291603,0.000000,0.000000
1784249645.252007,0,50.291603,0.019387,0.003906
1784249645.262066,0,50.291603,0.011632,0.007812
1784249645.271588,0,50.291576,-0.042651,0.003906
1784249645.282012,0,50.291576,-0.042651,0.000000
1784249645.291669,0,50.291576,-0.058161,0.003906
1784249645.302033,0,50.291576,-0.046528,0.003906
1784249645.311859,0,50.291603,0.000000,0.003906
1784249645.320580,0,50.291576,-0.050406,0.000000
1784249645.331731,0,50.291576,-0.062038,0.003906
1784249645.341622,0,50.291603,-0.007755,0.000000
1784249645.351983,0,50.291603,-0.003877,0.003906
1784249645.361663,0,50.291634,0.054283,0.003906
1784249645.371717,0,50.291603,0.000000,0.000000
1784249645.381583,0,50.291576,-0.042651,0.003906
1784249645.391723,0,50.291576,-0.046528,0.000000
1784249645.401635,0,50.291576,-0.038774,0.003906
1784249645.411612,0,50.291603,0.003877,0.000000
1784249645.421666,0,50.291576,-0.042651,0.003906
1784249645.431587,0,50.291576,-0.038774,0.000000
1784249645.441578,0,50.291576,-0.050406,0.000000
1784249645.451929,0,50.291603,-0.003877,0.007812
1784249645.461549,0,50.291603,0.000000,0.000000
1784249645.471896,0,50.291576,-0.050406,0.003906
1784249645.481624,0,50.291634,0.058161,0.003906
1784249645.491697,0,50.291603,0.000000,0.000000
1784249645.501729,0,50.291576,-0.069793,0.003906
1784249645.511983,0,50.291603,-0.003877,0.003906
1784249645.521803,0,50.291603,0.007755,0.003906
1784249645.531609,0,50.291576,-0.038774,0.003906
1784249645.541983,0,50.291576,-0.058161,0.003906
1784249645.551983,0,50.291603,-0.003877,0.003906
1784249645.562026,0,50.291603,0.019387,0.003906
1784249645.571950,0,50.291603,0.011632,0.007812
1784249645.581637,0,50.291576,-0.058161,0.003906
1784249645.590544,0,50.291603,0.000000,0.003906
1784249645.601560,0,50.291576,-0.062038,0.007812
1784249645.611686,0,50.291576,-0.058161,0.000000
1784249645.621640,0,50.291603,0.000000,0.000000
1784249645.631597,0,50.291576,-0.038774,0.003906
1784249645.641948,0,50.291576,-0.062038,0.003906
1784249645.650580,0,50.291576,-0.038774,0.007812
1784249645.660422,0,50.291576,-0.062038,0.003906
1784249645.670404,0,50.291603,-0.003877,0.000000
1784249645.681549,0,50.291576,-0.046528,0.000000
1784249645.690426,0,50.291603,-0.003877,0.003906
1784249645.701430,0,50.291603,0.003877,0.007812
1784249645.711467,0,50.291603,-0.015509,0.000000
1784249645.721570,0,50.291603,0.007755,0.003906
1784249645.731462,0,50.291603,0.019387,0.003906
1784249645.740750,0,50.291603,0.019387,0.007812
1784249645.751581,0,50.291576,-0.062038,0.003906
1784249645.760574,0,50.291603,0.000000,0.000000
1784249645.771647,0,50.291603,0.015509,0.003906
1784249645.781972,0,50.291603,0.000000,0.007812
1784249645.791954,0,50.291576,-0.062038,0.011719
1784249645.801587,0,50.291603,0.007755,0.000000
1784249645.811559,0,50.291603,0.000000,0.000000
1784249645.820414,0,50.291603,0.011632,0.003906
1784249645.831764,0,50.291576,-0.046528,0.003906
1784249645.841546,0,50.291603,0.000000,0.003906
1784249645.850511,0,50.291603,0.019387,0.003906
1784249645.861645,0,50.291576,-0.050406,0.003906
1784249645.871658,0,50.291576,-0.038774,0.003906
1784249645.881917,0,50.291603,-0.003877,0.000000
1784249645.891692,0,50.291603,-0.042651,0.003906
1784249645.901928,0,50.291603,-0.015509,0.000000
1784249645.911660,0,50.291603,0.000000,0.000000
1784249645.921535,0,50.291576,-0.038774,0.003906
1784249645.931937,0,50.291576,0.007755,0.000000
1784249645.941520,0,50.291603,0.000000,0.000000
1784249645.951956,0,50.291576,-0.038774,0.007812
1784249645.961747,0,50.291576,-0.042651,0.000000
1784249645.971619,0,50.291576,-0.038774,0.000000
1784249645.981817,0,50.291576,-0.042651,0.000000
1784249645.991642,0,50.291576,-0.050406,0.003906
1784249646.001935,0,50.291603,-0.007755,0.000000
1784249646.011664,0,50.291576,-0.038774,0.003906
1784249646.021618,0,50.291576,-0.050406,0.000000
1784249646.031592,0,50.291576,-0.042651,0.003906
1784249646.041655,0,50.291603,0.023264,0.000000
1784249646.051917,0,50.291603,-0.058161,0.007812
1784249646.061627,0,50.291603,0.000000,0.000000
1784249646.071915,0,50.291634,0.058161,0.003906
1784249646.081706,0,50.291603,0.003877,0.000000
1784249646.091619,0,50.291603,0.019387,0.003906
1784249646.101995,0,50.291576,-0.058161,0.003906
1784249646.111613,0,50.291603,0.000000,0.000000
1784249646.121596,0,50.291576,0.007755,0.000000
1784249646.131582,0,50.291603,0.019387,0.003906
1784249646.141518,0,50.291576,-0.046528,0.003906
1784249646.151658,0,50.291603,0.015509,0.003906
1784249646.161523,0,50.291576,-0.062038,0.000000
1784249646.171823,0,50.291603,-0.007755,0.000000
1784249646.181540,0,50.291603,0.011632,0.003906
1784249646.191890,0,50.291603,-0.003877,0.003906
1784249646.201886,0,50.291603,0.015509,0.003906
1784249646.211490,0,50.291603,0.000000,0.000000
1784249646.221514,0,50.291603,0.003877,0.007812
1784249646.231515,0,50.291576,-0.050406,0.007812
1784249646.241862,0,50.291634,0.054283,0.003906
1784249646.251591,0,50.291576,-0.050406,0.003906
1784249646.261526,0,50.291576,-0.054283,0.003906
1784249646.271633,0,50.291603,-0.023264,0.000000
1784249646.281544,0,50.291603,-0.011632,0.000000
1784249646.291483,0,50.291603,-0.003877,0.003906
1784249646.301503,0,50.291603,0.000000,0.007812
1784249646.311508,0,50.291576,-0.038774,0.003906
1784249646.321629,0,50.291603,-0.015509,0.003906
1784249646.331506,0,50.291603,-0.011632,0.000000
1784249646.341864,0,50.291576,-0.050406,0.003906
1784249646.351480,0,50.291576,-0.054283,0.007812
1784249646.361560,0,50.291603,0.000000,0.000000
1784249646.371507,0,50.291603,-0.011632,0.003906
1784249646.381734,0,50.291603,0.000000,0.003906
1784249646.391912,0,50.291603,-0.007755,0.003906
1784249646.401587,0,50.291576,-0.058161,0.003906
1784249646.411542,0,50.291603,0.000000,0.000000
1784249646.421592,0,50.291603,-0.003877,0.000000
1784249646.431874,0,50.291576,-0.062038,0.007812
1784249646.441959,0,50.291634,0.065915,0.000000
1784249646.451559,0,50.291603,0.000000,0.003906
1784249646.461489,0,50.291576,-0.065915,0.000000
1784249646.471596,0,50.291576,-0.069793,0.000000
1784249646.481688,0,50.291576,-0.058161,0.003906
1784249646.491540,0,50.291603,-0.007755,0.003906
1784249646.501569,0,50.291603,-0.019387,0.000000
1784249646.511503,0,50.291576,-0.058161,0.003906
1784249646.521595,0,50.291603,-0.003877,0.003906
1784249646.531560,0,50.291603,-0.019387,0.007812
1784249646.541508,0,50.291634,0.019387,0.003906
1784249646.551477,0,50.291603,-0.038774,0.007812
1784249646.561611,0,50.291603,-0.046528,0.011719
1784249646.571576,0,50.291603,-0.050406,0.007812
1784249646.581548,0,50.291603,-0.038774,0.003906
1784249646.591532,0,50.291634,-0.058161,0.003906
1784249646.601909,0,50.291603,-0.042651,0.003906
1784249646.611920,0,50.291634,0.023264,0.003906
1784249646.621669,0,50.291634,0.023264,0.003906
1784249646.631914,0,50.291603,0.027142,0.003906
1784249646.641459,0,50.291603,-0.038774,0.003906
1784249646.651912,0,50.291603,-0.038774,0.007812
1784249646.661652,0,50.291634,0.019387,0.003906
1784249646.671540,0,50.291603,-0.038774,0.003906
1784249646.681687,0,50.291634,0.011632,0.007812
1784249646.691530,0,50.291603,-0.038774,0.003906
1784249646.701907,0,50.291603,-0.027142,0.003906
1784249646.711548,0,50.291603,-0.027142,0.003906
1784249646.721833,0,50.291603,-0.034896,0.000000
1784249646.731578,0,50.291603,-0.027142,0.000000
1784249646.741590,0,50.291576,-0.073670,0.003906
1784249646.751921,0,50.291603,-0.027142,0.000000
1784249646.761533,0,50.291603,-0.038774,0.007812
1784249646.771942,0,50.291634,0.031019,0.007812
1784249646.781499,0,50.291603,-0.038774,0.000000
1784249646.791493,0,50.291634,0.038774,0.007812
1784249646.801608,0,50.291634,0.042651,0.000000
1784249646.811391,0,50.291634,0.015509,0.000000
1784249646.821672,0,50.291603,-0.038774,0.000000
1784249646.831557,0,50.291576,-0.089180,0.003906
1784249646.841928,0,50.291576,-0.093057,0.000000
1784249646.851672,0,50.291603,-0.038774,0.003906
1784249646.861556,0,50.291603,-0.007755,0.003906
1784249646.871917,0,50.291603,-0.003877,0.000000
1784249646.881552,0,50.291576,-0.058161,0.003906
1784249646.891457,0,50.291603,-0.007755,0.000000
1784249646.901484,0,50.291603,0.003877,0.000000
1784249646.911640,0,50.291603,-0.007755,0.003906
1784249646.921941,0,50.291603,-0.015509,0.000000
1784249646.931446,0,50.291603,-0.065915,0.000000
1784249646.941904,0,50.291603,0.007755,0.003906
1784249646.951577,0,50.291603,-0.007755,0.003906
1784249646.961892,0,50.291603,-0.003877,0.003906
1784249646.971635,0,50.291576,-0.058161,0.000000
1784249646.981878,0,50.291576,-0.062038,0.000000
1784249646.991865,0,50.291603,0.007755,0.011719
1784249647.001453,0,50.291603,0.000000,0.003906
1784249647.011345,0,50.291603,0.000000,0.000000
1784249647.021604,0,50.291603,0.000000,0.000000
1784249647.031546,0,50.291603,-0.011632,0.003906
1784249647.041915,0,50.291603,-0.027142,0.000000
1784249647.051598,0,50.291603,-0.023264,0.003906
1784249647.061867,0,50.291603,-0.003877,0.000000
1784249647.071510,0,50.291634,0.050406,0.003906
1784249647.081534,0,50.291634,0.050406,0.003906
1784249647.091549,0,50.291603,-0.031019,0.003906
1784249647.101697,0,50.291634,0.000000,0.003906
1784249647.111587,0,50.291603,-0.042651,0.003906
1784249647.121404,0,50.291603,-0.038774,0.000000
1784249647.131694,0,50.291603,-0.031019,0.007812
1784249647.141556,0,50.291603,-0.038774,0.003906
1784249647.151658,0,50.291603,-0.031019,0.003906
1784249647.161610,0,50.291603,-0.042651,0.007812
1784249647.171475,0,50.291603,-0.038774,0.003906
1784249647.181893,0,50.291576,-0.089180,0.007812
1784249647.191595,0,50.291634,0.019387,0.003906
1784249647.201586,0,50.291603,-0.027142,0.003906
1784249647.211551,0,50.291634,0.019387,0.000000
1784249647.221405,0,50.291603,-0.038774,0.003906
1784249647.231424,0,50.291603,-0.015509,0.003906
1784249647.241532,0,50.291603,-0.038774,0.007812
1784249647.251911,0,50.291603,-0.027142,0.007812
1784249647.261456,0,50.291603,-0.027142,0.007812
1784249647.271528,0,50.291603,-0.031019,0.007812
1784249647.281533,0,50.291603,-0.034896,0.003906
1784249647.291642,0,50.291603,-0.038774,0.003906
1784249647.301822,0,50.291603,-0.038774,0.007812
1784249647.311525,0,50.291634,0.019387,0.003906
1784249647.321393,0,50.291634,0.019387,0.003906
1784249647.331509,0,50.291603,-0.038774,0.000000
1784249647.341436,0,50.291603,-0.054283,0.003906
1784249647.351810,0,50.291603,-0.038774,0.003906
1784249647.361460,0,50.291603,-0.038774,0.007812
1784249647.371829,0,50.291576,-0.093057,0.003906
1784249647.381568,0,50.291603,-0.019387,0.007812
1784249647.391530,0,50.291603,-0.038774,0.003906
1784249647.401397,0,50.291603,-0.046528,0.003906
1784249647.411493,0,50.291603,-0.034896,0.000000
1784249647.421753,0,50.291603,-0.038774,0.003906
1784249647.431418,0,50.291603,-0.031019,0.003906
1784249647.441623,0,50.291603,-0.038774,0.003906
1784249647.451529,0,50.291603,-0.034896,0.003906
1784249647.461455,0,50.291603,-0.038774,0.000000
1784249647.471680,0,50.291603,-0.038774,0.003906
1784249647.481657,0,50.291603,-0.050406,0.003906
1784249647.491876,0,50.291603,-0.038774,0.000000
1784249647.501560,0,50.291634,0.007755,0.007812
1784249647.511863,0,50.291634,0.000000,0.003906
1784249647.521568,0,50.291634,0.015509,0.000000
1784249647.531490,0,50.291603,-0.015509,0.007812
1784249647.541587,0,50.291603,-0.038774,0.003906
1784249647.551409,0,50.291603,-0.058161,0.000000
1784249647.561829,0,50.291603,-0.034896,0.003906
1784249647.571528,0,50.291634,0.000000,0.000000
1784249647.581483,0,50.291603,-0.046528,0.000000
1784249647.591541,0,50.291603,-0.050406,0.007812
1784249647.601447,0,50.291603,-0.042651,0.003906
1784249647.611442,0,50.291603,-0.038774,0.003906
1784249647.621408,0,50.291603,-0.089180,0.003906
1784249647.631378,0,50.291634,0.000000,0.003906
1784249647.641407,0,50.291634,0.027142,0.003906
1784249647.651461,0,50.291634,0.031019,0.003906
1784249647.661422,0,50.291603,-0.042651,0.003906
1784249647.671422,0,50.291603,-0.038774,0.003906
1784249647.681674,0,50.291603,-0.038774,0.007812
1784249647.691606,0,50.291634,0.015509,0.003906
1784249647.701771,0,50.291576,-0.093057,0.007812
1784249647.711684,0,50.291603,-0.034896,0.007812
1784249647.721617,0,50.291634,0.019387,0.000000
1784249647.731465,0,50.291603,-0.046528,0.003906
1784249647.741455,0,50.291634,0.019387,0.011719
1784249647.751827,0,50.291603,-0.050406,0.000000
1784249647.761473,0,50.291634,0.019387,0.007812
1784249647.771466,0,50.291634,0.019387,0.003906
1784249647.781351,0,50.291603,-0.038774,0.003906
1784249647.791460,0,50.291603,-0.042651,0.003906
1784249647.801797,0,50.291634,0.011632,0.003906
1784249647.811477,0,50.291634,0.023264,0.003906
1784249647.821450,0,50.291576,-0.093057,0.003906
1784249647.831357,0,50.291603,-0.015509,0.003906
1784249647.841468,0,50.291603,-0.050406,0.000000
1784249647.851789,0,50.291603,-0.031019,0.003906
1784249647.861561,0,50.291634,0.027142,0.000000
1784249647.871805,0,50.291603,-0.023264,0.000000
1784249647.881561,0,50.291603,-0.038774,0.007812
1784249647.891533,0,50.291603,-0.038774,0.003906
1784249647.901900,0,50.291603,-0.031019,0.003906
1784249647.911812,0,50.291576,-0.093057,0.007812
1784249647.921630,0,50.291603,-0.038774,0.003906
1784249647.931407,0,50.291634,0.027142,0.000000
1784249647.941411,0,50.291634,-0.038774,0.003906
1784249647.951522,0,50.291634,0.015509,0.000000
1784249647.961557,0,50.291603,-0.034896,0.000000
1784249647.971424,0,50.291603,-0.027142,0.003906
1784249647.981426,0,50.291603,-0.027142,0.000000
1784249647.991348,0,50.291634,0.034896,0.000000
1784249648.001463,0,50.291603,-0.034896,0.003906
1784249648.011453,0,50.291634,0.042651,0.003906
1784249648.021316,0,50.291603,-0.031019,0.007812
1784249648.031316,0,50.291603,-0.011632,0.003906
1784249648.041617,0,50.291576,-0.073670,0.000000
1784249648.051362,0,50.291603,-0.031019,0.000000
1784249648.061815,0,50.291603,-0.031019,0.011719
1784249648.071489,0,50.291603,-0.015509,0.007812
1784249648.081796,0,50.291576,-0.023264,0.003906
1784249648.091643,0,50.291603,-0.019387,0.007812
1784249648.101431,0,50.291603,-0.023264,0.003906
1784249648.111475,0,50.291603,-0.031019,0.003906
1784249648.121385,0,50.291634,0.019387,0.003906
1784249648.131452,0,50.291603,-0.038774,0.007812
1784249648.141613,0,50.291603,-0.054283,0.000000
1784249648.151632,0,50.291576,-0.085302,0.003906
1784249648.161515,0,50.291603,-0.038774,0.003906
1784249648.171451,0,50.291603,-0.038774,0.003906
1784249648.181504,0,50.291603,-0.042651,0.007812
1784249648.191732,0,50.291634,0.031019,0.003906
1784249648.201797,0,50.291634,0.019387,0.003906
1784249648.211480,0,50.291634,0.023264,0.003906
1784249648.221802,0,50.291603,-0.034896,0.003906
1784249648.231394,0,50.291603,-0.038774,0.003906
1784249648.241351,0,50.291603,-0.023264,0.000000
1784249648.251372,0,50.291603,-0.038774,0.007812
1784249648.261461,0,50.291603,-0.027142,0.007812
1784249648.271600,0,50.291603,-0.038774,0.007812
1784249648.281534,0,50.291603,-0.003877,0.003906
1784249648.291510,0,50.291603,-0.038774,0.007812
1784249648.301750,0,50.291603,-0.038774,0.003906
1784249648.311507,0,50.291576,-0.089180,0.007812
1784249648.321419,0,50.291603,-0.046528,0.003906
1784249648.331595,0,50.291603,-0.034896,0.003906
1784249648.341776,0,50.291634,0.019387,0.007812
1784249648.351455,0,50.291603,-0.058161,0.007812
1784249648.361459,0,50.291634,0.023264,0.007812
1784249648.371515,0,50.291603,-0.023264,0.011719
1784249648.381453,0,50.291634,0.038774,0.003906
1784249648.391763,0,50.291603,-0.031019,0.007812
1784249648.401766,0,50.291576,-0.093057,0.003906
1784249648.411691,0,50.291603,-0.034896,0.003906
1784249648.421386,0,50.291603,-0.038774,0.000000
1784249648.431473,0,50.291576,-0.096934,0.003906
1784249648.441779,0,50.291634,0.007755,0.007812
1784249648.451720,0,50.291634,0.015509,0.003906
1784249648.461380,0,50.291634,0.000000,0.007812
1784249648.471412,0,50.291603,-0.038774,0.003906
1784249648.481589,0,50.291634,0.015509,0.003906
1784249648.491785,0,50.291634,0.015509,0.003906
1784249648.501776,0,50.291634,-0.038774,0.003906
1784249648.511799,0,50.291634,0.011632,0.000000
1784249648.521705,0,50.291603,-0.034896,0.003906
1784249648.531327,0,50.291603,-0.034896,0.003906
1784249648.541672,0,50.291634,0.019387,0.000000
1784249648.551635,0,50.291634,0.019387,0.003906
1784249648.561671,0,50.291603,-0.034896,0.003906
1784249648.571535,0,50.291603,-0.050406,0.003906
1784249648.581491,0,50.291634,0.019387,0.003906
1784249648.591496,0,50.291603,-0.038774,0.003906
1784249648.601651,0,50.291603,-0.034896,0.003906
1784249648.611360,0,50.291576,-0.104689,0.003906
1784249648.621159,0,50.291634,0.000000,0.000000
1784249648.631245,0,50.291634,0.015509,0.003906
1784249648.641479,0,50.291603,-0.038774,0.003906
1784249648.651356,0,50.291603,-0.038774,0.003906
1784249648.661432,0,50.291603,-0.038774,0.007812
1784249648.671290,0,50.291603,-0.042651,0.003906
1784249648.681467,0,50.291603,-0.038774,0.000000
1784249648.691397,0,50.291603,-0.038774,0.003906
1784249648.701330,0,50.291634,0.015509,0.000000
1784249648.711563,0,50.291603,-0.027142,0.007812
1784249648.721697,0,50.291634,0.034896,0.007812
1784249648.731397,0,50.291603,-0.042651,0.003906
1784249648.741569,0,50.291603,-0.034896,0.003906
1784249648.751738,0,50.291603,-0.034896,0.003906
1784249648.761573,0,50.291634,0.023264,0.003906
1784249648.771806,0,50.291603,-0.038774,0.007812
1784249648.781746,0,50.291634,0.027142,0.007812
1784249648.791377,0,50.291603,-0.038774,0.003906
1784249648.801360,0,50.291603,-0.038774,0.003906
1784249648.811588,0,50.291634,-0.046528,0.003906
1784249648.821438,0,50.291634,0.015509,0.000000
1784249648.831358,0,50.291634,0.003877,0.000000
1784249648.841668,0,50.291576,-0.085302,0.007812
1784249648.851424,0,50.291634,0.000000,0.000000
1784249648.861534,0,50.291576,-0.096934,0.000000
1784249648.871787,0,50.291603,-0.031019,0.003906
1784249648.881681,0,50.291634,0.027142,0.003906
1784249648.891415,0,50.291634,0.011632,0.003906
1784249648.901583,0,50.291634,0.011632,0.000000
1784249648.911615,0,50.291603,-0.038774,0.007812
1784249648.921417,0,50.291576,-0.093057,0.003906
1784249648.931359,0,50.291603,-0.034896,0.003906
1784249648.941399,0,50.291576,-0.093057,0.000000
1784249648.951768,0,50.291634,0.007755,0.003906
1784249648.961628,0,50.291603,-0.019387,0.003906
1784249648.971577,0,50.291634,0.007755,0.003906
1784249648.981619,0,50.291603,-0.015509,0.007812
1784249648.991744,0,50.291603,0.019387,0.007812
1784249649.001597,0,50.291603,-0.038774,0.003906
1784249649.011588,0,50.291603,-0.027142,0.003906
1784249649.021610,0,50.291634,0.027142,0.003906
1784249649.031345,0,50.291576,-0.093057,0.007812
1784249649.041486,0,50.291603,-0.038774,0.000000
1784249649.051691,0,50.291603,-0.038774,0.003906
1784249649.061578,0,50.291603,-0.031019,0.007812
1784249649.072014,0,50.291603,-0.034896,0.003906
1784249649.081751,0,50.291603,-0.038774,0.000000
1784249649.091774,0,50.291603,-0.038774,0.003906
1784249649.101650,0,50.291634,0.011632,0.000000
1784249649.112526,0,50.291603,-0.027142,0.007812
1784249649.121323,0,50.291603,-0.034896,0.007812
1784249649.131315,0,50.291603,-0.042651,0.003906
1784249649.141774,0,50.291603,-0.038774,0.003906
1784249649.152388,0,50.291603,-0.015509,0.007812
1784249649.161409,0,50.291634,0.031019,0.007812
1784249649.171546,0,50.291634,0.000000,0.000000
1784249649.181758,0,50.291603,-0.038774,0.007812
1784249649.191768,0,50.291576,-0.034896,0.003906
1784249649.201597,0,50.291603,-0.038774,0.007812
1784249649.211670,0,50.291603,-0.034896,0.007812
1784249649.221532,0,50.291603,-0.027142,0.003906
1784249649.231371,0,50.291634,0.019387,0.003906
1784249649.241302,0,50.291603,-0.038774,0.003906
1784249649.251746,0,50.291634,0.000000,0.003906
1784249649.261573,0,50.291634,0.015509,0.003906
1784249649.271740,0,50.291576,-0.093057,0.007812
1784249649.281742,0,50.291634,0.019387,0.003906
1784249649.291390,0,50.291603,-0.038774,0.003906
1784249649.301464,0,50.291634,-0.085302,0.003906
1784249649.311772,0,50.291634,0.019387,0.003906
1784249649.321670,0,50.291576,-0.085302,0.003906
1784249649.331401,0,50.291634,0.011632,0.007812
1784249649.341322,0,50.291634,0.011632,0.000000
1784249649.351191,0,50.291576,-0.096934,0.003906
1784249649.361435,0,50.291603,-0.038774,0.000000
1784249649.371310,0,50.291603,-0.038774,0.003906
1784249649.381213,0,50.291603,-0.054283,0.003906
1784249649.391314,0,50.291634,-0.007755,0.007812
1784249649.401308,0,50.291634,0.011632,0.003906
1784249649.411587,0,50.291603,-0.050406,0.007812
1784249649.421470,0,50.291603,-0.038774,0.011719
1784249649.431297,0,50.291603,-0.058161,0.003906
1784249649.441278,0,50.291634,0.019387,0.003906
1784249649.451310,0,50.291634,-0.058161,0.000000
1784249649.461394,0,50.291634,0.015509,0.003906
1784249649.471389,0,50.291603,-0.054283,0.003906
1784249649.481214,0,50.291668,0.062038,0.000000
1784249649.491761,0,50.291634,0.011632,0.003906
1784249649.501756,0,50.291576,-0.104689,-0.007812
1784249649.511252,0,50.291603,-0.027142,0.000000
1784249649.521734,0,50.291634,0.000000,0.003906
1784249649.531497,0,50.291603,-0.046528,0.000000
1784249649.541692,0,50.291603,-0.038774,-0.003906
1784249649.551456,0,50.291603,-0.038774,0.000000
1784249649.561758,0,50.291603,-0.038774,0.000000
1784249649.571559,0,50.291634,0.011632,0.000000
1784249649.581710,0,50.291603,-0.034896,0.007812
1784249649.591722,0,50.291634,0.000000,0.003906
1784249649.601706,0,50.291603,-0.054283,0.003906
1784249649.611718,0,50.291634,0.000000,0.007812
1784249649.621377,0,50.291576,-0.100812,0.003906
1784249649.631485,0,50.291634,0.000000,0.003906
1784249649.641458,0,50.291634,0.011632,0.007812
1784249649.651507,0,50.291603,-0.038774,0.003906
1784249649.661468,0,50.291634,0.019387,0.003906
1784249649.671702,0,50.291634,0.019387,0.000000
1784249649.681515,0,50.291603,-0.038774,0.003906
1784249649.691704,0,50.291603,-0.027142,0.007812
1784249649.701691,0,50.291603,-0.038774,0.003906
1784249649.711693,0,50.291634,0.019387,0.003906
1784249649.721711,0,50.291634,0.011632,0.003906
1784249649.731691,0,50.291603,-0.034896,0.003906
1784249649.741699,0,50.291603,-0.042651,0.003906
1784249649.751378,0,50.291634,0.007755,0.007812
1784249649.761429,0,50.291603,-0.058161,0.007812
1784249649.771445,0,50.291603,-0.038774,0.007812
1784249649.781513,0,50.291634,0.011632,0.003906
1784249649.791623,0,50.291634,0.023264,0.003906
1784249649.801698,0,50.291634,0.015509,0.003906
1784249649.811411,0,50.291603,-0.046528,0.000000
1784249649.821684,0,50.291603,-0.034896,0.003906
1784249649.831387,0,50.291634,0.011632,0.000000
1784249649.841708,0,50.291634,0.019387,0.003906
1784249649.851726,0,50.291603,-0.038774,0.000000
1784249649.861714,0,50.291603,-0.042651,0.007812
1784249649.871457,0,50.291603,-0.038774,0.003906
1784249649.881323,0,50.291603,-0.038774,0.003906
1784249649.891401,0,50.291603,-0.038774,0.003906
1784249649.901277,0,50.291603,-0.042651,0.003906
1784249649.911259,0,50.291634,0.019387,0.003906
1784249649.921352,0,50.291603,-0.038774,0.000000
1784249649.932703,0,50.291634,0.007755,0.003906
1784249649.941576,0,50.291603,-0.015509,0.003906
1784249649.951709,0,50.291603,-0.019387,0.003906
1784249649.961685,0,50.291603,-0.038774,0.000000
1784249649.971435,0,50.291603,-0.031019,0.007812
1784249649.981500,0,50.291634,0.007755,0.007812
1784249649.991457,0,50.291634,0.000000,0.000000
1784249650.001341,0,50.291634,0.003877,0.003906
1784249650.011339,0,50.291603,-0.038774,0.003906
1784249650.021306,0,50.291603,-0.015509,0.003906
1784249650.031388,0,50.291603,-0.042651,0.000000
1784249650.041747,0,50.291603,-0.038774,0.003906
1784249650.051706,0,50.291603,-0.019387,0.007812
1784249650.061702,0,50.291634,0.019387,0.003906
1784249650.071474,0,50.291603,-0.038774,0.003906
1784249650.081449,0,50.291603,-0.050406,0.003906
1784249650.091401,0,50.291603,-0.046528,0.000000
1784249650.101402,0,50.291603,-0.038774,0.000000
1784249650.111418,0,50.291576,-0.093057,0.003906
1784249650.121231,0,50.291603,-0.038774,0.003906
1784249650.131312,0,50.291603,-0.046528,0.007812
1784249650.141258,0,50.291634,0.019387,0.003906
1784249650.151398,0,50.291603,-0.023264,0.007812
1784249650.161295,0,50.291603,-0.038774,0.003906
1784249650.171575,0,50.291603,-0.027142,0.003906
1784249650.181307,0,50.291603,-0.038774,0.003906
1784249650.191336,0,50.291634,0.019387,0.003906
1784249650.201312,0,50.291634,0.015509,0.003906
1784249650.211310,0,50.291634,0.015509,0.000000
1784249650.221213,0,50.291634,0.023264,0.007812
1784249650.232285,0,50.291603,-0.054283,0.003906
1784249650.241246,0,50.291603,-0.038774,0.003906
1784249650.251261,0,50.291603,-0.031019,0.007812
1784249650.261207,0,50.291634,0.031019,0.003906
1784249650.271254,0,50.291634,0.031019,0.000000
1784249650.282308,0,50.291576,-0.093057,0.007812
1784249650.291353,0,50.291634,0.015509,0.007812
1784249650.301523,0,50.291603,-0.034896,0.007812
1784249650.311327,0,50.291634,0.011632,0.003906
1784249650.321140,0,50.291603,-0.042651,0.000000
1784249650.331416,0,50.291634,0.000000,0.007812
1784249650.341341,0,50.291603,-0.038774,0.007812
1784249650.351320,0,50.291634,0.019387,0.003906
1784249650.361366,0,50.291634,0.000000,0.003906
1784249650.371236,0,50.291603,-0.031019,0.003906
1784249650.381344,0,50.291576,-0.093057,0.003906
1784249650.391432,0,50.291576,-0.085302,0.003906
1784249650.401387,0,50.291603,-0.034896,0.007812
1784249650.411500,0,50.291634,0.019387,0.003906
1784249650.421223,0,50.291603,-0.050406,0.003906
1784249650.432659,0,50.291634,0.003877,0.003906
1784249650.442642,0,50.291603,-0.038774,0.003906
1784249650.452437,0,50.291603,-0.038774,0.003906
1784249650.462300,0,50.291634,0.007755,0.000000
1784249650.471422,0,50.291603,-0.038774,0.003906
1784249650.481216,0,50.291603,-0.054283,0.003906
1784249650.491263,0,50.291603,-0.038774,0.007812
1784249650.501261,0,50.291603,-0.038774,0.003906
1784249650.511265,0,50.291603,-0.011632,0.007812
1784249650.521167,0,50.291634,0.007755,0.007812
1784249650.531210,0,50.291603,-0.038774,0.007812
1784249650.541292,0,50.291603,-0.042651,0.000000
1784249650.551230,0,50.291634,0.007755,0.003906
1784249650.561415,0,50.291634,0.015509,0.003906
1784249650.571328,0,50.291603,-0.046528,0.003906
1784249650.582227,0,50.291603,-0.038774,0.003906
1784249650.591131,0,50.291603,-0.027142,0.003906
1784249650.601201,0,50.291603,-0.054283,0.000000
1784249650.611218,0,50.291634,0.007755,0.003906
1784249650.621116,0,50.291603,-0.027142,0.000000
1784249650.631225,0,50.291634,0.023264,0.000000
1784249650.641204,0,50.291634,-0.003877,0.003906
1784249650.651540,0,50.291603,-0.038774,0.003906
1784249650.661120,0,50.291603,-0.054283,0.003906
1784249650.671350,0,50.291603,-0.058161,0.000000
1784249650.681239,0,50.291634,0.003877,0.000000
1784249650.691235,0,50.291634,0.019387,0.007812
1784249650.701388,0,50.291634,0.000000,0.000000
1784249650.711256,0,50.291603,-0.046528,0.003906
1784249650.721254,0,50.291603,-0.038774,0.003906
1784249650.731161,0,50.291603,-0.050406,0.000000
1784249650.741115,0,50.291634,0.019387,0.000000
1784249650.751323,0,50.291634,0.003877,0.003906
1784249650.761098,0,50.291603,-0.038774,0.000000
1784249650.771185,0,50.291603,-0.058161,0.003906
1784249650.781214,0,50.291603,-0.038774,0.003906
1784249650.791301,0,50.291603,-0.046528,0.003906
1784249650.802309,0,50.291634,0.019387,0.007812
1784249650.812189,0,50.291576,-0.093057,0.003906
1784249650.821273,0,50.291576,-0.031019,0.003906
1784249650.831363,0,50.291603,-0.031019,0.003906
1784249650.841305,0,50.291603,-0.031019,0.003906
1784249650.851292,0,50.291634,0.015509,0.007812
1784249650.861249,0,50.291603,-0.031019,0.003906
1784249650.871220,0,50.291603,-0.038774,0.003906
1784249650.881404,0,50.291634,0.015509,0.003906
1784249650.891416,0,50.291603,-0.015509,0.007812
1784249650.901385,0,50.291603,-0.027142,0.003906
1784249650.911343,0,50.291634,0.015509,0.003906
1784249650.921235,0,50.291634,0.011632,0.003906
1784249650.931344,0,50.291603,-0.038774,0.000000
1784249650.941257,0,50.291603,-0.062038,0.000000
1784249650.952263,0,50.291634,0.019387,0.003906
1784249650.961079,0,50.291634,0.019387,0.003906
1784249650.971278,0,50.291603,-0.042651,0.003906
1784249650.981125,0,50.291634,0.000000,0.003906
1784249650.991188,0,50.291603,-0.034896,0.003906
1784249651.001162,0,50.291603,-0.038774,0.003906
1784249651.011201,0,50.291603,-0.038774,0.003906
1784249651.021210,0,50.291576,-0.081425,0.003906
1784249651.031160,0,50.291634,0.027142,0.003906
1784249651.041329,0,50.291634,0.007755,0.000000
1784249651.051322,0,50.291634,0.019387,0.003906
1784249651.061634,0,50.291634,0.000000,0.000000
1784249651.071322,0,50.291634,0.011632,0.000000
1784249651.081273,0,50.291603,-0.023264,0.003906
1784249651.091274,0,50.291603,-0.038774,0.003906
1784249651.101284,0,50.291634,0.015509,0.003906
1784249651.111355,0,50.291603,-0.038774,0.003906
1784249651.121281,0,50.291634,0.011632,0.003906
1784249651.131170,0,50.291634,0.015509,0.000000
1784249651.141276,0,50.291603,0.015509,0.000000
1784249651.151303,0,50.291603,-0.038774,0.007812
1784249651.161581,0,50.291576,-0.093057,0.003906
1784249651.171109,0,50.291603,-0.038774,0.003906
1784249651.181136,0,50.291603,-0.042651,0.000000
1784249651.191110,0,50.291603,-0.034896,0.000000
1784249651.201201,0,50.291634,0.019387,0.000000
1784249651.211186,0,50.291634,-0.042651,0.000000
1784249651.221189,0,50.291634,-0.038774,0.003906
1784249651.232192,0,50.291634,0.019387,0.000000
1784249651.241093,0,50.291603,-0.038774,0.003906
1784249651.251189,0,50.291634,0.007755,0.000000
1784249651.261297,0,50.291634,0.019387,0.003906
1784249651.272305,0,50.291603,-0.038774,0.000000
1784249651.282298,0,50.291603,-0.038774,0.003906
1784249651.292299,0,50.291603,-0.038774,0.003906
1784249651.301065,0,50.291634,0.019387,0.000000
1784249651.311277,0,50.291603,-0.089180,0.000000
1784249651.321062,0,50.291634,0.000000,0.000000
1784249651.331076,0,50.291603,-0.058161,0.003906
1784249651.341053,0,50.291603,-0.038774,0.003906
1784249651.351119,0,50.291634,0.011632,0.003906
1784249651.361057,0,50.291634,0.019387,0.007812
1784249651.371158,0,50.291634,0.031019,0.003906
1784249651.381056,0,50.291634,0.019387,0.003906
1784249651.392152,0,50.291634,0.015509,0.003906
1784249651.402524,0,50.291603,-0.038774,0.000000
1784249651.412510,0,50.291603,-0.019387,0.000000
1784249651.421065,0,50.291603,-0.046528,0.007812
1784249651.431074,0,50.291603,-0.038774,0.003906
1784249651.441151,0,50.291603,-0.050406,0.003906
1784249651.451145,0,50.291634,0.011632,0.003906
1784249651.461140,0,50.291634,0.019387,0.003906
1784249651.472183,0,50.291634,0.019387,0.003906
1784249651.481202,0,50.291603,-0.038774,0.003906
1784249651.491219,0,50.291603,-0.038774,0.007812
1784249651.501139,0,50.291603,0.015509,0.000000
1784249651.511196,0,50.291603,-0.038774,0.003906
1784249651.524249,0,50.291603,-0.058161,0.000000
1784249651.531559,0,50.291603,-0.027142,0.007812
1784249651.541182,0,50.291634,0.031019,0.003906
1784249651.551096,0,50.291603,-0.058161,-0.003906
1784249651.561163,0,50.291603,-0.046528,0.007812
1784249651.571161,0,50.291603,-0.046528,0.003906
1784249651.581243,0,50.291634,0.000000,0.003906
1784249651.590961,0,50.291603,-0.038774,0.003906
1784249651.600967,0,50.291603,0.015509,0.000000
1784249651.610982,0,50.291603,-0.027142,0.003906
1784249651.620965,0,50.291603,-0.062038,0.003906
1784249651.631136,0,50.291634,0.015509,0.007812
1784249651.641063,0,50.291603,-0.038774,0.003906
1784249651.651133,0,50.291634,0.019387,0.000000
1784249651.661038,0,50.291603,-0.031019,0.007812
1784249651.670964,0,50.291603,-0.058161,0.003906
1784249651.680964,0,50.291634,0.007755,0.000000
1784249651.691041,0,50.291634,0.000000,0.003906
1784249651.701048,0,50.291603,-0.046528,0.007812
1784249651.711034,0,50.291603,-0.038774,0.003906
1784249651.720960,0,50.291634,0.019387,0.003906
1784249651.730947,0,50.291603,-0.046528,0.003906
1784249651.741017,0,50.291634,0.015509,0.003906
1784249651.751024,0,50.291603,-0.038774,0.003906
1784249651.761081,0,50.291634,0.011632,0.000000
1784249651.771032,0,50.291603,0.019387,0.007812
1784249651.781050,0,50.291634,0.015509,0.003906
1784249651.792105,0,50.291603,-0.034896,0.003906
1784249651.801116,0,50.291634,-0.003877,0.000000
1784249651.812064,0,50.291634,0.015509,0.000000
1784249651.821029,0,50.291603,-0.023264,0.003906
1784249651.831989,0,50.291603,-0.042651,0.003906
1784249651.842048,0,50.291603,-0.038774,0.011719
1784249651.852057,0,50.291603,-0.034896,0.000000
1784249651.861094,0,50.291603,-0.038774,0.000000
1784249651.871063,0,50.291603,-0.046528,0.003906
1784249651.882478,0,50.291603,-0.038774,0.003906
1784249651.892081,0,50.291634,0.023264,0.003906
1784249651.902118,0,50.291603,-0.038774,0.003906
1784249651.911127,0,50.291603,-0.038774,0.003906
1784249651.920951,0,50.291603,-0.038774,0.000000
1784249651.932223,0,50.291634,0.003877,0.000000
1784249651.942105,0,50.291603,-0.031019,0.003906
1784249651.952134,0,50.291603,-0.046528,0.003906
1784249651.962107,0,50.291634,0.019387,0.003906
1784249651.972061,0,50.291634,0.027142,0.003906
1784249651.982476,0,50.291634,0.003877,0.007812
1784249651.992208,0,50.291634,0.000000,0.003906
1784249652.002202,0,50.291634,0.015509,0.000000
1784249652.011188,0,50.291603,-0.031019,0.003906
1784249652.021141,0,50.291603,-0.042651,0.003906
1784249652.031061,0,50.291634,0.015509,0.000000
1784249652.041040,0,50.291634,-0.058161,0.007812
1784249652.051083,0,50.291603,-0.038774,0.003906
1784249652.061169,0,50.291603,-0.042651,0.003906
1784249652.071204,0,50.291603,-0.046528,0.003906
1784249652.082171,0,50.291603,-0.038774,0.003906
1784249652.091170,0,50.291603,-0.046528,0.007812
1784249652.101021,0,50.291603,-0.038774,0.003906
1784249652.111198,0,50.291603,-0.042651,0.003906
1784249652.121224,0,50.291576,-0.093057,0.003906
1784249652.131198,0,50.291634,0.019387,0.003906
1784249652.141191,0,50.291668,0.069793,0.003906
1784249652.151213,0,50.291603,-0.027142,0.000000
1784249652.161162,0,50.291634,0.019387,0.000000
1784249652.171039,0,50.291634,0.011632,0.000000
1784249652.181494,0,50.291576,-0.089180,0.011719
1784249652.191211,0,50.291634,0.019387,0.007812
1784249652.201075,0,50.291634,0.015509,0.000000
1784249652.211125,0,50.291603,-0.038774,0.000000
1784249652.221094,0,50.291603,-0.038774,0.003906
1784249652.231079,0,50.291576,-0.093057,0.000000
1784249652.241030,0,50.291576,-0.093057,0.007812
1784249652.251042,0,50.291603,-0.038774,0.003906
1784249652.261019,0,50.291603,-0.038774,0.003906
1784249652.271058,0,50.291603,-0.038774,0.003906
1784249652.281056,0,50.291603,-0.038774,0.003906
1784249652.291099,0,50.291603,-0.038774,0.003906
1784249652.301056,0,50.291603,0.007755,0.003906
1784249652.311067,0,50.291603,-0.046528,0.007812
1784249652.320985,0,50.291634,0.000000,0.000000
1784249652.331052,0,50.291634,0.007755,0.007812
1784249652.341050,0,50.291576,-0.100812,0.000000
1784249652.351055,0,50.291603,-0.034896,0.011719
1784249652.361099,0,50.291603,-0.038774,0.003906
1784249652.371092,0,50.291634,0.027142,0.003906
1784249652.381055,0,50.291576,-0.093057,0.003906
1784249652.391073,0,50.291603,-0.031019,0.003906
1784249652.401095,0,50.291634,0.027142,0.003906
1784249652.411048,0,50.291634,0.003877,0.003906
1784249652.420968,0,50.291603,-0.054283,0.003906
1784249652.431052,0,50.291634,0.000000,0.011719
1784249652.441053,0,50.291603,-0.058161,0.000000
1784249652.451055,0,50.291603,-0.034896,0.003906
1784249652.461081,0,50.291634,-0.046528,0.000000
1784249652.471051,0,50.291603,-0.038774,0.003906
1784249652.481081,0,50.291634,0.003877,0.000000
1784249652.491054,0,50.291603,-0.042651,0.003906
1784249652.501008,0,50.291603,-0.058161,0.000000
1784249652.511113,0,50.291603,-0.042651,0.007812
1784249652.520989,0,50.291634,0.015509,0.003906
1784249652.531177,0,50.291603,-0.042651,0.007812
1784249652.542525,0,50.291603,-0.038774,0.000000
1784249652.551202,0,50.291634,0.015509,0.003906
1784249652.561097,0,50.291634,0.000000,0.003906
1784249652.572149,0,50.291603,-0.038774,0.003906
1784249652.582529,0,50.291603,-0.050406,0.000000
1784249652.592059,0,50.291576,-0.096934,0.003906
1784249652.602203,0,50.291634,0.011632,0.003906
1784249652.612200,0,50.291634,0.019387,0.000000
1784249652.620991,0,50.291603,-0.038774,0.003906
1784249652.631146,0,50.291603,-0.038774,0.003906
1784249652.642308,0,50.291603,-0.031019,0.003906
1784249652.651209,0,50.291603,-0.042651,0.003906
1784249652.661102,0,50.291634,0.003877,0.000000
1784249652.672220,0,50.291634,0.019387,0.000000
1784249652.681075,0,50.291603,-0.050406,0.003906
1784249652.692231,0,50.291634,0.011632,0.007812
1784249652.702207,0,50.291634,0.003877,0.000000
1784249652.711065,0,50.291603,-0.038774,0.003906
1784249652.721136,0,50.291603,-0.046528,0.000000
1784249652.732456,0,50.291634,0.015509,0.003906
1784249652.741110,0,50.291634,0.000000,0.000000
1784249652.751066,0,50.291634,0.003877,0.007812
1784249652.761114,0,50.291603,-0.054283,0.007812
1784249652.771051,0,50.291634,0.015509,0.011719
1784249652.781054,0,50.291603,-0.058161,0.000000
1784249652.791022,0,50.291603,-0.038774,0.007812
1784249652.801039,0,50.291603,-0.042651,0.003906
1784249652.811051,0,50.291576,0.015509,0.003906
1784249652.821278,0,50.291634,0.003877,0.000000
1784249652.831148,0,50.291603,-0.038774,0.000000
1784249652.841149,0,50.291603,-0.038774,0.000000
1784249652.851090,0,50.291634,0.011632,0.003906
1784249652.861045,0,50.291603,-0.042651,0.000000
1784249652.871210,0,50.291634,0.015509,0.007812
1784249652.881176,0,50.291603,-0.038774,0.003906
1784249652.892155,0,50.291634,0.019387,0.003906
1784249652.902213,0,50.291603,-0.038774,0.003906
1784249652.911030,0,50.291603,-0.093057,0.003906
1784249652.922204,0,50.291603,-0.050406,0.000000
1784249652.932195,0,50.291634,0.003877,0.003906
1784249652.940907,0,50.291634,0.015509,0.003906
1784249652.950983,0,50.291634,0.011632,0.003906
1784249652.960994,0,50.291603,-0.038774,0.003906
1784249652.970890,0,50.291603,-0.015509,0.007812
1784249652.981435,0,50.291603,-0.031019,0.003906
1784249652.992115,0,50.291603,-0.038774,0.000000
1784249653.002155,0,50.291603,-0.046528,0.007812
1784249653.011014,0,50.291634,0.019387,0.003906
1784249653.021209,0,50.291603,-0.031019,0.003906
1784249653.030957,0,50.291634,0.019387,0.003906
1784249653.040956,0,50.291603,-0.046528,0.003906
1784249653.051007,0,50.291576,-0.027142,0.003906
1784249653.061378,0,50.291634,0.000000,0.003906
1784249653.071060,0,50.291634,0.007755,0.003906
1784249653.082378,0,50.291634,0.007755,0.003906
1784249653.092380,0,50.291576,-0.042651,0.003906
1784249653.101013,0,50.291603,-0.038774,0.003906
1784249653.110997,0,50.291603,-0.038774,0.000000
1784249653.121050,0,50.291603,-0.050406,0.003906
1784249653.132054,0,50.291603,-0.034896,0.003906
1784249653.142063,0,50.291634,0.019387,0.007812
1784249653.152485,0,50.291603,-0.038774,0.003906
1784249653.161100,0,50.291603,-0.015509,0.007812
1784249653.171084,0,50.291576,-0.096934,0.000000
1784249653.181442,0,50.291634,0.000000,0.007812
1784249653.191029,0,50.291603,-0.031019,0.000000
1784249653.201025,0,50.291576,-0.093057,0.003906
1784249653.211164,0,50.291634,0.031019,0.003906
1784249653.221148,0,50.291603,-0.034896,0.000000
1784249653.231462,0,50.291603,-0.031019,0.000000
1784249653.241465,0,50.291634,0.000000,0.003906
1784249653.251350,0,50.291634,0.015509,0.000000
1784249653.261461,0,50.291603,-0.038774,0.003906
1784249653.271224,0,50.291603,-0.038774,0.003906
1784249653.281061,0,50.291603,-0.034896,0.003906
1784249653.291024,0,50.291603,-0.042651,0.003906
1784249653.301035,0,50.291603,-0.042651,0.003906
1784249653.311469,0,50.291634,0.015509,0.003906
1784249653.321197,0,50.291603,0.015509,0.000000
1784249653.331110,0,50.291603,-0.038774,0.000000
1784249653.341108,0,50.291603,-0.058161,0.007812
1784249653.351083,0,50.291603,-0.089180,0.003906
1784249653.361400,0,50.291603,-0.062038,0.000000
1784249653.371445,0,50.291603,-0.038774,0.000000
1784249653.381045,0,50.291634,0.015509,0.003906
1784249653.391007,0,50.291603,-0.038774,0.000000
1784249653.401199,0,50.291603,-0.038774,0.000000
1784249653.411016,0,50.291634,0.007755,0.007812
1784249653.421162,0,50.291634,0.007755,0.003906
1784249653.431433,0,50.291634,0.011632,0.000000
1784249653.441462,0,50.291634,-0.038774,0.003906
1784249653.451017,0,50.291603,-0.038774,0.003906
1784249653.461991,0,50.291603,-0.042651,0.007812
1784249653.472034,0,50.291634,-0.042651,0.007812
1784249653.482148,0,50.291634,0.000000,0.000000
1784249653.492399,0,50.291634,0.000000,0.000000
1784249653.502167,0,50.291634,0.007755,0.003906
1784249653.512392,0,50.291634,0.011632,0.003906
1784249653.521985,0,50.291603,-0.054283,0.003906
1784249653.531199,0,50.291603,-0.058161,0.003906
1784249653.541044,0,50.291603,-0.042651,0.003906
1784249653.550980,0,50.291668,0.050406,0.000000
1784249653.562172,0,50.291603,-0.058161,0.003906
1784249653.572393,0,50.291634,0.007755,0.000000
1784249653.582406,0,50.291603,-0.042651,0.000000
1784249653.592204,0,50.291603,-0.042651,0.003906
1784249653.602187,0,50.291603,-0.046528,0.003906
1784249653.611000,0,50.291603,-0.050406,0.003906
1784249653.621028,0,50.291603,-0.046528,0.003906
1784249653.632073,0,50.291603,-0.058161,0.000000
1784249653.642092,0,50.291634,0.000000,0.007812
1784249653.652406,0,50.291603,-0.058161,0.003906
1784249653.662199,0,50.291634,-0.058161,0.000000
1784249653.671015,0,50.291603,-0.038774,0.000000
1784249653.682455,0,50.291603,-0.038774,0.003906
1784249653.692438,0,50.291603,-0.038774,0.000000
1784249653.701022,0,50.291603,-0.054283,0.003906
1784249653.710977,0,50.291603,-0.046528,0.003906
1784249653.720965,0,50.291603,-0.038774,0.007812
1784249653.730991,0,50.291634,0.007755,0.007812
1784249653.742033,0,50.291603,-0.058161,0.000000
1784249653.750890,0,50.291603,-0.038774,0.003906
1784249653.760983,0,50.291576,-0.096934,0.003906
1784249653.770964,0,50.291603,-0.038774,0.000000
1784249653.780971,0,50.291603,-0.031019,0.003906
1784249653.791015,0,50.291634,0.019387,0.003906
1784249653.801052,0,50.291634,-0.015509,0.007812
1784249653.812158,0,50.291603,-0.038774,0.003906
1784249653.821981,0,50.291634,0.015509,0.007812
1784249653.832219,0,50.291603,-0.034896,0.007812
1784249653.840995,0,50.291603,0.000000,0.000000
1784249653.852420,0,50.291603,-0.038774,0.003906
1784249653.861995,0,50.291603,-0.038774,0.000000
1784249653.872199,0,50.291634,0.019387,0.003906
1784249653.880947,0,50.291603,-0.038774,0.003906
1784249653.892170,0,50.291634,0.019387,0.007812
1784249653.902160,0,50.291603,-0.011632,0.003906
1784249653.912402,0,50.291634,0.007755,0.003906
1784249653.922044,0,50.291634,0.019387,0.003906
1784249653.931031,0,50.291634,0.019387,0.003906
1784249653.942435,0,50.291576,-0.081425,0.007812
1784249653.952057,0,50.291634,0.011632,0.000000
1784249653.961005,0,50.291603,-0.031019,0.003906
1784249653.971075,0,50.291603,-0.027142,0.000000
1784249653.980963,0,50.291634,0.027142,0.007812
1784249653.991182,0,50.291603,-0.038774,0.011719
1784249654.000999,0,50.291603,-0.023264,0.003906
1784249654.010978,0,50.291634,0.007755,0.000000
1784249654.020992,0,50.291603,-0.046528,0.003906
1784249654.030950,0,50.291603,-0.046528,0.000000
1784249654.042385,0,50.291603,-0.015509,0.003906
1784249654.052143,0,50.291603,-0.038774,0.003906
1784249654.061195,0,50.291603,-0.038774,0.003906
1784249654.072087,0,50.291634,0.015509,0.007812
1784249654.081062,0,50.291634,0.000000,0.000000
1784249654.090939,0,50.291603,-0.038774,0.000000
1784249654.100848,0,50.291634,0.003877,0.003906
1784249654.110885,0,50.291603,-0.027142,0.003906
1784249654.122016,0,50.291634,0.003877,0.007812
1784249654.132212,0,50.291576,-0.096934,0.000000
1784249654.142398,0,50.291634,0.011632,0.000000
1784249654.152384,0,50.291603,-0.034896,0.003906
1784249654.161030,0,50.291603,-0.050406,0.003906
1784249654.172398,0,50.291603,-0.042651,0.003906
1784249654.180987,0,50.291603,-0.038774,0.003906
1784249654.192410,0,50.291603,-0.031019,0.000000
1784249654.201975,0,50.291603,-0.034896,0.003906
1784249654.210892,0,50.291603,-0.042651,0.003906
1784249654.222031,0,50.291603,-0.038774,0.003906
1784249654.231294,0,50.291634,0.019387,0.003906
1784249654.242399,0,50.291603,-0.058161,0.000000
1784249654.252375,0,50.291603,0.019387,0.003906
1784249654.262377,0,50.291603,-0.023264,0.000000
1784249654.272030,0,50.291603,-0.031019,0.003906
1784249654.280929,0,50.291603,-0.038774,0.000000
1784249654.290950,0,50.291634,0.007755,0.007812
1784249654.300927,0,50.291603,-0.027142,0.003906
1784249654.310918,0,50.291603,-0.054283,0.007812
1784249654.320911,0,50.291603,-0.038774,0.003906
1784249654.331072,0,50.291634,0.000000,0.000000
1784249654.340998,0,50.291634,0.027142,0.003906
1784249654.350951,0,50.291603,-0.038774,0.003906
1784249654.362181,0,50.291603,-0.046528,0.000000
1784249654.370992,0,50.291634,0.023264,0.003906
1784249654.380879,0,50.291603,-0.038774,0.000000
1784249654.390910,0,50.291576,-0.093057,0.007812
1784249654.402349,0,50.291634,0.019387,0.003906
1784249654.412165,0,50.291603,-0.054283,0.000000
1784249654.422041,0,50.291603,-0.038774,0.000000
1784249654.430902,0,50.291603,-0.031019,0.003906
1784249654.440933,0,50.291603,-0.038774,0.000000
1784249654.450990,0,50.291634,0.000000,0.000000
1784249654.461967,0,50.291634,0.000000,0.000000
1784249654.470918,0,50.291603,-0.042651,0.000000
1784249654.480971,0,50.291603,-0.042651,0.000000
1784249654.491984,0,50.291634,0.007755,0.003906
1784249654.501003,0,50.291603,-0.042651,0.003906
1784249654.510820,0,50.291603,-0.042651,0.003906
1784249654.520896,0,50.291603,-0.038774,0.000000
1784249654.530986,0,50.291603,-0.034896,0.003906
1784249654.541903,0,50.291603,-0.058161,0.000000
1784249654.551945,0,50.291603,-0.042651,0.000000
1784249654.562387,0,50.291634,0.019387,0.003906
1784249654.572347,0,50.291634,0.011632,0.000000
1784249654.580887,0,50.291634,0.007755,0.007812
1784249654.592363,0,50.291634,0.019387,0.007812
1784249654.602364,0,50.291634,0.019387,0.003906
1784249654.612355,0,50.291634,0.011632,0.007812
1784249654.622043,0,50.291603,-0.050406,0.000000
1784249654.630857,0,50.291634,0.015509,0.003906
1784249654.642132,0,50.291603,-0.054283,0.007812
1784249654.650861,0,50.291603,-0.038774,0.003906
1784249654.661033,0,50.291603,0.000000,0.003906
1784249654.671084,0,50.291634,-0.003877,0.003906
1784249654.680834,0,50.291603,-0.058161,0.003906
1784249654.691126,0,50.291634,0.015509,0.003906
1784249654.701009,0,50.291634,0.007755,0.000000
1784249654.710868,0,50.291603,-0.046528,0.003906
1784249654.720775,0,50.291634,0.011632,0.007812
1784249654.730761,0,50.291634,0.000000,0.000000
1784249654.742083,0,50.291576,-0.081425,0.003906
1784249654.752279,0,50.291634,0.000000,0.000000
1784249654.762013,0,50.291603,-0.042651,0.000000
1784249654.772101,0,50.291634,0.019387,0.007812
1784249654.781892,0,50.291603,-0.046528,0.000000
1784249654.792135,0,50.291634,0.019387,0.003906
1784249654.800868,0,50.291634,0.019387,0.003906
1784249654.812351,0,50.291603,0.019387,0.003906
1784249654.821999,0,50.291634,0.007755,0.003906
1784249654.830891,0,50.291634,0.019387,0.003906
1784249654.842311,0,50.291603,-0.050406,0.003906
1784249654.852321,0,50.291576,-0.096934,0.003906
1784249654.862327,0,50.291634,0.011632,0.003906
1784249654.872037,0,50.291603,-0.034896,0.003906
1784249654.881935,0,50.291634,0.007755,0.003906
1784249654.890882,0,50.291603,-0.034896,0.003906
1784249654.900922,0,50.291634,0.000000,0.000000
1784249654.910867,0,50.291634,0.007755,0.003906
1784249654.920867,0,50.291603,-0.042651,0.003906
1784249654.931749,0,50.291576,-0.093057,0.000000
1784249654.941007,0,50.291634,0.015509,0.000000
1784249654.952314,0,50.291603,-0.054283,0.003906
1784249654.961957,0,50.291634,0.000000,0.000000
1784249654.971922,0,50.291634,0.000000,0.000000
1784249654.982163,0,50.291603,-0.042651,0.000000
1784249654.992301,0,50.291634,0.023264,0.003906
1784249655.002009,0,50.291634,0.019387,0.007812
1784249655.012075,0,50.291603,-0.038774,0.003906
1784249655.021993,0,50.291603,-0.042651,0.003906
1784249655.030895,0,50.291576,-0.089180,0.003906
1784249655.041026,0,50.291634,0.011632,0.003906
1784249655.050907,0,50.291603,-0.038774,0.003906
1784249655.060893,0,50.291634,0.019387,0.003906
1784249655.070901,0,50.291603,-0.046528,0.000000
1784249655.080949,0,50.291603,-0.046528,0.000000
1784249655.090970,0,50.291603,-0.050406,0.003906
1784249655.100999,0,50.291603,-0.038774,0.000000
1784249655.110789,0,50.291634,0.000000,0.000000
1784249655.120793,0,50.291576,-0.085302,0.003906
1784249655.131961,0,50.291603,-0.031019,0.003906
1784249655.142133,0,50.291603,-0.042651,0.000000
1784249655.152132,0,50.291634,0.003877,0.003906
1784249655.160884,0,50.291603,-0.058161,0.003906
1784249655.172311,0,50.291603,-0.058161,0.003906
1784249655.182188,0,50.291603,-0.023264,0.003906
1784249655.192329,0,50.291603,-0.038774,0.003906
1784249655.201025,0,50.291576,-0.093057,0.003906
1784249655.210913,0,50.291634,0.019387,0.003906
1784249655.221817,0,50.291603,-0.038774,0.003906
1784249655.231811,0,50.291603,-0.038774,0.000000
1784249655.241832,0,50.291603,-0.038774,0.003906
1784249655.251937,0,50.291634,0.011632,0.007812
1784249655.260882,0,50.291603,-0.046528,0.007812
1784249655.271977,0,50.291634,0.000000,0.007812
1784249655.282146,0,50.291634,0.015509,0.003906
1784249655.292142,0,50.291634,0.000000,0.003906
1784249655.302126,0,50.291634,0.011632,0.003906
1784249655.312345,0,50.291603,-0.034896,0.003906
1784249655.321954,0,50.291603,-0.038774,0.000000
1784249655.331952,0,50.291634,-0.003877,0.000000
1784249655.342193,0,50.291603,-0.042651,0.003906
1784249655.352312,0,50.291603,-0.054283,0.000000
1784249655.362320,0,50.291603,-0.046528,0.000000
1784249655.372312,0,50.291603,-0.042651,0.003906
1784249655.382084,0,50.291634,0.000000,0.003906
1784249655.392339,0,50.291634,0.011632,0.003906
1784249655.402113,0,50.291634,0.007755,0.007812
1784249655.412289,0,50.291634,0.000000,0.000000
1784249655.421881,0,50.291603,-0.046528,0.003906
1784249655.431825,0,50.291603,-0.050406,0.003906
1784249655.441311,0,50.291603,-0.038774,0.003906
1784249655.450913,0,50.291634,0.019387,0.003906
1784249655.461082,0,50.291634,-0.003877,0.000000
1784249655.470769,0,50.291603,-0.058161,0.003906
1784249655.480913,0,50.291603,-0.050406,0.007812
1784249655.492239,0,50.291634,0.023264,0.003906
1784249655.502009,0,50.291634,0.000000,0.003906
1784249655.511910,0,50.291603,-0.046528,0.003906
1784249655.521879,0,50.291603,-0.046528,0.003906
1784249655.531824,0,50.291603,-0.058161,0.000000
1784249655.542216,0,50.291634,0.019387,0.003906
1784249655.550781,0,50.291603,-0.054283,0.000000
1784249655.562020,0,50.291634,0.019387,0.003906
1784249655.572114,0,50.291634,0.019387,0.003906
1784249655.582126,0,50.291634,0.007755,0.003906
1784249655.592133,0,50.291603,-0.058161,0.003906
1784249655.601914,0,50.291603,-0.034896,0.000000
1784249655.612283,0,50.291634,0.011632,0.000000
1784249655.621900,0,50.291634,0.000000,0.003906
1784249655.631948,0,50.291603,-0.046528,0.003906
1784249655.640787,0,50.291634,0.019387,0.000000
1784249655.651139,0,50.291634,0.000000,0.000000
1784249655.660971,0,50.291603,-0.046528,0.003906
1784249655.670912,0,50.291634,0.007755,0.003906
1784249655.681059,0,50.291603,-0.042651,0.003906
1784249655.691257,0,50.291634,0.000000,0.003906
1784249655.701187,0,50.291634,0.007755,0.003906
1784249655.710782,0,50.291634,-0.046528,0.003906
1784249655.720799,0,50.291634,0.015509,0.003906
1784249655.730872,0,50.291634,0.000000,0.000000
1784249655.742301,0,50.291634,0.000000,0.003906
1784249655.752267,0,50.291634,-0.038774,0.007812
1784249655.762276,0,50.291634,0.011632,0.007812
1784249655.771891,0,50.291634,0.003877,0.003906
1784249655.781889,0,50.291603,-0.046528,0.003906
1784249655.791884,0,50.291603,-0.042651,0.003906
1784249655.801802,0,50.291603,-0.031019,0.000000
1784249655.812213,0,50.291603,-0.058161,0.003906
1784249655.821873,0,50.291634,0.000000,0.003906
1784249655.830766,0,50.291603,-0.058161,0.003906
1784249655.842184,0,50.291634,0.019387,0.003906
1784249655.852212,0,50.291668,0.069793,0.003906
1784249655.862001,0,50.291634,-0.038774,0.003906
1784249655.872030,0,50.291603,-0.038774,0.003906
1784249655.882074,0,50.291603,-0.038774,0.003906
1784249655.892198,0,50.291603,-0.042651,0.000000
1784249655.902178,0,50.291603,-0.038774,0.007812
1784249655.912217,0,50.291634,-0.003877,0.003906
1784249655.921878,0,50.291634,0.007755,0.007812
1784249655.931872,0,50.291634,0.003877,0.007812
1784249655.942052,0,50.291634,0.007755,0.000000
1784249655.952003,0,50.291634,0.011632,0.007812
1784249655.960872,0,50.291603,-0.038774,0.000000
1784249655.971877,0,50.291576,-0.089180,0.003906
1784249655.981994,0,50.291603,-0.038774,0.007812
1784249655.992172,0,50.291634,0.019387,0.000000
1784249656.002180,0,50.291603,-0.058161,0.000000
1784249656.010877,0,50.291603,-0.042651,0.000000
1784249656.020745,0,50.291603,-0.058161,0.003906
1784249656.030824,0,50.291634,0.015509,0.007812
1784249656.042075,0,50.291603,-0.058161,0.007812
1784249656.052275,0,50.291603,-0.038774,0.003906
1784249656.060814,0,50.291603,0.000000,0.003906
1784249656.070755,0,50.291634,0.007755,0.003906
1784249656.080773,0,50.291603,-0.038774,0.003906
1784249656.090769,0,50.291603,-0.046528,0.003906
1784249656.100744,0,50.291603,-0.038774,0.003906
1784249656.111138,0,50.291603,-0.054283,0.000000
1784249656.121096,0,50.291634,0.000000,0.000000
1784249656.131128,0,50.291634,0.000000,0.003906
1784249656.141237,0,50.291634,0.015509,0.003906
1784249656.151259,0,50.291634,0.011632,0.003906
1784249656.160826,0,50.291603,-0.054283,0.003906
1784249656.171250,0,50.291634,0.000000,0.000000
1784249656.180751,0,50.291634,0.015509,0.007812
1784249656.190772,0,50.291603,-0.046528,0.003906
1784249656.201017,0,50.291634,0.000000,0.000000
1784249656.210777,0,50.291603,-0.050406,0.003906
1784249656.220810,0,50.291634,-0.011632,0.003906
1784249656.230728,0,50.291603,-0.050406,0.003906
1784249656.242034,0,50.291603,-0.058161,0.003906
1784249656.252238,0,50.291634,0.003877,0.003906
1784249656.262234,0,50.291603,-0.007755,0.003906
1784249656.271938,0,50.291634,0.000000,0.003906
1784249656.282041,0,50.291634,0.000000,0.003906
1784249656.291997,0,50.291603,-0.054283,0.003906
1784249656.302247,0,50.291634,0.011632,0.003906
1784249656.311992,0,50.291634,0.019387,0.000000
1784249656.321863,0,50.291603,-0.034896,0.007812
1784249656.331869,0,50.291634,0.019387,0.007812
1784249656.340827,0,50.291634,0.007755,0.007812
1784249656.351773,0,50.291603,-0.054283,0.003906
1784249656.360746,0,50.291634,-0.003877,0.000000
1784249656.371822,0,50.291634,0.000000,0.003906
1784249656.380802,0,50.291634,0.000000,0.000000
1784249656.392055,0,50.291634,0.000000,0.000000
1784249656.402113,0,50.291634,0.003877,0.007812
1784249656.412284,0,50.291634,0.000000,0.003906
1784249656.421931,0,50.291603,-0.050406,0.000000
1784249656.431769,0,50.291603,-0.042651,0.003906
1784249656.441997,0,50.291603,-0.050406,0.003906
1784249656.451744,0,50.291603,-0.058161,0.000000
1784249656.462124,0,50.291603,-0.054283,0.000000
1784249656.472130,0,50.291634,0.000000,0.003906
1784249656.481815,0,50.291634,0.000000,0.000000
1784249656.492133,0,50.291634,-0.050406,0.000000
1784249656.501826,0,50.291603,-0.046528,0.007812
1784249656.511715,0,50.291634,0.000000,0.003906
1784249656.520727,0,50.291634,0.007755,0.000000
1784249656.530713,0,50.291576,-0.108566,0.007812
1784249656.542218,0,50.291634,0.000000,0.003906
1784249656.551783,0,50.291634,0.000000,0.000000
1784249656.562225,0,50.291603,-0.054283,0.003906
1784249656.572250,0,50.291603,-0.058161,0.000000
1784249656.582037,0,50.291634,0.000000,0.000000
1784249656.592235,0,50.291603,-0.058161,0.007812
1784249656.600822,0,50.291634,0.000000,0.000000
1784249656.612216,0,50.291603,-0.058161,0.003906
1784249656.621896,0,50.291634,0.015509,0.007812
1784249656.631919,0,50.291603,-0.050406,0.003906
1784249656.642022,0,50.291634,0.003877,0.003906
1784249656.651819,0,50.291603,-0.058161,0.007812
1784249656.661998,0,50.291603,-0.054283,0.003906
1784249656.672145,0,50.291603,-0.054283,0.003906
1784249656.682211,0,50.291603,-0.054283,0.000000
1784249656.692221,0,50.291634,0.011632,0.003906
1784249656.702195,0,50.291634,0.000000,0.007812
1784249656.712220,0,50.291634,0.000000,0.003906
1784249656.720811,0,50.291603,-0.062038,0.000000
1784249656.731864,0,50.291634,0.000000,0.003906
1784249656.742218,0,50.291603,-0.050406,0.007812
1784249656.752199,0,50.291634,0.000000,0.000000
1784249656.762198,0,50.291603,-0.050406,0.003906
1784249656.772177,0,50.291634,0.000000,0.000000
1784249656.782214,0,50.291603,-0.038774,0.000000
1784249656.792202,0,50.291634,-0.046528,0.007812
1784249656.801737,0,50.291634,0.019387,0.003906
1784249656.811890,0,50.291634,0.011632,0.000000
1784249656.820772,0,50.291634,0.000000,0.003906
1784249656.831911,0,50.291634,0.019387,0.000000
1784249656.841223,0,50.291603,-0.038774,0.000000
1784249656.850698,0,50.291634,0.011632,0.003906
1784249656.862246,0,50.291603,-0.023264,0.003906
1784249656.872238,0,50.291634,0.007755,0.003906
1784249656.882051,0,50.291603,-0.058161,0.000000
1784249656.891798,0,50.291603,-0.042651,0.000000
1784249656.900720,0,50.291603,-0.034896,0.007812
1784249656.910726,0,50.291603,0.015509,0.003906
1784249656.920724,0,50.291603,-0.038774,0.003906
1784249656.931049,0,50.291634,0.000000,0.003906
1784249656.940715,0,50.291603,-0.042651,0.000000
1784249656.951045,0,50.291634,0.000000,0.003906
1784249656.960829,0,50.291603,-0.038774,0.000000
1784249656.970820,0,50.291634,0.000000,0.003906
1784249656.981206,0,50.291603,-0.038774,0.011719
1784249656.991103,0,50.291603,-0.042651,0.000000
1784249657.001076,0,50.291576,-0.096934,0.007812
1784249657.010701,0,50.291634,0.000000,0.000000
1784249657.021054,0,50.291576,-0.085302,0.003906
1784249657.031050,0,50.291634,-0.038774,0.003906
1784249657.041108,0,50.291603,-0.054283,0.003906
1784249657.051074,0,50.291634,0.007755,0.003906
1784249657.060781,0,50.291603,0.000000,0.007812
1784249657.071024,0,50.291634,0.000000,0.003906
1784249657.081228,0,50.291634,0.015509,0.003906
1784249657.091076,0,50.291603,-0.038774,-0.007812
1784249657.100793,0,50.291634,0.000000,0.000000
1784249657.110702,0,50.291603,-0.042651,0.003906
1784249657.121081,0,50.291634,0.019387,0.003906
1784249657.131045,0,50.291634,0.019387,0.003906
1784249657.140831,0,50.291603,-0.038774,0.003906
1784249657.150930,0,50.291634,0.000000,0.003906
1784249657.161071,0,50.291634,0.000000,0.003906
1784249657.170712,0,50.291634,0.019387,0.007812
1784249657.181213,0,50.291603,-0.054283,0.000000
1784249657.191106,0,50.291634,0.015509,0.000000
1784249657.201033,0,50.291634,0.007755,0.000000
1784249657.210694,0,50.291634,0.011632,0.003906
1784249657.221080,0,50.291603,-0.038774,0.003906
1784249657.231032,0,50.291603,-0.042651,0.003906
1784249657.240898,0,50.291603,-0.038774,0.007812
1784249657.251101,0,50.291603,-0.054283,0.003906
1784249657.261077,0,50.291634,0.019387,0.003906
1784249657.271089,0,50.291603,-0.054283,0.007812
1784249657.281093,0,50.291603,-0.046528,0.003906
1784249657.291103,0,50.291634,0.019387,0.003906
1784249657.301066,0,50.291634,0.000000,0.003906
1784249657.310757,0,50.291634,0.015509,0.000000
1784249657.320661,0,50.291634,0.003877,0.000000
1784249657.330979,0,50.291603,-0.058161,0.007812
1784249657.340791,0,50.291603,0.007755,0.003906
1784249657.351018,0,50.291634,0.000000,0.007812
1784249657.360743,0,50.291603,0.015509,0.003906
1784249657.370789,0,50.291634,0.000000,0.000000
1784249657.380776,0,50.291634,0.019387,0.003906
1784249657.392171,0,50.291634,0.000000,0.003906
1784249657.401793,0,50.291634,0.003877,0.003906
1784249657.411737,0,50.291603,-0.058161,0.003906
1784249657.421715,0,50.291634,0.000000,0.000000
1784249657.431808,0,50.291634,0.000000,0.003906
1784249657.441862,0,50.291603,-0.054283,0.000000
1784249657.451811,0,50.291634,0.000000,0.003906
1784249657.462004,0,50.291634,0.000000,0.007812
1784249657.471988,0,50.291634,0.000000,0.007812
1784249657.481980,0,50.291603,-0.046528,0.000000
1784249657.492168,0,50.291634,0.000000,0.003906
1784249657.502212,0,50.291603,-0.038774,0.003906
1784249657.512194,0,50.291634,0.000000,0.007812
1784249657.521816,0,50.291634,0.019387,0.003906
1784249657.532085,0,50.291634,0.015509,0.007812
1784249657.542179,0,50.291634,0.007755,0.003906
1784249657.551998,0,50.291603,-0.058161,0.003906
1784249657.562163,0,50.291603,-0.062038,0.003906
1784249657.571972,0,50.291634,0.000000,0.000000
1784249657.582157,0,50.291634,0.019387,0.003906
1784249657.592013,0,50.291603,-0.054283,0.003906
1784249657.602179,0,50.291634,0.003877,0.003906
1784249657.612205,0,50.291634,0.019387,0.003906
1784249657.621903,0,50.291634,0.011632,0.000000
1784249657.632026,0,50.291603,-0.042651,0.003906
1784249657.642180,0,50.291576,-0.104689,0.003906
1784249657.652163,0,50.291634,0.000000,0.003906
1784249657.661767,0,50.291634,0.000000,0.003906
1784249657.671777,0,50.291634,0.000000,0.000000
1784249657.681745,0,50.291634,0.000000,0.003906
1784249657.691970,0,50.291634,0.000000,0.003906
1784249657.701767,0,50.291603,-0.038774,0.007812
1784249657.711748,0,50.291634,0.000000,0.000000
1784249657.721967,0,50.291603,-0.042651,0.007812
1784249657.731755,0,50.291603,-0.050406,0.003906
1784249657.741990,0,50.291634,0.015509,0.003906
1784249657.752178,0,50.291634,0.019387,0.003906
1784249657.761817,0,50.291603,-0.038774,0.003906
1784249657.771862,0,50.291634,0.011632,0.003906
1784249657.781991,0,50.291603,-0.050406,0.000000
1784249657.791993,0,50.291634,0.015509,0.000000
1784249657.802185,0,50.291603,-0.003877,0.003906
1784249657.812153,0,50.291634,0.019387,0.000000
1784249657.821879,0,50.291634,0.011632,0.003906
1784249657.831954,0,50.291603,-0.050406,0.003906
1784249657.842185,0,50.291634,0.019387,0.003906
1784249657.852164,0,50.291634,0.007755,0.007812
1784249657.862148,0,50.291634,0.011632,0.007812
1784249657.871733,0,50.291603,-0.023264,0.003906
1784249657.880705,0,50.291603,-0.038774,0.003906
1784249657.890715,0,50.291603,-0.050406,0.003906
1784249657.901070,0,50.291603,-0.038774,0.003906
1784249657.911050,0,50.291603,-0.038774,0.000000
1784249657.920800,0,50.291603,-0.046528,0.003906
1784249657.930727,0,50.291603,-0.042651,0.003906
1784249657.940980,0,50.291603,-0.046528,0.003906
1784249657.950923,0,50.291603,-0.054283,0.003906
1784249657.960645,0,50.291603,-0.054283,0.003906
1784249657.970616,0,50.291634,0.019387,0.003906
1784249657.980650,0,50.291634,0.019387,0.007812
1784249657.990751,0,50.291634,0.011632,0.000000
1784249658.001759,0,50.291634,0.007755,0.000000
1784249658.011855,0,50.291634,0.023264,0.000000
1784249658.021801,0,50.291634,0.019387,0.003906
1784249658.031937,0,50.291603,-0.038774,0.003906
1784249658.041939,0,50.291634,-0.038774,0.003906
1784249658.052173,0,50.291634,0.019387,0.000000
1784249658.062147,0,50.291634,0.011632,0.000000
1784249658.070626,0,50.291603,-0.058161,0.000000
1784249658.080755,0,50.291603,-0.046528,0.003906
1784249658.090696,0,50.291603,-0.042651,0.003906
1784249658.101937,0,50.291634,0.019387,0.007812
1784249658.110708,0,50.291603,-0.038774,0.003906
1784249658.121775,0,50.291634,0.019387,0.003906
1784249658.130579,0,50.291576,-0.093057,0.003906
1784249658.140765,0,50.291634,0.003877,0.007812
1784249658.150907,0,50.291634,0.023264,0.003906
1784249658.160817,0,50.291634,0.019387,0.000000
1784249658.170696,0,50.291603,-0.027142,0.000000
1784249658.180621,0,50.291603,-0.038774,0.007812
1784249658.190605,0,50.291603,-0.046528,0.000000
1784249658.200615,0,50.291603,-0.058161,0.003906
1784249658.210694,0,50.291634,0.007755,0.000000
1784249658.220981,0,50.291603,-0.038774,0.007812
1784249658.230915,0,50.291603,-0.046528,0.000000
1784249658.240759,0,50.291603,-0.050406,0.003906
1784249658.250916,0,50.291603,-0.058161,0.003906
1784249658.260930,0,50.291634,0.015509,0.003906
1784249658.270896,0,50.291634,0.003877,0.003906
1784249658.280906,0,50.291576,-0.104689,0.000000
1784249658.290758,0,50.291634,0.007755,0.000000
1784249658.301965,0,50.291603,-0.050406,0.007812
1784249658.311656,0,50.291634,0.000000,0.000000
1784249658.321730,0,50.291634,0.000000,0.003906
1784249658.330564,0,50.291603,-0.054283,0.003906
1784249658.341632,0,50.291634,-0.003877,0.003906
1784249658.351643,0,50.291603,-0.058161,0.003906
1784249658.361674,0,50.291634,0.000000,0.000000
1784249658.371756,0,50.291634,0.000000,0.003906
1784249658.380675,0,50.291603,-0.058161,0.003906
1784249658.391804,0,50.291603,-0.054283,0.000000
1784249658.401859,0,50.291634,0.000000,0.003906
1784249658.411691,0,50.291634,0.000000,0.003906
1784249658.421745,0,50.291634,0.003877,0.003906
1784249658.431710,0,50.291634,0.011632,0.003906
1784249658.441728,0,50.291603,-0.062038,0.000000
1784249658.451758,0,50.291603,-0.058161,0.003906
1784249658.461685,0,50.291603,-0.038774,0.000000
1784249658.471792,0,50.291603,-0.054283,0.000000
1784249658.481739,0,50.291634,0.003877,0.000000
1784249658.491631,0,50.291634,0.000000,0.007812
1784249658.501785,0,50.291603,-0.054283,0.000000
1784249658.510670,0,50.291603,-0.062038,0.000000
1784249658.521605,0,50.291634,-0.046528,0.000000
1784249658.530705,0,50.291603,-0.038774,0.003906
1784249658.541744,0,50.291634,0.000000,0.007812
1784249658.552132,0,50.291603,-0.050406,0.000000
1784249658.562091,0,50.291603,-0.046528,0.003906
1784249658.572121,0,50.291603,-0.054283,0.003906
1784249658.582122,0,50.291603,-0.034896,0.003906
1784249658.591995,0,50.291603,-0.050406,0.003906
1784249658.602106,0,50.291634,0.000000,0.003906
1784249658.612124,0,50.291634,0.003877,0.007812
1784249658.621742,0,50.291603,-0.058161,0.003906
1784249658.631811,0,50.291603,-0.058161,0.003906
1784249658.641752,0,50.291634,0.000000,0.000000
1784249658.651721,0,50.291634,0.003877,0.007812
1784249658.661905,0,50.291634,0.000000,0.007812
1784249658.672085,0,50.291634,0.000000,0.000000
1784249658.682087,0,50.291603,-0.050406,0.003906
1784249658.691783,0,50.291603,-0.042651,0.003906
1784249658.702077,0,50.291603,-0.046528,0.007812
1784249658.712068,0,50.291634,0.007755,0.003906
1784249658.721809,0,50.291634,0.000000,0.003906
1784249658.731957,0,50.291603,-0.058161,0.003906
1784249658.741687,0,50.291634,0.000000,0.003906
1784249658.751878,0,50.291603,-0.058161,0.003906
1784249658.761804,0,50.291634,0.003877,0.003906
1784249658.771949,0,50.291634,0.015509,0.003906
1784249658.782065,0,50.291603,-0.038774,0.000000
1784249658.791670,0,50.291603,-0.054283,0.003906
1784249658.802097,0,50.291634,0.003877,0.003906
1784249658.812107,0,50.291603,-0.050406,0.003906
1784249658.821877,0,50.291603,0.000000,0.000000
1784249658.831751,0,50.291634,0.011632,0.003906
1784249658.841935,0,50.291634,0.007755,0.003906
1784249658.852084,0,50.291634,0.003877,0.000000
1784249658.861817,0,50.291634,-0.003877,0.011719
1784249658.871809,0,50.291603,-0.042651,0.000000
1784249658.881963,0,50.291634,0.019387,0.003906
1784249658.891887,0,50.291603,-0.034896,0.003906
1784249658.902056,0,50.291603,-0.038774,0.000000
1784249658.912053,0,50.291603,0.000000,0.003906
1784249658.921913,0,50.291634,0.007755,0.003906
1784249658.931985,0,50.291603,-0.046528,0.003906
1784249658.941633,0,50.291634,0.023264,0.003906
1784249658.951884,0,50.291603,-0.038774,0.003906
1784249658.961907,0,50.291634,0.019387,0.003906
1784249658.971831,0,50.291603,-0.046528,0.000000
1784249658.981765,0,50.291603,-0.042651,0.003906
1784249658.991652,0,50.291603,-0.054283,0.003906
1784249659.002060,0,50.291634,-0.050406,0.003906
1784249659.012069,0,50.291603,-0.054283,0.000000
1784249659.021941,0,50.291634,0.019387,0.003906
1784249659.031814,0,50.291603,-0.050406,0.003906
1784249659.041682,0,50.291634,0.003877,0.000000
1784249659.052035,0,50.291603,-0.038774,0.000000
1784249659.061880,0,50.291603,-0.050406,-0.011719
1784249659.071895,0,50.291634,0.019387,0.003906
1784249659.081876,0,50.291634,0.000000,0.003906
1784249659.091674,0,50.291634,0.027142,0.003906
1784249659.101785,0,50.291634,0.007755,0.003906
1784249659.111721,0,50.291603,-0.050406,0.003906
1784249659.121755,0,50.291603,-0.038774,0.003906
1784249659.131750,0,50.291576,-0.112444,0.003906
1784249659.141744,0,50.291603,-0.058161,0.003906
1784249659.151688,0,50.291634,0.019387,0.003906
1784249659.161872,0,50.291634,0.019387,0.000000
1784249659.171883,0,50.291634,0.031019,0.003906
1784249659.182063,0,50.291603,-0.050406,0.003906
1784249659.191864,0,50.291603,-0.054283,0.000000
1784249659.202060,0,50.291634,0.000000,0.003906
1784249659.212069,0,50.291634,0.011632,0.000000
1784249659.221750,0,50.291634,0.019387,0.000000
1784249659.231861,0,50.291634,-0.038774,0.007812
1784249659.241699,0,50.291603,0.019387,0.000000
1784249659.252040,0,50.291603,0.003877,0.000000
1784249659.261718,0,50.291603,-0.034896,0.003906
1784249659.271698,0,50.291634,0.023264,0.007812
1784249659.281823,0,50.291634,0.000000,0.003906
1784249659.291701,0,50.291576,-0.104689,0.007812
1784249659.302037,0,50.291603,-0.027142,0.003906
1784249659.312040,0,50.291634,0.015509,0.003906
1784249659.321925,0,50.291603,-0.050406,0.000000
1784249659.331795,0,50.291603,-0.042651,0.000000
1784249659.341858,0,50.291634,0.003877,0.007812
1784249659.352075,0,50.291634,0.011632,0.000000
1784249659.362059,0,50.291634,0.000000,0.003906
1784249659.371736,0,50.291634,0.015509,0.003906
1784249659.381863,0,50.291634,0.000000,0.003906
1784249659.391886,0,50.291634,0.011632,0.007812
1784249659.402066,0,50.291634,0.000000,0.000000
1784249659.412040,0,50.291603,-0.038774,0.003906
1784249659.421900,0,50.291634,0.011632,0.003906
1784249659.432088,0,50.291634,0.000000,0.000000
1784249659.441885,0,50.291634,0.003877,0.000000
1784249659.451772,0,50.291603,-0.042651,0.003906
1784249659.461690,0,50.291634,0.003877,0.007812
1784249659.471820,0,50.291603,-0.050406,0.003906
1784249659.481881,0,50.291603,-0.038774,0.003906
1784249659.491900,0,50.291634,0.003877,0.000000
1784249659.501684,0,50.291634,0.019387,0.003906
1784249659.512058,0,50.291634,0.015509,0.003906
1784249659.521872,0,50.291634,0.015509,0.003906
1784249659.531699,0,50.291634,0.000000,0.000000
1784249659.541660,0,50.291603,-0.038774,0.003906
1784249659.552056,0,50.291603,-0.046528,0.000000
1784249659.562067,0,50.291634,0.000000,0.003906
1784249659.572094,0,50.291634,0.000000,0.003906
1784249659.581727,0,50.291634,0.000000,0.003906
1784249659.591751,0,50.291603,-0.058161,0.003906
1784249659.601762,0,50.291603,-0.054283,0.000000
1784249659.612070,0,50.291634,-0.007755,0.000000
1784249659.621880,0,50.291634,-0.003877,0.000000
1784249659.631790,0,50.291634,0.000000,0.003906
1784249659.641755,0,50.291634,0.003877,0.003906
1784249659.651864,0,50.291634,0.000000,0.003906
1784249659.662061,0,50.291634,0.000000,0.000000
1784249659.671712,0,50.291634,-0.003877,0.000000
1784249659.681745,0,50.291603,-0.050406,0.000000
1784249659.691564,0,50.291634,0.000000,0.000000
1784249659.701741,0,50.291634,0.000000,0.003906
1784249659.711585,0,50.291603,-0.058161,0.003906
1784249659.721529,0,50.291603,-0.058161,0.003906
1784249659.731744,0,50.291634,0.007755,0.003906
1784249659.741514,0,50.291634,0.000000,0.000000
1784249659.751763,0,50.291603,-0.054283,0.003906
1784249659.761594,0,50.291634,0.000000,0.003906
1784249659.771780,0,50.291603,-0.038774,0.003906
1784249659.781486,0,50.291634,0.003877,0.000000
1784249659.791737,0,50.291634,0.000000,0.003906
1784249659.801776,0,50.291603,-0.050406,0.003906
1784249659.811631,0,50.291603,-0.038774,0.003906
1784249659.821651,0,50.291603,-0.038774,0.003906
1784249659.831720,0,50.291603,-0.038774,0.003906
1784249659.841749,0,50.291603,-0.038774,0.000000
1784249659.852069,0,50.291603,-0.038774,0.000000
1784249659.862052,0,50.291576,-0.100812,0.003906
1784249659.872025,0,50.291634,0.000000,0.003906
1784249659.882062,0,50.291603,-0.042651,0.003906
1784249659.891749,0,50.291603,-0.038774,0.003906
1784249659.902047,0,50.291603,-0.046528,0.007812
1784249659.911597,0,50.291634,0.007755,0.000000
1784249659.921604,0,50.291634,0.015509,0.003906
1784249659.931737,0,50.291634,0.007755,0.003906
1784249659.941748,0,50.291603,-0.046528,0.003906
1784249659.951585,0,50.291603,-0.046528,0.000000
1784249659.961669,0,50.291634,0.019387,0.003906
1784249659.972075,0,50.291603,-0.034896,0.000000
1784249659.981743,0,50.291634,0.019387,0.003906
1784249659.991605,0,50.291603,-0.046528,0.003906
1784249660.001801,0,50.291603,-0.038774,0.000000
1784249660.012098,0,50.291634,0.003877,0.003906
1784249660.021679,0,50.291603,-0.031019,0.000000
1784249660.031738,0,50.291603,-0.050406,0.000000
1784249660.041944,0,50.291634,0.011632,0.000000
1784249660.051998,0,50.291603,-0.042651,0.000000
1784249660.062067,0,50.291603,-0.042651,0.007812
1784249660.072022,0,50.291634,0.003877,0.000000
1784249660.081990,0,50.291634,-0.042651,0.000000
1784249660.091751,0,50.291603,-0.038774,0.000000
1784249660.102044,0,50.291634,0.011632,0.003906
1784249660.111610,0,50.291603,-0.038774,0.000000
1784249660.121698,0,50.291603,-0.038774,0.007812
1784249660.131527,0,50.291603,-0.046528,0.003906
1784249660.141584,0,50.291576,-0.104689,0.003906
1784249660.151728,0,50.291634,0.019387,0.003906
1784249660.161993,0,50.291634,0.000000,0.000000
1784249660.172056,0,50.291634,0.015509,0.007812
1784249660.182008,0,50.291603,-0.050406,0.000000
1784249660.191735,0,50.291634,0.000000,0.000000
1784249660.202002,0,50.291603,-0.050406,0.000000
1784249660.212074,0,50.291634,0.000000,0.000000
1784249660.221828,0,50.291603,-0.038774,0.003906
1784249660.231661,0,50.291634,0.003877,0.000000
1784249660.241721,0,50.291603,-0.038774,0.003906
1784249660.251539,0,50.291603,-0.054283,0.000000
1784249660.261656,0,50.291603,-0.058161,0.003906
1784249660.271811,0,50.291603,-0.046528,0.003906
1784249660.282030,0,50.291634,0.000000,0.003906
1784249660.291900,0,50.291634,0.007755,0.000000
1784249660.301980,0,50.291603,-0.058161,0.007812
1784249660.311973,0,50.291634,-0.007755,0.000000
1784249660.321930,0,50.291603,-0.058161,0.003906
1784249660.331995,0,50.291634,0.007755,0.003906
1784249660.341728,0,50.291603,-0.058161,0.007812
1784249660.351761,0,50.291576,-0.112444,0.000000
1784249660.361696,0,50.291634,0.011632,0.007812
1784249660.371584,0,50.291576,-0.096934,0.003906
1784249660.381716,0,50.291634,0.000000,0.000000
1784249660.392044,0,50.291634,0.007755,0.003906
1784249660.401993,0,50.291603,-0.058161,0.003906
1784249660.411990,0,50.291603,0.015509,0.003906
1784249660.421829,0,50.291634,0.003877,0.003906
1784249660.431754,0,50.291634,-0.042651,0.003906
1784249660.441975,0,50.291603,-0.038774,0.007812
1784249660.451999,0,50.291634,0.000000,0.000000
1784249660.461723,0,50.291634,0.003877,0.003906
1784249660.471736,0,50.291603,-0.038774,0.003906
1784249660.481974,0,50.291603,-0.054283,0.003906
1784249660.491690,0,50.291603,-0.062038,0.000000
1784249660.501745,0,50.291603,-0.046528,0.003906
1784249660.511985,0,50.291603,0.000000,0.000000
1784249660.521608,0,50.291634,0.007755,0.003906
1784249660.531976,0,50.291603,-0.058161,0.003906
1784249660.541564,0,50.291634,0.007755,0.000000
1784249660.551547,0,50.291634,0.000000,0.003906
1784249660.561492,0,50.291603,-0.042651,0.003906
1784249660.571717,0,50.291603,-0.042651,0.003906
1784249660.581580,0,50.291634,0.003877,0.003906
1784249660.591699,0,50.291603,-0.031019,0.003906
1784249660.601713,0,50.291603,-0.050406,0.003906
1784249660.611953,0,50.291634,0.003877,0.011719
1784249660.621745,0,50.291603,-0.058161,0.003906
1784249660.631740,0,50.291634,0.000000,0.003906
1784249660.641952,0,50.291634,0.015509,0.003906
1784249660.651982,0,50.291634,0.003877,0.003906
1784249660.661975,0,50.291603,-0.038774,0.003906
1784249660.671704,0,50.291634,0.019387,0.003906
1784249660.681951,0,50.291634,0.003877,0.007812
1784249660.691742,0,50.291634,0.007755,0.000000
1784249660.701976,0,50.291634,0.011632,0.000000
1784249660.711621,0,50.291668,0.054283,0.000000
1784249660.721958,0,50.291634,0.000000,0.003906
1784249660.731956,0,50.291603,-0.042651,0.007812
1784249660.741822,0,50.291634,0.000000,0.003906
1784249660.751967,0,50.291603,-0.042651,0.003906
1784249660.761686,0,50.291603,-0.038774,0.007812
1784249660.771985,0,50.291603,-0.058161,0.003906
1784249660.781648,0,50.291603,-0.046528,0.003906
1784249660.791707,0,50.291634,0.011632,0.003906
1784249660.801660,0,50.291634,0.000000,0.000000
1784249660.811959,0,50.291634,0.007755,0.003906
1784249660.821714,0,50.291634,0.019387,0.003906
1784249660.831459,0,50.291634,0.015509,0.007812
1784249660.841671,0,50.291603,-0.031019,0.003906
1784249660.851775,0,50.291603,-0.038774,0.003906
1784249660.861778,0,50.291603,-0.054283,0.007812
1784249660.871778,0,50.291634,0.019387,0.003906
1784249660.881784,0,50.291634,0.019387,0.003906
1784249660.891606,0,50.291634,0.011632,0.003906
1784249660.901604,0,50.291576,-0.085302,0.000000
1784249660.911461,0,50.291603,-0.058161,0.003906
1784249660.921698,0,50.291634,0.015509,0.003906
1784249660.931760,0,50.291634,0.007755,0.000000
1784249660.941769,0,50.291634,0.003877,0.011719
1784249660.951777,0,50.291603,-0.038774,0.003906
1784249660.961775,0,50.291634,0.000000,0.000000
1784249660.971780,0,50.291603,-0.038774,0.003906
1784249660.981775,0,50.291603,-0.038774,0.003906
1784249660.991587,0,50.291634,0.003877,0.000000
1784249661.001608,0,50.291634,0.007755,0.003906
1784249661.011442,0,50.291634,0.015509,0.000000
1784249661.021461,0,50.291634,0.000000,0.003906
1784249661.031337,0,50.291634,0.019387,0.003906
1784249661.041771,0,50.291603,-0.046528,0.000000
1784249661.051500,0,50.291603,-0.042651,0.000000
1784249661.061587,0,50.291603,-0.038774,0.003906
1784249661.071681,0,50.291634,0.000000,0.003906
1784249661.081789,0,50.291634,0.011632,0.003906
1784249661.091777,0,50.291634,0.007755,0.000000
1784249661.101772,0,50.291634,0.000000,0.000000
1784249661.111567,0,50.291603,-0.038774,0.007812
1784249661.121566,0,50.291634,0.000000,0.000000
1784249661.131577,0,50.291603,-0.054283,0.007812
1784249661.141742,0,50.291603,-0.031019,0.003906
1784249661.151776,0,50.291603,-0.042651,0.000000
1784249661.161758,0,50.291603,-0.058161,0.003906
1784249661.171771,0,50.291634,0.000000,0.003906
1784249661.181770,0,50.291634,0.000000,0.003906
1784249661.191751,0,50.291634,0.015509,0.000000
1784249661.201567,0,50.291603,-0.046528,0.003906
1784249661.211942,0,50.291634,0.015509,0.003906
1784249661.221421,0,50.291603,-0.054283,0.003906
1784249661.231413,0,50.291603,-0.042651,0.003906
1784249661.241321,0,50.291576,-0.108566,0.003906
1784249661.251732,0,50.291603,-0.058161,0.003906
1784249661.261770,0,50.291634,0.011632,0.000000
1784249661.271516,0,50.291634,0.000000,0.000000
1784249661.281528,0,50.291634,0.000000,0.000000
1784249661.291739,0,50.291603,-0.003877,0.003906
1784249661.301772,0,50.291634,0.019387,0.000000
1784249661.311450,0,50.291634,0.011632,0.003906
1784249661.320297,0,50.291634,0.000000,0.000000
1784249661.331437,0,50.291603,0.000000,0.003906
1784249661.341437,0,50.291634,0.011632,0.003906
1784249661.351741,0,50.291634,0.007755,0.003906
1784249661.361630,0,50.291603,-0.054283,0.000000
1784249661.371598,0,50.291634,0.000000,0.000000
1784249661.381935,0,50.291634,0.011632,0.003906
1784249661.391941,0,50.291603,-0.058161,0.003906
1784249661.401941,0,50.291634,0.007755,0.003906
1784249661.411510,0,50.291634,0.000000,0.003906
1784249661.421827,0,50.291634,0.000000,0.000000
1784249661.431524,0,50.291634,0.000000,0.000000
1784249661.441550,0,50.291634,0.000000,0.000000
1784249661.451557,0,50.291634,0.000000,0.003906
1784249661.461726,0,50.291603,-0.050406,0.003906
1784249661.471740,0,50.291603,-0.038774,0.003906
1784249661.481723,0,50.291634,0.000000,0.003906
1784249661.491719,0,50.291603,-0.046528,0.003906
1784249661.501920,0,50.291634,0.000000,0.000000
1784249661.511622,0,50.291603,0.007755,0.003906
1784249661.521563,0,50.291603,-0.054283,0.007812
1784249661.531736,0,50.291603,-0.054283,0.003906
1784249661.541656,0,50.291603,-0.042651,0.003906
1784249661.551626,0,50.291634,-0.042651,0.007812
1784249661.561619,0,50.291634,0.007755,0.007812
1784249661.571615,0,50.291634,0.007755,0.000000
1784249661.581926,0,50.291634,-0.003877,0.000000
1784249661.591923,0,50.291603,-0.046528,0.000000
1784249661.601938,0,50.291603,-0.031019,0.003906
1784249661.611950,0,50.291603,-0.058161,0.003906
1784249661.621913,0,50.291634,0.000000,0.000000
1784249661.631697,0,50.291634,-0.003877,0.003906
1784249661.641913,0,50.291603,-0.058161,0.003906
1784249661.651480,0,50.291576,-0.108566,0.000000
1784249661.661623,0,50.291603,-0.058161,0.003906
1784249661.671650,0,50.291634,-0.003877,0.003906
1784249661.681935,0,50.291634,0.000000,0.003906
1784249661.691905,0,50.291634,0.000000,0.003906
1784249661.701915,0,50.291634,-0.003877,0.003906
1784249661.711933,0,50.291603,-0.050406,0.003906
1784249661.721615,0,50.291603,0.000000,0.000000
1784249661.731901,0,50.291603,-0.038774,0.003906
1784249661.741618,0,50.291603,-0.046528,0.003906
1784249661.751611,0,50.291603,-0.042651,0.003906
1784249661.761670,0,50.291634,0.007755,0.003906
1784249661.771618,0,50.291634,0.007755,0.003906
1784249661.781637,0,50.291634,0.019387,0.003906
1784249661.791929,0,50.291634,0.003877,0.003906
1784249661.801922,0,50.291634,0.007755,0.000000
1784249661.811931,0,50.291576,-0.058161,0.007812
1784249661.821901,0,50.291634,0.015509,0.003906
1784249661.831680,0,50.291634,0.003877,0.003906
1784249661.841932,0,50.291634,0.011632,0.000000
1784249661.851949,0,50.291603,-0.042651,0.003906
1784249661.861659,0,50.291634,0.000000,0.003906
1784249661.871804,0,50.291634,0.003877,0.000000
1784249661.881603,0,50.291634,0.000000,0.003906
1784249661.891644,0,50.291603,-0.042651,0.000000
1784249661.901907,0,50.291634,0.015509,0.000000
1784249661.911798,0,50.291634,0.000000,0.003906
1784249661.921489,0,50.291603,-0.058161,0.003906
1784249661.931863,0,50.291634,0.000000,0.003906
1784249661.941665,0,50.291603,-0.038774,0.007812
1784249661.951928,0,50.291634,0.023264,0.003906
1784249661.961906,0,50.291576,-0.100812,0.003906
1784249661.971539,0,50.291634,0.000000,0.003906
1784249661.981348,0,50.291634,0.015509,0.003906
1784249661.991345,0,50.291634,0.011632,0.003906
1784249662.001371,0,50.291634,0.015509,0.003906
1784249662.011568,0,50.291634,0.007755,0.003906
1784249662.021599,0,50.291634,0.000000,0.003906
1784249662.031456,0,50.291576,-0.093057,0.007812
1784249662.041607,0,50.291603,-0.054283,0.003906
1784249662.051593,0,50.291634,0.007755,0.003906
1784249662.061695,0,50.291603,-0.058161,0.003906
1784249662.071659,0,50.291634,0.000000,0.000000
1784249662.081915,0,50.291603,-0.038774,0.000000
1784249662.091613,0,50.291603,-0.062038,0.000000
1784249662.101607,0,50.291603,0.007755,0.003906
1784249662.111611,0,50.291603,-0.058161,0.000000
1784249662.121550,0,50.291603,-0.038774,0.003906
1784249662.131670,0,50.291634,0.003877,0.007812
1784249662.141657,0,50.291634,0.000000,0.000000
1784249662.151924,0,50.291603,-0.050406,0.003906
1784249662.161588,0,50.291603,-0.054283,0.003906
1784249662.171909,0,50.291634,0.003877,0.003906
1784249662.181914,0,50.291634,0.015509,0.000000
1784249662.191358,0,50.291634,0.000000,0.000000
1784249662.201617,0,50.291634,0.000000,0.003906
1784249662.211587,0,50.291634,0.000000,0.003906
1784249662.221595,0,50.291634,0.011632,0.000000
1784249662.231690,0,50.291634,0.007755,0.007812
1784249662.241616,0,50.291576,-0.112444,0.000000
1784249662.251598,0,50.291634,0.007755,0.003906
1784249662.261591,0,50.291603,-0.042651,0.003906
1784249662.271338,0,50.291634,0.011632,0.000000
1784249662.281613,0,50.291634,0.003877,0.007812
1784249662.291451,0,50.291634,0.000000,0.003906
1784249662.301582,0,50.291634,0.011632,0.007812
1784249662.311588,0,50.291634,-0.007755,0.000000
1784249662.321359,0,50.291634,0.003877,0.000000
1784249662.331550,0,50.291634,0.000000,0.000000
1784249662.341481,0,50.291634,0.000000,0.003906
1784249662.351667,0,50.291634,0.000000,0.003906
1784249662.361931,0,50.291634,0.003877,0.000000
1784249662.371536,0,50.291634,0.003877,0.003906
1784249662.381891,0,50.291634,-0.007755,0.007812
1784249662.391910,0,50.291634,0.019387,0.003906
1784249662.401904,0,50.291603,-0.050406,0.003906
1784249662.411432,0,50.291634,0.003877,0.007812
1784249662.421622,0,50.291634,-0.015509,0.000000
1784249662.431332,0,50.291634,0.011632,0.003906
1784249662.441614,0,50.291668,0.062038,0.011719
1784249662.451560,0,50.291634,0.011632,0.007812
1784249662.461832,0,50.291634,0.003877,0.007812
1784249662.471893,0,50.291603,-0.058161,0.000000
1784249662.481248,0,50.291634,0.007755,0.003906
1784249662.491317,0,50.291603,-0.065915,0.000000
1784249662.501461,0,50.291603,-0.058161,0.000000
1784249662.511318,0,50.291634,0.007755,0.003906
1784249662.521281,0,50.291634,0.000000,0.007812
1784249662.531425,0,50.291603,-0.046528,0.000000
1784249662.541418,0,50.291603,-0.046528,0.000000
1784249662.551330,0,50.291603,-0.062038,0.000000
1784249662.561651,0,50.291603,0.011632,0.000000
1784249662.571667,0,50.291634,0.003877,0.003906
1784249662.581231,0,50.291603,-0.054283,0.003906
1784249662.591333,0,50.291603,-0.058161,0.003906
1784249662.601305,0,50.291634,0.000000,0.000000
1784249662.611433,0,50.291634,0.011632,0.003906
1784249662.621526,0,50.291634,0.000000,0.003906
1784249662.631456,0,50.291634,0.000000,0.007812
1784249662.641641,0,50.291603,-0.038774,0.000000
1784249662.651227,0,50.291634,0.000000,0.003906
1784249662.661689,0,50.291603,-0.054283,0.007812
1784249662.671431,0,50.291603,-0.062038,0.003906
1784249662.681470,0,50.291603,-0.050406,0.003906
1784249662.691329,0,50.291603,-0.058161,0.003906
1784249662.701226,0,50.291634,0.019387,0.003906
1784249662.711473,0,50.291603,-0.050406,0.000000
1784249662.721478,0,50.291603,-0.054283,0.003906
1784249662.731348,0,50.291634,0.000000,0.000000
1784249662.741632,0,50.291634,0.019387,0.003906
1784249662.751501,0,50.291634,0.015509,0.000000
1784249662.761423,0,50.291603,-0.058161,0.003906
1784249662.771640,0,50.291603,-0.046528,0.003906
1784249662.781634,0,50.291603,-0.038774,0.003906
1784249662.791432,0,50.291603,-0.050406,0.003906
1784249662.801287,0,50.291603,-0.042651,0.000000
1784249662.811468,0,50.291603,-0.058161,0.000000
1784249662.821288,0,50.291603,-0.062038,0.007812
1784249662.831490,0,50.291603,-0.038774,0.003906
1784249662.841385,0,50.291603,-0.050406,0.000000
1784249662.851531,0,50.291634,0.011632,0.003906
1784249662.861555,0,50.291603,-0.062038,0.000000
1784249662.871631,0,50.291634,0.003877,0.000000
1784249662.881613,0,50.291603,-0.038774,0.007812
1784249662.891627,0,50.291603,-0.042651,0.003906
1784249662.901373,0,50.291603,-0.058161,0.003906
1784249662.911588,0,50.291634,-0.003877,0.003906
1784249662.921556,0,50.291634,0.007755,0.003906
1784249662.931430,0,50.291634,0.003877,0.003906
1784249662.941541,0,50.291634,0.011632,0.000000
1784249662.951362,0,50.291603,-0.042651,0.003906
1784249662.961447,0,50.291603,-0.031019,0.003906
1784249662.971775,0,50.291603,-0.046528,0.007812
1784249662.981678,0,50.291634,0.000000,0.003906
1784249662.991786,0,50.291634,0.000000,0.003906
1784249663.001395,0,50.291603,-0.038774,0.000000
1784249663.011300,0,50.291603,-0.058161,0.003906
1784249663.021688,0,50.291603,0.000000,0.003906
1784249663.031549,0,50.291603,-0.046528,0.000000
1784249663.041530,0,50.291634,0.019387,0.003906
1784249663.051592,0,50.291603,-0.031019,0.000000
1784249663.061305,0,50.291634,0.015509,0.007812
1784249663.071786,0,50.291603,-0.058161,0.000000
1784249663.081430,0,50.291603,-0.042651,0.003906
1784249663.091444,0,50.291603,-0.054283,0.007812
1784249663.101300,0,50.291634,0.000000,0.000000
1784249663.111527,0,50.291603,-0.050406,0.003906
1784249663.121286,0,50.291634,0.007755,0.007812
1784249663.131292,0,50.291603,-0.046528,0.003906
1784249663.141556,0,50.291634,0.019387,0.003906
1784249663.151318,0,50.291603,-0.058161,0.000000
1784249663.161557,0,50.291634,-0.058161,0.000000
1784249663.171627,0,50.291603,-0.042651,0.003906
1784249663.181674,0,50.291603,-0.058161,0.000000
1784249663.191532,0,50.291603,-0.050406,0.000000
1784249663.201423,0,50.291634,0.000000,0.003906
1784249663.211810,0,50.291603,-0.034896,0.003906
1784249663.221302,0,50.291634,0.000000,0.003906
1784249663.231367,0,50.291634,0.000000,0.003906
1784249663.241541,0,50.291603,-0.038774,0.003906
1784249663.251451,0,50.291634,0.000000,0.000000
1784249663.261542,0,50.291634,0.003877,0.003906
1784249663.271444,0,50.291634,0.023264,0.007812
1784249663.281393,0,50.291634,0.015509,0.003906
1784249663.291580,0,50.291603,-0.058161,0.000000
1784249663.301555,0,50.291634,0.003877,0.003906
1784249663.311717,0,50.291634,0.000000,0.000000
1784249663.321637,0,50.291634,0.000000,0.003906
1784249663.331457,0,50.291634,0.000000,0.003906
1784249663.341528,0,50.291634,0.000000,0.007812
1784249663.351296,0,50.291603,-0.054283,0.007812
1784249663.361526,0,50.291634,-0.042651,0.007812
1784249663.371439,0,50.291634,0.019387,0.003906
1784249663.381699,0,50.291634,0.003877,0.003906
1784249663.391592,0,50.291634,0.011632,0.007812
1784249663.401522,0,50.291634,0.007755,0.000000
1784249663.411755,0,50.291634,0.000000,0.003906
1784249663.421722,0,50.291603,-0.042651,0.003906
1784249663.431818,0,50.291634,0.000000,0.003906
1784249663.441810,0,50.291634,0.011632,0.003906
1784249663.451509,0,50.291603,-0.042651,0.003906
1784249663.461768,0,50.291634,0.019387,0.007812
1784249663.471525,0,50.291634,0.000000,0.003906
1784249663.481544,0,50.291634,-0.003877,0.003906
1784249663.491614,0,50.291634,0.000000,0.003906
1784249663.501393,0,50.291634,0.000000,0.003906
1784249663.511776,0,50.291634,0.000000,0.003906
1784249663.521508,0,50.291603,-0.058161,0.000000
1784249663.531402,0,50.291603,-0.054283,0.000000
1784249663.541777,0,50.291603,-0.054283,0.003906
1784249663.551528,0,50.291634,0.000000,0.000000
1784249663.561792,0,50.291603,-0.038774,0.007812
1784249663.571365,0,50.291603,-0.058161,0.007812
1784249663.581389,0,50.291576,-0.116321,0.000000
1784249663.591462,0,50.291603,-0.027142,0.003906
1784249663.601347,0,50.291634,0.000000,0.000000
1784249663.611544,0,50.291634,0.000000,0.003906
1784249663.621648,0,50.291634,0.000000,0.003906
1784249663.631570,0,50.291603,-0.058161,0.000000
1784249663.641520,0,50.291603,-0.050406,0.003906
1784249663.651599,0,50.291634,0.000000,0.000000
1784249663.661708,0,50.291634,-0.007755,0.003906
1784249663.671423,0,50.291603,-0.050406,0.000000
1784249663.681556,0,50.291634,0.003877,0.000000
1784249663.691535,0,50.291603,-0.038774,0.007812
1784249663.701303,0,50.291634,0.000000,0.003906
1784249663.711546,0,50.291634,0.000000,0.003906
1784249663.721430,0,50.291603,0.000000,0.000000
1784249663.731443,0,50.291634,0.015509,0.003906
1784249663.741643,0,50.291634,0.011632,0.003906
1784249663.751577,0,50.291603,-0.038774,0.003906
1784249663.761540,0,50.291634,0.000000,0.003906
1784249663.771309,0,50.291634,0.015509,0.003906
1784249663.781329,0,50.291634,0.000000,0.003906
1784249663.791719,0,50.291634,-0.038774,0.000000
1784249663.801321,0,50.291603,-0.046528,0.000000
1784249663.811596,0,50.291634,0.000000,0.000000
1784249663.821306,0,50.291634,-0.003877,0.003906
1784249663.831442,0,50.291634,-0.007755,0.000000
1784249663.841585,0,50.291603,-0.038774,0.000000
1784249663.851443,0,50.291634,0.000000,0.003906
1784249663.861725,0,50.291603,0.007755,0.007812
1784249663.871349,0,50.291634,0.003877,0.000000
1784249663.881640,0,50.291603,-0.054283,0.003906
1784249663.891610,0,50.291634,0.015509,0.000000
1784249663.901540,0,50.291603,-0.038774,0.003906
1784249663.911557,0,50.291634,0.011632,0.003906
1784249663.921556,0,50.291634,0.003877,0.003906
1784249663.931442,0,50.291634,0.000000,0.003906
1784249663.941636,0,50.291634,0.011632,0.003906
1784249663.951365,0,50.291634,0.000000,0.003906
1784249663.961364,0,50.291634,0.000000,0.007812
1784249663.971451,0,50.291603,0.007755,0.003906
1784249663.981396,0,50.291603,-0.046528,0.003906
1784249663.991748,0,50.291603,-0.046528,0.007812
1784249664.001736,0,50.291634,0.019387,0.003906
1784249664.011577,0,50.291603,-0.054283,0.003906
1784249664.021595,0,50.291634,0.019387,0.007812
1784249664.031457,0,50.291634,0.011632,0.000000
1784249664.041689,0,50.291634,0.000000,0.003906
1784249664.051475,0,50.291634,0.000000,0.003906
1784249664.061315,0,50.291634,0.000000,0.003906
1784249664.071458,0,50.291634,0.003877,0.003906
1784249664.081518,0,50.291634,0.000000,0.007812
1784249664.091514,0,50.291634,0.000000,0.003906
1784249664.101565,0,50.291634,0.000000,0.007812
1784249664.111336,0,50.291634,0.019387,0.003906
1784249664.121566,0,50.291603,-0.038774,0.003906
1784249664.131589,0,50.291603,-0.038774,0.000000
1784249664.141355,0,50.291634,0.000000,0.003906
1784249664.151384,0,50.291603,-0.050406,0.003906
1784249664.161399,0,50.291603,-0.054283,0.000000
1784249664.171642,0,50.291634,0.000000,0.000000
1784249664.181584,0,50.291603,-0.058161,0.003906
1784249664.191742,0,50.291634,0.000000,0.003906
1784249664.201356,0,50.291603,-0.038774,0.003906
1784249664.211487,0,50.291634,0.007755,0.003906
1784249664.221468,0,50.291603,-0.058161,0.003906
1784249664.231603,0,50.291634,0.000000,0.003906
1784249664.241328,0,50.291634,0.000000,0.003906
1784249664.251334,0,50.291634,-0.003877,0.003906
1784249664.261303,0,50.291634,0.000000,0.000000
1784249664.271685,0,50.291603,-0.054283,0.000000
1784249664.281395,0,50.291634,0.000000,0.003906
1784249664.291444,0,50.291634,0.003877,0.003906
1784249664.301434,0,50.291634,0.003877,0.003906
1784249664.311360,0,50.291634,0.000000,0.003906
1784249664.321543,0,50.291634,0.000000,0.003906
1784249664.331307,0,50.291634,-0.058161,0.003906
1784249664.341308,0,50.291634,0.000000,0.003906
1784249664.351304,0,50.291668,0.054283,0.000000
1784249664.361334,0,50.291634,0.011632,0.000000
1784249664.371355,0,50.291634,0.000000,0.003906
1784249664.381313,0,50.291603,-0.058161,0.003906
1784249664.391304,0,50.291634,-0.058161,0.007812
1784249664.401679,0,50.291634,0.000000,0.003906
1784249664.412734,0,50.291634,0.000000,0.000000
1784249664.421245,0,50.291634,-0.015509,0.003906
1784249664.431485,0,50.291634,0.000000,0.003906
1784249664.441412,0,50.291603,-0.062038,0.003906
1784249664.451434,0,50.291634,0.007755,0.003906
1784249664.461310,0,50.291603,-0.054283,0.003906
1784249664.471356,0,50.291634,0.003877,0.000000
1784249664.481400,0,50.291603,-0.058161,0.003906
1784249664.491388,0,50.291634,0.000000,0.000000
1784249664.501411,0,50.291634,-0.003877,0.003906
1784249664.511429,0,50.291634,-0.042651,0.003906
1784249664.521376,0,50.291603,-0.054283,0.000000
1784249664.531419,0,50.291634,0.015509,0.007812
1784249664.541450,0,50.291634,0.000000,0.003906
1784249664.551426,0,50.291603,-0.062038,0.000000
1784249664.562418,0,50.291634,-0.007755,0.003906
1784249664.571333,0,50.291634,0.000000,0.000000
1784249664.581273,0,50.291634,0.000000,0.003906
1784249664.592345,0,50.291603,-0.058161,0.003906
1784249664.602251,0,50.291634,0.000000,0.003906
1784249664.611258,0,50.291634,0.000000,0.003906
1784249664.621281,0,50.291603,-0.038774,0.003906
1784249664.631308,0,50.291634,0.000000,0.000000
1784249664.641439,0,50.291634,0.000000,0.007812
1784249664.651521,0,50.291634,0.000000,0.000000
1784249664.661390,0,50.291603,-0.058161,0.000000
1784249664.671394,0,50.291634,0.003877,0.003906
1784249664.681522,0,50.291634,0.000000,0.003906
1784249664.691280,0,50.291634,0.007755,0.000000
1784249664.701313,0,50.291603,-0.058161,0.000000
1784249664.711330,0,50.291603,0.003877,0.007812
1784249664.721407,0,50.291634,0.000000,0.003906
1784249664.732401,0,50.291634,-0.003877,0.000000
1784249664.741426,0,50.291603,-0.050406,0.003906
1784249664.751282,0,50.291634,-0.054283,0.000000
1784249664.761387,0,50.291634,-0.019387,0.000000
1784249664.771459,0,50.291634,-0.003877,0.000000
1784249664.781480,0,50.291603,-0.042651,0.003906
1784249664.791478,0,50.291603,-0.058161,0.000000
1784249664.801506,0,50.291634,0.000000,0.003906
1784249664.811602,0,50.291634,0.000000,0.000000
1784249664.821260,0,50.291603,-0.046528,0.000000
1784249664.831697,0,50.291634,0.000000,0.003906
1784249664.841425,0,50.291603,-0.058161,0.007812
1784249664.851279,0,50.291634,0.000000,0.003906
1784249664.861284,0,50.291603,-0.042651,0.003906
1784249664.871297,0,50.291634,0.000000,0.003906
1784249664.881299,0,50.291634,0.000000,0.000000
1784249664.892182,0,50.291603,-0.038774,0.007812
1784249664.902194,0,50.291603,-0.050406,0.000000
1784249664.912280,0,50.291603,-0.046528,0.003906
1784249664.921262,0,50.291634,0.000000,0.003906
1784249664.932302,0,50.291634,0.007755,0.007812
1784249664.942340,0,50.291603,-0.054283,0.003906
1784249664.952316,0,50.291634,0.007755,0.003906
1784249664.962321,0,50.291603,-0.058161,0.003906
1784249664.972323,0,50.291634,0.000000,0.003906
1784249664.981390,0,50.291603,-0.038774,0.000000
1784249664.991361,0,50.291603,-0.058161,0.003906
1784249665.001386,0,50.291603,-0.058161,0.000000
1784249665.011273,0,50.291634,0.000000,0.003906
1784249665.021202,0,50.291634,0.000000,0.007812
1784249665.031377,0,50.291634,0.003877,0.000000
1784249665.041347,0,50.291634,0.015509,0.003906
1784249665.051331,0,50.291634,0.007755,0.007812
1784249665.061316,0,50.291603,-0.050406,0.003906
1784249665.071354,0,50.291603,-0.104689,0.000000
1784249665.081276,0,50.291603,-0.050406,0.003906
1784249665.091287,0,50.291634,0.019387,0.003906
1784249665.101390,0,50.291634,0.015509,0.003906
1784249665.111352,0,50.291634,0.003877,0.000000
1784249665.121221,0,50.291603,-0.034896,0.003906
1784249665.131719,0,50.291603,-0.054283,0.003906
1784249665.141247,0,50.291634,0.000000,0.000000
1784249665.151361,0,50.291634,0.000000,0.000000
1784249665.161649,0,50.291603,-0.050406,0.007812
1784249665.171268,0,50.291634,0.007755,0.007812
1784249665.181328,0,50.291603,-0.038774,0.003906
1784249665.191655,0,50.291634,0.003877,0.000000
1784249665.201625,0,50.291603,-0.054283,0.000000
1784249665.211325,0,50.291634,-0.003877,0.000000
1784249665.221185,0,50.291634,0.000000,0.003906
1784249665.231206,0,50.291634,0.000000,0.000000
1784249665.242224,0,50.291634,0.000000,0.003906
1784249665.251182,0,50.291634,0.000000,0.007812
1784249665.261327,0,50.291634,-0.003877,0.007812
1784249665.271257,0,50.291634,0.000000,0.003906
1784249665.281175,0,50.291634,0.000000,0.003906
1784249665.291311,0,50.291603,-0.050406,0.003906
1784249665.301314,0,50.291603,-0.038774,0.003906
1784249665.311303,0,50.291634,0.015509,0.003906
1784249665.321186,0,50.291634,0.000000,0.003906
1784249665.331291,0,50.291634,0.000000,0.003906
1784249665.341220,0,50.291634,0.000000,0.000000
1784249665.351332,0,50.291603,-0.058161,0.003906
1784249665.361196,0,50.291603,-0.054283,0.003906
1784249665.371309,0,50.291634,0.000000,0.000000
1784249665.381354,0,50.291634,0.000000,0.003906
1784249665.391297,0,50.291634,0.000000,0.000000
1784249665.401290,0,50.291603,-0.054283,0.003906
1784249665.412329,0,50.291634,0.000000,0.003906
1784249665.421218,0,50.291634,0.000000,0.000000
1784249665.431366,0,50.291634,0.000000,0.000000
1784249665.442243,0,50.291603,-0.058161,0.003906
1784249665.451197,0,50.291634,-0.003877,0.007812
1784249665.462390,0,50.291634,0.000000,0.003906
1784249665.471391,0,50.291603,-0.054283,0.003906
1784249665.482408,0,50.291634,-0.042651,0.003906
1784249665.491345,0,50.291634,0.000000,0.003906
1784249665.501594,0,50.291603,-0.050406,0.003906
1784249665.512635,0,50.291603,-0.050406,0.003906
1784249665.521185,0,50.291634,-0.003877,0.003906
1784249665.531329,0,50.291634,0.000000,0.003906
1784249665.542279,0,50.291634,0.003877,0.003906
1784249665.551329,0,50.291634,-0.003877,0.003906
1784249665.562245,0,50.291634,-0.058161,0.003906
1784249665.571298,0,50.291603,-0.046528,0.003906
1784249665.582283,0,50.291634,0.000000,0.000000
1784249665.592210,0,50.291634,0.000000,0.003906
1784249665.602612,0,50.291603,-0.058161,0.003906
1784249665.611296,0,50.291634,0.000000,0.000000
1784249665.621308,0,50.291634,-0.007755,0.003906
1784249665.631210,0,50.291634,0.019387,0.003906
1784249665.641273,0,50.291634,0.000000,0.003906
1784249665.651325,0,50.291634,-0.011632,0.003906
1784249665.661255,0,50.291603,-0.058161,0.000000
1784249665.671244,0,50.291634,0.000000,0.000000
1784249665.681153,0,50.291603,-0.058161,0.000000
1784249665.691292,0,50.291634,0.000000,0.000000
1784249665.702363,0,50.291634,0.003877,0.003906
1784249665.712356,0,50.291634,0.000000,0.000000
1784249665.722528,0,50.291603,-0.038774,0.003906
1784249665.732203,0,50.291603,-0.038774,0.003906
1784249665.741369,0,50.291603,-0.058161,-0.003906
1784249665.751301,0,50.291603,-0.058161,0.003906
1784249665.761298,0,50.291603,-0.042651,0.003906
1784249665.772231,0,50.291603,-0.058161,0.000000
1784249665.781286,0,50.291634,0.007755,0.003906
1784249665.791200,0,50.291634,-0.058161,0.007812
1784249665.801228,0,50.291634,0.007755,0.007812
1784249665.812320,0,50.291603,-0.058161,0.000000
1784249665.822623,0,50.291634,0.000000,0.000000
1784249665.832322,0,50.291576,-0.104689,0.003906
1784249665.842633,0,50.291634,0.000000,0.003906
1784249665.851536,0,50.291634,0.000000,0.003906
1784249665.861341,0,50.291634,0.007755,0.000000
1784249665.871309,0,50.291603,-0.050406,0.000000
1784249665.881276,0,50.291603,-0.058161,0.003906
1784249665.891312,0,50.291634,0.011632,0.003906
1784249665.901249,0,50.291603,-0.058161,0.000000
1784249665.911334,0,50.291634,0.019387,0.007812
1784249665.921216,0,50.291603,-0.038774,0.000000
1784249665.931352,0,50.291634,0.007755,0.000000
1784249665.941270,0,50.291634,0.011632,0.003906
1784249665.951193,0,50.291603,-0.050406,0.003906
1784249665.961214,0,50.291603,-0.062038,0.000000
1784249665.971320,0,50.291603,-0.058161,0.003906
1784249665.981316,0,50.291634,0.000000,0.003906
1784249665.991200,0,50.291634,0.003877,0.007812
1784249666.001176,0,50.291603,-0.038774,0.007812
1784249666.011263,0,50.291603,-0.050406,0.003906
1784249666.021137,0,50.291603,-0.054283,0.003906
1784249666.031296,0,50.291634,0.000000,0.000000
1784249666.041156,0,50.291603,-0.058161,0.007812
1784249666.051297,0,50.291603,-0.054283,0.007812
1784249666.061228,0,50.291603,-0.050406,0.003906
1784249666.071578,0,50.291634,-0.003877,0.003906
1784249666.081251,0,50.291634,0.000000,0.003906
1784249666.091215,0,50.291634,0.003877,0.003906
1784249666.101575,0,50.291634,-0.003877,0.003906
1784249666.111558,0,50.291576,-0.096934,0.003906
1784249666.121091,0,50.291634,0.000000,0.003906
1784249666.131239,0,50.291603,0.007755,0.007812
1784249666.141568,0,50.291634,0.003877,0.003906
1784249666.151586,0,50.291634,0.000000,0.000000
1784249666.161609,0,50.291634,0.011632,0.007812
1784249666.171341,0,50.291603,-0.058161,0.000000
1784249666.181170,0,50.291603,-0.050406,0.000000
1784249666.191066,0,50.291603,-0.058161,0.003906
1784249666.201033,0,50.291603,-0.054283,0.003906
1784249666.211026,0,50.291603,-0.062038,0.003906
1784249666.221175,0,50.291634,0.000000,0.000000
1784249666.231048,0,50.291634,0.000000,0.003906
1784249666.241091,0,50.291603,-0.058161,0.003906
1784249666.251050,0,50.291634,-0.007755,0.003906
1784249666.261068,0,50.291634,0.003877,0.003906
1784249666.271042,0,50.291634,0.000000,0.003906
1784249666.281055,0,50.291603,-0.054283,0.000000
1784249666.291082,0,50.291603,-0.058161,0.003906
1784249666.301033,0,50.291634,0.000000,0.007812
1784249666.311044,0,50.291603,-0.054283,0.003906
1784249666.321044,0,50.291634,0.000000,0.000000
1784249666.331036,0,50.291634,0.000000,0.003906
1784249666.342132,0,50.291603,-0.058161,0.003906
1784249666.351154,0,50.291634,0.011632,0.003906
1784249666.361064,0,50.291634,0.000000,0.003906
1784249666.371057,0,50.291603,-0.054283,0.003906
1784249666.382514,0,50.291634,0.000000,0.003906
1784249666.392111,0,50.291634,-0.003877,0.000000
1784249666.401424,0,50.291603,-0.054283,0.007812
1784249666.411259,0,50.291603,-0.058161,0.000000
1784249666.422267,0,50.291634,0.000000,0.003906
1784249666.431147,0,50.291603,-0.058161,0.000000
1784249666.441254,0,50.291634,0.015509,0.003906
1784249666.452251,0,50.291634,0.000000,0.000000
1784249666.462222,0,50.291603,-0.058161,0.003906
1784249666.471054,0,50.291634,0.000000,0.000000
1784249666.481200,0,50.291603,-0.054283,0.003906
1784249666.492478,0,50.291603,-0.046528,0.000000
1784249666.502504,0,50.291634,-0.003877,0.003906
1784249666.511097,0,50.291634,0.000000,0.003906
1784249666.521043,0,50.291603,-0.058161,0.003906
1784249666.531048,0,50.291634,0.000000,0.003906
1784249666.541104,0,50.291634,0.000000,0.003906
1784249666.550981,0,50.291603,-0.058161,0.000000
1784249666.561128,0,50.291603,-0.065915,0.003906
1784249666.570956,0,50.291634,0.000000,0.000000
1784249666.581065,0,50.291634,0.000000,0.003906
1784249666.591057,0,50.291634,0.003877,0.003906
1784249666.600961,0,50.291634,0.000000,0.003906
1784249666.610945,0,50.291634,0.000000,0.000000
1784249666.620945,0,50.291603,-0.058161,0.007812
1784249666.631023,0,50.291634,-0.007755,0.000000
1784249666.641042,0,50.291634,0.000000,0.007812
1784249666.651138,0,50.291634,-0.019387,0.003906
1784249666.661034,0,50.291634,0.007755,0.000000
1784249666.670946,0,50.291603,-0.054283,0.003906
1784249666.681113,0,50.291634,0.000000,0.003906
1784249666.691027,0,50.291603,-0.058161,0.000000
1784249666.701048,0,50.291603,-0.062038,0.000000
1784249666.711064,0,50.291603,-0.058161,0.003906
1784249666.721085,0,50.291634,0.000000,0.000000
1784249666.731086,0,50.291634,0.007755,0.000000
1784249666.741069,0,50.291634,-0.007755,0.000000
1784249666.751071,0,50.291576,-0.108566,0.000000
1784249666.761030,0,50.291634,0.011632,0.003906
1784249666.771105,0,50.291634,0.000000,0.003906
1784249666.781085,0,50.291634,0.000000,0.007812
1784249666.791089,0,50.291634,0.000000,0.007812
1784249666.801222,0,50.291603,-0.042651,0.003906
1784249666.811109,0,50.291634,-0.058161,0.000000
1784249666.821086,0,50.291634,0.003877,0.000000
1784249666.831219,0,50.291634,0.000000,0.000000
1784249666.841017,0,50.291634,0.000000,0.000000
1784249666.851046,0,50.291603,-0.058161,0.003906
1784249666.861084,0,50.291634,0.000000,0.003906
1784249666.871240,0,50.291634,0.000000,0.000000
1784249666.881180,0,50.291603,-0.042651,0.003906
1784249666.891111,0,50.291634,0.007755,0.003906
1784249666.901253,0,50.291634,0.019387,0.007812
1784249666.911057,0,50.291603,-0.058161,0.007812
1784249666.921092,0,50.291634,0.000000,0.003906
1784249666.931129,0,50.291634,0.000000,0.000000
1784249666.941144,0,50.291634,-0.003877,0.000000
1784249666.951166,0,50.291634,0.011632,0.007812
1784249666.961106,0,50.291634,0.000000,0.000000
1784249666.971142,0,50.291634,0.000000,0.000000
1784249666.981158,0,50.291603,-0.050406,0.003906
1784249666.991182,0,50.291603,-0.038774,0.000000
1784249667.001157,0,50.291634,-0.007755,0.000000
1784249667.011179,0,50.291634,-0.003877,0.000000
1784249667.021092,0,50.291603,-0.042651,0.007812
1784249667.031420,0,50.291603,-0.034896,0.007812
1784249667.041210,0,50.291634,0.003877,0.000000
1784249667.051177,0,50.291634,0.019387,0.007812
1784249667.061038,0,50.291668,0.054283,0.003906
1784249667.071123,0,50.291603,-0.050406,0.007812
1784249667.081065,0,50.291603,-0.058161,0.000000
1784249667.091062,0,50.291634,0.000000,0.003906
1784249667.101047,0,50.291634,0.000000,0.003906
1784249667.111061,0,50.291634,0.019387,0.003906
1784249667.121047,0,50.291634,0.011632,0.007812
1784249667.131111,0,50.291603,-0.050406,0.000000
1784249667.141068,0,50.291603,-0.058161,0.003906
1784249667.151007,0,50.291603,-0.054283,0.003906
1784249667.161061,0,50.291634,-0.003877,0.003906
1784249667.171088,0,50.291634,0.000000,0.003906
1784249667.181065,0,50.291603,-0.058161,0.000000
1784249667.191075,0,50.291634,0.000000,0.000000
1784249667.201026,0,50.291634,0.054283,0.003906
1784249667.211031,0,50.291634,0.000000,0.007812
1784249667.221081,0,50.291634,-0.003877,0.000000
1784249667.231167,0,50.291603,-0.058161,0.003906
1784249667.241051,0,50.291634,-0.007755,0.007812
1784249667.251199,0,50.291634,0.015509,0.003906
1784249667.261055,0,50.291603,-0.058161,0.003906
1784249667.271090,0,50.291634,0.019387,0.000000
1784249667.281081,0,50.291634,0.000000,0.003906
1784249667.291072,0,50.291603,-0.058161,0.003906
1784249667.301058,0,50.291603,-0.058161,0.000000
1784249667.311028,0,50.291603,-0.054283,0.003906
1784249667.321046,0,50.291634,0.000000,0.003906
1784249667.331471,0,50.291634,0.000000,0.000000
1784249667.341091,0,50.291603,-0.058161,0.003906
1784249667.350948,0,50.291634,0.000000,0.000000
1784249667.362070,0,50.291634,0.000000,0.000000
1784249667.371269,0,50.291603,-0.058161,0.000000
1784249667.381001,0,50.291603,-0.062038,0.000000
1784249667.390983,0,50.291603,-0.038774,0.003906
1784249667.400999,0,50.291634,0.019387,0.003906
1784249667.410995,0,50.291634,0.000000,0.003906
1784249667.421003,0,50.291634,0.000000,0.003906
1784249667.431104,0,50.291634,0.003877,0.003906
1784249667.441002,0,50.291634,0.000000,0.003906
1784249667.451123,0,50.291603,-0.038774,0.003906
1784249667.461135,0,50.291634,0.003877,0.007812
1784249667.471134,0,50.291634,0.003877,0.003906
1784249667.480967,0,50.291603,-0.038774,0.003906
1784249667.491072,0,50.291603,-0.058161,0.003906
1784249667.500999,0,50.291603,-0.042651,0.003906
1784249667.511368,0,50.291634,0.000000,0.003906
1784249667.521100,0,50.291634,0.003877,0.007812
1784249667.531096,0,50.291634,0.000000,0.000000
1784249667.541094,0,50.291603,-0.058161,0.003906
1784249667.551145,0,50.291603,-0.038774,0.003906
1784249667.562057,0,50.291634,0.000000,0.003906
1784249667.571052,0,50.291634,0.000000,0.003906
1784249667.581067,0,50.291634,-0.003877,0.000000
1784249667.591091,0,50.291634,0.000000,0.003906
1784249667.601043,0,50.291634,0.000000,0.000000
1784249667.611044,0,50.291603,-0.050406,0.003906
1784249667.622071,0,50.291634,0.000000,0.003906
1784249667.631091,0,50.291603,-0.058161,0.003906
1784249667.642192,0,50.291603,-0.046528,0.003906
1784249667.650986,0,50.291634,0.000000,0.003906
1784249667.661165,0,50.291634,0.000000,0.003906
1784249667.671279,0,50.291634,0.000000,0.003906
1784249667.680960,0,50.291634,0.015509,0.003906
1784249667.690973,0,50.291634,0.000000,0.000000
1784249667.700985,0,50.291634,0.003877,0.000000
1784249667.710971,0,50.291634,0.000000,0.003906
1784249667.720967,0,50.291634,0.000000,0.000000
1784249667.731025,0,50.291603,-0.038774,0.003906
1784249667.741010,0,50.291634,0.000000,0.003906
1784249667.751073,0,50.291634,0.000000,0.003906
1784249667.760968,0,50.291634,0.000000,0.003906
1784249667.770986,0,50.291603,-0.046528,0.003906
1784249667.780989,0,50.291634,0.000000,0.003906
1784249667.790985,0,50.291634,0.000000,0.003906
1784249667.800979,0,50.291634,0.000000,0.003906
1784249667.811004,0,50.291634,0.000000,0.003906
1784249667.820946,0,50.291603,-0.038774,0.003906
1784249667.830992,0,50.291603,-0.054283,0.003906
1784249667.841071,0,50.291634,0.019387,0.007812
1784249667.851256,0,50.291603,-0.042651,0.000000
1784249667.861072,0,50.291603,-0.054283,0.000000
1784249667.872018,0,50.291603,-0.046528,0.003906
1784249667.882051,0,50.291634,0.000000,0.007812
1784249667.891025,0,50.291634,0.000000,0.003906
1784249667.902439,0,50.291603,-0.038774,0.000000
1784249667.911055,0,50.291603,-0.054283,0.003906
1784249667.922057,0,50.291634,0.000000,0.000000
1784249667.930984,0,50.291603,-0.038774,0.003906
1784249667.942448,0,50.291634,0.003877,0.000000
1784249667.951036,0,50.291634,0.000000,0.003906
1784249667.960997,0,50.291603,-0.054283,0.000000
1784249667.970998,0,50.291603,-0.062038,0.003906
1784249667.981045,0,50.291603,-0.058161,0.003906
1784249667.991049,0,50.291603,-0.042651,0.003906
1784249668.001060,0,50.291634,0.000000,0.000000
1784249668.011253,0,50.291634,0.000000,0.003906
1784249668.021115,0,50.291576,-0.112444,0.000000
1784249668.031287,0,50.291634,0.019387,0.003906
1784249668.041117,0,50.291634,-0.003877,0.003906
1784249668.051062,0,50.291634,0.003877,0.003906
1784249668.060942,0,50.291603,-0.058161,0.003906
1784249668.071028,0,50.291603,-0.058161,0.003906
1784249668.080936,0,50.291603,-0.062038,0.003906
1784249668.091035,0,50.291603,-0.058161,0.003906
1784249668.101337,0,50.291603,-0.058161,0.000000
1784249668.112452,0,50.291603,-0.050406,0.003906
1784249668.122121,0,50.291634,0.000000,0.003906
1784249668.132195,0,50.291603,-0.058161,0.000000
1784249668.140992,0,50.291634,0.000000,0.003906
1784249668.150981,0,50.291634,0.000000,0.000000
1784249668.160968,0,50.291634,0.000000,0.000000
1784249668.171093,0,50.291603,0.000000,0.003906
1784249668.181045,0,50.291634,0.000000,0.003906
1784249668.191035,0,50.291634,0.007755,0.007812
1784249668.201001,0,50.291634,0.000000,0.000000
1784249668.211003,0,50.291603,-0.058161,0.003906
1784249668.221089,0,50.291603,-0.058161,0.003906
1784249668.231192,0,50.291634,0.000000,0.000000
1784249668.240991,0,50.291634,0.003877,0.003906
1784249668.250984,0,50.291634,-0.007755,0.000000
1784249668.261034,0,50.291634,0.015509,0.003906
1784249668.270984,0,50.291634,0.000000,0.003906
1784249668.281442,0,50.291634,0.015509,0.003906
1784249668.290974,0,50.291634,0.000000,0.000000
1784249668.300911,0,50.291634,-0.003877,0.003906
1784249668.311355,0,50.291603,-0.058161,0.000000
1784249668.321119,0,50.291634,-0.003877,0.003906
1784249668.331018,0,50.291634,-0.007755,0.000000
1784249668.340933,0,50.291634,-0.003877,0.003906
1784249668.350936,0,50.291668,0.038774,0.003906
1784249668.360942,0,50.291634,0.000000,0.007812
1784249668.371005,0,50.291634,0.000000,0.000000
1784249668.380914,0,50.291634,-0.003877,0.003906
1784249668.391277,0,50.291634,-0.007755,0.000000
1784249668.400921,0,50.291634,0.003877,0.003906
1784249668.410930,0,50.291634,-0.015509,0.003906
1784249668.420937,0,50.291603,-0.062038,0.000000
1784249668.430907,0,50.291603,-0.054283,0.000000
1784249668.440917,0,50.291603,-0.058161,0.003906
1784249668.451030,0,50.291634,-0.031019,0.003906
1784249668.461025,0,50.291634,-0.038774,0.007812
1784249668.471155,0,50.291634,0.019387,0.007812
1784249668.480969,0,50.291634,-0.027142,0.007812
1784249668.491200,0,50.291634,-0.023264,0.007812
1784249668.500980,0,50.291634,-0.023264,0.003906
1784249668.511074,0,50.291634,-0.023264,0.003906
1784249668.520991,0,50.291634,-0.038774,0.003906
1784249668.531063,0,50.291634,-0.038774,0.000000
1784249668.541117,0,50.291634,-0.038774,0.003906
1784249668.550880,0,50.291668,-0.031019,0.007812
1784249668.560914,0,50.291668,0.019387,0.003906
1784249668.571049,0,50.291634,-0.038774,0.003906
1784249668.581005,0,50.291634,-0.038774,0.003906
1784249668.590958,0,50.291634,-0.034896,0.003906
1784249668.601150,0,50.291634,-0.038774,0.003906
1784249668.610963,0,50.291668,-0.003877,0.003906
1784249668.620962,0,50.291668,0.015509,0.003906
1784249668.631012,0,50.291634,-0.034896,0.003906
1784249668.640973,0,50.291634,-0.038774,0.003906
1784249668.651033,0,50.291634,-0.034896,0.007812
1784249668.661040,0,50.291634,-0.038774,0.003906
1784249668.672003,0,50.291634,-0.038774,0.003906
1784249668.680938,0,50.291668,0.015509,0.003906
1784249668.692002,0,50.291634,-0.042651,0.003906
1784249668.702414,0,50.291634,-0.038774,0.007812
1784249668.712399,0,50.291634,-0.038774,0.007812
1784249668.722082,0,50.291634,-0.015509,0.007812
1784249668.732053,0,50.291668,0.011632,0.007812
1784249668.742386,0,50.291634,-0.038774,0.007812
1784249668.751038,0,50.291634,-0.046528,0.003906
1784249668.761007,0,50.291634,-0.038774,0.003906
1784249668.770988,0,50.291634,-0.038774,0.003906
1784249668.781031,0,50.291668,-0.015509,0.007812
1784249668.790938,0,50.291634,-0.034896,0.003906
1784249668.800957,0,50.291668,0.011632,0.003906
1784249668.810989,0,50.291634,-0.042651,0.007812
1784249668.820985,0,50.291668,0.019387,0.007812
1784249668.830986,0,50.291634,-0.031019,0.007812
1784249668.842191,0,50.291634,-0.023264,0.003906
1784249668.850989,0,50.291603,-0.096934,0.000000
1784249668.862380,0,50.291668,0.019387,0.007812
1784249668.871000,0,50.291668,0.015509,0.003906
1784249668.882150,0,50.291634,-0.038774,0.003906
1784249668.892387,0,50.291634,-0.038774,0.003906
1784249668.900975,0,50.291634,-0.038774,0.007812
1784249668.911236,0,50.291634,-0.034896,0.003906
1784249668.920995,0,50.291634,-0.023264,0.000000
1784249668.931987,0,50.291668,0.019387,0.007812
1784249668.940974,0,50.291668,0.015509,0.007812
1784249668.952156,0,50.291634,-0.023264,0.007812
1784249668.961048,0,50.291634,-0.023264,0.003906
1784249668.971136,0,50.291634,-0.038774,0.003906
1784249668.981058,0,50.291634,-0.038774,0.007812
1784249668.990985,0,50.291668,0.019387,0.003906
1784249669.001030,0,50.291634,-0.038774,0.003906
1784249669.010949,0,50.291634,-0.038774,0.003906
1784249669.020914,0,50.291634,-0.038774,0.007812
1784249669.032042,0,50.291634,-0.019387,0.000000
1784249669.040977,0,50.291668,0.023264,0.003906
1784249669.050966,0,50.291634,-0.023264,0.007812
1784249669.060913,0,50.291634,-0.038774,0.003906
1784249669.072369,0,50.291634,-0.038774,0.000000
1784249669.081009,0,50.291634,-0.034896,0.003906
1784249669.091022,0,50.291668,0.019387,0.003906
1784249669.100919,0,50.291634,-0.038774,0.003906
1784249669.112007,0,50.291668,0.023264,0.003906
1784249669.120968,0,50.291634,-0.038774,0.003906
1784249669.130979,0,50.291634,-0.038774,0.007812
1784249669.141040,0,50.291634,-0.034896,0.007812
1784249669.150996,0,50.291634,-0.046528,0.007812
1784249669.160993,0,50.291634,-0.038774,0.003906
1784249669.171014,0,50.291634,-0.038774,0.003906
1784249669.180862,0,50.291634,-0.034896,0.007812
1784249669.191015,0,50.291634,-0.011632,0.003906
1784249669.200903,0,50.291634,-0.038774,0.003906
1784249669.212068,0,50.291634,-0.038774,0.000000
1784249669.221887,0,50.291634,-0.038774,0.003906
1784249669.231988,0,50.291634,-0.046528,0.003906
1784249669.241393,0,50.291634,-0.038774,0.000000
1784249669.251375,0,50.291634,-0.038774,0.003906
1784249669.261351,0,50.291634,-0.038774,0.003906
1784249669.271087,0,50.291634,-0.038774,0.003906
1784249669.280885,0,50.291634,-0.038774,0.003906
1784249669.291072,0,50.291634,0.019387,0.003906
1784249669.301344,0,50.291634,-0.038774,0.003906
1784249669.311331,0,50.291634,-0.038774,0.007812
1784249669.321224,0,50.291698,0.019387,0.007812
1784249669.331254,0,50.291634,-0.042651,0.003906
1784249669.341384,0,50.291634,-0.038774,0.000000
1784249669.351360,0,50.291634,-0.038774,0.007812
1784249669.361015,0,50.291634,-0.046528,0.000000
1784249669.370883,0,50.291634,-0.038774,0.003906
1784249669.381153,0,50.291668,0.023264,0.003906
1784249669.391344,0,50.291668,0.015509,0.003906
1784249669.401167,0,50.291668,0.019387,0.003906
1784249669.411351,0,50.291634,-0.038774,0.000000
1784249669.421407,0,50.291668,0.000000,0.007812
1784249669.431386,0,50.291634,-0.038774,0.007812
1784249669.441394,0,50.291634,-0.031019,0.003906
1784249669.451378,0,50.291668,0.019387,0.007812
1784249669.460900,0,50.291668,0.007755,0.003906
1784249669.471024,0,50.291634,-0.038774,0.000000
1784249669.480900,0,50.291634,-0.038774,0.007812
1784249669.491367,0,50.291634,-0.038774,0.007812
1784249669.501364,0,50.291634,-0.042651,0.003906
1784249669.511394,0,50.291668,0.000000,0.003906
1784249669.521387,0,50.291634,-0.038774,0.003906
1784249669.531352,0,50.291634,-0.038774,0.007812
1784249669.541358,0,50.291634,-0.038774,0.003906
1784249669.550865,0,50.291634,-0.038774,0.007812
1784249669.562125,0,50.291634,-0.038774,0.000000
1784249669.572128,0,50.291634,-0.031019,0.003906
1784249669.582338,0,50.291668,0.019387,0.003906
1784249669.590912,0,50.291634,-0.038774,0.011719
1784249669.602362,0,50.291634,-0.046528,0.003906
1784249669.612350,0,50.291603,-0.093057,0.003906
1784249669.622041,0,50.291634,-0.038774,0.007812
1784249669.632091,0,50.291668,0.019387,0.003906
1784249669.642257,0,50.291634,-0.034896,0.003906
1784249669.650827,0,50.291634,-0.042651,0.003906
1784249669.660950,0,50.291634,-0.046528,0.003906
1784249669.672346,0,50.291634,-0.038774,0.003906
1784249669.682362,0,50.291668,0.003877,0.003906
1784249669.692395,0,50.291634,-0.042651,0.003906
1784249669.702366,0,50.291634,-0.031019,0.003906
1784249669.710872,0,50.291634,-0.031019,0.000000
1784249669.721983,0,50.291634,-0.038774,0.003906
1784249669.731882,0,50.291668,0.015509,0.000000
1784249669.741997,0,50.291668,0.019387,0.003906
1784249669.752148,0,50.291634,0.023264,0.003906
1784249669.762370,0,50.291634,-0.038774,0.000000
1784249669.772364,0,50.291634,-0.050406,0.000000
1784249669.782155,0,50.291634,-0.038774,0.003906
1784249669.792338,0,50.291634,-0.031019,0.003906
1784249669.802332,0,50.291634,-0.038774,0.000000
1784249669.812340,0,50.291634,-0.034896,0.000000
1784249669.822002,0,50.291634,-0.093057,0.000000
1784249669.832140,0,50.291634,-0.038774,0.007812
1784249669.842328,0,50.291634,-0.027142,0.000000
1784249669.852168,0,50.291634,-0.038774,0.003906
1784249669.862263,0,50.291668,0.000000,0.003906
1784249669.871976,0,50.291668,0.000000,0.003906
1784249669.882324,0,50.291634,-0.046528,0.000000
1784249669.892051,0,50.291634,-0.031019,0.003906
1784249669.902078,0,50.291668,0.019387,0.000000
1784249669.912362,0,50.291634,-0.038774,0.003906
1784249669.921901,0,50.291634,-0.054283,0.003906
1784249669.932043,0,50.291634,-0.038774,0.003906
1784249669.942297,0,50.291634,-0.038774,0.000000
1784249669.952173,0,50.291634,-0.038774,0.007812
1784249669.962340,0,50.291668,-0.038774,0.003906
1784249669.970822,0,50.291668,0.019387,0.003906
1784249669.982327,0,50.291634,-0.038774,0.000000
1784249669.992342,0,50.291668,0.015509,0.007812
1784249670.002357,0,50.291634,-0.038774,0.003906
1784249670.011939,0,50.291668,0.019387,0.003906
1784249670.022019,0,50.291603,-0.093057,0.003906
1784249670.032061,0,50.291634,-0.038774,0.003906
1784249670.042312,0,50.291634,-0.038774,0.003906
1784249670.052155,0,50.291668,-0.003877,0.007812
1784249670.062000,0,50.291634,-0.054283,0.003906
1784249670.072096,0,50.291634,-0.038774,0.003906
1784249670.082340,0,50.291634,-0.038774,0.003906
1784249670.092345,0,50.291634,-0.034896,0.000000
1784249670.102322,0,50.291668,0.019387,0.007812
1784249670.111892,0,50.291634,-0.038774,0.007812
1784249670.121909,0,50.291634,-0.038774,0.000000
1784249670.132003,0,50.291634,-0.038774,0.003906
1784249670.142074,0,50.291634,-0.034896,0.003906
1784249670.151993,0,50.291634,-0.038774,0.003906
1784249670.161827,0,50.291634,-0.038774,0.003906
1784249670.172275,0,50.291634,-0.042651,0.000000
1784249670.180881,0,50.291634,-0.038774,0.003906
1784249670.192128,0,50.291634,-0.038774,0.003906
1784249670.202128,0,50.291634,-0.054283,0.003906
1784249670.212335,0,50.291668,0.019387,0.007812
1784249670.222054,0,50.291668,0.015509,0.007812
1784249670.232046,0,50.291634,-0.054283,0.003906
1784249670.242313,0,50.291668,0.023264,0.000000
1784249670.252306,0,50.291634,-0.042651,0.003906
1784249670.262328,0,50.291634,-0.038774,0.007812
1784249670.272325,0,50.291634,-0.042651,0.003906
1784249670.281915,0,50.291668,0.003877,0.000000
1784249670.290906,0,50.291634,-0.054283,0.003906
1784249670.302304,0,50.291634,-0.050406,0.003906
1784249670.312312,0,50.291634,-0.038774,0.000000
1784249670.322057,0,50.291668,-0.031019,0.007812
1784249670.332011,0,50.291634,-0.038774,0.003906
1784249670.342118,0,50.291634,-0.031019,0.003906
1784249670.350935,0,50.291634,-0.038774,0.003906
1784249670.361944,0,50.291668,0.000000,0.000000
1784249670.371980,0,50.291634,-0.038774,0.003906
1784249670.382092,0,50.291668,0.015509,0.007812
1784249670.392239,0,50.291634,-0.054283,0.000000
1784249670.402277,0,50.291668,-0.007755,0.003906
1784249670.412310,0,50.291634,-0.038774,0.003906
1784249670.421963,0,50.291634,-0.038774,0.003906
1784249670.431879,0,50.291634,-0.046528,0.003906
1784249670.442142,0,50.291634,-0.038774,0.003906
1784249670.452305,0,50.291634,-0.031019,0.000000
1784249670.462325,0,50.291634,-0.038774,0.003906
1784249670.471884,0,50.291634,-0.038774,0.003906
1784249670.482305,0,50.291634,-0.038774,0.003906
1784249670.492081,0,50.291634,-0.050406,0.000000
1784249670.502293,0,50.291634,-0.042651,0.000000
1784249670.512312,0,50.291634,-0.034896,0.003906
1784249670.522049,0,50.291668,0.011632,0.003906
1784249670.530850,0,50.291634,-0.038774,0.003906
1784249670.540804,0,50.291668,0.011632,0.003906
1784249670.550816,0,50.291634,-0.038774,0.003906
1784249670.560769,0,50.291634,-0.038774,0.003906
1784249670.570762,0,50.291634,-0.046528,0.003906
1784249670.580747,0,50.291634,-0.038774,0.003906
1784249670.590911,0,50.291634,0.015509,0.003906
1784249670.601153,0,50.291634,-0.034896,0.003906
1784249670.610905,0,50.291668,0.015509,0.000000
1784249670.620931,0,50.291634,-0.038774,0.003906
1784249670.630875,0,50.291634,-0.038774,0.000000
1784249670.641914,0,50.291634,-0.038774,0.003906
1784249670.651875,0,50.291668,0.011632,0.007812
1784249670.662128,0,50.291634,-0.038774,0.003906
1784249670.670772,0,50.291634,-0.042651,0.007812
1784249670.680888,0,50.291634,-0.038774,0.000000
1784249670.692054,0,50.291634,-0.050406,0.003906
1784249670.702105,0,50.291668,0.003877,0.003906
1784249670.712102,0,50.291668,0.019387,0.003906
1784249670.721942,0,50.291634,-0.038774,0.000000
1784249670.730872,0,50.291668,0.011632,0.007812
1784249670.742294,0,50.291634,-0.038774,0.003906
1784249670.752301,0,50.291634,-0.038774,0.007812
1784249670.762285,0,50.291634,-0.034896,0.007812
1784249670.772285,0,50.291634,-0.019387,0.003906
1784249670.780856,0,50.291634,-0.042651,0.003906
1784249670.790871,0,50.291634,-0.038774,0.000000
1784249670.801143,0,50.291668,0.019387,0.003906
1784249670.810878,0,50.291634,-0.046528,0.003906
1784249670.820871,0,50.291634,-0.038774,0.007812
1784249670.832003,0,50.291634,-0.031019,0.003906
1784249670.840870,0,50.291634,-0.038774,0.003906
1784249670.850768,0,50.291634,-0.027142,0.003906
1784249670.860858,0,50.291668,0.011632,0.003906
1784249670.870779,0,50.291634,-0.038774,0.003906
1784249670.880874,0,50.291668,0.019387,0.003906
1784249670.890905,0,50.291634,-0.038774,0.007812
1784249670.900890,0,50.291634,-0.038774,0.003906
1784249670.912138,0,50.291634,-0.038774,0.003906
1784249670.921877,0,50.291634,-0.038774,0.011719
1784249670.931830,0,50.291634,-0.034896,0.003906
1784249670.941858,0,50.291668,0.015509,0.003906
1784249670.951883,0,50.291634,-0.042651,0.003906
1784249670.961934,0,50.291634,-0.042651,0.007812
1784249670.971994,0,50.291634,-0.038774,0.003906
1784249670.982084,0,50.291634,-0.038774,0.007812
1784249670.992074,0,50.291634,-0.027142,0.003906
1784249671.002048,0,50.291668,0.019387,0.007812
1784249671.012286,0,50.291634,-0.038774,0.003906
1784249671.021956,0,50.291634,-0.038774,0.007812
1784249671.030801,0,50.291668,0.023264,0.003906
1784249671.042242,0,50.291668,0.015509,0.003906
1784249671.052272,0,50.291634,-0.038774,0.007812
1784249671.062271,0,50.291634,-0.042651,0.007812
1784249671.072281,0,50.291668,0.011632,0.003906
1784249671.082252,0,50.291634,-0.042651,0.007812
1784249671.090806,0,50.291634,-0.038774,0.003906
1784249671.102050,0,50.291634,-0.038774,0.007812
1784249671.112280,0,50.291668,0.019387,0.000000
1784249671.122043,0,50.291634,-0.031019,0.003906
1784249671.131995,0,50.291634,-0.038774,0.003906
1784249671.142266,0,50.291634,0.019387,0.007812
1784249671.152277,0,50.291634,-0.050406,0.003906
1784249671.161867,0,50.291634,-0.038774,0.007812
1784249671.171871,0,50.291634,-0.023264,0.003906
1784249671.181873,0,50.291634,-0.038774,0.000000
1784249671.191880,0,50.291634,-0.038774,0.007812
1784249671.201859,0,50.291634,-0.058161,0.000000
1784249671.212064,0,50.291634,-0.038774,0.003906
1784249671.221918,0,50.291634,-0.038774,0.003906
1784249671.231869,0,50.291603,-0.077547,0.003906
1784249671.242023,0,50.291634,-0.038774,0.003906
1784249671.252087,0,50.291668,0.019387,0.003906
1784249671.262035,0,50.291668,0.019387,0.003906
1784249671.272249,0,50.291698,0.065915,0.011719
1784249671.282111,0,50.291634,-0.038774,0.003906
1784249671.292240,0,50.291634,-0.058161,0.007812
1784249671.302075,0,50.291634,-0.038774,0.003906
1784249671.312248,0,50.291634,-0.038774,0.007812
1784249671.321907,0,50.291634,-0.038774,0.003906
1784249671.331985,0,50.291698,0.069793,0.003906
1784249671.342044,0,50.291634,-0.038774,0.003906
1784249671.351944,0,50.291668,0.011632,0.003906
1784249671.360905,0,50.291634,-0.038774,0.003906
1784249671.372204,0,50.291668,0.019387,0.000000
1784249671.382058,0,50.291634,-0.042651,0.000000
1784249671.392263,0,50.291634,-0.058161,0.007812
1784249671.401911,0,50.291634,-0.031019,0.000000
1784249671.412215,0,50.291634,-0.038774,0.003906
1784249671.420760,0,50.291668,0.011632,0.003906
1784249671.430867,0,50.291634,-0.058161,0.003906
1784249671.440824,0,50.291668,0.019387,0.003906
1784249671.450749,0,50.291668,0.000000,0.007812
1784249671.461925,0,50.291634,-0.038774,0.003906
1784249671.471798,0,50.291668,0.019387,0.007812
1784249671.481791,0,50.291668,0.011632,0.000000
1784249671.491790,0,50.291634,-0.038774,0.003906
1784249671.501808,0,50.291668,0.019387,0.000000
1784249671.512016,0,50.291668,0.000000,0.003906
1784249671.521811,0,50.291668,0.015509,0.000000
1784249671.532055,0,50.291634,-0.031019,0.007812
1784249671.542056,0,50.291668,0.015509,0.000000
1784249671.552208,0,50.291634,-0.054283,0.007812
1784249671.562202,0,50.291634,0.003877,0.000000
1784249671.572214,0,50.291668,0.000000,0.003906
1784249671.582066,0,50.291634,-0.042651,0.003906
1784249671.592070,0,50.291634,-0.038774,0.000000
1784249671.602119,0,50.291668,0.019387,0.003906
1784249671.612222,0,50.291634,-0.027142,0.000000
1784249671.621801,0,50.291634,-0.038774,0.003906
1784249671.632058,0,50.291668,0.019387,0.003906
1784249671.641793,0,50.291634,-0.054283,0.003906
1784249671.650767,0,50.291634,-0.046528,0.000000
1784249671.662067,0,50.291634,-0.050406,0.000000
1784249671.672035,0,50.291634,-0.046528,0.000000
1784249671.682226,0,50.291668,0.019387,0.003906
1784249671.691892,0,50.291634,-0.038774,0.003906
1784249671.702227,0,50.291634,-0.031019,0.003906
1784249671.710933,0,50.291668,0.019387,0.003906
1784249671.721794,0,50.291634,-0.038774,0.003906
1784249671.731788,0,50.291634,-0.042651,0.000000
1784249671.741820,0,50.291668,0.019387,0.007812
1784249671.751033,0,50.291634,-0.038774,0.003906
1784249671.761051,0,50.291634,-0.042651,0.000000
1784249671.770939,0,50.291668,0.015509,0.003906
1784249671.781161,0,50.291634,-0.038774,0.007812
1784249671.791039,0,50.291634,-0.038774,0.003906
1784249671.801020,0,50.291634,-0.042651,0.000000
1784249671.810696,0,50.291634,-0.042651,0.003906
1784249671.820695,0,50.291634,-0.042651,0.003906
1784249671.831006,0,50.291634,-0.038774,0.003906
1784249671.840727,0,50.291668,0.015509,0.003906
1784249671.851910,0,50.291668,0.003877,0.003906
1784249671.862103,0,50.291634,-0.058161,0.003906
1784249671.872051,0,50.291634,-0.038774,0.003906
1784249671.882092,0,50.291668,0.019387,0.003906
1784249671.892106,0,50.291668,0.007755,0.003906
1784249671.902112,0,50.291668,0.000000,0.000000
1784249671.912111,0,50.291634,-0.038774,0.007812
1784249671.921769,0,50.291634,-0.038774,0.003906
1784249671.932017,0,50.291668,-0.038774,0.007812
1784249671.941981,0,50.291668,0.019387,0.007812
1784249671.951897,0,50.291634,-0.038774,0.003906
1784249671.962015,0,50.291634,-0.046528,0.003906
1784249671.972095,0,50.291668,0.019387,0.007812
1784249671.981885,0,50.291668,0.019387,0.007812
1784249671.992095,0,50.291634,-0.038774,0.000000
1784249672.001930,0,50.291634,-0.042651,0.003906
1784249672.012182,0,50.291634,-0.038774,0.003906
1784249672.021753,0,50.291668,0.019387,0.007812
1784249672.031949,0,50.291634,-0.038774,0.003906
1784249672.042045,0,50.291668,0.011632,0.003906
1784249672.052030,0,50.291668,0.011632,0.003906
1784249672.061804,0,50.291668,0.007755,0.003906
1784249672.071913,0,50.291668,0.015509,0.000000
1784249672.082216,0,50.291668,0.019387,0.003906
1784249672.092207,0,50.291668,0.003877,0.003906
1784249672.101795,0,50.291634,-0.042651,0.003906
1784249672.112146,0,50.291668,0.019387,0.003906
1784249672.121766,0,50.291634,0.019387,0.003906
1784249672.132111,0,50.291634,-0.038774,0.003906
1784249672.142224,0,50.291668,-0.007755,0.000000
1784249672.152006,0,50.291634,-0.038774,0.007812
1784249672.161968,0,50.291634,-0.050406,0.003906
1784249672.171997,0,50.291634,-0.042651,0.000000
1784249672.182199,0,50.291634,-0.038774,0.007812
1784249672.192206,0,50.291634,-0.038774,0.000000
1784249672.202208,0,50.291668,0.015509,0.000000
1784249672.210782,0,50.291668,-0.038774,0.003906
1784249672.221759,0,50.291668,0.011632,0.003906
1784249672.231866,0,50.291668,0.011632,0.000000
1784249672.241760,0,50.291668,-0.003877,0.003906
1784249672.251779,0,50.291634,-0.096934,0.007812
1784249672.262001,0,50.291698,0.069793,0.003906
1784249672.271748,0,50.291668,0.003877,0.007812
1784249672.281944,0,50.291634,-0.031019,0.003906
1784249672.292000,0,50.291634,-0.038774,0.003906
1784249672.302011,0,50.291668,0.003877,0.003906
1784249672.312033,0,50.291698,0.046528,0.000000
1784249672.321748,0,50.291668,0.015509,0.003906
1784249672.332066,0,50.291698,0.069793,0.007812
1784249672.342199,0,50.291668,0.000000,0.003906
1784249672.352176,0,50.291634,-0.038774,0.003906
1784249672.361753,0,50.291634,-0.038774,0.003906
1784249672.371995,0,50.291668,0.007755,0.003906
1784249672.382174,0,50.291634,-0.038774,0.003906
1784249672.391989,0,50.291668,0.015509,0.000000
1784249672.402160,0,50.291634,-0.038774,0.000000
1784249672.412163,0,50.291634,-0.034896,0.003906
1784249672.421757,0,50.291668,0.019387,0.000000
1784249672.431919,0,50.291634,-0.042651,0.000000
1784249672.442181,0,50.291634,-0.038774,0.007812
1784249672.452156,0,50.291634,0.015509,0.003906
1784249672.462171,0,50.291634,-0.038774,0.000000
1784249672.472020,0,50.291634,-0.042651,0.003906
1784249672.481826,0,50.291698,0.073670,0.000000
1784249672.490795,0,50.291634,-0.038774,0.000000
1784249672.500674,0,50.291668,0.019387,0.007812
1784249672.510740,0,50.291634,-0.050406,0.007812
1784249672.521743,0,50.291634,-0.050406,0.003906
1784249672.531908,0,50.291634,-0.038774,0.003906
1784249672.541878,0,50.291634,-0.038774,0.003906
1784249672.552101,0,50.291634,-0.038774,0.000000
1784249672.562156,0,50.291634,-0.038774,0.003906
1784249672.572173,0,50.291634,-0.038774,0.007812
1784249672.582051,0,50.291634,-0.038774,0.003906
1784249672.591944,0,50.291668,0.007755,0.003906
1784249672.601954,0,50.291668,0.015509,0.003906
1784249672.611975,0,50.291634,-0.046528,0.000000
1784249672.621703,0,50.291634,-0.042651,0.000000
1784249672.631958,0,50.291634,-0.034896,0.003906
1784249672.641997,0,50.291634,-0.046528,0.000000
1784249672.652137,0,50.291668,0.015509,0.003906
1784249672.661775,0,50.291668,0.015509,0.000000
1784249672.671905,0,50.291634,-0.046528,0.000000
1784249672.681952,0,50.291634,-0.042651,0.007812
1784249672.692183,0,50.291634,-0.034896,0.000000
1784249672.701972,0,50.291634,-0.038774,0.003906
1784249672.711937,0,50.291668,0.015509,0.003906
1784249672.721692,0,50.291634,-0.038774,0.000000
1784249672.732173,0,50.291634,-0.038774,0.000000
1784249672.741993,0,50.291634,-0.050406,0.003906
1784249672.752149,0,50.291634,-0.038774,0.007812
1784249672.761907,0,50.291634,-0.038774,0.007812
1784249672.772125,0,50.291634,-0.034896,0.007812
1784249672.781953,0,50.291603,-0.093057,0.003906
1784249672.791815,0,50.291634,-0.023264,0.000000
1784249672.802168,0,50.291634,-0.031019,0.007812
1784249672.811940,0,50.291668,0.000000,0.000000
1784249672.821637,0,50.291634,-0.046528,0.003906
1784249672.831830,0,50.291634,-0.054283,0.003906
1784249672.841820,0,50.291634,-0.054283,0.003906
1784249672.852108,0,50.291634,-0.038774,0.003906
1784249672.862085,0,50.291634,-0.042651,0.003906
1784249672.872116,0,50.291634,-0.038774,0.007812
1784249672.882122,0,50.291634,-0.042651,0.003906
1784249672.892104,0,50.291634,-0.042651,0.003906
1784249672.902121,0,50.291603,-0.093057,0.000000
1784249672.911890,0,50.291668,0.019387,0.007812
1784249672.921673,0,50.291634,-0.031019,0.003906
1784249672.930658,0,50.291634,-0.054283,0.007812
1784249672.940657,0,50.291668,0.015509,0.003906
1784249672.951888,0,50.291634,-0.058161,0.003906
1784249672.962121,0,50.291634,-0.038774,0.003906
1784249672.972116,0,50.291634,-0.054283,0.007812
1784249672.982030,0,50.291634,-0.038774,0.003906
1784249672.991954,0,50.291634,-0.038774,0.003906
1784249673.002103,0,50.291634,-0.038774,0.000000
1784249673.010667,0,50.291668,0.000000,0.003906
1784249673.021684,0,50.291634,-0.038774,0.000000
1784249673.031750,0,50.291634,-0.038774,0.007812
1784249673.041735,0,50.291634,-0.050406,0.003906
1784249673.051898,0,50.291634,-0.038774,0.000000
1784249673.062118,0,50.291634,-0.038774,0.003906
1784249673.072090,0,50.291634,-0.050406,0.003906
1784249673.081833,0,50.291668,0.007755,0.003906
1784249673.092116,0,50.291668,0.019387,0.003906
1784249673.102141,0,50.291634,-0.038774,0.007812
1784249673.112081,0,50.291634,-0.038774,0.003906
1784249673.121657,0,50.291668,0.015509,0.007812
1784249673.131803,0,50.291668,0.019387,0.007812
1784249673.141696,0,50.291668,-0.011632,0.003906
1784249673.152072,0,50.291634,-0.034896,0.003906
1784249673.161671,0,50.291668,0.007755,0.000000
1784249673.172078,0,50.291668,0.019387,0.007812
1784249673.181945,0,50.291634,-0.038774,0.003906
1784249673.192114,0,50.291634,-0.038774,0.007812
1784249673.202115,0,50.291634,-0.050406,0.000000
1784249673.212079,0,50.291634,-0.046528,0.000000
1784249673.221652,0,50.291668,0.015509,0.000000
1784249673.231710,0,50.291668,0.011632,0.003906
1784249673.241910,0,50.291668,0.003877,0.000000
1784249673.251916,0,50.291668,0.003877,0.000000
1784249673.261811,0,50.291668,-0.058161,0.007812
1784249673.271812,0,50.291634,-0.038774,0.003906
1784249673.281940,0,50.291634,-0.038774,0.003906
1784249673.292090,0,50.291668,0.019387,0.000000
1784249673.302108,0,50.291634,-0.038774,0.007812
1784249673.311898,0,50.291634,-0.038774,0.003906
1784249673.321655,0,50.291634,-0.046528,0.003906
1784249673.331817,0,50.291668,0.011632,0.003906
1784249673.342061,0,50.291668,0.019387,0.003906
1784249673.351936,0,50.291698,0.073670,0.003906
1784249673.361687,0,50.291634,-0.042651,0.000000
1784249673.371921,0,50.291634,-0.038774,0.003906
1784249673.380638,0,50.291668,0.019387,0.000000
1784249673.392054,0,50.291668,-0.038774,0.000000
1784249673.402082,0,50.291634,-0.038774,0.000000
1784249673.411760,0,50.291634,-0.054283,0.000000
1784249673.421950,0,50.291668,0.003877,0.003906
1784249673.431899,0,50.291634,-0.038774,0.003906
1784249673.441727,0,50.291634,-0.038774,0.007812
1784249673.451850,0,50.291634,-0.038774,0.007812
1784249673.461892,0,50.291668,-0.038774,0.007812
1784249673.471896,0,50.291634,-0.050406,0.003906
1784249673.481758,0,50.291634,-0.038774,0.007812
1784249673.491820,0,50.291634,-0.042651,0.007812
1784249673.502063,0,50.291634,-0.038774,0.000000
1784249673.512089,0,50.291634,-0.038774,0.003906
1784249673.521885,0,50.291698,0.058161,0.003906
1784249673.531817,0,50.291634,-0.050406,0.003906
1784249673.542090,0,50.291668,0.007755,0.003906
1784249673.551717,0,50.291634,-0.046528,0.003906
1784249673.561762,0,50.291634,-0.031019,0.003906
1784249673.570618,0,50.291668,0.019387,0.003906
1784249673.580624,0,50.291634,-0.050406,0.000000
1784249673.590539,0,50.291634,-0.038774,0.003906
1784249673.600508,0,50.291634,-0.038774,0.003906
1784249673.610571,0,50.291668,0.019387,0.003906
1784249673.620515,0,50.291634,-0.058161,0.000000
1784249673.630517,0,50.291668,0.000000,0.000000
1784249673.640589,0,50.291698,0.077547,0.007812
1784249673.650514,0,50.291634,-0.054283,0.000000
1784249673.660476,0,50.291634,-0.038774,0.007812
1784249673.670506,0,50.291668,0.019387,0.003906
1784249673.680495,0,50.291634,-0.042651,0.003906
1784249673.690495,0,50.291634,-0.038774,0.003906
1784249673.700498,0,50.291634,-0.042651,0.003906
1784249673.710518,0,50.291634,-0.027142,0.003906
1784249673.720495,0,50.291634,-0.038774,0.000000
1784249673.730513,0,50.291634,-0.038774,0.007812
1784249673.741466,0,50.291634,-0.038774,0.003906
1784249673.750445,0,50.291634,-0.046528,0.003906
1784249673.760443,0,50.291668,0.019387,0.027344
1784249673.770443,0,50.291634,-0.038774,0.007812
1784249673.780440,0,50.291603,-0.089180,0.003906
1784249673.790441,0,50.291668,0.015509,0.003906
1784249673.800443,0,50.291698,0.054283,0.003906
1784249673.810442,0,50.291668,0.019387,0.003906
1784249673.820446,0,50.291634,-0.038774,0.000000
1784249673.830555,0,50.291634,-0.050406,0.007812
1784249673.840605,0,50.291634,-0.038774,0.003906
1784249673.850599,0,50.291634,-0.038774,0.003906
1784249673.860561,0,50.291634,-0.038774,0.007812
1784249673.871595,0,50.291634,-0.046528,0.000000
1784249673.880572,0,50.291634,-0.038774,0.007812
1784249673.890614,0,50.291634,-0.027142,0.003906
1784249673.900568,0,50.291668,0.000000,0.003906
1784249673.910517,0,50.291634,-0.038774,0.003906
1784249673.920527,0,50.291634,-0.038774,0.007812
1784249673.930541,0,50.291634,-0.038774,0.003906
1784249673.940559,0,50.291668,0.019387,0.000000
1784249673.950566,0,50.291634,-0.038774,0.003906
1784249673.960597,0,50.291634,-0.042651,0.003906
1784249673.970601,0,50.291668,0.015509,0.003906
1784249673.980555,0,50.291668,0.015509,0.003906
1784249673.990555,0,50.291634,-0.038774,0.003906
1784249674.000546,0,50.291634,-0.042651,0.007812
1784249674.010495,0,50.291668,0.007755,0.007812
1784249674.020490,0,50.291634,-0.038774,0.003906
1784249674.030489,0,50.291634,-0.038774,0.003906
1784249674.040494,0,50.291668,-0.003877,0.000000
1784249674.050484,0,50.291668,0.019387,0.003906
1784249674.060427,0,50.291634,-0.038774,0.000000
1784249674.070491,0,50.291634,-0.034896,0.007812
1784249674.080496,0,50.291668,0.023264,0.003906
1784249674.090495,0,50.291668,0.015509,0.003906
1784249674.100513,0,50.291634,-0.050406,0.003906
1784249674.110491,0,50.291634,-0.050406,0.003906
1784249674.120490,0,50.291668,0.007755,0.007812
1784249674.130427,0,50.291634,-0.031019,0.003906
1784249674.140422,0,50.291668,0.015509,0.003906
1784249674.150503,0,50.291634,-0.023264,0.007812
1784249674.160500,0,50.291603,-0.034896,0.003906
1784249674.170429,0,50.291668,0.019387,0.003906
1784249674.180426,0,50.291634,-0.050406,0.007812
1784249674.190472,0,50.291668,-0.003877,0.007812
1784249674.200476,0,50.291634,-0.062038,0.000000
1784249674.210476,0,50.291668,-0.007755,0.000000
1784249674.220467,0,50.291634,-0.042651,0.003906
1784249674.231584,0,50.291634,-0.038774,0.003906
1784249674.241690,0,50.291668,0.015509,0.003906
1784249674.251925,0,50.291634,0.003877,0.003906
1784249674.261777,0,50.291634,-0.042651,0.003906
1784249674.271705,0,50.291634,-0.042651,0.003906
1784249674.281572,0,50.291668,0.003877,0.000000
1784249674.291556,0,50.291634,-0.042651,0.003906
1784249674.301946,0,50.291634,-0.038774,0.011719
1784249674.311933,0,50.291634,-0.050406,0.003906
1784249674.321598,0,50.291634,-0.038774,0.003906
1784249674.331527,0,50.291668,0.007755,0.003906
1784249674.341738,0,50.291634,-0.046528,0.000000
1784249674.351611,0,50.291634,-0.038774,0.007812
1784249674.361717,0,50.291634,-0.038774,0.007812
1784249674.371615,0,50.291668,0.019387,0.003906
1784249674.381922,0,50.291634,-0.038774,0.003906
1784249674.391939,0,50.291668,0.015509,0.003906
1784249674.401936,0,50.291668,0.011632,0.003906
1784249674.411927,0,50.291634,-0.038774,0.003906
1784249674.421746,0,50.291634,-0.046528,0.003906
1784249674.431616,0,50.291668,0.000000,0.000000
1784249674.441545,0,50.291634,-0.038774,0.007812
1784249674.451557,0,50.291668,0.003877,0.007812
1784249674.461931,0,50.291634,-0.038774,0.003906
1784249674.471701,0,50.291668,-0.011632,0.000000
1784249674.481506,0,50.291634,-0.034896,0.003906
1784249674.491481,0,50.306660,1.826241,0.042969
1784249674.501524,0,50.325954,1.899911,0.023438
1784249674.511564,0,50.345345,1.934808,0.011719
1784249674.521472,0,50.363976,1.814609,0.042969
1784249674.530471,0,50.383118,1.985213,0.007812
1784249674.540466,0,50.402561,2.031742,0.023438
1784249674.551692,0,50.422195,1.919298,0.035156
1784249674.561659,0,50.441673,2.000723,0.023438
1784249674.571937,0,50.461090,1.822364,0.023438
1784249674.581943,0,50.480476,1.954194,0.019531
1784249674.591929,0,50.499832,1.861138,0.035156
1784249674.601939,0,50.519192,1.876647,0.011719
1784249674.611930,0,50.538548,1.927053,0.023438
1784249674.621684,0,50.557659,1.884402,0.027344
1784249674.631565,0,50.576801,2.008477,0.007812
1784249674.641619,0,50.595768,1.899911,0.019531
1784249674.651567,0,50.614548,1.880524,0.027344
1784249674.661491,0,50.633873,1.884402,0.027344
1784249674.671597,0,50.654594,1.934808,0.019531
1784249674.681790,0,50.672497,1.888279,0.011719
1784249674.691552,0,50.692581,1.853383,0.039062
1784249674.701927,0,50.711544,1.992968,0.007812
1784249674.711940,0,50.730869,1.961949,0.027344
1784249674.721767,0,50.750164,1.868892,0.039062
1784249674.731567,0,50.769218,1.965827,0.019531
1784249674.741911,0,50.788483,1.888279,0.011719
1784249674.751781,0,50.807690,1.845628,0.027344
1784249674.761499,0,50.827137,2.004600,0.023438
1784249674.771667,0,50.846191,1.849505,0.023438
1784249674.781908,0,50.865242,1.911543,0.027344
1784249674.791919,0,50.884663,1.791345,0.035156
1784249674.801946,0,50.903625,2.031742,0.019531
1784249674.811947,0,50.922707,1.934808,0.023438
1784249674.821887,0,50.941334,1.814609,0.035156
1784249674.831681,0,50.961178,1.938685,0.007812
1784249674.841908,0,50.980629,1.958072,0.027344
1784249674.851709,0,50.999893,1.919298,0.019531
1784249674.861617,0,51.019341,1.818486,0.027344
1784249674.871600,0,51.038513,1.927053,0.019531
1784249674.881743,0,51.057842,1.892156,0.027344
1784249674.891953,0,51.077137,1.861138,0.035156
1784249674.901922,0,51.096615,2.058883,0.007812
1784249674.911909,0,51.115700,2.039496,0.035156
1784249674.921774,0,51.135143,1.837873,0.039062
1784249674.931596,0,51.154076,2.078270,0.011719
1784249674.941919,0,51.173828,1.903789,0.019531
1784249674.951926,0,51.193275,1.923175,0.023438
1784249674.961684,0,51.212299,1.799100,0.019531
1784249674.971622,0,51.231808,2.066638,0.011719
1784249674.981506,0,51.251347,1.946440,0.023438
1784249674.991703,0,51.270760,1.888279,0.023438
1784249675.001927,0,51.290272,2.062761,0.019531
1784249675.011901,0,51.309444,1.880524,0.023438
1784249675.021552,0,51.328831,1.903789,0.023438
1784249675.031553,0,51.348217,1.872770,0.019531
1784249675.041956,0,51.367821,1.992968,0.011719
1784249675.051944,0,51.386963,1.795222,0.023438
1784249675.061942,0,51.406166,1.907666,0.027344
1784249675.071921,0,51.425190,1.981336,0.007812
1784249675.081486,0,51.444576,1.992968,0.027344
1784249675.091724,0,51.463932,1.802977,0.035156
1784249675.101796,0,51.484200,1.977458,0.019531
1784249675.111626,0,51.503735,1.872770,0.023438
1784249675.121778,0,51.522758,1.985213,0.023438
1784249675.131686,0,51.542358,1.985213,0.019531
1784249675.141888,0,51.561077,1.942562,0.019531
1784249675.151873,0,51.580528,1.865015,0.023438
1784249675.161665,0,51.599945,1.973581,0.027344
1784249675.171680,0,51.619480,1.880524,0.003906
1784249675.181899,0,51.638660,1.961949,0.027344
1784249675.191684,0,51.658016,2.004600,0.023438
1784249675.201699,0,51.677643,1.907666,0.011719
1784249675.211671,0,51.696518,1.892156,0.023438
1784249675.221765,0,51.715931,1.795222,0.023438
1784249675.231465,0,51.735199,1.938685,0.023438
1784249675.242038,0,51.754131,1.907666,0.011719
1784249675.251661,0,51.772884,1.896034,0.042969
1784249675.261934,0,51.792694,1.892156,0.035156
1784249675.271938,0,51.812050,1.950317,0.011719
1784249675.281889,0,51.830708,1.961949,0.027344
1784249675.291785,0,51.850128,1.961949,0.027344
1784249675.301491,0,51.869423,1.961949,0.019531
1784249675.311569,0,51.888779,1.911543,0.023438
1784249675.321573,0,51.908016,1.884402,0.035156
1784249675.331569,0,51.927433,1.849505,0.027344
1784249675.341919,0,51.946304,1.919298,0.011719
1784249675.351930,0,51.965874,1.950317,0.035156
1784249675.361704,0,51.985046,1.791345,0.035156
1784249675.371829,0,52.004192,2.000723,0.019531
1784249675.381960,0,52.023788,1.841751,0.035156
1784249675.391955,0,52.042873,1.923175,0.035156
1784249675.401974,0,52.062199,1.919298,0.019531
1784249675.411731,0,52.081406,1.965827,0.023438
1784249675.421652,0,52.100735,2.004600,0.035156
1784249675.431741,0,52.119602,1.861138,0.019531
1784249675.441930,0,52.139053,2.000723,0.007812
1784249675.451950,0,52.158619,1.826241,0.027344
1784249675.461969,0,52.177673,1.826241,0.027344
1784249675.471559,0,52.197060,1.938685,0.019531
1784249675.481951,0,52.216202,1.849505,0.039062
1784249675.491771,0,52.235771,1.903789,0.019531
1784249675.501935,0,52.255039,2.000723,0.023438
1784249675.511978,0,52.273701,1.903789,0.019531
1784249675.521531,0,52.293903,1.930930,0.039062
1784249675.531517,0,52.313015,2.000723,0.019531
1784249675.541769,0,52.332466,1.969704,0.011719
1784249675.551941,0,52.351425,1.989091,0.035156
1784249675.561748,0,52.371147,1.818486,0.019531
1784249675.571924,0,52.389988,1.896034,0.019531
1784249675.581936,0,52.409618,1.868892,0.011719
1784249675.591457,0,52.428371,1.950317,0.035156
1784249675.601475,0,52.447575,1.899911,0.019531
1784249675.611718,0,52.467022,1.923175,0.019531
1784249675.621542,0,52.486469,1.965827,0.035156
1784249675.631526,0,52.506401,1.934808,0.007812
1784249675.641539,0,52.525635,1.981336,0.019531
1784249675.651496,0,52.544209,1.818486,0.027344
1784249675.661455,0,52.563686,1.911543,0.011719
1784249675.671907,0,52.583405,1.872770,0.023438
1784249675.681953,0,52.602787,1.958072,0.023438
1784249675.691906,0,52.622482,1.930930,0.035156
1784249675.701914,0,52.641289,1.946440,0.019531
1784249675.711929,0,52.661015,2.008477,0.019531
1784249675.721532,0,52.679913,1.756449,0.027344
1784249675.731766,0,52.699726,1.954194,0.007812
1784249675.741516,0,52.719383,1.977458,0.019531
1784249675.751599,0,52.738407,1.934808,0.035156
1784249675.761591,0,52.757854,1.857260,0.019531
1784249675.771910,0,52.777153,2.093780,0.007812
1784249675.781928,0,52.796509,1.950317,0.027344
1784249675.791700,0,52.815926,1.822364,0.027344
1784249675.801586,0,52.835220,1.985213,0.011719
1784249675.811486,0,52.854488,2.008477,0.019531
1784249675.821486,0,52.873718,1.783590,0.027344
1784249675.831627,0,52.892838,1.892156,0.007812
1784249675.841702,0,52.912739,1.992968,0.027344
1784249675.851691,0,52.931641,1.903789,0.027344
1784249675.861701,0,52.951237,1.919298,0.035156
1784249675.871925,0,52.970264,1.884402,0.023438
1784249675.881939,0,52.989407,2.000723,0.023438
1784249675.891651,0,53.008762,1.919298,0.039062
1784249675.901925,0,53.028214,1.950317,0.023438
1784249675.911576,0,53.047356,2.035619,0.019531
1784249675.921421,0,53.066624,1.903789,0.042969
1784249675.931393,0,53.085705,1.899911,0.007812
1784249675.941566,0,53.104458,1.996845,0.011719
1784249675.951647,0,53.124390,1.876647,0.035156
1784249675.961604,0,53.143291,1.806854,0.039062
1784249675.971395,0,53.162098,1.876647,0.019531
1784249675.981390,0,53.181580,1.958072,0.019531
1784249675.991405,0,53.201088,1.923175,0.035156
1784249676.001471,0,53.220566,1.961949,0.007812
1784249676.011645,0,53.239616,1.903789,0.023438
1784249676.021415,0,53.258945,1.818486,0.027344
1784249676.031490,0,53.278484,1.973581,0.019531
1784249676.041792,0,53.297050,1.857260,0.023438
1784249676.051663,0,53.316895,1.892156,0.023438
1784249676.061371,0,53.336281,1.830119,0.027344
1784249676.071663,0,53.355484,1.861138,0.007812
1784249676.081798,0,53.374752,1.830119,0.027344
1784249676.091798,0,53.394230,1.911543,0.035156
1784249676.101811,0,53.413525,1.861138,0.007812
1784249676.111624,0,53.433029,1.954194,0.019531
1784249676.121355,0,53.451359,1.837873,0.042969
1784249676.131481,0,53.471142,1.868892,0.011719
1784249676.141897,0,53.490555,1.903789,0.019531
1784249676.151876,0,53.509644,1.845628,0.019531
1784249676.161661,0,53.529121,1.919298,0.027344
1784249676.171669,0,53.548386,1.892156,0.011719
1784249676.181900,0,53.567680,1.977458,0.023438
1784249676.191674,0,53.587063,1.899911,0.035156
1784249676.201874,0,53.606121,2.031742,0.011719
1784249676.211531,0,53.625481,1.876647,0.019531
1784249676.221535,0,53.644745,1.841751,0.035156
1784249676.231492,0,53.664101,1.857260,0.023438
1784249676.241917,0,53.683182,1.896034,0.019531
1784249676.251895,0,53.702389,1.915421,0.023438
1784249676.261892,0,53.721748,1.872770,0.027344
1784249676.271701,0,53.741131,2.055006,0.011719
1784249676.281668,0,53.760250,1.903789,0.035156
1784249676.291969,0,53.779572,1.814609,0.035156
1784249676.301906,0,53.798992,1.950317,0.011719
1784249676.311889,0,53.817924,1.919298,0.027344
1784249676.321474,0,53.837189,1.930930,0.027344
1784249676.331653,0,53.856728,1.973581,0.023438
1784249676.341912,0,53.875294,1.903789,0.019531
1784249676.351881,0,53.894772,1.888279,0.027344
1784249676.361481,0,53.913673,1.888279,0.023438
1784249676.371674,0,53.933548,1.961949,0.003906
1784249676.381708,0,53.952572,1.806854,0.042969
1784249676.391658,0,53.971802,1.919298,0.027344
1784249676.401663,0,53.991371,1.915421,0.019531
1784249676.411875,0,54.010303,1.872770,0.023438
1784249676.421453,0,54.029938,1.826241,0.019531
1784249676.431446,0,54.048779,1.845628,0.011719
1784249676.441538,0,54.067646,1.911543,0.019531
1784249676.451478,0,54.087002,1.822364,0.035156
1784249676.461873,0,54.106396,1.795222,0.023438
1784249676.471534,0,54.125778,1.927053,0.019531
1784249676.481539,0,54.145164,1.934808,0.027344
1784249676.491543,0,54.164612,1.865015,0.023438
1784249676.501655,0,54.183666,2.058883,0.011719
1784249676.511656,0,54.202721,1.969704,0.035156
1784249676.521376,0,54.222019,1.822364,0.027344
1784249676.531465,0,54.241707,1.899911,0.019531
1784249676.541698,0,54.260395,2.016232,0.011719
1784249676.551883,0,54.279816,1.880524,0.039062
1784249676.561527,0,54.298958,1.903789,0.023438
1784249676.571885,0,54.318104,2.043374,0.011719
1784249676.581536,0,54.337460,1.837873,0.035156
1784249676.591633,0,54.356815,1.876647,0.019531
1784249676.601518,0,54.375870,1.934808,0.019531
1784249676.611652,0,54.394772,1.868892,0.027344
1784249676.621677,0,54.414131,1.791345,0.027344
1784249676.631459,0,54.433605,1.907666,0.011719
1784249676.641698,0,54.452568,1.961949,0.023438
1784249676.651809,0,54.471954,1.865015,0.039062
1784249676.661665,0,54.491642,1.923175,0.027344
1784249676.671892,0,54.510574,2.016232,0.019531
1784249676.681826,0,54.529633,1.814609,0.035156
1784249676.691667,0,54.548901,1.857260,0.023438
1784249676.701891,0,54.568165,1.977458,0.019531
1784249676.711652,0,54.586975,1.849505,0.019531
1784249676.721482,0,54.606907,1.837873,0.027344
1784249676.731419,0,54.626049,1.969704,0.023438
1784249676.741638,0,54.645226,1.919298,0.019531
1784249676.751565,0,54.664581,1.849505,0.027344
1784249676.761427,0,54.683846,1.992968,0.019531
1784249676.771750,0,54.702900,1.923175,0.011719
1784249676.781524,0,54.723106,1.791345,0.027344
1784249676.791643,0,54.741676,1.911543,0.019531
1784249676.801872,0,54.760941,1.896034,0.007812
1784249676.811873,0,54.780113,1.942562,0.027344
1784249676.821391,0,54.799442,1.872770,0.027344
1784249676.831442,0,54.818737,1.857260,0.011719
1784249676.841671,0,54.838001,1.876647,0.019531
1784249676.851830,0,54.857422,1.903789,0.035156
1784249676.861658,0,54.877018,1.907666,0.019531
1784249676.871829,0,54.895950,1.927053,0.023438
1784249676.881673,0,54.915642,1.911543,0.035156
1784249676.891658,0,54.934692,1.930930,0.019531
1784249676.901488,0,54.953899,2.004600,0.011719
1784249676.911820,0,54.973045,1.911543,0.027344
1784249676.921412,0,54.992039,1.872770,0.039062
1784249676.931407,0,55.010941,2.008477,0.019531
1784249676.941612,0,55.030239,1.946440,0.019531
1784249676.951822,0,55.049835,1.771958,0.042969
1784249676.961865,0,55.068951,1.965827,0.019531
1784249676.971908,0,55.088005,1.930930,0.023438
1784249676.981827,0,55.107147,1.884402,0.035156
1784249676.991682,0,55.126385,1.814609,0.023438
1784249677.001822,0,55.145164,1.969704,0.027344
1784249677.011463,0,55.164371,1.861138,0.035156
1784249677.021245,0,55.184452,1.845628,0.039062
1784249677.031385,0,55.202599,1.977458,0.011719
1784249677.041469,0,55.222137,1.934808,0.023438
1784249677.051416,0,55.241856,1.923175,0.035156
1784249677.061563,0,55.261063,2.035619,0.007812
1784249677.071614,0,55.279961,1.884402,0.023438
1784249677.081599,0,55.298927,1.899911,0.035156
1784249677.091602,0,55.318794,2.004600,0.011719
1784249677.101887,0,55.337883,1.938685,0.023438
1784249677.111412,0,55.357269,1.849505,0.023438
1784249677.121392,0,55.376625,1.853383,0.027344
1784249677.131385,0,55.396343,1.996845,0.011719
1784249677.141618,0,55.415245,1.954194,0.023438
1784249677.151815,0,55.434906,1.857260,0.035156
1784249677.161675,0,55.454079,2.078270,0.023438
1784249677.171613,0,55.473465,1.888279,0.019531
1784249677.181787,0,55.492554,1.888279,0.007812
1784249677.191394,0,55.512516,1.783590,0.023438
1784249677.201359,0,55.531387,1.899911,0.019531
1784249677.211825,0,55.550468,1.958072,0.027344
1784249677.221427,0,55.569889,1.833996,0.035156
1784249677.231625,0,55.589550,2.000723,0.003906
1784249677.241405,0,55.608723,1.818486,0.027344
1784249677.251393,0,55.628017,1.919298,0.039062
1784249677.261784,0,55.647282,1.938685,0.019531
1784249677.271815,0,55.666367,1.965827,0.019531
1784249677.281632,0,55.686298,1.896034,0.027344
1784249677.291584,0,55.705719,1.915421,0.023438
1784249677.301456,0,55.724468,1.865015,0.011719
1784249677.311508,0,55.744125,1.938685,0.039062
1784249677.321390,0,55.763271,1.938685,0.027344
1784249677.331423,0,55.782475,1.961949,0.007812
1784249677.341677,0,55.801620,1.876647,0.027344
1784249677.351643,0,55.821129,1.892156,0.023438
1784249677.361366,0,55.839970,1.923175,0.023438
1784249677.371536,0,55.859993,1.896034,0.019531
1784249677.381609,0,55.879166,1.884402,0.035156
1784249677.391642,0,55.898857,1.872770,0.023438
1784249677.401792,0,55.917576,1.907666,0.019531
1784249677.411622,0,55.936966,1.833996,0.035156
1784249677.421363,0,55.956444,1.861138,0.035156
1784249677.431498,0,55.975193,1.919298,0.023438
1784249677.441470,0,55.994698,1.876647,0.023438
1784249677.451479,0,56.014359,1.930930,0.019531
1784249677.461350,0,56.033657,1.872770,0.011719
1784249677.471379,0,56.053017,1.919298,0.023438
1784249677.481773,0,56.072006,1.841751,0.035156
1784249677.491603,0,56.091331,1.888279,0.035156
1784249677.501788,0,56.110386,2.089902,0.003906
1784249677.511384,0,56.130047,1.911543,0.042969
1784249677.521349,0,56.148067,1.938685,0.023438
1784249677.531651,0,56.167698,1.927053,0.023438
1784249677.541620,0,56.187176,1.977458,0.035156
1784249677.551504,0,56.206505,1.888279,0.023438
1784249677.561611,0,56.226074,1.872770,0.027344
1784249677.571436,0,56.244942,1.892156,0.011719
1784249677.581389,0,56.264420,1.830119,0.042969
1784249677.591343,0,56.283714,1.899911,0.023438
1784249677.601751,0,56.302315,2.023987,0.011719
1784249677.611810,0,56.321945,1.830119,0.027344
1784249677.621444,0,56.341454,1.930930,0.011719
1784249677.631393,0,56.360207,1.927053,0.011719
1784249677.641404,0,56.379803,1.884402,0.035156
1784249677.651491,0,56.398766,1.907666,0.027344
1784249677.661387,0,56.418213,1.865015,0.023438
1784249677.671573,0,56.437027,1.923175,0.007812
1784249677.681352,0,56.457077,1.787467,0.035156
1784249677.691598,0,56.476131,1.861138,0.007812
1784249677.701524,0,56.495247,1.826241,0.011719
1784249677.711787,0,56.514271,1.876647,0.035156
1784249677.721312,0,56.533653,1.810732,0.011719
1784249677.731479,0,56.552921,1.934808,0.019531
1784249677.741777,0,56.572128,1.899911,0.027344
1784249677.751784,0,56.591576,1.969704,0.027344
1784249677.761751,0,56.610447,2.035619,0.019531
1784249677.771699,0,56.629921,1.872770,0.019531
1784249677.781482,0,56.649250,1.880524,0.039062
1784249677.791532,0,56.668423,2.004600,0.007812
1784249677.801777,0,56.687447,1.884402,0.019531
1784249677.811795,0,56.706562,1.857260,0.035156
1784249677.821457,0,56.726219,2.035619,0.007812
1784249677.831331,0,56.745308,1.973581,0.023438
1784249677.841457,0,56.764633,1.837873,0.035156
1784249677.851680,0,56.783836,1.802977,0.027344
1784249677.861767,0,56.803375,1.954194,0.019531
1784249677.871685,0,56.822430,1.946440,0.023438
1784249677.881782,0,56.841969,1.822364,0.027344
1784249677.891529,0,56.861294,1.899911,0.019531
1784249677.901569,0,56.880501,1.973581,0.023438
1784249677.911766,0,56.899765,1.865015,0.023438
1784249677.921736,0,56.919518,1.996845,0.019531
1784249677.931282,0,56.938358,1.857260,0.011719
1784249677.941789,0,56.957928,1.938685,0.023438
1784249677.951767,0,56.977432,1.981336,0.039062
1784249677.961521,0,56.996880,2.055006,0.011719
1784249677.971598,0,57.016026,1.911543,0.019531
1784249677.981784,0,57.035107,1.833996,0.035156
1784249677.991566,0,57.054798,1.992968,0.019531
1784249678.001498,0,57.073975,1.880524,0.019531
1784249678.011505,0,57.093178,1.841751,0.027344
1784249678.021613,0,57.112690,1.876647,0.023438
1784249678.031692,0,57.131622,1.899911,0.023438
1784249678.041721,0,57.150581,1.911543,0.039062
1784249678.051764,0,57.169758,1.892156,0.035156
1784249678.061798,0,57.188900,1.946440,0.027344
1784249678.071461,0,57.207954,1.865015,0.035156
1784249678.081541,0,57.227097,1.845628,0.039062
1784249678.091774,0,57.246574,1.954194,0.007812
1784249678.101793,0,57.265755,1.899911,0.023438
1784249678.111594,0,57.285198,1.911543,0.027344
1784249678.121394,0,57.303768,1.992968,0.023438
1784249678.131360,0,57.323883,1.888279,0.019531
1784249678.141564,0,57.342785,1.903789,0.035156
1784249678.151404,0,57.362293,1.814609,0.027344
1784249678.161306,0,57.381676,1.961949,0.003906
1784249678.171606,0,57.400822,1.973581,0.027344
1784249678.181756,0,57.420242,1.896034,0.023438
1784249678.191567,0,57.439869,1.923175,0.011719
1784249678.201733,0,57.458500,1.973581,0.019531
1784249678.211773,0,57.478069,1.845628,0.027344
1784249678.221592,0,57.497395,1.845628,0.019531
1784249678.231308,0,57.517056,1.896034,0.019531
1784249678.241660,0,57.536560,1.868892,0.027344
1784249678.251430,0,57.556190,1.814609,0.023438
1784249678.261717,0,57.575062,2.000723,0.003906
1784249678.271538,0,57.594238,1.822364,0.019531
1784249678.281678,0,57.613533,1.969704,0.027344
1784249678.291442,0,57.633251,1.911543,0.011719
1784249678.301493,0,57.652855,1.958072,0.019531
1784249678.311480,0,57.671421,1.934808,0.027344
1784249678.321688,0,57.691265,1.942562,0.027344
1784249678.331423,0,57.710197,2.047251,0.007812
1784249678.341295,0,57.730190,1.899911,0.035156
1784249678.351309,0,57.749546,1.930930,0.023438
1784249678.361556,0,57.768780,1.977458,0.007812
1784249678.371288,0,57.788227,1.961949,0.027344
1784249678.381595,0,57.807434,1.946440,0.027344
1784249678.391288,0,57.827061,1.927053,0.023438
1784249678.401702,0,57.845539,1.961949,0.019531
1784249678.411386,0,57.865986,1.899911,0.027344
1784249678.421676,0,57.884705,1.896034,0.023438
1784249678.431402,0,57.903851,1.919298,0.003906
1784249678.441565,0,57.923573,1.868892,0.023438
1784249678.451312,0,57.942806,1.961949,0.023438
1784249678.461544,0,57.962315,1.868892,0.011719
1784249678.471555,0,57.981766,1.950317,0.019531
1784249678.481308,0,58.001030,1.880524,0.023438
1784249678.491714,0,58.020443,1.961949,0.023438
1784249678.501480,0,58.040012,2.012355,0.007812
1784249678.511507,0,58.058796,1.737062,0.039062
1784249678.521565,0,58.078243,1.845628,0.023438
1784249678.531718,0,58.097176,1.938685,0.007812
1784249678.541339,0,58.115955,1.880524,0.042969
1784249678.551406,0,58.135433,1.806854,0.019531
1784249678.561327,0,58.155094,2.008477,0.019531
1784249678.571751,0,58.174118,1.923175,0.027344
1784249678.581726,0,58.193382,1.934808,0.035156
1784249678.591715,0,58.212620,1.872770,0.019531
1784249678.601751,0,58.231609,2.008477,0.019531
1784249678.611470,0,58.251057,1.833996,0.039062
1784249678.621479,0,58.270321,1.954194,0.023438
1784249678.631500,0,58.289318,2.031742,0.011719
1784249678.641295,0,58.308887,1.903789,0.027344
1784249678.651453,0,58.327789,1.899911,0.027344
1784249678.661451,0,58.347054,1.946440,0.011719
1784249678.671391,0,58.365925,1.954194,0.023438
1784249678.681692,0,58.385769,1.849505,0.027344
1784249678.691729,0,58.405182,1.923175,0.019531
1784249678.701722,0,58.424179,1.841751,0.011719
1784249678.711699,0,58.443565,1.880524,0.039062
1784249678.721345,0,58.462708,1.806854,0.023438
1784249678.731405,0,58.481613,2.027864,0.023438
1784249678.741398,0,58.500629,1.833996,0.035156
1784249678.751362,0,58.520142,1.977458,0.027344
1784249678.761329,0,58.539436,1.996845,0.023438
1784249678.771644,0,58.558701,1.958072,0.027344
1784249678.781758,0,58.578331,1.884402,0.035156
1784249678.791740,0,58.597507,1.826241,0.019531
1784249678.801730,0,58.616680,1.989091,0.011719
1784249678.811718,0,58.635979,1.907666,0.042969
1784249678.821376,0,58.655060,1.865015,0.011719
1784249678.831477,0,58.674084,1.923175,0.023438
1784249678.841622,0,58.693378,1.911543,0.039062
1784249678.851496,0,58.712769,1.884402,0.023438
1784249678.861217,0,58.732338,2.055006,0.011719
1784249678.871299,0,58.751026,1.799100,0.035156
1784249678.881567,0,58.770748,1.822364,0.039062
1784249678.891559,0,58.789860,1.899911,0.023438
1784249678.901758,0,58.808975,1.965827,0.011719
1784249678.911712,0,58.828484,1.810732,0.035156
1784249678.921729,0,58.847687,1.915421,0.011719
1784249678.931408,0,58.867046,2.004600,0.011719
1784249678.941385,0,58.886551,1.865015,0.027344
1784249678.951705,0,58.906303,1.865015,0.027344
1784249678.961488,0,58.925632,2.070515,0.011719
1784249678.972507,0,58.945412,1.930930,0.011719
1784249678.982501,0,58.964916,1.841751,0.023438
1784249678.991286,0,58.983913,2.004600,0.019531
1784249679.001443,0,59.002964,1.985213,0.007812
1784249679.011462,0,59.022324,1.915421,0.035156
1784249679.021487,0,59.042225,1.950317,0.019531
1784249679.031455,0,59.060760,1.911543,0.019531
1784249679.041499,0,59.080360,1.857260,0.019531
1784249679.051527,0,59.099327,1.845628,0.035156
1784249679.061563,0,59.118710,1.930930,0.023438
1784249679.071512,0,59.138126,1.876647,0.019531
1784249679.081367,0,59.158028,1.837873,0.027344
1784249679.091314,0,59.177296,1.927053,0.007812
1784249679.101546,0,59.196136,1.845628,0.027344
1784249679.111558,0,59.215008,1.896034,0.035156
1784249679.121282,0,59.235424,1.845628,0.019531
1784249679.131289,0,59.253452,1.973581,0.019531
1784249679.142691,0,59.273716,1.865015,0.023438
1784249679.151324,0,59.292858,1.892156,0.039062
1784249679.161269,0,59.312279,1.919298,0.007812
1784249679.171516,0,59.330723,1.965827,0.027344
1784249679.181373,0,59.350655,1.896034,0.027344
1784249679.191373,0,59.370316,1.888279,0.003906
1784249679.201462,0,59.389217,2.000723,0.019531
1784249679.211240,0,59.409000,1.845628,0.027344
1784249679.221569,0,59.428051,1.841751,0.019531
1784249679.231228,0,59.447529,2.008477,0.011719
1784249679.241274,0,59.466702,1.799100,0.023438
1784249679.251438,0,59.486031,1.849505,0.035156
1784249679.261194,0,59.505692,2.074393,0.007812
1784249679.271592,0,59.524349,1.965827,0.027344
1784249679.281294,0,59.543736,1.880524,0.039062
1784249679.291266,0,59.563763,2.078270,0.007812
1784249679.301419,0,59.581902,1.973581,0.023438
1784249679.311193,0,59.602348,1.946440,0.035156
1784249679.321419,0,59.621620,1.919298,0.023438
1784249679.331182,0,59.640942,1.958072,0.019531
1784249679.341380,0,59.660030,2.023987,0.027344
1784249679.351529,0,59.679321,1.845628,0.023438
1784249679.361274,0,59.698376,1.872770,0.003906
1784249679.371226,0,59.716976,1.814609,0.035156
1784249679.381383,0,59.737274,1.911543,0.035156
1784249679.391365,0,59.756050,1.930930,0.011719
1784249679.401382,0,59.775803,2.004600,0.023438
1784249679.411287,0,59.795555,1.942562,0.019531
1784249679.421234,0,59.814941,1.946440,0.023438
1784249679.431237,0,59.834206,2.012355,0.007812
1784249679.441429,0,59.853378,1.872770,0.027344
1784249679.451208,0,59.872559,1.841751,0.035156
1784249679.461223,0,59.892246,2.066638,0.007812
1784249679.471277,0,59.911270,1.954194,0.023438
1784249679.481462,0,59.930019,1.868892,0.027344
1784249679.491333,0,59.950256,2.000723,0.011719
1784249679.501264,0,59.968853,1.911543,0.019531
1784249679.511491,0,59.988544,1.954194,0.023438
1784249679.521272,0,60.008232,1.771958,0.023438
1784249679.531244,0,60.027378,2.074393,0.019531
1784249679.541253,0,60.046707,2.020110,0.035156
1784249679.551292,0,60.064911,1.872770,0.035156
1784249679.561338,0,60.085205,1.954194,0.011719
1784249679.571428,0,60.104443,1.915421,0.027344
1784249679.581252,0,60.123978,2.012355,0.019531
1784249679.591339,0,60.142727,1.938685,0.023438
1784249679.601256,0,60.161240,1.973581,0.019531
1784249679.611422,0,60.181171,1.989091,0.027344
1784249679.621302,0,60.200951,1.942562,0.023438
1784249679.631482,0,60.219460,1.876647,0.003906
1784249679.641208,0,60.239178,1.837873,0.027344
1784249679.651299,0,60.257839,1.876647,0.027344
1784249679.661452,0,60.278046,2.078270,0.007812
1784249679.671699,0,60.296886,1.880524,0.035156
1784249679.681657,0,60.316059,1.903789,0.023438
1784249679.691264,0,60.335869,1.954194,0.023438
1784249679.701264,0,60.355015,1.958072,0.007812
1784249679.711262,0,60.374462,1.806854,0.035156
1784249679.721234,0,60.393303,1.814609,0.027344
1784249679.731263,0,60.412872,2.043374,0.003906
1784249679.741323,0,60.432167,1.810732,0.035156
1784249679.751230,0,60.451588,1.865015,0.027344
1784249679.761387,0,60.470306,1.965827,0.023438
1784249679.771275,0,60.489906,1.888279,0.023438
1784249679.781484,0,60.509323,1.899911,0.035156
1784249679.791479,0,60.528740,1.989091,0.011719
1784249679.801464,0,60.547707,1.919298,0.019531
1784249679.811402,0,60.567303,1.880524,0.039062
1784249679.821524,0,60.586418,1.865015,0.023438
1784249679.831584,0,60.605198,1.915421,0.011719
1784249679.841395,0,60.624794,1.892156,0.035156
1784249679.851351,0,60.643456,1.872770,0.027344
1784249679.861242,0,60.663479,1.923175,0.035156
1784249679.871491,0,60.682560,1.946440,0.027344
1784249679.881599,0,60.701981,1.899911,0.027344
1784249679.891430,0,60.721245,1.992968,0.019531
1784249679.901258,0,60.740631,1.942562,0.023438
1784249679.911455,0,60.759655,1.787467,0.039062
1784249679.922428,0,60.779587,1.934808,0.019531
1784249679.932460,0,60.798729,1.899911,0.011719
1784249679.941415,0,60.817451,1.861138,0.035156
1784249679.951340,0,60.836113,1.884402,0.023438
1784249679.961628,0,60.856075,1.996845,0.011719
1784249679.971466,0,60.874947,1.954194,0.027344
1784249679.981301,0,60.894062,1.818486,0.039062
1784249679.992300,0,60.914204,1.872770,0.011719
1784249680.001236,0,60.933380,2.012355,0.011719
1784249680.011296,0,60.951859,1.938685,0.035156
1784249680.021390,0,60.971123,1.896034,0.011719
1784249680.031280,0,60.990330,2.000723,0.023438
1784249680.041216,0,61.010048,1.837873,0.027344
1784249680.051187,0,61.029102,1.814609,0.027344
1784249680.061344,0,61.048367,1.989091,0.019531
1784249680.072225,0,61.067844,1.899911,0.023438
1784249680.082345,0,61.087265,1.938685,0.035156
1784249680.092186,0,61.106407,1.810732,0.011719
1784249680.101180,0,61.125523,1.969704,0.019531
1784249680.111304,0,61.144577,1.768081,0.042969
1784249680.121311,0,61.163963,1.965827,0.019531
1784249680.131261,0,61.182350,1.849505,0.019531
1784249680.141182,0,61.201946,1.845628,0.035156
1784249680.151349,0,61.221546,1.818486,0.027344
1784249680.161283,0,61.240391,1.884402,0.023438
1784249680.171359,0,61.259743,1.868892,0.023438
1784249680.181294,0,61.279190,1.853383,0.039062
1784249680.191192,0,61.298370,1.954194,0.023438
1784249680.201294,0,61.317268,1.977458,0.027344
1784249680.211249,0,61.336292,1.911543,0.042969
1784249680.221284,0,61.355530,1.958072,0.011719
1784249680.231391,0,61.373886,1.930930,0.035156
1784249680.241424,0,61.392998,1.880524,0.035156
1784249680.251310,0,61.412178,1.853383,0.027344
1784249680.261647,0,61.431286,1.938685,0.027344
1784249680.271379,0,61.450191,1.892156,0.019531
1784249680.281315,0,61.469852,1.880524,0.027344
1784249680.292427,0,61.489937,1.861138,0.019531
1784249680.302274,0,61.509048,1.892156,0.035156
1784249680.312203,0,61.528313,1.791345,0.035156
1784249680.321213,0,61.547489,1.888279,0.011719
1784249680.331199,0,61.566422,1.853383,0.019531
1784249680.342182,0,61.586021,1.899911,0.019531
1784249680.352160,0,61.605591,1.969704,0.011719
1784249680.362227,0,61.624763,1.961949,0.019531
1784249680.371289,0,61.643879,1.865015,0.027344
1784249680.381411,0,61.662720,1.896034,0.027344
1784249680.391423,0,61.682438,1.896034,0.007812
1784249680.402210,0,61.702038,1.849505,0.035156
1784249680.412299,0,61.721546,1.977458,0.023438
1784249680.421290,0,61.740692,1.992968,0.011719
1784249680.431274,0,61.760105,2.055006,0.023438
1784249680.441262,0,61.779434,1.907666,0.027344
1784249680.451283,0,61.798367,1.849505,0.023438
1784249680.461242,0,61.817936,1.965827,0.011719
1784249680.471282,0,61.836895,1.938685,0.027344
1784249680.481612,0,61.856316,1.876647,0.027344
1784249680.491258,0,61.875187,1.923175,0.007812
1784249680.501339,0,61.895149,1.934808,0.035156
1784249680.511197,0,61.913658,1.841751,0.027344
1784249680.521289,0,61.933254,1.996845,0.007812
1784249680.531610,0,61.952251,1.903789,0.023438
1784249680.541590,0,61.971638,1.899911,0.027344
1784249680.551282,0,61.991264,1.958072,0.023438
1784249680.562598,0,62.011349,1.938685,0.007812
1784249680.571236,0,62.029495,1.934808,0.035156
1784249680.581199,0,62.049545,1.830119,0.027344
1784249680.591182,0,62.068966,1.981336,0.011719
1784249680.601172,0,62.087383,2.043374,0.027344
1784249680.611069,0,62.106590,1.896034,0.027344
1784249680.621067,0,62.125854,1.954194,0.011719
1784249680.631209,0,62.145451,1.872770,0.023438
1784249680.641270,0,62.165169,2.012355,0.035156
1784249680.651197,0,62.184681,1.911543,0.019531
1784249680.661230,0,62.203945,1.989091,0.019531
1784249680.671236,0,62.222908,1.775835,0.035156
1784249680.681177,0,62.242661,1.806854,0.023438
1784249680.691229,0,62.262138,1.992968,0.011719
1784249680.701237,0,62.280403,1.826241,0.035156
1784249680.711227,0,62.300030,1.923175,0.023438
1784249680.721146,0,62.319904,1.911543,0.019531
1784249680.731262,0,62.338348,1.907666,0.023438
1784249680.741228,0,62.357586,1.830119,0.035156
1784249680.751173,0,62.376701,1.930930,0.027344
1784249680.761122,0,62.395905,1.919298,0.019531
1784249680.771187,0,62.415112,1.903789,0.035156
1784249680.781248,0,62.434498,1.865015,0.027344
1784249680.791067,0,62.453400,1.938685,0.019531
1784249680.801159,0,62.473183,1.868892,0.039062
1784249680.811160,0,62.492565,2.000723,0.023438
1784249680.821126,0,62.511711,1.845628,0.023438
1784249680.831157,0,62.531132,2.000723,0.023438
1784249680.841182,0,62.550274,1.826241,0.035156
1784249680.851214,0,62.569206,2.016232,0.019531
1784249680.861243,0,62.588593,1.930930,0.011719
1784249680.871263,0,62.607922,1.989091,0.039062
1784249680.881315,0,62.627853,1.868892,0.027344
1784249680.891262,0,62.646996,1.958072,0.023438
1784249680.901347,0,62.666111,1.961949,0.027344
1784249680.911319,0,62.684982,2.000723,0.023438
1784249680.921162,0,62.704216,1.903789,0.011719
1784249680.932244,0,62.724388,1.985213,0.007812
1784249680.941365,0,62.743687,1.822364,0.035156
1784249680.952203,0,62.763496,2.008477,0.019531
1784249680.961255,0,62.781765,1.954194,0.011719
1784249680.971303,0,62.800880,1.857260,0.035156
1784249680.981211,0,62.820236,1.899911,0.011719
1784249680.991190,0,62.840260,1.954194,0.023438
1784249681.001276,0,62.858948,1.938685,0.027344
1784249681.011262,0,62.879272,1.861138,0.027344
1784249681.022183,0,62.899117,2.047251,0.019531
1784249681.031137,0,62.917652,2.008477,0.011719
1784249681.041053,0,62.937344,1.865015,0.027344
1784249681.052233,0,62.957096,1.919298,0.019531
1784249681.061152,0,62.976055,2.008477,0.019531
1784249681.071279,0,62.994747,1.853383,0.035156
1784249681.082155,0,63.015137,1.849505,0.019531
1784249681.091119,0,63.033821,1.942562,0.023438
1784249681.101124,0,63.052544,2.031742,0.027344
1784249681.112169,0,63.073021,1.806854,0.035156
1784249681.122198,0,63.092381,1.896034,0.019531
1784249681.131218,0,63.110733,1.892156,0.019531
1784249681.141055,0,63.130180,1.814609,0.027344
1784249681.151266,0,63.149933,1.969704,0.007812
1784249681.162100,0,63.169716,1.791345,0.023438
1784249681.171280,0,63.187855,1.930930,0.023438
1784249681.181316,0,63.208004,1.934808,0.027344
1784249681.191113,0,63.226513,1.884402,0.011719
1784249681.201180,0,63.246140,1.919298,0.023438
1784249681.212324,0,63.266075,1.919298,0.027344
1784249681.221168,0,63.284943,2.020110,0.019531
1784249681.231142,0,63.303333,1.938685,0.023438
1784249681.241113,0,63.322327,1.946440,0.039062
1784249681.251178,0,63.342102,1.938685,0.023438
1784249681.261139,0,63.360977,1.938685,0.023438
1784249681.271155,0,63.380123,1.903789,0.039062
1784249681.281044,0,63.399323,1.818486,0.027344
1784249681.290924,0,63.418957,1.884402,0.019531
1784249681.301118,0,63.437889,2.000723,0.035156
1784249681.310924,0,63.456398,1.915421,0.050781
1784249681.320916,0,63.474995,1.946440,0.023438
1784249681.330913,0,63.494114,1.977458,0.023438
1784249681.340909,0,63.513130,1.760326,0.039062
1784249681.350913,0,63.532490,1.915421,0.011719
1784249681.360913,0,63.551666,1.915421,0.027344
1784249681.370913,0,63.570778,1.946440,0.035156
1784249681.380919,0,63.590225,1.849505,0.023438
1784249681.391014,0,63.609432,1.930930,0.019531
1784249681.400982,0,63.628788,1.965827,0.023438
1784249681.410947,0,63.647991,1.865015,0.039062
1784249681.421013,0,63.667320,1.992968,0.011719
1784249681.431003,0,63.686401,1.748694,0.027344
1784249681.441040,0,63.706032,1.880524,0.023438
1784249681.450931,0,63.725327,2.020110,0.011719
1784249681.461083,0,63.744896,1.989091,0.023438
1784249681.470954,0,63.763828,1.915421,0.023438
1784249681.481087,0,63.783730,1.919298,0.019531
1784249681.491071,0,63.802422,1.892156,0.011719
1784249681.501120,0,63.822353,1.880524,0.027344
1784249681.511131,0,63.841743,1.919298,0.027344
1784249681.521137,0,63.861008,1.954194,0.003906
1784249681.531129,0,63.880486,1.833996,0.023438
1784249681.542504,0,63.900841,1.888279,0.035156
1784249681.551210,0,63.920345,2.000723,0.011719
1784249681.561241,0,63.938705,1.938685,0.019531
1784249681.571436,0,63.958698,1.892156,0.023438
1784249681.581183,0,63.977962,1.934808,0.027344
1784249681.592091,0,63.999710,1.919298,0.007812
1784249681.601049,0,64.016739,1.896034,0.027344
1784249681.610920,0,64.035675,1.930930,0.027344
1784249681.620935,0,64.055176,2.058883,0.003906
1784249681.630936,0,64.074928,1.961949,0.023438
1784249681.641106,0,64.094193,1.911543,0.023438
1784249681.651108,0,64.113762,1.907666,0.019531
1784249681.661137,0,64.133636,1.826241,0.007812
1784249681.671240,0,64.152534,1.930930,0.023438
1784249681.681267,0,64.171837,1.795222,0.023438
1784249681.691211,0,64.191277,1.961949,0.011719
1784249681.701084,0,64.210510,1.841751,0.027344
1784249681.711080,0,64.229782,1.791345,0.027344
1784249681.721013,0,64.249413,1.857260,0.007812
1784249681.731107,0,64.269165,1.849505,0.019531
1784249681.741117,0,64.288391,1.841751,0.023438
1784249681.751249,0,64.307816,1.923175,0.023438
1784249681.761093,0,64.327080,1.969704,0.011719
1784249681.772219,0,64.346649,1.865015,0.039062
1784249681.781124,0,64.365036,1.880524,0.023438
1784249681.792128,0,64.385239,1.954194,0.007812
1784249681.801211,0,64.403534,1.915421,0.023438
1784249681.811158,0,64.422829,1.911543,0.023438
1784249681.821086,0,64.442345,1.961949,0.011719
1784249681.831229,0,64.461449,1.989091,0.019531
1784249681.841169,0,64.480446,1.849505,0.039062
1784249681.851161,0,64.499405,1.837873,0.019531
1784249681.861320,0,64.518005,1.868892,0.011719
1784249681.871288,0,64.537575,1.845628,0.042969
1784249681.881086,0,64.557053,1.853383,0.027344
1784249681.891164,0,64.575989,1.923175,0.011719
1784249681.902198,0,64.596313,1.857260,0.035156
1784249681.912511,0,64.615425,1.892156,0.027344
1784249681.921015,0,64.633751,2.078270,0.035156
1784249681.931264,0,64.652382,1.868892,0.027344
1784249681.941127,0,64.671951,1.927053,0.039062
1784249681.951241,0,64.691887,1.938685,0.019531
1784249681.961108,0,64.710876,1.938685,0.019531
1784249681.971109,0,64.730110,1.787467,0.035156
1784249681.981134,0,64.748955,1.930930,0.019531
1784249681.991139,0,64.768883,1.907666,0.019531
1784249682.001102,0,64.787453,1.760326,0.035156
1784249682.011213,0,64.807297,1.861138,0.027344
1784249682.021072,0,64.826286,1.954194,0.019531
1784249682.031088,0,64.845406,1.830119,0.019531
1784249682.040956,0,64.865005,1.861138,0.035156
1784249682.051042,0,64.884270,2.031742,0.019531
1784249682.061119,0,64.903412,1.981336,0.019531
1784249682.070940,0,64.922554,1.865015,0.035156
1784249682.081232,0,64.942245,1.919298,0.019531
1784249682.092083,0,64.962425,2.012355,0.023438
1784249682.102031,0,64.981476,1.892156,0.027344
1784249682.111070,0,65.000618,1.861138,0.023438
1784249682.121057,0,65.020279,1.927053,0.023438
1784249682.131051,0,65.039001,2.020110,0.023438
1784249682.141076,0,65.058716,2.000723,0.023438
1784249682.150950,0,65.077805,1.907666,0.019531
1784249682.161070,0,65.097313,2.016232,0.011719
1784249682.171038,0,65.116547,1.872770,0.027344
1784249682.181122,0,65.136116,1.853383,0.011719
1784249682.192071,0,65.155991,1.969704,0.019531
1784249682.200982,0,65.174133,1.865015,0.039062
1784249682.211076,0,65.194427,1.946440,0.027344
1784249682.221082,0,65.213905,2.008477,0.019531
1784249682.230977,0,65.232323,2.082148,0.019531
1784249682.241098,0,65.251923,1.872770,0.023438
1784249682.251138,0,65.271187,1.911543,0.019531
1784249682.261149,0,65.291031,1.884402,0.023438
1784249682.272171,0,65.310875,1.989091,0.027344
1784249682.282085,0,65.330559,1.992968,0.023438
1784249682.292082,0,65.349579,2.055006,0.019531
1784249682.302386,0,65.368729,2.016232,0.023438
1784249682.311156,0,65.388084,1.996845,0.035156
1784249682.321052,0,65.406891,1.981336,0.023438
1784249682.331180,0,65.426102,1.977458,0.011719
1784249682.341151,0,65.445274,1.888279,0.035156
1784249682.351069,0,65.464569,1.942562,0.011719
1784249682.361044,0,65.484322,1.880524,0.023438
1784249682.372239,0,65.503799,1.946440,0.035156
1784249682.381064,0,65.522636,1.954194,0.027344
1784249682.392298,0,65.542480,2.086025,0.019531
1784249682.401043,0,65.561234,1.911543,0.027344
1784249682.411103,0,65.579803,1.810732,0.035156
1784249682.421062,0,65.599731,2.016232,0.023438
1784249682.432108,0,65.618904,1.942562,0.019531
1784249682.440911,0,65.637291,1.973581,0.035156
1784249682.451050,0,65.656929,1.907666,0.023438
1784249682.461249,0,65.676041,1.841751,0.023438
1784249682.471061,0,65.695061,1.892156,0.035156
1784249682.481044,0,65.714874,1.989091,0.023438
1784249682.491025,0,65.733322,1.977458,0.023438
1784249682.500900,0,65.752373,1.837873,0.019531
1784249682.511074,0,65.771889,1.930930,0.023438
1784249682.520990,0,65.791031,2.012355,0.019531
1784249682.532072,0,65.811508,1.965827,0.035156
1784249682.540991,0,65.830498,1.868892,0.027344
1784249682.551068,0,65.849792,1.961949,0.019531
1784249682.561008,0,65.868240,1.903789,0.023438
1784249682.570985,0,65.887566,1.806854,0.019531
1784249682.581085,0,65.907227,1.899911,0.027344
1784249682.590934,0,65.926704,1.996845,0.019531
1784249682.600989,0,65.945488,1.849505,0.035156
1784249682.611990,0,65.965477,1.833996,0.035156
1784249682.622047,0,65.984680,2.012355,0.011719
1784249682.631120,0,66.003403,1.930930,0.035156
1784249682.641135,0,66.022667,1.884402,0.027344
1784249682.651022,0,66.042183,1.853383,0.019531
1784249682.661046,0,66.060898,1.985213,0.023438
1784249682.671003,0,66.080132,1.841751,0.027344
1784249682.681034,0,66.100189,1.872770,0.023438
1784249682.691004,0,66.118843,1.915421,0.011719
1784249682.701069,0,66.138451,1.880524,0.039062
1784249682.710926,0,66.157860,1.876647,0.035156
1784249682.721034,0,66.176765,1.927053,0.019531
1784249682.731034,0,66.196213,1.942562,0.027344
1784249682.740951,0,66.215202,1.795222,0.027344
1784249682.751021,0,66.234650,2.000723,0.011719
1784249682.760987,0,66.254013,1.927053,0.027344
1784249682.772070,0,66.273308,1.791345,0.027344
1784249682.781094,0,66.292084,1.903789,0.023438
1784249682.791022,0,66.311501,2.012355,0.023438
1784249682.802429,0,66.331161,1.915421,0.035156
1784249682.811056,0,66.349976,1.946440,0.023438
1784249682.822219,0,66.369781,1.954194,0.011719
1784249682.831034,0,66.388779,1.865015,0.027344
1784249682.841002,0,66.407501,1.919298,0.035156
1784249682.851001,0,66.427307,1.868892,0.023438
1784249682.861105,0,66.446152,1.923175,0.023438
1784249682.870996,0,66.465332,1.857260,0.023438
1784249682.881036,0,66.484955,1.965827,0.011719
1784249682.892174,0,66.504646,1.989091,0.019531
1784249682.901028,0,66.523575,1.950317,0.042969
1784249682.912180,0,66.543205,1.845628,0.011719
1784249682.920972,0,66.562439,1.992968,0.019531
1784249682.931171,0,66.581558,1.861138,0.039062
1784249682.941078,0,66.600700,1.713797,0.027344
1784249682.950971,0,66.620178,1.876647,0.011719
1784249682.961027,0,66.639229,1.884402,0.023438
1784249682.970888,0,66.658653,1.892156,0.035156
1784249682.981330,0,66.677643,1.923175,0.011719
1784249682.991033,0,66.696968,1.950317,0.011719
1784249683.000950,0,66.716232,1.884402,0.039062
1784249683.010990,0,66.735413,1.868892,0.039062
1784249683.021049,0,66.754433,1.872770,0.019531
1784249683.031011,0,66.773613,1.806854,0.039062
1784249683.042119,0,66.793571,1.837873,0.027344
1784249683.051023,0,66.811989,1.946440,0.011719
1784249683.061078,0,66.831528,1.946440,0.019531
1784249683.072194,0,66.851189,1.775835,0.035156
1784249683.081008,0,66.870056,2.043374,0.023438
1784249683.091048,0,66.889236,1.977458,0.019531
1784249683.100959,0,66.908592,1.810732,0.042969
1784249683.112016,0,66.928093,1.861138,0.011719
1784249683.122139,0,66.947388,1.903789,0.023438
1784249683.132111,0,66.966476,1.903789,0.035156
1784249683.142061,0,66.986046,1.771958,0.035156
1784249683.151165,0,67.004616,1.954194,0.019531
1784249683.162174,0,67.024086,1.946440,0.019531
1784249683.170889,0,67.043236,1.826241,0.023438
1784249683.182147,0,67.062714,1.965827,0.011719
1784249683.192180,0,67.081947,1.942562,0.011719
1784249683.200960,0,67.101128,1.915421,0.039062
1784249683.212015,0,67.120567,1.954194,0.023438
1784249683.222198,0,67.139565,1.872770,0.011719
1784249683.232171,0,67.158737,1.853383,0.035156
1784249683.240977,0,67.177460,1.880524,0.027344
1784249683.250956,0,67.197212,1.961949,0.023438
1784249683.260968,0,67.216263,1.849505,0.019531
1784249683.271000,0,67.235382,1.865015,0.039062
1784249683.281014,0,67.254311,1.977458,0.011719
1784249683.290945,0,67.273697,1.872770,0.027344
1784249683.300981,0,67.292839,1.892156,0.035156
1784249683.310882,0,67.312561,1.888279,0.023438
1784249683.322031,0,67.332100,1.973581,0.023438
1784249683.330972,0,67.350250,1.977458,0.027344
1784249683.340880,0,67.370323,1.849505,0.023438
1784249683.352337,0,67.389778,2.023987,0.019531
1784249683.362029,0,67.409012,1.965827,0.023438
1784249683.371105,0,67.427887,1.927053,0.035156
1784249683.382409,0,67.447510,1.896034,0.007812
1784249683.391018,0,67.466049,1.942562,0.023438
1784249683.401035,0,67.485588,1.775835,0.039062
1784249683.412409,0,67.505371,1.946440,0.019531
1784249683.421961,0,67.524391,1.950317,0.019531
1784249683.430907,0,67.543053,1.857260,0.027344
1784249683.441894,0,67.563110,1.965827,0.035156
1784249683.452013,0,67.581978,1.969704,0.023438
1784249683.461057,0,67.600426,1.806854,0.027344
1784249683.472363,0,67.620453,1.787467,0.042969
1784249683.480865,0,67.639198,1.919298,0.007812
1784249683.491950,0,67.658646,1.888279,0.039062
1784249683.500963,0,67.677521,1.892156,0.039062
1784249683.510872,0,67.696327,1.989091,0.019531
1784249683.521016,0,67.715752,1.903789,0.023438
1784249683.532054,0,67.735374,1.810732,0.023438
1784249683.540877,0,67.754402,1.969704,0.023438
1784249683.550929,0,67.773064,2.004600,0.019531
1784249683.560883,0,67.792572,1.903789,0.035156
1784249683.570868,0,67.812073,1.868892,0.027344
1784249683.580876,0,67.831467,2.023987,0.003906
1784249683.590901,0,67.850670,1.938685,0.035156
1784249683.601191,0,67.870209,1.888279,0.023438
1784249683.611002,0,67.889595,2.047251,0.011719
1784249683.621369,0,67.908829,1.837873,0.019531
1784249683.631176,0,67.928398,1.989091,0.023438
1784249683.640906,0,67.948029,1.946440,0.023438
1784249683.651057,0,67.966988,2.004600,0.007812
1784249683.661129,0,67.986137,1.989091,0.035156
1784249683.671380,0,68.005791,1.830119,0.027344
1784249683.681411,0,68.025269,1.892156,0.011719
1784249683.691249,0,68.044411,1.865015,0.023438
1784249683.701277,0,68.063713,1.880524,0.027344
1784249683.710880,0,68.083008,1.942562,0.019531
1784249683.721041,0,68.101761,1.973581,0.023438
1784249683.730883,0,68.121475,1.899911,0.035156
1784249683.740808,0,68.141197,1.841751,0.027344
1784249683.751203,0,68.160103,1.899911,0.023438
1784249683.760924,0,68.179123,1.845628,0.035156
1784249683.772368,0,68.199478,1.903789,0.023438
1784249683.782367,0,68.218712,1.903789,0.019531
1784249683.790880,0,68.237495,1.876647,0.023438
1784249683.800993,0,68.256554,1.880524,0.023438
1784249683.810883,0,68.275757,1.814609,0.023438
1784249683.821017,0,68.295174,2.047251,0.019531
1784249683.830910,0,68.314346,1.868892,0.039062
1784249683.840856,0,68.333794,1.841751,0.027344
1784249683.850859,0,68.353241,1.954194,0.019531
1784249683.860922,0,68.372116,1.833996,0.035156
1784249683.871013,0,68.391106,1.946440,0.027344
1784249683.882115,0,68.411011,1.822364,0.023438
1784249683.891022,0,68.430031,1.927053,0.023438
1784249683.901019,0,68.449478,2.000723,0.023438
1784249683.912364,0,68.468895,1.965827,0.007812
1784249683.921928,0,68.487862,1.865015,0.011719
1784249683.931013,0,68.507126,1.884402,0.042969
1784249683.940862,0,68.526329,1.833996,0.023438
1784249683.951332,0,68.544746,1.927053,0.011719
1784249683.960821,0,68.564072,1.861138,0.027344
1784249683.971158,0,68.583366,1.841751,0.027344
1784249683.980973,0,68.602608,1.907666,0.023438
1784249683.992271,0,68.622414,1.884402,0.039062
1784249684.002249,0,68.641769,1.880524,0.039062
1784249684.012257,0,68.661011,2.000723,0.019531
1784249684.020952,0,68.679398,1.930930,0.023438
1784249684.031023,0,68.698326,1.861138,0.035156
1784249684.040937,0,68.717804,1.911543,0.023438
1784249684.052340,0,68.737923,1.845628,0.011719
1784249684.062315,0,68.756882,1.826241,0.039062
1784249684.072371,0,68.776329,1.954194,0.023438
1784249684.082323,0,68.795776,1.896034,0.019531
1784249684.092319,0,68.814713,1.865015,0.019531
1784249684.100962,0,68.833611,1.865015,0.035156
1784249684.110819,0,68.853241,1.896034,0.023438
1784249684.121313,0,68.871902,1.876647,0.023438
1784249684.131335,0,68.891411,1.760326,0.027344
1784249684.141133,0,68.910858,1.907666,0.007812
1784249684.150973,0,68.930336,1.892156,0.011719
1784249684.160815,0,68.949478,1.961949,0.039062
1784249684.170832,0,68.968895,1.833996,0.019531
1784249684.180966,0,68.988098,2.000723,0.027344
1784249684.190816,0,69.007393,1.888279,0.019531
1784249684.201334,0,69.026573,1.903789,0.035156
1784249684.210824,0,69.045990,1.872770,0.019531
1784249684.220919,0,69.065315,1.985213,0.023438
1784249684.231155,0,69.084579,1.880524,0.039062
1784249684.241088,0,69.104088,2.070515,0.019531
1784249684.251096,0,69.123268,1.934808,0.023438
1784249684.260805,0,69.142410,1.892156,0.035156
1784249684.270826,0,69.161980,1.969704,0.019531
1784249684.281021,0,69.181030,1.849505,0.019531
1784249684.291186,0,69.200264,1.849505,0.023438
1784249684.301337,0,69.219536,1.802977,0.035156
1784249684.311129,0,69.238678,1.946440,0.019531
1784249684.321318,0,69.258034,1.880524,0.027344
1784249684.331348,0,69.277115,1.849505,0.039062
1784249684.340883,0,69.296593,1.958072,0.007812
1784249684.350826,0,69.315765,1.907666,0.035156
1784249684.360832,0,69.334793,1.896034,0.027344
1784249684.371317,0,69.354271,1.876647,0.027344
1784249684.381301,0,69.373238,1.923175,0.019531
1784249684.391310,0,69.392433,1.919298,0.027344
1784249684.401184,0,69.411949,1.791345,0.035156
1784249684.410797,0,69.431244,1.950317,0.019531
1784249684.421008,0,69.450386,2.000723,0.035156
1784249684.431123,0,69.469589,1.868892,0.035156
1784249684.440830,0,69.489075,1.954194,0.019531
1784249684.451331,0,69.508247,2.020110,0.023438
1784249684.461133,0,69.527481,1.826241,0.027344
1784249684.471075,0,69.547050,1.888279,0.023438
1784249684.481326,0,69.566223,2.000723,0.011719
1784249684.491305,0,69.585518,1.896034,0.035156
1784249684.501074,0,69.604904,1.930930,0.035156
1784249684.511915,0,69.624893,1.985213,0.019531
1784249684.520916,0,69.643372,1.927053,0.039062
1784249684.531995,0,69.663033,1.771958,0.027344
1784249684.541889,0,69.682541,1.903789,0.019531
1784249684.552291,0,69.701569,1.965827,0.023438
1784249684.561908,0,69.720558,1.768081,0.035156
1784249684.572286,0,69.739761,1.845628,0.035156
1784249684.582153,0,69.758728,1.903789,0.023438
1784249684.592319,0,69.777718,1.899911,0.027344
1784249684.602289,0,69.797142,1.888279,0.035156
1784249684.611887,0,69.816223,1.903789,0.003906
1784249684.620910,0,69.835457,1.977458,0.027344
1784249684.630860,0,69.854271,1.833996,0.027344
1784249684.640807,0,69.873749,2.016232,0.007812
1784249684.651059,0,69.893318,1.973581,0.019531
1784249684.660764,0,69.912308,1.973581,0.023438
1784249684.671984,0,69.932457,1.989091,0.011719
1784249684.682217,0,69.951836,2.016232,0.011719
1784249684.691810,0,69.971169,1.923175,0.035156
1784249684.701995,0,69.990578,1.849505,0.027344
1784249684.711906,0,70.010002,2.023987,0.007812
1784249684.721925,0,70.029533,1.915421,0.035156
1784249684.731987,0,70.048836,1.965827,0.019531
1784249684.742220,0,70.068253,1.946440,0.023438
1784249684.752038,0,70.087791,1.969704,0.019531
1784249684.760781,0,70.106750,1.919298,0.027344
1784249684.772248,0,70.126686,2.000723,0.019531
1784249684.782196,0,70.146042,2.004600,0.007812
1784249684.792212,0,70.165337,1.802977,0.023438
1784249684.802244,0,70.184723,1.973581,0.023438
1784249684.811996,0,70.204201,1.892156,0.007812
1784249684.821938,0,70.223495,1.826241,0.019531
1784249684.831994,0,70.242950,1.830119,0.035156
1784249684.841875,0,70.262604,1.899911,0.019531
1784249684.852183,0,70.281746,1.992968,0.007812
1784249684.861924,0,70.301224,2.000723,0.023438
1784249684.872233,0,70.320618,1.802977,0.023438
1784249684.882169,0,70.340118,1.961949,0.007812
1784249684.892158,0,70.359055,1.919298,0.023438
1784249684.900675,0,70.377869,1.888279,0.027344
1784249684.911993,0,70.397797,1.977458,0.007812
1784249684.921763,0,70.417274,1.896034,0.011719
1784249684.931775,0,70.436813,1.861138,0.035156
1784249684.941884,0,70.456047,1.849505,0.023438
1784249684.952160,0,70.475250,1.985213,0.019531
1784249684.962052,0,70.494606,1.865015,0.042969
1784249684.972170,0,70.513603,1.826241,0.027344
1784249684.982172,0,70.533020,1.938685,0.011719
1784249684.991773,0,70.552193,1.996845,0.035156
1784249685.002171,0,70.571518,1.818486,0.023438
1784249685.012017,0,70.590698,1.942562,0.023438
1784249685.021914,0,70.609840,1.915421,0.023438
1784249685.031889,0,70.629135,1.752571,0.039062
1784249685.042161,0,70.648277,1.938685,0.023438
1784249685.050762,0,70.667152,2.008477,0.019531
1784249685.061749,0,70.686691,1.911543,0.027344
1784249685.072011,0,70.705803,1.841751,0.023438
1784249685.082171,0,70.725098,1.896034,0.019531
1784249685.092173,0,70.744278,1.923175,0.035156
1784249685.102174,0,70.763481,1.930930,0.027344
1784249685.111820,0,70.782776,1.981336,0.019531
1784249685.121919,0,70.801498,1.880524,0.035156
1784249685.131920,0,70.821007,1.884402,0.027344
1784249685.142068,0,70.840393,1.954194,0.023438
1784249685.151062,0,70.858963,1.989091,0.011719
1784249685.160806,0,70.878349,1.802977,0.035156
1784249685.172264,0,70.898132,1.775835,0.023438
1784249685.182166,0,70.917274,1.934808,0.011719
1784249685.191953,0,70.936508,1.899911,0.035156
1784249685.202103,0,70.955925,1.826241,0.019531
1784249685.211864,0,70.975136,1.977458,0.011719
1784249685.221895,0,70.993973,1.969704,0.011719
1784249685.232055,0,71.013390,1.849505,0.035156
1784249685.242123,0,71.032715,1.814609,0.019531
1784249685.252212,0,71.052017,1.915421,0.019531
1784249685.262210,0,71.071243,1.896034,0.039062
1784249685.272263,0,71.090668,1.996845,0.007812
1784249685.282270,0,71.109718,2.039496,0.019531
1784249685.291866,0,71.128929,1.888279,0.027344
1784249685.302232,0,71.148674,1.907666,0.023438
1784249685.312222,0,71.167938,2.035619,0.011719
1784249685.322027,0,71.187050,1.833996,0.011719
1784249685.331939,0,71.206322,1.876647,0.035156
1784249685.342234,0,71.225525,1.946440,0.011719
1784249685.352019,0,71.245125,2.031742,0.023438
1784249685.360756,0,71.263847,1.942562,0.035156
1784249685.370862,0,71.283417,2.035619,0.019531
1784249685.382214,0,71.302773,1.942562,0.011719
1784249685.392237,0,71.322311,1.919298,0.019531
1784249685.402129,0,71.341576,1.884402,0.023438
1784249685.412135,0,71.360870,1.950317,0.019531
1784249685.421906,0,71.379868,1.919298,0.023438
1784249685.431889,0,71.399429,1.880524,0.027344
1784249685.441962,0,71.419029,1.903789,0.019531
1784249685.451792,0,71.438019,1.915421,0.019531
1784249685.461935,0,71.457535,1.899911,0.027344
1784249685.472220,0,71.477158,1.849505,0.011719
1784249685.481871,0,71.496063,2.035619,0.019531
1784249685.491986,0,71.515602,1.911543,0.027344
1784249685.501940,0,71.535233,1.938685,0.023438
1784249685.511961,0,71.554283,1.958072,0.023438
1784249685.521900,0,71.573730,2.031742,0.027344
1784249685.531935,0,71.592751,1.845628,0.039062
1784249685.542116,0,71.612350,1.954194,0.007812
1784249685.552124,0,71.631615,1.888279,0.023438
1784249685.562158,0,71.650612,1.857260,0.027344
1784249685.571754,0,71.670448,1.985213,0.019531
1784249685.582024,0,71.689301,1.930930,0.019531
1784249685.591964,0,71.708618,1.903789,0.023438
1784249685.602169,0,71.728043,1.868892,0.027344
1784249685.612134,0,71.747513,1.969704,0.007812
1784249685.621890,0,71.766357,1.861138,0.023438
1784249685.631818,0,71.785713,1.826241,0.035156
1784249685.641695,0,71.805283,1.903789,0.011719
1784249685.652123,0,71.824310,2.000723,0.023438
1784249685.661784,0,71.843391,1.911543,0.027344
1784249685.672181,0,71.862961,1.884402,0.023438
1784249685.680695,0,71.881889,1.884402,0.019531
1784249685.690691,0,71.900940,1.861138,0.039062
1784249685.700762,0,71.920418,1.872770,0.035156
1784249685.711768,0,71.939934,2.031742,0.011719
1784249685.722027,0,71.959526,1.938685,0.023438
1784249685.730938,0,71.978012,1.884402,0.035156
1784249685.742060,0,71.998085,1.934808,0.019531
1784249685.752146,0,72.017326,1.833996,0.023438
1784249685.762112,0,72.036530,1.872770,0.027344
1784249685.771954,0,72.056313,1.923175,0.019531
1784249685.782133,0,72.075424,2.035619,0.019531
1784249685.791893,0,72.094696,1.903789,0.035156
1784249685.802118,0,72.114105,1.903789,0.039062
1784249685.812107,0,72.133560,1.973581,0.011719
1784249685.821930,0,72.152756,1.996845,0.019531
1784249685.831917,0,72.171631,1.865015,0.039062
1784249685.842146,0,72.191536,1.985213,0.019531
1784249685.851710,0,72.210709,1.965827,0.023438
1784249685.861947,0,72.230064,1.915421,0.027344
1784249685.872093,0,72.249367,1.969704,0.011719
1784249685.881907,0,72.268593,1.934808,0.003906
1784249685.892075,0,72.288017,1.822364,0.027344
1784249685.902085,0,72.307495,1.892156,0.023438
1784249685.912082,0,72.326973,1.965827,0.011719
1784249685.921873,0,72.345779,1.930930,0.023438
1784249685.931805,0,72.365654,1.942562,0.011719
1784249685.941916,0,72.384735,1.903789,0.007812
1784249685.950687,0,72.403610,1.961949,0.011719
1784249685.960685,0,72.422997,1.958072,0.035156
1784249685.971984,0,72.442688,1.853383,0.023438
1784249685.982082,0,72.462372,1.992968,0.019531
1784249685.991770,0,72.481667,1.923175,0.035156
1784249686.002168,0,72.500786,1.868892,0.023438
1784249686.012242,0,72.520325,1.876647,0.019531
1784249686.021919,0,72.539169,1.837873,0.035156
1784249686.032011,0,72.558456,1.787467,0.023438
1784249686.042005,0,72.578423,1.923175,0.019531
1784249686.052202,0,72.597473,1.989091,0.019531
1784249686.061984,0,72.616928,1.872770,0.027344
1784249686.072187,0,72.636192,1.946440,0.023438
1784249686.082226,0,72.655762,1.985213,0.003906
1784249686.091861,0,72.674965,1.884402,0.035156
1784249686.101883,0,72.693932,1.954194,0.011719
1784249686.112199,0,72.713676,1.915421,0.019531
1784249686.121915,0,72.732674,1.946440,0.035156
1784249686.132240,0,72.751877,1.865015,0.023438
1784249686.142021,0,72.771446,1.861138,0.023438
1784249686.152014,0,72.790527,1.954194,0.007812
1784249686.161801,0,72.810005,1.907666,0.039062
1784249686.172165,0,72.829147,1.837873,0.027344
1784249686.182082,0,72.848686,1.896034,0.011719
1784249686.192190,0,72.867836,1.896034,0.035156
1784249686.202167,0,72.887039,1.868892,0.023438
1784249686.212170,0,72.906456,1.977458,0.019531
1784249686.221870,0,72.925507,1.930930,0.027344
1784249686.231924,0,72.944443,1.841751,0.027344
1784249686.242169,0,72.963890,1.899911,0.023438
1784249686.251779,0,72.982941,2.031742,0.007812
1784249686.261775,0,73.002182,1.845628,0.039062
1784249686.272020,0,73.021500,1.942562,0.023438
1784249686.282200,0,73.040802,2.000723,0.019531
1784249686.292177,0,73.059883,1.896034,0.039062
1784249686.302156,0,73.079002,1.837873,0.023438
1784249686.312189,0,73.098412,1.965827,0.023438
1784249686.321953,0,73.117500,1.996845,0.035156
1784249686.331970,0,73.136406,1.853383,0.035156
1784249686.342185,0,73.155968,2.012355,0.023438
1784249686.352199,0,73.174873,1.973581,0.019531
1784249686.361756,0,73.194138,1.950317,0.035156
1784249686.371908,0,73.213554,1.927053,0.019531
1784249686.380700,0,73.232155,1.938685,0.027344
1784249686.390951,0,73.251205,1.737062,0.027344
1784249686.400950,0,73.270958,2.008477,0.019531
1784249686.410950,0,73.290070,1.868892,0.019531
1784249686.420937,0,73.309158,1.888279,0.023438
1784249686.431051,0,73.328598,1.830119,0.027344
1784249686.440955,0,73.347778,1.996845,0.023438
1784249686.450820,0,73.366890,1.938685,0.023438
1784249686.460629,0,73.386101,1.965827,0.035156
1784249686.470672,0,73.405334,1.942562,0.007812
1784249686.480742,0,73.424416,1.795222,0.035156
1784249686.490693,0,73.443558,1.919298,0.027344
1784249686.500910,0,73.463013,1.915421,0.027344
1784249686.511051,0,73.481972,1.961949,0.019531
1784249686.520911,0,73.501389,1.927053,0.027344
1784249686.530814,0,73.520592,1.896034,0.035156
1784249686.540936,0,73.539986,2.035619,0.019531
1784249686.550945,0,73.559097,1.911543,0.027344
1784249686.560629,0,73.578209,1.853383,0.035156
1784249686.570633,0,73.597473,1.981336,0.011719
1784249686.581690,0,73.617043,1.954194,0.023438
1784249686.590712,0,73.635979,1.961949,0.039062
1784249686.602122,0,73.656090,1.884402,0.019531
1784249686.612154,0,73.675301,1.884402,0.019531
1784249686.621889,0,73.694588,1.876647,0.023438
1784249686.631910,0,73.713951,1.919298,0.027344
1784249686.642136,0,73.733154,1.930930,0.011719
1784249686.652134,0,73.752327,1.826241,0.023438
1784249686.662169,0,73.771408,1.733184,0.035156
1784249686.670766,0,73.790283,1.942562,0.011719
1784249686.682118,0,73.810219,1.896034,0.019531
1784249686.691896,0,73.829483,1.915421,0.023438
1784249686.701889,0,73.848656,1.903789,0.019531
1784249686.712058,0,73.867561,1.837873,0.023438
1784249686.720993,0,73.886520,1.861138,0.027344
1784249686.730925,0,73.905876,1.884402,0.035156
1784249686.740913,0,73.924934,1.989091,0.023438
1784249686.750922,0,73.944046,2.031742,0.035156
1784249686.760870,0,73.963066,1.896034,0.039062
1784249686.770606,0,73.982422,1.899911,0.023438
1784249686.780678,0,74.001450,1.977458,0.023438
1784249686.790630,0,74.020775,1.849505,0.023438
1784249686.800709,0,74.040222,1.896034,0.011719
1784249686.811004,0,74.059334,2.012355,0.019531
1784249686.820906,0,74.078667,1.934808,0.027344
1784249686.830601,0,74.098114,1.880524,0.027344
1784249686.841060,0,74.117195,1.938685,0.011719
1784249686.850933,0,74.136398,1.872770,0.039062
1784249686.860909,0,74.155785,1.942562,0.027344
1784249686.872120,0,74.175873,1.896034,0.019531
1784249686.881938,0,74.195076,1.911543,0.027344
1784249686.891927,0,74.214165,1.802977,0.027344
1784249686.901901,0,74.233429,1.849505,0.027344
1784249686.912104,0,74.252815,1.919298,0.011719
1784249686.921825,0,74.272194,1.938685,0.039062
1784249686.932126,0,74.291466,1.795222,0.023438
1784249686.942131,0,74.310760,2.016232,0.011719
1784249686.952114,0,74.329994,1.965827,0.023438
1784249686.961920,0,74.349136,1.841751,0.023438
1784249686.970935,0,74.368042,2.066638,0.023438
1784249686.982090,0,74.387672,1.903789,0.019531
1784249686.991951,0,74.406998,1.896034,0.039062
1784249687.001922,0,74.426170,1.919298,0.023438
1784249687.011915,0,74.445351,1.965827,0.019531
1784249687.020807,0,74.464249,1.814609,0.035156
1784249687.030807,0,74.483757,1.799100,0.019531
1784249687.040706,0,74.503113,1.934808,0.011719
1784249687.050813,0,74.522194,1.938685,0.039062
1784249687.060731,0,74.541527,1.919298,0.027344
1784249687.070698,0,74.560974,1.992968,0.019531
1784249687.080921,0,74.580086,1.985213,0.019531
1784249687.090595,0,74.599716,1.915421,0.035156
1784249687.100587,0,74.618980,1.884402,0.023438
1784249687.110941,0,74.638214,1.961949,0.007812
1784249687.120582,0,74.657570,1.934808,0.035156
1784249687.130572,0,74.676903,1.853383,0.019531
1784249687.140686,0,74.696312,1.896034,0.019531
1784249687.152085,0,74.716042,1.876647,0.035156
1784249687.161799,0,74.735451,1.833996,0.019531
1784249687.172094,0,74.754898,1.888279,0.019531
1784249687.182072,0,74.773979,2.039496,0.011719
1784249687.192070,0,74.793343,1.795222,0.035156
1784249687.201923,0,74.813004,1.930930,0.023438
1784249687.211890,0,74.832146,2.023987,0.003906
1784249687.221730,0,74.851532,1.818486,0.027344
1784249687.230802,0,74.870316,2.008477,0.023438
1784249687.240647,0,74.889641,1.892156,0.023438
1784249687.252094,0,74.909210,1.849505,0.019531
1784249687.262084,0,74.928955,1.868892,0.027344
1784249687.272078,0,74.948341,1.950317,0.019531
1784249687.282115,0,74.967094,1.965827,0.023438
1784249687.292062,0,74.986603,1.958072,0.035156
1784249687.301938,0,75.006020,1.934808,0.019531
1784249687.311716,0,75.025467,2.031742,0.007812
1784249687.321772,0,75.044220,1.880524,0.027344
1784249687.331614,0,75.063576,1.907666,0.023438
1784249687.341870,0,75.083023,1.961949,0.019531
1784249687.352086,0,75.102440,1.977458,0.027344
1784249687.361904,0,75.122101,1.861138,0.035156
1784249687.371781,0,75.141335,1.996845,0.019531
1784249687.381758,0,75.160027,1.969704,0.019531
1784249687.392098,0,75.179657,1.833996,0.035156
1784249687.402075,0,75.199280,2.027864,0.023438
1784249687.412047,0,75.218613,1.981336,0.023438
1784249687.421743,0,75.237724,1.826241,0.039062
1784249687.431765,0,75.257172,2.031742,0.023438
1784249687.441932,0,75.276649,1.880524,0.011719
1784249687.451777,0,75.295547,1.849505,0.023438
1784249687.462085,0,75.315086,1.802977,0.039062
1784249687.472069,0,75.334442,1.911543,0.011719
1784249687.482096,0,75.353378,1.954194,0.019531
1784249687.492068,0,75.372856,1.915421,0.035156
1784249687.502058,0,75.392120,1.938685,0.011719
1784249687.512095,0,75.411240,1.958072,0.019531
1784249687.522035,0,75.430504,1.868892,0.039062
1784249687.531959,0,75.449646,1.954194,0.023438
1784249687.542097,0,75.469032,2.066638,0.019531
1784249687.551898,0,75.487511,1.868892,0.035156
1784249687.562104,0,75.507530,1.833996,0.027344
1784249687.571948,0,75.526772,2.016232,0.011719
1784249687.581720,0,75.545853,1.896034,0.011719
1784249687.591617,0,75.565002,1.884402,0.035156
1784249687.601723,0,75.584023,1.985213,0.003906
1784249687.611869,0,75.603317,2.008477,0.019531
1784249687.621658,0,75.622429,1.896034,0.027344
1784249687.631824,0,75.642456,1.989091,0.023438
1784249687.642106,0,75.661659,1.946440,0.019531
1784249687.651689,0,75.680626,1.954194,0.019531
1784249687.661725,0,75.700066,1.915421,0.035156
1784249687.672059,0,75.719276,1.946440,0.011719
1784249687.680826,0,75.738091,1.892156,0.023438
1784249687.691664,0,75.757774,1.961949,0.027344
1784249687.700896,0,75.777039,2.020110,0.007812
1784249687.710531,0,75.796066,2.000723,0.011719
1784249687.721574,0,75.815598,1.795222,0.019531
1784249687.730640,0,75.835144,1.903789,0.023438
1784249687.741704,0,75.854858,1.989091,0.011719
1784249687.751638,0,75.873795,1.989091,0.035156
1784249687.760676,0,75.892998,1.830119,0.039062
1784249687.771671,0,75.912422,1.969704,0.011719
1784249687.780819,0,75.931320,1.880524,0.027344
1784249687.791747,0,75.950859,1.954194,0.027344
1784249687.802106,0,75.970215,1.849505,0.019531
1784249687.810734,0,75.989296,1.958072,0.023438
1784249687.820554,0,76.008202,1.752571,0.035156
1784249687.831754,0,76.028099,1.911543,0.035156
1784249687.841724,0,76.046852,1.954194,0.011719
1784249687.852062,0,76.066147,1.907666,0.039062
1784249687.861910,0,76.085716,1.892156,0.042969
1784249687.871651,0,76.105133,2.074393,0.007812
1784249687.881916,0,76.124153,1.989091,0.023438
1784249687.891896,0,76.143486,1.888279,0.035156
1784249687.902068,0,76.162903,1.896034,0.023438
1784249687.912074,0,76.181953,1.888279,0.023438
1784249687.921721,0,76.201187,1.837873,0.027344
1784249687.932082,0,76.220940,1.857260,0.027344
1784249687.942009,0,76.239807,1.985213,0.007812
1784249687.951864,0,76.259445,1.911543,0.035156
1784249687.961631,0,76.278915,1.818486,0.027344
1784249687.971872,0,76.298210,1.903789,0.011719
1784249687.982068,0,76.317299,1.853383,0.023438
1784249687.991729,0,76.336746,1.841751,0.023438
1784249688.002110,0,76.356316,1.919298,0.019531
1784249688.012042,0,76.375488,1.958072,0.019531
1784249688.021626,0,76.395058,1.930930,0.027344
1784249688.031819,0,76.413994,1.853383,0.027344
1784249688.042089,0,76.433678,1.857260,0.003906
1784249688.052021,0,76.452644,1.876647,0.035156
1784249688.061873,0,76.472000,1.934808,0.035156
1784249688.071637,0,76.491966,1.899911,0.007812
1784249688.081871,0,76.510834,1.919298,0.023438
1784249688.092052,0,76.530373,1.884402,0.023438
1784249688.101699,0,76.549576,2.023987,0.011719
1784249688.112057,0,76.568878,1.950317,0.011719
1784249688.121608,0,76.588531,1.946440,0.027344
1784249688.131730,0,76.607803,1.919298,0.027344
1784249688.141812,0,76.627159,1.992968,0.007812
1784249688.151664,0,76.646149,1.903789,0.027344
1784249688.161724,0,76.665321,1.888279,0.019531
1784249688.171870,0,76.685226,1.989091,0.023438
1784249688.181855,0,76.704124,1.892156,0.011719
1784249688.191873,0,76.723663,1.911543,0.027344
1784249688.201878,0,76.743263,1.954194,0.023438
1784249688.211679,0,76.762527,2.016232,0.007812
1784249688.221687,0,76.781708,1.954194,0.035156
1784249688.231682,0,76.800911,1.837873,0.023438
1784249688.242087,0,76.820480,1.981336,0.011719
1784249688.251747,0,76.839531,1.849505,0.035156
1784249688.262063,0,76.859192,1.981336,0.023438
1784249688.272084,0,76.878456,1.861138,0.023438
1784249688.281636,0,76.897484,1.985213,0.011719
1784249688.291662,0,76.917076,1.833996,0.042969
1784249688.301735,0,76.936340,2.000723,0.027344
1784249688.312074,0,76.955704,2.023987,0.007812
1784249688.321592,0,76.974937,1.876647,0.035156
1784249688.331716,0,76.994263,1.826241,0.011719
1784249688.341807,0,77.013016,1.903789,0.023438
1784249688.351861,0,77.032310,1.865015,0.035156
1784249688.362067,0,77.051727,1.981336,0.027344
1784249688.371609,0,77.071632,1.791345,0.023438
1784249688.381602,0,77.090317,1.961949,0.023438
1784249688.391863,0,77.109680,1.907666,0.035156
1784249688.402061,0,77.129181,1.923175,0.023438
1784249688.412103,0,77.148537,2.012355,0.011719
1784249688.421633,0,77.167656,1.880524,0.027344
1784249688.431717,0,77.186951,1.915421,0.023438
1784249688.442059,0,77.206245,1.996845,0.019531
1784249688.452029,0,77.225182,1.954194,0.023438
1784249688.461981,0,77.244568,1.969704,0.027344
1784249688.472067,0,77.263985,1.950317,0.011719
1784249688.481891,0,77.283066,1.985213,0.023438
1784249688.491823,0,77.302513,1.903789,0.035156
1784249688.501616,0,77.321877,1.969704,0.019531
1784249688.511990,0,77.341164,1.934808,0.011719
1784249688.521729,0,77.360344,1.814609,0.035156
1784249688.531771,0,77.379906,1.965827,0.019531
1784249688.542032,0,77.399452,1.981336,0.019531
1784249688.551639,0,77.418442,1.833996,0.011719
1784249688.561998,0,77.438072,1.837873,0.035156
1784249688.571907,0,77.457428,1.973581,0.019531
1784249688.582035,0,77.476540,1.965827,0.011719
1784249688.591772,0,77.496048,1.795222,0.027344
1784249688.601558,0,77.515617,1.810732,0.007812
1784249688.611542,0,77.534943,1.934808,0.019531
1784249688.621601,0,77.554268,1.896034,0.035156
1784249688.631986,0,77.573532,1.954194,0.023438
1784249688.641777,0,77.592865,1.973581,0.011719
1784249688.651951,0,77.611580,1.826241,0.019531
1784249688.661587,0,77.631424,1.880524,0.027344
1784249688.671547,0,77.650505,1.899911,0.019531
1784249688.681901,0,77.669960,1.977458,0.023438
1784249688.691917,0,77.689041,1.833996,0.035156
1784249688.701732,0,77.708580,1.896034,0.019531
1784249688.711680,0,77.728172,2.035619,0.019531
1784249688.721462,0,77.747200,1.814609,0.035156
1784249688.731653,0,77.766586,1.826241,0.027344
1784249688.741560,0,77.785973,1.884402,0.019531
1784249688.751919,0,77.805176,1.989091,0.007812
1784249688.761694,0,77.824387,1.841751,0.023438
1784249688.771647,0,77.843498,1.942562,0.011719
1784249688.781898,0,77.863159,1.942562,0.011719
1784249688.791822,0,77.882607,1.899911,0.039062
1784249688.801959,0,77.901657,2.078270,0.007812
1784249688.811659,0,77.920715,2.047251,0.023438
1784249688.821558,0,77.939796,1.965827,0.019531
1784249688.831887,0,77.959785,1.973581,0.035156
1784249688.841975,0,77.978813,1.927053,0.019531
1784249688.851981,0,77.997597,1.911543,0.023438
1784249688.861968,0,78.016922,1.915421,0.039062
1784249688.871970,0,78.036491,1.919298,0.019531
1784249688.881996,0,78.055359,1.911543,0.027344
1784249688.892012,0,78.074478,1.919298,0.035156
1784249688.901943,0,78.094101,2.023987,0.023438
1784249688.911946,0,78.113098,2.020110,0.023438
1784249688.921587,0,78.132149,1.872770,0.027344
1784249688.931514,0,78.151627,1.861138,0.035156
1784249688.941469,0,78.170471,1.853383,0.019531
1784249688.951897,0,78.189583,1.919298,0.035156
1784249688.961964,0,78.209000,1.853383,0.035156
1784249688.971954,0,78.228264,2.039496,0.019531
1784249688.981949,0,78.247536,2.023987,0.019531
1784249688.991978,0,78.266739,1.876647,0.027344
1784249689.001930,0,78.286278,1.989091,0.027344
1784249689.011944,0,78.305145,1.857260,0.023438
1784249689.021458,0,78.324501,1.888279,0.019531
1784249689.031715,0,78.343857,1.872770,0.027344
1784249689.041650,0,78.362946,1.868892,0.019531
1784249689.051959,0,78.382271,1.907666,0.023438
1784249689.061956,0,78.401596,1.923175,0.035156
1784249689.071939,0,78.421013,2.020110,0.019531
1784249689.081945,0,78.439941,1.907666,0.027344
1784249689.091944,0,78.459305,1.795222,0.027344
1784249689.101926,0,78.478935,1.930930,0.019531
1784249689.111980,0,78.497803,1.876647,0.023438
1784249689.121736,0,78.517220,1.973581,0.023438
1784249689.131718,0,78.536972,1.802977,0.023438
1784249689.141960,0,78.555939,2.027864,0.011719
1784249689.151680,0,78.574959,1.903789,0.039062
1784249689.161884,0,78.594254,1.868892,0.027344
1784249689.171540,0,78.613670,1.919298,0.011719
1784249689.181945,0,78.632904,1.934808,0.027344
1784249689.191694,0,78.652084,1.791345,0.027344
1784249689.201801,0,78.671654,1.884402,0.023438
1784249689.211594,0,78.690704,1.927053,0.023438
1784249689.220546,0,78.709610,1.783590,0.027344
1784249689.231921,0,78.729874,1.950317,0.027344
1784249689.241670,0,78.748894,2.023987,0.003906
1784249689.251571,0,78.767830,1.954194,0.027344
1784249689.261557,0,78.787033,1.841751,0.027344
1784249689.271891,0,78.806511,2.016232,0.019531
1784249689.281608,0,78.825623,1.880524,0.023438
1784249689.291944,0,78.844856,1.802977,0.023438
1784249689.301941,0,78.864281,1.892156,0.023438
1784249689.311934,0,78.883179,1.880524,0.023438
1784249689.321918,0,78.902626,1.779713,0.027344
1784249689.331868,0,78.921951,2.000723,0.023438
1784249689.341928,0,78.941063,1.861138,0.019531
1784249689.351946,0,78.960274,1.849505,0.035156
1784249689.361624,0,78.979721,1.934808,0.027344
1784249689.371684,0,78.998894,1.884402,0.011719
1784249689.381535,0,79.017891,1.884402,0.035156
1784249689.391883,0,79.038094,1.923175,0.023438
1784249689.401620,0,79.057632,1.938685,0.027344
1784249689.411519,0,79.076385,1.950317,0.007812
1784249689.421799,0,79.095589,1.826241,0.039062
1784249689.431676,0,79.114792,1.884402,0.023438
1784249689.441510,0,79.133904,1.930930,0.007812
1784249689.451464,0,79.153084,1.779713,0.027344
1784249689.461444,0,79.172379,1.892156,0.023438
1784249689.471437,0,79.191673,1.961949,0.023438
1784249689.481483,0,79.210335,1.876647,0.023438
1784249689.490363,0,79.229507,1.799100,0.039062
1784249689.501437,0,79.249077,2.004600,0.019531
1784249689.511452,0,79.268578,1.981336,0.023438
1784249689.521468,0,79.287727,1.915421,0.035156
1784249689.531449,0,79.306717,1.942562,0.019531
1784249689.540388,0,79.325775,2.008477,0.023438
1784249689.550371,0,79.344887,1.930930,0.035156
1784249689.561432,0,79.364456,1.954194,0.011719
1784249689.570374,0,79.383514,1.954194,0.011719
1784249689.581423,0,79.402710,1.818486,0.019531
1784249689.591423,0,79.422256,1.923175,0.027344
1784249689.601448,0,79.441490,1.915421,0.019531
1784249689.611420,0,79.460632,1.907666,0.007812
1784249689.621442,0,79.480049,1.896034,0.027344
1784249689.630315,0,79.499229,1.892156,0.027344
1784249689.640305,0,79.518372,1.915421,0.019531
1784249689.650308,0,79.537636,1.833996,0.035156
1784249689.660306,0,79.557144,1.934808,0.023438
1784249689.670305,0,79.576233,1.849505,0.019531
1784249689.680303,0,79.595345,1.841751,0.023438
1784249689.690288,0,79.614883,1.915421,0.027344
1784249689.700305,0,79.634056,1.903789,0.019531
1784249689.710312,0,79.653351,1.961949,0.035156
1784249689.721418,0,79.672859,1.799100,0.035156
1784249689.731421,0,79.692215,1.919298,0.019531
1784249689.740329,0,79.711212,1.954194,0.023438
1784249689.751430,0,79.730598,1.795222,0.027344
1784249689.761435,0,79.750198,1.892156,0.023438
1784249689.771397,0,79.769485,2.043374,0.011719
1784249689.781399,0,79.788574,1.868892,0.011719
1784249689.790392,0,79.807838,1.865015,0.027344
1784249689.801432,0,79.827377,1.973581,0.019531
1784249689.811404,0,79.846581,1.954194,0.023438
1784249689.821433,0,79.865791,1.930930,0.035156
1784249689.831398,0,79.885239,2.078270,0.019531
1784249689.841428,0,79.904320,1.896034,0.023438
1784249689.851401,0,79.923523,1.942562,0.027344
1784249689.861407,0,79.943031,1.865015,0.027344
1784249689.871451,0,79.962204,1.915421,0.023438
1784249689.881428,0,79.981323,1.888279,0.027344
1784249689.891400,0,80.000771,1.927053,0.035156
1784249689.901418,0,80.019852,1.989091,0.011719
1784249689.911402,0,80.039062,2.008477,0.027344
1784249689.921409,0,80.058418,1.977458,0.039062
1784249689.930426,0,80.077621,1.996845,0.011719
1784249689.940340,0,80.096642,1.872770,0.019531
1784249689.951441,0,80.115814,1.837873,0.027344
1784249689.961466,0,80.135628,1.981336,0.027344
1784249689.971401,0,80.154556,1.899911,0.023438
1784249689.981380,0,80.173645,1.892156,0.035156
1784249689.991417,0,80.193062,1.977458,0.035156
1784249690.001269,0,80.212479,1.930930,0.019531
1784249690.011482,0,80.231110,1.942562,0.035156
1784249690.021469,0,80.250710,1.946440,0.027344
1784249690.031431,0,80.269913,1.919298,0.023438
1784249690.041499,0,80.288902,1.930930,0.019531
1784249690.051497,0,80.308205,1.884402,0.027344
1784249690.061426,0,80.327286,1.868892,0.035156
1784249690.071437,0,80.346214,1.942562,0.023438
1784249690.081940,0,80.366699,1.915421,0.027344
1784249690.091830,0,80.385933,1.930930,0.035156
1784249690.101570,0,80.404984,1.989091,0.003906
1784249690.111557,0,80.423859,1.907666,0.027344
1784249690.121634,0,80.443153,1.888279,0.027344
1784249690.131918,0,80.463020,1.981336,0.023438
1784249690.141679,0,80.482498,2.004600,0.019531
1784249690.151937,0,80.501740,1.915421,0.035156
1784249690.161734,0,80.521217,1.923175,0.023438
1784249690.171937,0,80.540329,1.981336,0.011719
1784249690.181588,0,80.559082,1.896034,0.027344
1784249690.191902,0,80.578621,1.899911,0.019531
1784249690.201735,0,80.598160,2.031742,0.007812
1784249690.211663,0,80.617599,1.833996,0.035156
1784249690.221645,0,80.637054,1.958072,0.019531
1784249690.231439,0,80.656410,1.841751,0.019531
1784249690.241548,0,80.675491,1.930930,0.023438
1784249690.251756,0,80.694641,1.872770,0.027344
1784249690.261811,0,80.714569,1.942562,0.027344
1784249690.271777,0,80.733780,1.977458,0.003906
1784249690.281384,0,80.753761,1.958072,0.027344
1784249690.291477,0,80.772400,1.849505,0.027344
1784249690.301630,0,80.791725,2.039496,0.011719
1784249690.311431,0,80.811195,1.961949,0.023438
1784249690.321360,0,80.829773,1.919298,0.023438
1784249690.331497,0,80.833832,-0.054283,0.007812
1784249690.341521,0,80.833923,-0.015509,0.003906
1784249690.351496,0,80.833946,0.023264,0.007812
1784249690.361481,0,80.833923,-0.062038,0.000000
1784249690.371507,0,80.833923,-0.027142,0.007812
1784249690.381529,0,80.833946,0.050406,0.007812
1784249690.391882,0,80.833893,-0.038774,0.003906
1784249690.401896,0,80.833893,-0.058161,0.003906
1784249690.411667,0,80.833893,-0.058161,0.000000
1784249690.421451,0,80.833923,0.000000,0.003906
1784249690.431494,0,80.833893,-0.054283,0.000000
1784249690.441717,0,80.833923,0.015509,0.003906
1784249690.451908,0,80.833893,-0.046528,0.003906
1784249690.461901,0,80.833923,0.000000,0.000000
1784249690.471922,0,80.833893,-0.054283,0.007812
1784249690.481475,0,80.833893,-0.046528,0.007812
1784249690.491657,0,80.833923,0.023264,0.003906
1784249690.501667,0,80.833893,-0.058161,0.007812
1784249690.511704,0,80.833893,-0.038774,0.000000
1784249690.521705,0,80.833893,-0.038774,0.003906
1784249690.531583,0,80.833893,-0.034896,0.007812
1784249690.541658,0,80.833893,-0.038774,0.003906
1784249690.551834,0,80.833855,-0.093057,0.003906
1784249690.561860,0,80.833893,-0.046528,0.000000
1784249690.571478,0,80.833893,-0.054283,0.003906
1784249690.581460,0,80.833923,0.003877,0.003906
1784249690.591411,0,80.833893,-0.058161,0.000000
1784249690.601424,0,80.833893,0.015509,0.007812
1784249690.611492,0,80.833923,0.007755,0.003906
1784249690.621407,0,80.833923,0.000000,0.000000
1784249690.631401,0,80.833923,0.019387,0.000000
1784249690.641521,0,80.833923,0.011632,0.007812
1784249690.651820,0,80.833923,0.015509,0.003906
1784249690.661658,0,80.833893,-0.027142,0.007812
1784249690.671665,0,80.833893,-0.038774,0.003906
1784249690.681526,0,80.833855,-0.085302,0.000000
1784249690.691724,0,80.833893,-0.038774,0.003906
1784249690.701871,0,80.833893,-0.046528,0.007812
1784249690.711405,0,80.833893,-0.058161,0.000000
1784249690.721685,0,80.833923,0.019387,0.007812
1784249690.731448,0,80.833855,-0.096934,0.000000
1784249690.741411,0,80.833893,-0.050406,0.007812
1784249690.751477,0,80.833923,0.015509,0.007812
1784249690.761399,0,80.833923,0.019387,0.003906
1784249690.771636,0,80.833923,0.011632,0.003906
1784249690.781403,0,80.833893,-0.054283,0.007812
1784249690.791301,0,80.833923,0.015509,0.003906
1784249690.801833,0,80.833893,-0.038774,0.003906
1784249690.811419,0,80.833893,-0.058161,0.000000
1784249690.821616,0,80.833923,0.019387,0.007812
1784249690.831683,0,80.833855,-0.093057,0.007812
1784249690.841637,0,80.833893,-0.058161,0.000000
1784249690.851877,0,80.833923,0.011632,0.003906
1784249690.861823,0,80.833923,0.000000,0.007812
1784249690.871578,0,80.833893,-0.054283,0.000000
1784249690.881523,0,80.833893,-0.038774,0.003906
1784249690.891395,0,80.833893,-0.034896,0.003906
1784249690.901886,0,80.833893,-0.031019,0.000000
1784249690.911878,0,80.833893,-0.038774,0.007812
1784249690.921751,0,80.833923,0.000000,0.000000
1784249690.931534,0,80.833893,-0.038774,0.007812
1784249690.941480,0,80.833923,0.000000,0.003906
1784249690.951860,0,80.833893,0.019387,0.003906
1784249690.961395,0,80.833893,-0.054283,0.000000
1784249690.971651,0,80.833893,-0.046528,0.007812
1784249690.981497,0,80.833923,0.000000,0.003906
1784249690.991894,0,80.833923,0.007755,0.007812
1784249691.001815,0,80.833923,0.007755,0.000000
1784249691.011866,0,80.833923,0.000000,0.000000
1784249691.021799,0,80.833893,-0.038774,0.007812
1784249691.031509,0,80.833923,0.000000,0.007812
1784249691.041634,0,80.833893,-0.065915,0.000000
1784249691.051413,0,80.833923,0.011632,0.007812
1784249691.061390,0,80.833893,-0.050406,0.000000
1784249691.071808,0,80.833893,-0.050406,0.000000
1784249691.081861,0,80.833946,0.062038,0.003906
1784249691.091798,0,80.833923,0.000000,0.003906
1784249691.101869,0,80.833923,0.003877,0.003906
1784249691.111800,0,80.833923,0.015509,0.000000
1784249691.121704,0,80.833946,0.000000,0.000000
1784249691.131520,0,80.833923,0.003877,0.007812
1784249691.141481,0,80.833923,0.000000,0.000000
1784249691.151647,0,80.833923,0.000000,0.003906
1784249691.161641,0,80.833923,-0.003877,0.000000
1784249691.171609,0,80.833923,0.019387,0.003906
1784249691.181635,0,80.833923,0.000000,0.003906
1784249691.191828,0,80.833923,0.015509,0.000000
1784249691.201394,0,80.833923,0.000000,0.003906
1784249691.211572,0,80.833923,0.003877,0.003906
1784249691.221608,0,80.833893,-0.058161,0.003906
1784249691.231475,0,80.833893,-0.054283,0.003906
1784249691.241522,0,80.833893,-0.050406,0.007812
1784249691.251585,0,80.833923,0.015509,0.000000
1784249691.261423,0,80.833893,-0.038774,0.000000
1784249691.271632,0,80.833923,-0.003877,0.007812
1784249691.281517,0,80.833923,0.003877,0.003906
1784249691.291500,0,80.833893,-0.050406,0.003906
1784249691.301526,0,80.833923,0.000000,0.000000
1784249691.311804,0,80.833923,0.007755,0.000000
1784249691.321680,0,80.833923,0.007755,0.003906
1784249691.331709,0,80.833893,-0.054283,0.003906
1784249691.341448,0,80.833923,-0.007755,0.007812
1784249691.351780,0,80.833893,-0.058161,0.000000
1784249691.361822,0,80.833893,-0.054283,0.000000
1784249691.371620,0,80.833923,0.003877,0.003906
1784249691.381460,0,80.833923,0.000000,0.003906
1784249691.391439,0,80.833893,-0.054283,0.007812
1784249691.401579,0,80.833893,-0.058161,0.000000
1784249691.411617,0,80.833923,-0.003877,0.000000
1784249691.421451,0,80.833923,0.007755,0.000000
1784249691.431463,0,80.833893,-0.046528,0.000000
1784249691.441791,0,80.833923,-0.007755,0.000000
1784249691.451577,0,80.833923,-0.003877,0.003906
1784249691.461767,0,80.833923,-0.007755,0.003906
1784249691.471821,0,80.833923,0.011632,0.003906
1784249691.481602,0,80.833893,-0.058161,0.003906
1784249691.491429,0,80.833923,0.003877,0.007812
1784249691.501620,0,80.833893,-0.069793,0.003906
1784249691.511567,0,80.833923,0.000000,0.000000
1784249691.521683,0,80.833923,0.069793,0.003906
1784249691.531412,0,80.833923,-0.003877,0.003906
1784249691.541597,0,80.833893,-0.046528,0.000000
1784249691.551785,0,80.833923,0.000000,0.007812
1784249691.561785,0,80.833923,0.007755,0.007812
1784249691.571529,0,80.833893,-0.058161,0.000000
1784249691.581575,0,80.833923,0.000000,0.000000
1784249691.591434,0,80.833923,-0.015509,0.007812
1784249691.601620,0,80.833893,-0.058161,0.003906
1784249691.611768,0,80.833923,-0.003877,0.000000
1784249691.621310,0,80.833893,-0.050406,0.000000
1784249691.631260,0,80.833923,0.000000,0.011719
1784249691.641766,0,80.833923,0.011632,0.003906
1784249691.651412,0,80.833923,0.011632,0.000000
1784249691.661800,0,80.833893,-0.054283,0.003906
1784249691.671770,0,80.833923,0.000000,0.000000
1784249691.681469,0,80.833893,-0.054283,0.000000
1784249691.691424,0,80.833923,0.015509,0.007812
1784249691.701462,0,80.833923,0.000000,0.003906
1784249691.711333,0,80.833893,-0.042651,0.000000
1784249691.721411,0,80.833923,0.019387,0.007812
1784249691.731482,0,80.833946,0.054283,0.000000
1784249691.741444,0,80.833893,-0.054283,0.003906
1784249691.751523,0,80.833893,-0.046528,0.000000
1784249691.761478,0,80.833893,-0.058161,0.007812
1784249691.771615,0,80.833923,0.011632,0.000000
1784249691.781776,0,80.833923,0.000000,0.003906
1784249691.791738,0,80.833923,0.011632,0.007812
1784249691.801538,0,80.833893,-0.058161,0.003906
1784249691.811396,0,80.833946,0.046528,0.007812
1784249691.821365,0,80.833923,0.000000,0.003906
1784249691.831398,0,80.833893,-0.050406,0.007812
1784249691.841466,0,80.833923,-0.003877,0.000000
1784249691.851429,0,80.833893,-0.046528,0.000000
1784249691.861572,0,80.833923,0.003877,0.003906
1784249691.871635,0,80.833923,0.003877,0.003906
1784249691.881493,0,80.833923,-0.003877,0.000000
1784249691.891661,0,80.833923,0.003877,0.003906
1784249691.901542,0,80.833923,0.015509,0.003906
1784249691.911271,0,80.833923,0.007755,0.000000
1784249691.921566,0,80.833893,-0.050406,0.003906
1784249691.931308,0,80.833923,0.019387,0.003906
1784249691.941608,0,80.833893,-0.069793,0.003906
1784249691.951659,0,80.833923,0.000000,0.007812
1784249691.961713,0,80.833893,-0.034896,0.003906
1784249691.971313,0,80.833893,-0.042651,0.000000
1784249691.981303,0,80.833923,-0.042651,0.003906
1784249691.991486,0,80.833923,0.000000,0.003906
1784249692.001467,0,80.833893,-0.042651,0.003906
1784249692.011570,0,80.833923,0.000000,0.003906
1784249692.021610,0,80.833923,-0.007755,0.000000
1784249692.031368,0,80.833923,0.003877,0.003906
1784249692.041329,0,80.833923,0.003877,0.003906
1784249692.051384,0,80.833923,-0.003877,0.003906
1784249692.061299,0,80.833923,0.015509,0.003906
1784249692.071603,0,80.833893,-0.038774,0.003906
1784249692.081564,0,80.833923,-0.003877,0.003906
1784249692.091308,0,80.833923,-0.003877,0.003906
1784249692.101737,0,80.833893,-0.038774,0.007812
1784249692.111688,0,80.833923,0.015509,0.003906
1784249692.121305,0,80.833893,-0.042651,0.003906
1784249692.131364,0,80.833923,-0.003877,0.003906
1784249692.141314,0,80.833893,-0.054283,0.003906
1784249692.151567,0,80.833923,-0.003877,0.003906
1784249692.161390,0,80.833855,-0.096934,0.003906
1784249692.171460,0,80.833893,-0.058161,0.007812
1784249692.181494,0,80.833923,0.000000,0.003906
1784249692.191539,0,80.833893,-0.046528,0.000000
1784249692.201468,0,80.833923,0.003877,0.000000
1784249692.211517,0,80.833893,-0.058161,0.007812
1784249692.221490,0,80.833923,0.000000,0.007812
1784249692.231289,0,80.833893,-0.069793,0.003906
1784249692.241412,0,80.833893,-0.046528,0.003906
1784249692.251543,0,80.833923,-0.058161,0.000000
1784249692.261639,0,80.833923,-0.015509,0.000000
1784249692.271541,0,80.833946,0.054283,0.007812
1784249692.281347,0,80.833946,0.050406,0.000000
1784249692.291455,0,80.833923,0.000000,0.000000
1784249692.301558,0,80.833923,0.000000,0.000000
1784249692.311701,0,80.833893,-0.062038,0.007812
1784249692.321560,0,80.833946,0.058161,0.003906
1784249692.331468,0,80.833893,-0.038774,0.007812
1784249692.342619,0,80.833946,0.054283,0.000000
1784249692.351286,0,80.833893,-0.065915,0.007812
1784249692.361388,0,80.833893,-0.062038,0.003906
1784249692.371283,0,80.833893,-0.058161,0.000000
1784249692.381358,0,80.833946,0.054283,0.000000
1784249692.391411,0,80.833893,-0.058161,0.003906
1784249692.401692,0,80.833893,-0.050406,0.003906
1784249692.411401,0,80.833923,0.000000,0.007812
1784249692.421422,0,80.833923,0.000000,0.000000
1784249692.431252,0,80.833893,-0.085302,0.003906
1784249692.441477,0,80.833893,-0.058161,0.003906
1784249692.452510,0,80.833923,0.007755,0.007812
1784249692.461506,0,80.833923,0.019387,0.003906
1784249692.472430,0,80.833923,-0.003877,0.000000
1784249692.481485,0,80.833946,0.062038,0.003906
1784249692.491288,0,80.833946,0.046528,0.000000
1784249692.501716,0,80.833893,-0.046528,0.007812
1784249692.511324,0,80.833893,-0.062038,0.000000
1784249692.521475,0,80.833923,0.000000,0.000000
1784249692.531504,0,80.833893,-0.058161,0.000000
1784249692.541676,0,80.833923,-0.003877,0.003906
1784249692.551250,0,80.833893,-0.042651,0.007812
1784249692.561406,0,80.833923,-0.003877,0.007812
1784249692.572454,0,80.833923,0.000000,0.003906
1784249692.581286,0,80.833893,-0.038774,0.011719
1784249692.591386,0,80.833923,0.000000,0.000000
1784249692.601499,0,80.833923,0.000000,0.000000
1784249692.611463,0,80.833923,-0.050406,0.000000
1784249692.622627,0,80.833893,-0.065915,0.003906
1784249692.631280,0,80.833893,0.003877,0.000000
1784249692.641252,0,80.833923,0.019387,0.003906
1784249692.651231,0,80.833893,-0.046528,0.003906
1784249692.661202,0,80.833893,-0.042651,0.003906
1784249692.671319,0,80.833893,-0.069793,0.000000
1784249692.681707,0,80.833923,0.015509,0.003906
1784249692.692463,0,80.833855,-0.096934,0.003906
1784249692.701361,0,80.833893,-0.050406,0.003906
1784249692.711323,0,80.833893,-0.050406,0.003906
1784249692.721375,0,80.833923,0.015509,0.000000
1784249692.731263,0,80.833893,-0.054283,0.003906
1784249692.741608,0,80.833893,-0.058161,0.003906
1784249692.751415,0,80.833855,-0.112444,0.003906
1784249692.761304,0,80.833893,-0.038774,0.007812
1784249692.771474,0,80.833923,0.015509,0.003906
1784249692.781430,0,80.833923,0.007755,0.003906
1784249692.791439,0,80.833893,-0.042651,0.003906
1784249692.801376,0,80.833923,-0.042651,0.000000
1784249692.811365,0,80.833893,-0.058161,0.000000
1784249692.821358,0,80.833923,0.003877,0.003906
1784249692.831481,0,80.833893,-0.038774,0.003906
1784249692.841460,0,80.833893,-0.054283,0.000000
1784249692.852489,0,80.833893,-0.042651,0.011719
1784249692.861388,0,80.833893,-0.058161,0.000000
1784249692.872502,0,80.833923,0.000000,0.003906
1784249692.881244,0,80.833923,0.000000,0.007812
1784249692.891285,0,80.833923,0.003877,0.007812
1784249692.901274,0,80.833893,-0.050406,0.007812
1784249692.911391,0,80.833923,0.015509,0.007812
1784249692.921306,0,80.833923,0.019387,0.003906
1784249692.931257,0,80.833923,-0.003877,0.003906
1784249692.941472,0,80.833893,-0.062038,0.003906
1784249692.951283,0,80.833923,-0.058161,0.000000
1784249692.961441,0,80.833893,-0.050406,0.000000
1784249692.971358,0,80.833923,0.003877,0.000000
1784249692.981458,0,80.833923,0.019387,0.000000
1784249692.991324,0,80.833923,0.007755,0.007812
1784249693.001337,0,80.833923,0.003877,0.011719
1784249693.011477,0,80.833893,-0.050406,0.007812
1784249693.022451,0,80.833923,0.007755,0.007812
1784249693.031317,0,80.833893,-0.058161,0.000000
1784249693.041339,0,80.833946,0.054283,0.000000
1784249693.051375,0,80.833893,-0.058161,0.003906
1784249693.061223,0,80.833893,-0.050406,0.003906
1784249693.072350,0,80.833923,0.015509,0.003906
1784249693.081256,0,80.833893,-0.065915,0.003906
1784249693.091430,0,80.833893,-0.046528,0.000000
1784249693.101511,0,80.833923,0.000000,0.000000
1784249693.111335,0,80.833946,0.027142,0.003906
1784249693.121356,0,80.833923,0.000000,0.000000
1784249693.131290,0,80.833893,-0.058161,0.003906
1784249693.141461,0,80.833893,-0.069793,0.003906
1784249693.151392,0,80.833923,-0.003877,0.003906
1784249693.161393,0,80.833893,-0.062038,0.003906
1784249693.171448,0,80.833893,-0.120198,0.003906
1784249693.181340,0,80.833855,-0.112444,0.000000
1784249693.191279,0,80.833923,0.019387,0.003906
1784249693.201250,0,80.833893,-0.062038,0.000000
1784249693.211374,0,80.833893,-0.062038,0.000000
1784249693.221220,0,80.833923,-0.003877,0.000000
1784249693.231254,0,80.833923,0.000000,0.007812
1784249693.241411,0,80.833923,0.007755,0.003906
1784249693.251681,0,80.833893,-0.065915,0.003906
1784249693.261514,0,80.833923,-0.007755,0.000000
1784249693.271468,0,80.833923,-0.003877,0.003906
1784249693.281239,0,80.833893,-0.069793,0.007812
1784249693.291390,0,80.833923,-0.015509,0.003906
1784249693.301328,0,80.833923,-0.003877,0.000000
1784249693.311331,0,80.833923,0.000000,0.000000
1784249693.321345,0,80.833923,0.007755,0.007812
1784249693.331235,0,80.833923,-0.003877,0.003906
1784249693.341692,0,80.833893,-0.058161,0.003906
1784249693.351698,0,80.833923,-0.011632,0.003906
1784249693.361677,0,80.833923,-0.015509,0.007812
1784249693.371348,0,80.833923,0.000000,0.003906
1784249693.381391,0,80.833893,-0.069793,0.003906
1784249693.391244,0,80.833923,0.000000,0.000000
1784249693.402241,0,80.833923,0.019387,0.007812
1784249693.411231,0,80.833893,0.000000,0.003906
1784249693.421334,0,80.833946,0.050406,0.003906
1784249693.431228,0,80.833923,0.000000,0.003906
1784249693.441350,0,80.833923,-0.003877,0.007812
1784249693.451374,0,80.833923,-0.003877,0.000000
1784249693.461519,0,80.833893,-0.069793,0.007812
1784249693.471330,0,80.833893,-0.058161,0.000000
1784249693.481330,0,80.833893,-0.062038,0.003906
1784249693.491362,0,80.833923,0.000000,0.003906
1784249693.501363,0,80.833923,-0.003877,0.003906
1784249693.511252,0,80.833923,-0.058161,0.003906
1784249693.521231,0,80.833946,0.054283,0.000000
1784249693.531235,0,80.833923,0.000000,0.007812
1784249693.541284,0,80.833923,0.000000,0.007812
1784249693.551398,0,80.833946,0.038774,0.000000
1784249693.561215,0,80.833893,-0.042651,0.007812
1784249693.572311,0,80.833893,-0.069793,0.003906
1784249693.581262,0,80.833923,-0.003877,0.003906
1784249693.591326,0,80.833923,-0.003877,0.000000
1784249693.601232,0,80.833923,0.000000,0.007812
1784249693.611311,0,80.833893,-0.058161,0.003906
1784249693.621264,0,80.833893,-0.058161,0.003906
1784249693.631211,0,80.833923,-0.011632,0.000000
1784249693.641248,0,80.833893,-0.077547,0.007812
1784249693.651319,0,80.833923,0.003877,0.000000
1784249693.662214,0,80.833923,0.003877,0.003906
1784249693.671541,0,80.833893,-0.062038,0.000000
1784249693.681221,0,80.833893,-0.050406,0.003906
1784249693.691368,0,80.833923,-0.003877,0.003906
1784249693.701324,0,80.833923,-0.011632,0.007812
1784249693.711373,0,80.833923,0.000000,0.003906
1784249693.721290,0,80.833893,-0.062038,0.003906
1784249693.731197,0,80.833923,0.007755,0.007812
1784249693.741256,0,80.833923,0.000000,0.007812
1784249693.751271,0,80.833923,-0.007755,0.000000
1784249693.761305,0,80.833946,0.050406,0.000000
1784249693.771315,0,80.833923,0.019387,0.007812
1784249693.781332,0,80.833893,-0.042651,0.000000
1784249693.791317,0,80.833893,-0.046528,0.003906
1784249693.801311,0,80.833923,0.000000,0.003906
1784249693.811359,0,80.833923,-0.019387,0.003906
1784249693.821251,0,80.833923,0.003877,0.007812
1784249693.831239,0,80.833923,-0.007755,0.003906
1784249693.841229,0,80.833923,0.003877,0.007812
1784249693.851318,0,80.833893,-0.058161,0.000000
1784249693.861310,0,80.833923,0.003877,0.003906
1784249693.871622,0,80.833893,-0.038774,0.011719
1784249693.881364,0,80.833893,-0.050406,0.007812
1784249693.891293,0,80.833893,0.046528,0.003906
1784249693.901319,0,80.833923,-0.038774,0.007812
1784249693.911255,0,80.833923,-0.019387,0.000000
1784249693.921399,0,80.833923,0.015509,0.003906
1784249693.931304,0,80.833893,-0.046528,0.003906
1784249693.941304,0,80.833923,-0.003877,0.003906
1784249693.951284,0,80.833893,-0.050406,0.007812
1784249693.961207,0,80.833923,-0.003877,0.000000
1784249693.971210,0,80.833893,-0.058161,0.003906
1784249693.981288,0,80.833923,-0.011632,0.000000
1784249693.991378,0,80.833893,-0.058161,0.003906
1784249694.001167,0,80.833923,-0.011632,0.000000
1784249694.011260,0,80.833923,0.000000,0.003906
1784249694.021189,0,80.833893,-0.073670,0.003906
1784249694.031211,0,80.833893,-0.058161,0.003906
1784249694.041340,0,80.833893,-0.054283,0.007812
1784249694.051185,0,80.833923,-0.054283,0.003906
1784249694.061214,0,80.833893,-0.054283,0.007812
1784249694.071129,0,80.833893,-0.038774,0.000000
1784249694.081231,0,80.833893,-0.062038,0.003906
1784249694.091230,0,80.833923,0.000000,0.000000
1784249694.101184,0,80.833923,0.007755,0.003906
1784249694.111194,0,80.833923,0.000000,0.000000
1784249694.121583,0,80.833923,-0.007755,0.000000
1784249694.131158,0,80.833893,-0.062038,0.003906
1784249694.141612,0,80.833893,-0.046528,0.007812
1784249694.151245,0,80.833893,-0.054283,0.000000
1784249694.161213,0,80.833923,0.003877,0.003906
1784249694.171196,0,80.833923,0.000000,0.003906
1784249694.181150,0,80.833893,-0.054283,0.000000
1784249694.191287,0,80.833923,0.000000,0.000000
1784249694.201328,0,80.833893,-0.058161,0.007812
1784249694.211286,0,80.833923,0.007755,0.003906
1784249694.221280,0,80.833923,0.000000,0.000000
1784249694.231294,0,80.833923,0.007755,0.003906
1784249694.241295,0,80.833893,-0.050406,0.003906
1784249694.251251,0,80.833893,-0.065915,0.007812
1784249694.261265,0,80.833923,0.011632,0.003906
1784249694.271192,0,80.833923,-0.007755,0.000000
1784249694.281195,0,80.833923,0.011632,0.000000
1784249694.291240,0,80.833923,0.000000,0.003906
1784249694.301173,0,80.833923,0.000000,0.003906
1784249694.311236,0,80.833923,-0.015509,0.003906
1784249694.321187,0,80.833923,0.015509,0.003906
1784249694.331174,0,80.833923,0.000000,0.003906
1784249694.341167,0,80.833923,-0.003877,0.000000
1784249694.351346,0,80.833923,0.003877,0.007812
1784249694.361239,0,80.833923,-0.069793,0.003906
1784249694.371198,0,80.833923,0.000000,0.003906
1784249694.381221,0,80.833923,0.007755,0.007812
1784249694.391229,0,80.833893,-0.054283,0.000000
1784249694.401233,0,80.833893,0.003877,0.000000
1784249694.412259,0,80.833893,-0.058161,0.000000
1784249694.421276,0,80.833923,0.000000,0.007812
1784249694.432158,0,80.833893,0.046528,0.003906
1784249694.442260,0,80.833893,-0.046528,0.000000
1784249694.452293,0,80.833893,-0.054283,0.000000
1784249694.461367,0,80.833893,-0.050406,0.000000
1784249694.471288,0,80.833893,-0.054283,0.007812
1784249694.482260,0,80.833923,0.000000,0.000000
1784249694.491125,0,80.833893,-0.050406,0.003906
1784249694.501143,0,80.833946,0.062038,0.003906
1784249694.512238,0,80.833923,0.019387,0.003906
1784249694.522152,0,80.833893,-0.054283,0.003906
1784249694.531120,0,80.833923,0.007755,0.003906
1784249694.541238,0,80.833893,-0.054283,0.003906
1784249694.551190,0,80.833893,-0.058161,0.003906
1784249694.561242,0,80.833893,-0.046528,0.003906
1784249694.571215,0,80.833923,0.000000,0.000000
1784249694.581205,0,80.833923,0.000000,0.007812
1784249694.591169,0,80.833893,-0.062038,0.003906
1784249694.601235,0,80.833893,-0.046528,0.007812
1784249694.612221,0,80.833923,0.000000,0.003906
1784249694.621256,0,80.833893,-0.062038,0.000000
1784249694.631115,0,80.833946,0.065915,0.003906
1784249694.641200,0,80.833923,0.007755,0.000000
1784249694.651083,0,80.833923,-0.050406,0.003906
1784249694.662251,0,80.833923,0.000000,0.003906
1784249694.671109,0,80.833923,0.015509,0.003906
1784249694.681129,0,80.833893,-0.034896,0.007812
1784249694.691155,0,80.833893,-0.050406,0.003906
1784249694.701538,0,80.833893,-0.058161,0.007812
1784249694.711211,0,80.833923,0.000000,0.003906
1784249694.721180,0,80.833923,0.000000,0.007812
1784249694.732245,0,80.833923,0.003877,0.007812
1784249694.741196,0,80.833893,-0.054283,0.003906
1784249694.751209,0,80.833923,0.015509,0.007812
1784249694.762192,0,80.833855,-0.096934,0.003906
1784249694.772239,0,80.833923,-0.003877,0.003906
1784249694.782165,0,80.833893,-0.046528,0.003906
1784249694.792091,0,80.833923,0.000000,0.000000
1784249694.801095,0,80.833923,0.003877,0.000000
1784249694.812204,0,80.833893,-0.038774,0.003906
1784249694.822116,0,80.833923,0.019387,0.011719
1784249694.832206,0,80.833923,-0.007755,0.003906
1784249694.841193,0,80.833893,-0.042651,0.003906
1784249694.851133,0,80.833893,-0.050406,0.003906
1784249694.862140,0,80.833946,0.050406,0.003906
1784249694.872187,0,80.833923,0.011632,0.003906
1784249694.881192,0,80.833923,0.000000,0.000000
1784249694.892111,0,80.833893,-0.058161,0.003906
1784249694.902556,0,80.833893,-0.054283,0.000000
1784249694.912231,0,80.833923,0.023264,0.003906
1784249694.922153,0,80.833923,0.003877,0.003906
1784249694.932158,0,80.833893,-0.003877,0.000000
1784249694.941121,0,80.833893,-0.062038,0.007812
1784249694.951119,0,80.833893,-0.054283,0.000000
1784249694.962132,0,80.833893,-0.058161,0.000000
1784249694.971146,0,80.833923,0.003877,0.007812
1784249694.981230,0,80.833923,0.015509,0.003906
1784249694.991127,0,80.833893,-0.054283,0.000000
1784249695.001244,0,80.833923,0.015509,0.003906
1784249695.011165,0,80.833923,0.000000,0.003906
1784249695.021260,0,80.833893,-0.058161,0.000000
1784249695.031137,0,80.833923,0.000000,0.000000
1784249695.041025,0,80.833923,0.000000,0.003906
1784249695.051187,0,80.833855,-0.108566,0.000000
1784249695.061105,0,80.833923,-0.007755,0.000000
1784249695.072224,0,80.833923,-0.011632,0.007812
1784249695.081163,0,80.833923,0.003877,0.000000
1784249695.092111,0,80.833923,0.000000,0.003906
1784249695.102228,0,80.833923,-0.015509,0.003906
1784249695.112525,0,80.833923,0.003877,0.007812
1784249695.122152,0,80.833923,-0.015509,0.000000
1784249695.131109,0,80.833923,0.000000,0.003906
1784249695.141165,0,80.833923,-0.019387,0.000000
1784249695.151210,0,80.833893,-0.038774,0.003906
1784249695.161223,0,80.833923,0.000000,0.007812
1784249695.171092,0,80.833893,-0.058161,0.007812
1784249695.181098,0,80.833893,-0.042651,0.003906
1784249695.191526,0,80.833923,0.000000,0.003906
1784249695.201337,0,80.833923,-0.007755,0.007812
1784249695.211510,0,80.833946,0.050406,0.000000
1784249695.221031,0,80.833893,-0.058161,0.003906
1784249695.231496,0,80.833923,0.000000,0.000000
1784249695.241117,0,80.833923,-0.011632,0.000000
1784249695.251100,0,80.833923,0.000000,0.000000
1784249695.261541,0,80.833923,-0.011632,0.000000
1784249695.271321,0,80.833893,-0.069793,0.003906
1784249695.281247,0,80.833946,0.054283,0.003906
1784249695.291100,0,80.833893,-0.077547,0.003906
1784249695.301092,0,80.833893,-0.046528,0.007812
1784249695.311100,0,80.833893,-0.058161,0.003906
1784249695.322439,0,80.833923,0.000000,0.003906
1784249695.332139,0,80.833923,-0.019387,0.000000
1784249695.342082,0,80.833923,-0.023264,0.003906
1784249695.352206,0,80.833923,-0.003877,0.000000
1784249695.360991,0,80.833893,-0.058161,0.000000
1784249695.372409,0,80.833923,0.019387,0.000000
1784249695.380995,0,80.833893,-0.058161,0.003906
1784249695.391979,0,80.833923,-0.062038,0.003906
1784249695.402365,0,80.833923,0.000000,0.000000
1784249695.411378,0,80.833946,0.054283,0.007812
1784249695.421997,0,80.833923,0.000000,0.007812
1784249695.431151,0,80.833893,-0.050406,0.007812
1784249695.441019,0,80.833893,-0.038774,0.000000
1784249695.452456,0,80.833923,-0.015509,0.000000
1784249695.461053,0,80.833893,-0.050406,0.007812
1784249695.472086,0,80.833923,0.019387,0.003906
1784249695.481004,0,80.833946,0.034896,0.007812
1784249695.491201,0,80.833923,0.007755,0.007812
1784249695.502445,0,80.833923,-0.003877,0.003906
1784249695.511280,0,80.833923,-0.007755,0.000000
1784249695.522216,0,80.833946,0.046528,0.003906
1784249695.532055,0,80.833923,0.000000,0.003906
1784249695.541050,0,80.833923,-0.003877,0.000000
1784249695.551083,0,80.833923,0.000000,0.000000
1784249695.561270,0,80.833893,-0.058161,0.000000
1784249695.571054,0,80.833923,0.000000,0.003906
1784249695.581308,0,80.833923,0.000000,0.000000
1784249695.591116,0,80.833893,-0.058161,0.003906
1784249695.602466,0,80.833946,0.058161,0.003906
1784249695.611006,0,80.833946,0.054283,0.003906
1784249695.621040,0,80.833893,-0.058161,0.000000
1784249695.631985,0,80.833923,0.019387,0.007812
1784249695.642023,0,80.833923,-0.007755,0.003906
1784249695.651238,0,80.833923,-0.003877,0.003906
1784249695.661251,0,80.833893,-0.058161,0.000000
1784249695.671479,0,80.833923,0.000000,0.007812
1784249695.681483,0,80.833923,-0.046528,0.000000
1784249695.691084,0,80.833893,-0.058161,0.007812
1784249695.701016,0,80.833923,0.000000,0.003906
1784249695.712015,0,80.833893,-0.062038,0.000000
1784249695.722039,0,80.833923,0.019387,0.000000
1784249695.732180,0,80.833893,-0.050406,0.003906
1784249695.741423,0,80.833923,0.007755,0.007812
1784249695.751403,0,80.833923,0.007755,0.003906
1784249695.760913,0,80.833893,-0.054283,0.007812
1784249695.771461,0,80.833923,0.000000,0.003906
1784249695.781431,0,80.833893,-0.046528,0.007812
1784249695.791438,0,80.833893,-0.054283,0.003906
1784249695.801061,0,80.833923,0.003877,0.003906
1784249695.811035,0,80.833923,0.000000,0.000000
1784249695.821016,0,80.833923,-0.011632,0.007812
1784249695.831459,0,80.833923,0.000000,0.000000
1784249695.841228,0,80.833893,-0.054283,0.000000
1784249695.851430,0,80.833923,0.000000,0.007812
1784249695.861073,0,80.833893,-0.058161,0.003906
1784249695.870982,0,80.833893,-0.062038,0.000000
1784249695.881042,0,80.833893,-0.042651,0.003906
1784249695.891055,0,80.833893,-0.054283,0.000000
1784249695.901459,0,80.833893,-0.062038,0.003906
1784249695.911424,0,80.833946,0.065915,0.007812
1784249695.921421,0,80.833923,-0.003877,0.003906
1784249695.931430,0,80.833923,0.015509,0.000000
1784249695.941442,0,80.833893,-0.054283,0.000000
1784249695.951319,0,80.833923,0.000000,0.000000
1784249695.961106,0,80.833923,0.000000,0.003906
1784249695.971078,0,80.833893,-0.050406,0.007812
1784249695.980917,0,80.833923,0.000000,0.003906
1784249695.991438,0,80.833946,0.050406,0.003906
1784249696.001436,0,80.833923,0.000000,0.000000
1784249696.011421,0,80.833855,-0.104689,0.000000
1784249696.021427,0,80.833893,-0.038774,0.007812
1784249696.030959,0,80.833923,-0.015509,0.003906
1784249696.041012,0,80.833923,0.000000,0.003906
1784249696.051195,0,80.833893,-0.065915,0.003906
1784249696.061129,0,80.833923,0.000000,0.000000
1784249696.070978,0,80.833923,0.000000,0.003906
1784249696.080994,0,80.833923,0.000000,0.003906
1784249696.091015,0,80.833855,-0.108566,0.003906
1784249696.101071,0,80.833923,0.000000,0.007812
1784249696.112183,0,80.833893,-0.065915,0.000000
1784249696.120938,0,80.833923,-0.011632,0.000000
1784249696.131058,0,80.833893,-0.062038,0.000000
1784249696.142106,0,80.833923,-0.011632,0.003906
1784249696.151044,0,80.833923,0.000000,0.003906
1784249696.162204,0,80.833923,0.003877,0.003906
1784249696.171109,0,80.833923,-0.003877,0.003906
1784249696.180990,0,80.833923,0.003877,0.003906
1784249696.192086,0,80.833923,0.019387,0.003906
1784249696.201006,0,80.833923,0.019387,0.011719
1784249696.211018,0,80.833893,-0.073670,0.000000
1784249696.222032,0,80.833923,0.007755,0.000000
1784249696.232058,0,80.833893,-0.065915,0.003906
1784249696.242245,0,80.833893,-0.050406,0.000000
1784249696.252074,0,80.833923,0.000000,0.007812
1784249696.260889,0,80.833893,-0.069793,0.007812
1784249696.270983,0,80.833923,-0.011632,0.007812
1784249696.280965,0,80.833946,0.054283,0.003906
1784249696.290920,0,80.833923,0.007755,0.000000
1784249696.302000,0,80.833923,0.000000,0.007812
1784249696.310853,0,80.833923,-0.003877,0.000000
1784249696.320889,0,80.833893,-0.058161,0.000000
1784249696.330986,0,80.833923,0.000000,0.003906
1784249696.340964,0,80.833893,-0.062038,0.003906
1784249696.351019,0,80.833923,0.015509,0.007812
1784249696.360997,0,80.833893,-0.042651,0.000000
1784249696.371151,0,80.833893,-0.054283,0.007812
1784249696.380994,0,80.833893,-0.050406,0.007812
1784249696.390892,0,80.833923,0.000000,0.000000
1784249696.401033,0,80.833946,0.054283,0.003906
1784249696.410962,0,80.833893,-0.058161,0.007812
1784249696.422227,0,80.833893,-0.046528,0.003906
1784249696.431001,0,80.833893,-0.054283,0.003906
1784249696.442438,0,80.833923,-0.007755,0.003906
1784249696.452250,0,80.833893,0.000000,0.000000
1784249696.462430,0,80.833923,0.000000,0.000000
1784249696.472133,0,80.833855,-0.100812,0.003906
1784249696.482067,0,80.833923,0.000000,0.007812
1784249696.490999,0,80.833893,-0.038774,0.003906
1784249696.502080,0,80.833893,-0.038774,0.003906
1784249696.511998,0,80.833923,0.003877,0.007812
1784249696.522061,0,80.833893,-0.054283,0.003906
1784249696.530900,0,80.833893,-0.038774,0.003906
1784249696.540859,0,80.833923,0.000000,0.000000
1784249696.550991,0,80.833893,-0.038774,0.003906
1784249696.561988,0,80.833893,-0.054283,0.000000
1784249696.570959,0,80.833893,-0.038774,0.003906
1784249696.580866,0,80.833923,0.007755,0.000000
1784249696.591145,0,80.833893,-0.065915,0.003906
1784249696.600818,0,80.833946,0.038774,0.003906
1784249696.610898,0,80.833855,-0.116321,0.000000
1784249696.622254,0,80.833923,0.015509,0.007812
1784249696.630804,0,80.833923,0.000000,0.000000
1784249696.640882,0,80.833893,-0.042651,0.003906
1784249696.650886,0,80.833923,0.011632,0.003906
1784249696.660774,0,80.833923,0.000000,0.003906
1784249696.670777,0,80.833893,0.000000,0.003906
1784249696.680886,0,80.833893,-0.062038,0.003906
1784249696.691060,0,80.833923,-0.007755,0.000000
1784249696.700876,0,80.833893,-0.062038,0.003906
1784249696.711015,0,80.833923,0.000000,0.003906
1784249696.720978,0,80.833893,-0.062038,0.000000
1784249696.730950,0,80.833923,0.000000,0.000000
1784249696.740884,0,80.833923,0.000000,0.007812
1784249696.750949,0,80.833923,-0.003877,0.003906
1784249696.761132,0,80.833923,-0.011632,0.007812
1784249696.770854,0,80.833946,0.054283,0.003906
1784249696.780906,0,80.833923,-0.007755,0.000000
1784249696.790883,0,80.833893,-0.042651,0.000000
1784249696.800936,0,80.833893,-0.058161,0.003906
1784249696.810879,0,80.833893,-0.058161,0.000000
1784249696.820906,0,80.833893,-0.058161,0.003906
1784249696.831016,0,80.833893,-0.054283,0.000000
1784249696.841043,0,80.833923,-0.069793,0.003906
1784249696.850820,0,80.833893,-0.062038,0.003906
1784249696.860918,0,80.833923,0.000000,0.000000
1784249696.871955,0,80.833946,0.054283,0.007812
1784249696.880988,0,80.833893,-0.046528,0.000000
1784249696.891962,0,80.833923,-0.050406,0.003906
1784249696.900938,0,80.833893,-0.062038,0.003906
1784249696.910963,0,80.833923,-0.011632,0.000000
1784249696.920867,0,80.833893,-0.054283,0.000000
1784249696.930930,0,80.833893,-0.050406,0.003906
1784249696.942350,0,80.833923,0.000000,0.000000
1784249696.952002,0,80.833946,0.050406,0.003906
1784249696.962150,0,80.833893,-0.054283,0.000000
1784249696.972341,0,80.833923,0.000000,0.000000
1784249696.980947,0,80.833923,0.015509,0.000000
1784249696.992383,0,80.833923,0.000000,0.000000
1784249697.000962,0,80.833923,0.003877,0.000000
1784249697.010974,0,80.833893,-0.058161,0.003906
1784249697.020945,0,80.833893,-0.058161,0.000000
1784249697.030875,0,80.833893,0.054283,0.003906
1784249697.041360,0,80.833923,0.000000,0.000000
1784249697.050913,0,80.833923,0.000000,0.003906
1784249697.061166,0,80.833923,0.003877,0.000000
1784249697.071210,0,80.833893,-0.062038,0.000000
1784249697.080953,0,80.833923,0.003877,0.003906
1784249697.091003,0,80.833923,0.000000,0.000000
1784249697.101003,0,80.833923,-0.003877,0.003906
1784249697.111005,0,80.833923,-0.015509,0.003906
1784249697.120878,0,80.833893,-0.062038,0.003906
1784249697.130872,0,80.833923,0.000000,0.003906
1784249697.141062,0,80.833855,-0.112444,0.000000
1784249697.151144,0,80.833923,0.000000,0.003906
1784249697.161490,0,80.833923,-0.015509,0.003906
1784249697.170870,0,80.833923,0.007755,0.007812
1784249697.181350,0,80.833893,-0.058161,0.003906
1784249697.190971,0,80.833893,-0.050406,0.003906
1784249697.201151,0,80.833923,-0.003877,0.007812
1784249697.210823,0,80.833893,-0.058161,0.003906
1784249697.220847,0,80.833893,-0.038774,0.007812
1784249697.231169,0,80.833893,-0.058161,0.003906
1784249697.241038,0,80.833893,-0.042651,0.003906
1784249697.251194,0,80.833923,0.011632,0.000000
1784249697.261020,0,80.833923,-0.003877,0.003906
1784249697.271014,0,80.833923,0.000000,0.000000
1784249697.280949,0,80.833923,0.011632,0.007812
1784249697.292003,0,80.833923,0.000000,0.003906
1784249697.302316,0,80.833923,0.003877,0.000000
1784249697.312015,0,80.833855,-0.093057,0.003906
1784249697.321015,0,80.833923,0.011632,0.000000
1784249697.331971,0,80.833923,-0.015509,0.000000
1784249697.341945,0,80.833923,0.000000,0.007812
1784249697.352358,0,80.833893,-0.034896,0.007812
1784249697.361015,0,80.833923,-0.007755,0.000000
1784249697.372093,0,80.833893,-0.062038,0.003906
1784249697.380882,0,80.833923,-0.003877,0.003906
1784249697.390895,0,80.833855,-0.104689,0.007812
1784249697.400866,0,80.833893,-0.058161,0.003906
1784249697.410867,0,80.833923,0.108566,0.007812
1784249697.420768,0,80.833923,-0.054283,0.000000
1784249697.432013,0,80.833923,0.000000,0.007812
1784249697.440998,0,80.833923,0.000000,0.003906
1784249697.450892,0,80.833923,0.000000,0.007812
1784249697.462122,0,80.833923,0.000000,0.003906
1784249697.471925,0,80.833855,-0.112444,0.000000
1784249697.481950,0,80.833923,0.003877,0.003906
1784249697.490884,0,80.833923,0.000000,0.003906
1784249697.500982,0,80.833923,0.015509,0.003906
1784249697.510894,0,80.833923,-0.027142,0.000000
1784249697.522005,0,80.833923,-0.003877,0.007812
1784249697.531993,0,80.833923,-0.023264,0.003906
1784249697.542092,0,80.833923,0.000000,0.000000
1784249697.551882,0,80.833923,-0.003877,0.000000
1784249697.560817,0,80.833893,-0.038774,0.000000
1784249697.571009,0,80.833893,-0.058161,0.000000
1784249697.580818,0,80.833893,-0.062038,0.000000
1784249697.591060,0,80.833923,0.000000,0.000000
1784249697.600892,0,80.833923,0.000000,0.000000
1784249697.610993,0,80.833946,0.054283,0.000000
1784249697.620752,0,80.833923,0.000000,0.007812
1784249697.630763,0,80.833893,-0.050406,0.007812
1784249697.640759,0,80.833923,0.003877,0.000000
1784249697.651026,0,80.833923,-0.015509,0.000000
1784249697.661014,0,80.833923,-0.007755,0.003906
1784249697.670788,0,80.833923,0.000000,0.003906
1784249697.680848,0,80.833946,0.058161,0.007812
1784249697.690795,0,80.833923,0.000000,0.000000
1784249697.700761,0,80.833923,0.000000,0.000000
1784249697.710927,0,80.833923,-0.011632,-0.003906
1784249697.720901,0,80.833893,-0.046528,0.000000
1784249697.730775,0,80.833946,0.065915,0.003906
1784249697.740899,0,80.833893,-0.062038,0.000000
1784249697.750814,0,80.833923,0.000000,0.003906
1784249697.760797,0,80.833893,-0.058161,0.007812
1784249697.771893,0,80.833923,0.000000,0.000000
1784249697.780869,0,80.833923,0.000000,0.000000
1784249697.791031,0,80.833923,0.000000,0.003906
1784249697.800859,0,80.833923,0.007755,0.000000
1784249697.810870,0,80.833893,-0.050406,0.000000
1784249697.820797,0,80.833923,-0.015509,-0.003906
1784249697.830867,0,80.833923,0.000000,0.007812
1784249697.841790,0,80.833893,-0.058161,0.000000
1784249697.851883,0,80.833923,0.000000,0.000000
1784249697.861788,0,80.833923,0.007755,0.000000
1784249697.871990,0,80.833893,-0.038774,0.003906
1784249697.880761,0,80.833893,-0.062038,0.003906
1784249697.890978,0,80.833923,0.003877,0.007812
1784249697.900915,0,80.833893,-0.054283,0.007812
1784249697.910757,0,80.833923,0.000000,0.000000
1784249697.920724,0,80.833923,0.000000,0.000000
1784249697.930874,0,80.833893,-0.050406,0.003906
1784249697.941903,0,80.833923,-0.003877,0.000000
1784249697.950739,0,80.833923,0.003877,0.003906
1784249697.961975,0,80.833855,-0.093057,0.003906
1784249697.972105,0,80.833923,0.007755,0.007812
1784249697.981062,0,80.833893,-0.058161,0.003906
1784249697.991946,0,80.833893,-0.058161,0.000000
1784249698.000740,0,80.833923,0.007755,0.007812
1784249698.010788,0,80.833923,0.011632,0.003906
1784249698.020946,0,80.833923,0.011632,0.000000
1784249698.030977,0,80.833923,-0.065915,0.000000
1784249698.040913,0,80.833923,-0.007755,0.000000
1784249698.051980,0,80.833893,-0.062038,0.007812
1784249698.061938,0,80.833923,0.015509,0.003906
1784249698.070759,0,80.833893,-0.089180,0.000000
1784249698.080679,0,80.833923,0.003877,0.000000
1784249698.092296,0,80.833923,0.015509,0.003906
1784249698.101873,0,80.833923,0.003877,0.000000
1784249698.111922,0,80.833923,0.003877,0.000000
1784249698.121866,0,80.833923,0.019387,0.000000
1784249698.130744,0,80.833893,-0.073670,0.003906
1784249698.140764,0,80.833923,0.000000,0.011719
1784249698.150743,0,80.833923,0.015509,0.003906
1784249698.160767,0,80.833923,0.003877,0.000000
1784249698.171819,0,80.833923,0.015509,0.003906
1784249698.180797,0,80.833923,-0.003877,0.003906
1784249698.190745,0,80.833923,0.011632,0.000000
1784249698.200745,0,80.833923,0.011632,0.000000
1784249698.210650,0,80.833923,0.003877,0.003906
1784249698.220804,0,80.833893,-0.073670,0.000000
1784249698.230737,0,80.833923,0.019387,0.000000
1784249698.241884,0,80.833923,-0.058161,0.000000
1784249698.250745,0,80.833923,-0.007755,0.000000
1784249698.260748,0,80.833923,0.000000,0.000000
1784249698.271880,0,80.833923,-0.007755,0.007812
1784249698.281963,0,80.833923,-0.003877,0.003906
1784249698.291835,0,80.833893,-0.058161,0.003906
1784249698.300936,0,80.833923,-0.023264,0.000000
1784249698.311862,0,80.833923,0.000000,0.007812
1784249698.321834,0,80.833923,-0.003877,0.000000
1784249698.332119,0,80.833923,-0.019387,0.000000
1784249698.341884,0,80.833893,-0.062038,0.000000
1784249698.350760,0,80.833923,0.007755,0.007812
1784249698.360771,0,80.833923,-0.007755,0.003906
1784249698.372189,0,80.833946,0.034896,0.000000
1784249698.381892,0,80.833893,-0.058161,0.000000
1784249698.390733,0,80.833923,0.000000,0.000000
1784249698.400860,0,80.833923,0.007755,0.000000
1784249698.411936,0,80.833923,0.015509,0.003906
1784249698.421862,0,80.833893,-0.054283,0.007812
1784249698.432173,0,80.833923,0.011632,0.003906
1784249698.440832,0,80.833923,0.000000,0.007812
1784249698.450805,0,80.833923,0.042651,0.003906
1784249698.462250,0,80.833923,-0.007755,0.000000
1784249698.472240,0,80.833923,-0.042651,0.007812
1784249698.481887,0,80.833893,-0.069793,0.007812
1784249698.492233,0,80.833893,-0.054283,0.003906
1784249698.502237,0,80.833893,-0.058161,0.007812
1784249698.511882,0,80.833923,-0.003877,0.003906
1784249698.521723,0,80.833923,-0.011632,0.000000
1784249698.532061,0,80.833923,-0.007755,0.000000
1784249698.542223,0,80.833923,0.003877,0.003906
1784249698.551963,0,80.833923,0.000000,0.000000
1784249698.561908,0,80.833923,-0.003877,0.003906
1784249698.571884,0,80.833923,-0.011632,0.000000
1784249698.581910,0,80.833946,0.042651,0.007812
1784249698.590705,0,80.833923,-0.007755,0.003906
1784249698.600723,0,80.833893,-0.058161,0.000000
1784249698.611782,0,80.833893,-0.038774,0.007812
1784249698.620862,0,80.833923,-0.007755,0.003906
1784249698.630707,0,80.833923,-0.003877,0.003906
1784249698.640984,0,80.833923,0.000000,0.003906
1784249698.651823,0,80.833946,0.069793,0.003906
1784249698.662133,0,80.833923,0.000000,0.000000
1784249698.671753,0,80.833893,-0.054283,0.003906
1784249698.681782,0,80.833893,0.011632,0.000000
1784249698.691892,0,80.833923,-0.003877,0.003906
1784249698.701942,0,80.833923,-0.003877,0.000000
1784249698.712099,0,80.833946,0.054283,0.000000
1784249698.721814,0,80.833893,-0.050406,0.007812
1784249698.731914,0,80.833923,-0.019387,0.000000
1784249698.741815,0,80.833923,0.015509,0.000000
1784249698.750626,0,80.833893,-0.065915,0.003906
1784249698.762046,0,80.833923,0.019387,0.007812
1784249698.771747,0,80.833923,-0.007755,0.003906
1784249698.780866,0,80.833923,-0.007755,0.003906
1784249698.790626,0,80.833893,-0.050406,0.003906
1784249698.800708,0,80.833893,-0.062038,0.000000
1784249698.810695,0,80.833923,0.003877,0.003906
1784249698.820674,0,80.833923,-0.007755,0.003906
1784249698.830733,0,80.833923,0.000000,0.000000
1784249698.840826,0,80.833923,0.000000,0.003906
1784249698.850691,0,80.833923,0.007755,0.007812
1784249698.861896,0,80.833893,-0.042651,0.007812
1784249698.870709,0,80.833946,0.050406,0.007812
1784249698.881769,0,80.833923,-0.011632,-0.003906
1784249698.890773,0,80.833893,-0.050406,0.007812
1784249698.900608,0,80.833923,0.000000,0.003906
1784249698.910707,0,80.833893,-0.062038,0.000000
1784249698.920793,0,80.833923,0.015509,0.007812
1784249698.931859,0,80.833893,-0.054283,0.007812
1784249698.941791,0,80.833923,-0.027142,0.007812
1784249698.950732,0,80.833893,-0.058161,0.000000
1784249698.960586,0,80.833923,0.000000,0.003906
1784249698.970738,0,80.833855,-0.120198,0.003906
1784249698.980867,0,80.833923,0.015509,0.003906
1784249698.990698,0,80.833923,0.000000,0.000000
1784249699.000747,0,80.833923,-0.003877,0.011719
1784249699.010699,0,80.833893,-0.042651,0.003906
1784249699.020707,0,80.833893,-0.062038,0.003906
1784249699.031690,0,80.833923,0.000000,0.003906
1784249699.040740,0,80.833946,-0.007755,0.003906
1784249699.050730,0,80.833946,0.046528,0.003906
1784249699.060770,0,80.833923,0.007755,0.000000
1784249699.070724,0,80.833855,-0.104689,0.000000
1784249699.080814,0,80.833946,0.050406,0.003906
1784249699.090588,0,80.833893,-0.046528,0.007812
1784249699.100680,0,80.833893,-0.038774,0.003906
1784249699.110586,0,80.833923,-0.007755,0.000000
1784249699.120685,0,80.833923,-0.011632,0.000000
1784249699.130691,0,80.833923,0.000000,0.000000
1784249699.140749,0,80.833893,-0.069793,0.000000
1784249699.150690,0,80.833923,0.007755,0.000000
1784249699.160677,0,80.833923,0.011632,0.007812
1784249699.170742,0,80.833923,0.003877,0.000000
1784249699.180696,0,80.833893,-0.058161,0.003906
1784249699.190680,0,80.833946,0.038774,0.000000
1784249699.200678,0,80.833893,-0.058161,0.003906
1784249699.210666,0,80.833923,-0.007755,0.000000
1784249699.220680,0,80.833893,-0.069793,0.003906
1784249699.230656,0,80.833893,-0.069793,0.000000
1784249699.240561,0,80.833893,-0.050406,0.007812
1784249699.250563,0,80.833923,0.000000,0.003906
1784249699.260570,0,80.833923,0.000000,0.003906
1784249699.270564,0,80.833923,0.019387,0.000000
1784249699.280565,0,80.833893,-0.077547,0.007812
1784249699.290561,0,80.833893,-0.058161,0.000000
1784249699.300681,0,80.833893,-0.058161,0.000000
1784249699.310567,0,80.833923,-0.019387,0.000000
1784249699.320567,0,80.833923,0.000000,0.003906
1784249699.330567,0,80.833923,-0.007755,0.000000
1784249699.340560,0,80.833893,-0.050406,0.003906
1784249699.350564,0,80.833923,-0.027142,0.000000
1784249699.360673,0,80.833893,-0.042651,0.003906
1784249699.370772,0,80.833923,0.007755,0.003906
1784249699.380645,0,80.833923,-0.019387,0.000000
1784249699.391700,0,80.833893,-0.058161,0.007812
1784249699.400655,0,80.833923,-0.007755,0.000000
1784249699.411794,0,80.833946,0.042651,0.007812
1784249699.421861,0,80.833923,0.011632,0.007812
1784249699.431905,0,80.833923,0.011632,0.003906
1784249699.441732,0,80.833923,0.015509,0.007812
1784249699.451900,0,80.833893,-0.069793,0.003906
1784249699.461751,0,80.833893,-0.062038,0.000000
1784249699.470724,0,80.833923,-0.011632,0.007812
1784249699.480649,0,80.833923,0.000000,0.003906
1784249699.490574,0,80.833893,-0.058161,0.007812
1784249699.500696,0,80.833923,0.003877,0.000000
1784249699.510745,0,80.833923,-0.003877,0.003906
1784249699.520762,0,80.833893,-0.011632,0.000000
1784249699.530719,0,80.833893,-0.046528,0.000000
1784249699.540772,0,80.833923,-0.015509,0.003906
1784249699.550724,0,80.833923,0.003877,0.007812
1784249699.560551,0,80.833923,0.000000,0.000000
1784249699.570697,0,80.833893,-0.062038,0.003906
1784249699.581796,0,80.833893,-0.042651,0.007812
1784249699.591882,0,80.833923,-0.007755,0.003906
1784249699.600683,0,80.833893,-0.062038,0.000000
1784249699.610743,0,80.833893,-0.058161,0.000000
1784249699.620678,0,80.833923,0.011632,0.007812
1784249699.630773,0,80.833923,0.000000,0.003906
1784249699.641994,0,80.833893,-0.050406,0.000000
1784249699.651870,0,80.833893,-0.054283,0.007812
1784249699.662160,0,80.833923,0.000000,0.007812
1784249699.671797,0,80.833893,-0.050406,0.007812
1784249699.681823,0,80.833893,-0.058161,0.000000
1784249699.690697,0,80.833923,0.003877,0.000000
1784249699.701859,0,80.833893,-0.046528,0.003906
1784249699.711946,0,80.833923,0.007755,0.000000
1784249699.721730,0,80.833923,-0.007755,0.000000
1784249699.731852,0,80.833923,0.007755,0.003906
1784249699.740747,0,80.833923,0.000000,0.000000
1784249699.751713,0,80.833893,-0.054283,0.003906
1784249699.761789,0,80.833923,0.000000,0.003906
1784249699.771885,0,80.833923,0.000000,0.003906
1784249699.782119,0,80.833923,0.000000,0.003906
1784249699.792115,0,80.833923,0.007755,0.007812
1784249699.801918,0,80.833923,0.015509,0.007812
1784249699.811944,0,80.833923,0.007755,0.007812
1784249699.821794,0,80.833923,0.000000,0.003906
1784249699.831913,0,80.833893,-0.054283,0.003906
1784249699.842112,0,80.833893,-0.038774,0.003906
1784249699.851708,0,80.833923,0.000000,0.003906
1784249699.861902,0,80.833893,-0.050406,0.003906
1784249699.871794,0,80.833893,-0.031019,0.007812
1784249699.882164,0,80.833923,-0.007755,0.003906
1784249699.891810,0,80.833923,-0.042651,0.000000
1784249699.901782,0,80.833923,0.000000,0.000000
1784249699.911877,0,80.833893,-0.054283,0.003906
1784249699.921649,0,80.833893,-0.062038,0.000000
1784249699.931975,0,80.833893,-0.054283,0.000000
1784249699.941926,0,80.833946,0.062038,0.003906
1784249699.951938,0,80.833893,-0.058161,0.000000
1784249699.961914,0,80.833893,-0.038774,0.000000
1784249699.971716,0,80.833893,-0.058161,0.007812
1784249699.981906,0,80.833893,-0.058161,0.000000
1784249699.991764,0,80.833923,0.000000,0.000000
1784249700.001807,0,80.833893,-0.046528,0.000000
1784249700.011808,0,80.833893,-0.058161,0.007812
1784249700.021737,0,80.833893,0.015509,0.007812
1784249700.031713,0,80.833923,0.000000,0.000000
1784249700.041768,0,80.833923,0.031019,0.007812
1784249700.051757,0,80.833923,0.007755,0.003906
1784249700.061748,0,80.833923,0.011632,0.007812
1784249700.070779,0,80.833923,-0.015509,0.007812
1784249700.081806,0,80.833923,-0.003877,0.000000
1784249700.091698,0,80.833923,0.011632,0.000000
1784249700.101901,0,80.833923,-0.050406,0.003906
1784249700.110581,0,80.833923,-0.038774,0.003906
1784249700.121668,0,80.833893,-0.042651,0.003906
1784249700.131777,0,80.833923,0.000000,0.003906
1784249700.141695,0,80.833923,0.007755,0.003906
1784249700.151721,0,80.833923,-0.038774,0.003906
1784249700.161611,0,80.833923,-0.007755,0.000000
1784249700.172119,0,80.833946,0.054283,0.003906
1784249700.181747,0,80.833893,-0.054283,0.000000
1784249700.192125,0,80.833893,-0.054283,0.000000
1784249700.201824,0,80.833923,0.000000,0.003906
1784249700.211703,0,80.833893,-0.058161,0.003906
1784249700.221782,0,80.833923,0.023264,0.011719
1784249700.231803,0,80.833923,-0.007755,0.003906
1784249700.241862,0,80.833893,-0.038774,0.000000
1784249700.251704,0,80.833923,-0.003877,0.000000
1784249700.261810,0,80.833923,0.015509,0.003906
1784249700.271643,0,80.833893,-0.050406,0.003906
1784249700.281743,0,80.833923,0.015509,0.003906
1784249700.291869,0,80.833923,0.000000,0.000000
1784249700.301889,0,80.833893,-0.050406,0.003906
1784249700.312090,0,80.833893,-0.062038,0.003906
1784249700.321792,0,80.833923,0.015509,0.003906
1784249700.331913,0,80.833923,0.000000,0.000000
1784249700.341918,0,80.833893,-0.046528,0.011719
1784249700.351871,0,80.833923,0.003877,0.000000
1784249700.361887,0,80.833923,0.000000,0.000000
1784249700.372068,0,80.833893,-0.050406,0.003906
1784249700.381811,0,80.833923,0.015509,0.003906
1784249700.392067,0,80.833893,-0.050406,0.000000
1784249700.401918,0,80.833893,-0.046528,0.000000
1784249700.411902,0,80.833893,0.000000,0.000000
1784249700.421778,0,80.833893,-0.054283,0.000000
1784249700.432056,0,80.833923,0.003877,0.007812
1784249700.441933,0,80.833923,0.007755,0.000000
1784249700.450694,0,80.833923,-0.011632,0.000000
1784249700.461874,0,80.833893,-0.050406,0.007812
1784249700.470778,0,80.833923,0.000000,0.003906
1784249700.481715,0,80.833893,-0.042651,0.003906
1784249700.491882,0,80.833893,-0.023264,0.003906
1784249700.501868,0,80.833893,-0.062038,0.000000
1784249700.511832,0,80.833923,0.015509,0.000000
1784249700.521785,0,80.833893,-0.054283,0.003906
1784249700.531878,0,80.833923,-0.003877,0.000000
1784249700.542115,0,80.833923,-0.003877,0.000000
1784249700.551946,0,80.833923,0.007755,0.003906
1784249700.561919,0,80.833893,0.000000,0.007812
1784249700.571676,0,80.833893,-0.038774,0.003906
1784249700.581911,0,80.833923,0.003877,0.007812
1784249700.592095,0,80.833893,-0.038774,0.000000
1784249700.601765,0,80.833923,0.000000,0.007812
1784249700.612096,0,80.833893,-0.050406,0.003906
1784249700.621911,0,80.833893,-0.062038,0.003906
1784249700.631831,0,80.833923,0.003877,0.000000
1784249700.640627,0,80.833893,-0.046528,0.000000
1784249700.652050,0,80.833923,0.011632,0.000000
1784249700.662060,0,80.833893,-0.050406,0.003906
1784249700.671890,0,80.833923,0.000000,0.003906
1784249700.681646,0,80.833893,-0.062038,0.000000
1784249700.691885,0,80.833893,-0.042651,0.003906
1784249700.701885,0,80.833893,-0.038774,0.007812
1784249700.711878,0,80.833855,-0.108566,0.007812
1784249700.721677,0,80.833893,-0.038774,0.007812
1784249700.731662,0,80.833923,0.000000,0.003906
1784249700.742064,0,80.833923,0.007755,0.003906
1784249700.751763,0,80.833923,-0.015509,0.000000
1784249700.761792,0,80.833923,0.003877,0.003906
1784249700.772081,0,80.833923,0.000000,0.000000
1784249700.780660,0,80.833893,-0.038774,0.003906
1784249700.792062,0,80.833893,-0.038774,0.003906
1784249700.801870,0,80.833893,-0.034896,0.003906
1784249700.812035,0,80.833893,-0.038774,0.003906
1784249700.821909,0,80.833893,-0.046528,0.007812
1784249700.831831,0,80.833923,0.011632,0.000000
1784249700.841910,0,80.833893,-0.050406,0.000000
1784249700.852092,0,80.833923,0.000000,0.003906
1784249700.862103,0,80.833923,-0.003877,-0.007812
1784249700.872085,0,80.833893,-0.054283,0.000000
1784249700.881885,0,80.833893,-0.054283,0.003906
1784249700.891878,0,80.833855,-0.104689,0.000000
1784249700.901857,0,80.833923,0.007755,0.000000
1784249700.911869,0,80.833893,-0.042651,0.003906
1784249700.921703,0,80.833893,-0.054283,0.007812
1784249700.932073,0,80.833893,-0.038774,0.000000
1784249700.942039,0,80.833893,-0.054283,0.000000
1784249700.952088,0,80.833923,0.015509,0.003906
1784249700.961920,0,80.833893,-0.042651,0.000000
1784249700.971728,0,80.833893,-0.038774,0.007812
1784249700.981898,0,80.833893,-0.031019,0.000000
1784249700.992095,0,80.833923,0.000000,-0.003906
1784249701.001824,0,80.833893,-0.046528,0.003906
1784249701.011878,0,80.833893,-0.058161,0.003906
1784249701.021778,0,80.833893,-0.038774,0.007812
1784249701.031911,0,80.833893,-0.050406,0.003906
1784249701.042069,0,80.833893,-0.031019,0.007812
1784249701.051639,0,80.833923,0.011632,0.007812
1784249701.061666,0,80.833923,0.000000,0.000000
1784249701.070585,0,80.833923,-0.003877,0.007812
1784249701.081819,0,80.833923,0.000000,0.003906
1784249701.091709,0,80.833946,0.069793,0.007812
1784249701.101702,0,80.833923,0.019387,0.007812
1784249701.112064,0,80.833923,0.000000,0.003906
1784249701.121660,0,80.833893,-0.058161,0.003906
1784249701.131801,0,80.833923,0.000000,0.000000
1784249701.142046,0,80.833923,0.007755,0.000000
1784249701.152059,0,80.833923,0.003877,0.007812
1784249701.162048,0,80.833923,0.000000,0.003906
1784249701.172041,0,80.833923,0.003877,0.003906
1784249701.182044,0,80.833923,0.000000,0.007812
1784249701.191604,0,80.833923,-0.003877,0.000000
1784249701.201669,0,80.833923,0.000000,0.003906
1784249701.211864,0,80.833946,-0.011632,0.003906
1784249701.221681,0,80.833923,0.000000,0.000000
1784249701.232045,0,80.833923,0.000000,0.007812
1784249701.242031,0,80.833893,-0.046528,0.003906
1784249701.252030,0,80.833893,-0.054283,0.000000
1784249701.262075,0,80.833893,-0.003877,0.007812
1784249701.272044,0,80.833923,0.003877,0.007812
1784249701.282061,0,80.833923,-0.007755,0.000000
1784249701.292071,0,80.833893,-0.046528,0.003906
1784249701.301821,0,80.833923,0.003877,0.003906
1784249701.311708,0,80.833923,0.007755,0.007812
1784249701.321616,0,80.833946,0.069793,0.003906
1784249701.330738,0,80.833923,-0.003877,0.000000
1784249701.342022,0,80.833923,0.007755,0.007812
1784249701.352067,0,80.833923,-0.104689,0.003906
1784249701.362020,0,80.833923,-0.003877,0.003906
1784249701.372053,0,80.833893,-0.062038,0.000000
1784249701.381675,0,80.833923,-0.003877,0.003906
1784249701.392059,0,80.833855,-0.104689,0.007812
1784249701.401811,0,80.833923,0.000000,0.000000
1784249701.411870,0,80.833923,-0.007755,0.007812
1784249701.421891,0,80.833893,-0.038774,0.003906
1784249701.431755,0,80.833893,-0.054283,0.000000
1784249701.441798,0,80.833893,-0.062038,0.000000
1784249701.451732,0,80.833893,-0.065915,0.007812
1784249701.462034,0,80.833893,-0.062038,0.003906
1784249701.472036,0,80.833855,-0.104689,0.003906
1784249701.482066,0,80.833923,0.000000,0.007812
1784249701.492023,0,80.833855,-0.112444,0.000000
1784249701.501864,0,80.833923,-0.007755,0.000000
1784249701.511867,0,80.833893,-0.038774,0.003906
1784249701.521601,0,80.833855,-0.104689,0.007812
1784249701.532074,0,80.833923,-0.003877,0.003906
1784249701.542086,0,80.833893,-0.058161,0.003906
1784249701.552053,0,80.833923,-0.007755,0.000000
1784249701.561882,0,80.833923,0.000000,0.000000
1784249701.572059,0,80.833923,0.000000,0.000000
1784249701.582052,0,80.833923,0.015509,0.000000
1784249701.592088,0,80.833923,0.000000,0.003906
1784249701.601670,0,80.833893,-0.038774,0.007812
1784249701.611869,0,80.833923,0.007755,0.003906
1784249701.621613,0,80.833923,0.007755,0.000000
1784249701.631819,0,80.833893,-0.054283,0.003906
1784249701.642042,0,80.833893,-0.038774,0.007812
1784249701.651558,0,80.833893,-0.058161,0.000000
1784249701.661585,0,80.833855,-0.096934,0.003906
1784249701.671632,0,80.833893,-0.054283,0.000000
1784249701.682019,0,80.833923,0.003877,0.000000
1784249701.692057,0,80.833923,0.003877,0.003906
1784249701.702028,0,80.833923,-0.003877,0.003906
1784249701.712067,0,80.833923,-0.003877,0.003906
1784249701.721753,0,80.833923,0.003877,0.003906
1784249701.731871,0,80.833893,-0.054283,0.000000
1784249701.741767,0,80.833923,0.000000,0.003906
1784249701.751886,0,80.833923,0.011632,0.003906
1784249701.762056,0,80.833923,0.000000,0.000000
1784249701.772033,0,80.833923,0.007755,0.003906
1784249701.781822,0,80.833893,-0.019387,0.000000
1784249701.792042,0,80.833893,-0.050406,0.000000
1784249701.801783,0,80.833923,0.027142,0.000000
1784249701.811998,0,80.833893,-0.046528,0.003906
1784249701.821751,0,80.833893,-0.050406,0.003906
1784249701.831684,0,80.833923,0.000000,0.007812
1784249701.841689,0,80.833923,0.003877,0.000000
1784249701.851867,0,80.833893,-0.054283,0.003906
1784249701.862062,0,80.833923,0.015509,0.003906
1784249701.872048,0,80.833923,0.015509,0.003906
1784249701.882042,0,80.833923,0.003877,0.003906
1784249701.891891,0,80.833923,0.019387,0.000000
1784249701.901672,0,80.833893,-0.038774,0.003906
1784249701.911882,0,80.833855,-0.112444,0.007812
1784249701.921813,0,80.833893,-0.042651,0.003906
1784249701.931818,0,80.833893,-0.038774,0.000000
1784249701.942081,0,80.833923,0.000000,0.003906
1784249701.951870,0,80.833893,-0.038774,0.003906
1784249701.961725,0,80.833923,-0.003877,0.007812
1784249701.971554,0,80.833923,0.000000,0.003906
1784249701.982050,0,80.833923,0.000000,0.007812
1784249701.992009,0,80.833923,0.011632,0.000000
1784249702.002027,0,80.833893,-0.050406,0.000000
1784249702.012047,0,80.833923,0.003877,0.000000
1784249702.021827,0,80.833923,0.019387,0.007812
1784249702.031588,0,80.833893,0.019387,0.000000
1784249702.042048,0,80.833893,-0.054283,0.000000
1784249702.051590,0,80.833923,0.000000,0.000000
1784249702.061819,0,80.833893,-0.062038,0.000000
1784249702.071830,0,80.833923,0.000000,0.003906
1784249702.082043,0,80.833893,-0.046528,0.003906
1784249702.092003,0,80.833893,-0.058161,0.003906
1784249702.101745,0,80.833893,-0.046528,0.000000
1784249702.112008,0,80.833893,0.000000,0.007812
1784249702.121655,0,80.833923,-0.007755,0.000000
1784249702.131709,0,80.833893,-0.050406,0.000000
1784249702.141868,0,80.833923,0.000000,0.000000
1784249702.151804,0,80.833923,-0.011632,0.003906
1784249702.161821,0,80.833923,0.019387,0.007812
1784249702.171833,0,80.833923,0.000000,0.000000
1784249702.181946,0,80.833893,-0.054283,0.003906
1784249702.192005,0,80.833893,0.019387,0.007812
1784249702.201982,0,80.833923,-0.007755,0.003906
1784249702.212017,0,80.833893,-0.054283,0.003906
1784249702.221932,0,80.833923,-0.058161,0.000000
1784249702.231778,0,80.833923,0.003877,0.000000
1784249702.241997,0,80.833893,-0.038774,0.003906
1784249702.251696,0,80.833946,0.058161,0.003906
1784249702.261782,0,80.833923,0.011632,0.000000
1784249702.271802,0,80.833893,-0.058161,0.007812
1784249702.281624,0,80.833893,-0.050406,0.003906
1784249702.291649,0,80.833923,0.019387,0.003906
1784249702.301560,0,80.833893,-0.050406,0.003906
1784249702.311977,0,80.833923,0.011632,0.000000
1784249702.321748,0,80.833893,-0.050406,0.003906
1784249702.331971,0,80.833923,0.011632,0.003906
1784249702.341997,0,80.833893,-0.038774,0.003906
1784249702.351685,0,80.833946,0.054283,0.003906
1784249702.361756,0,80.833923,-0.062038,0.003906
1784249702.371994,0,80.833923,0.003877,0.007812
1784249702.381593,0,80.833946,-0.050406,0.007812
1784249702.391960,0,80.833893,-0.050406,0.007812
1784249702.401964,0,80.833923,0.000000,0.003906
1784249702.411954,0,80.833923,0.003877,0.011719
1784249702.421928,0,80.833923,0.000000,0.000000
1784249702.431971,0,80.833893,-0.054283,0.007812
1784249702.441972,0,80.833893,-0.046528,0.000000
1784249702.451976,0,80.833893,-0.062038,0.003906
1784249702.461960,0,80.833946,0.058161,0.003906
1784249702.471997,0,80.833855,-0.046528,0.003906
1784249702.481777,0,80.833923,-0.015509,0.003906
1784249702.491590,0,80.833893,-0.050406,0.003906
1784249702.501774,0,80.833893,-0.058161,0.003906
1784249702.511735,0,80.833893,-0.058161,0.003906
1784249702.521822,0,80.833923,-0.011632,0.003906
1784249702.531608,0,80.833923,-0.050406,0.000000
1784249702.541975,0,80.833855,-0.127953,0.000000
1784249702.551678,0,80.833893,-0.042651,0.003906
1784249702.561766,0,80.833893,-0.050406,0.007812
1784249702.571952,0,80.833946,0.054283,0.003906
1784249702.581660,0,80.833893,-0.038774,0.007812
1784249702.591507,0,80.833893,-0.046528,0.000000
1784249702.601533,0,80.833893,-0.042651,0.000000
1784249702.611596,0,80.833946,0.054283,0.003906
1784249702.621548,0,80.833923,-0.003877,0.007812
1784249702.631617,0,80.833923,0.000000,0.003906
1784249702.641460,0,80.833893,-0.038774,0.003906
1784249702.651910,0,80.833893,-0.042651,0.000000
1784249702.661896,0,80.833893,-0.038774,0.003906
1784249702.671953,0,80.833923,0.003877,0.003906
1784249702.681923,0,80.833893,-0.050406,0.003906
1784249702.691618,0,80.833893,-0.062038,0.007812
1784249702.701528,0,80.833855,-0.077547,0.007812
1784249702.711714,0,80.833893,0.019387,0.003906
1784249702.721861,0,80.833893,-0.038774,0.007812
1784249702.731854,0,80.833923,0.003877,0.000000
1784249702.741929,0,80.833893,-0.054283,0.007812
1784249702.751978,0,80.833893,-0.054283,0.000000
1784249702.761919,0,80.833923,0.000000,0.000000
1784249702.771922,0,80.833923,-0.050406,0.000000
1784249702.781535,0,80.833893,-0.034896,0.007812
1784249702.791602,0,80.833893,0.000000,0.000000
1784249702.801725,0,80.833923,0.000000,0.003906
1784249702.811692,0,80.833893,-0.058161,0.000000
1784249702.821560,0,80.833893,-0.058161,0.003906
1784249702.831588,0,80.833893,-0.058161,0.000000
1784249702.841569,0,80.833946,0.046528,0.000000
1784249702.851670,0,80.833923,0.007755,0.007812
1784249702.861931,0,80.833893,-0.054283,0.003906
1784249702.871959,0,80.833893,-0.050406,0.003906
1784249702.881731,0,80.833893,-0.038774,0.003906
1784249702.891654,0,80.833923,0.003877,0.007812
1784249702.901722,0,80.833923,0.019387,0.000000
1784249702.911729,0,80.833923,0.000000,0.007812
1784249702.921776,0,80.833923,-0.058161,0.007812
1784249702.931927,0,80.833923,0.000000,0.000000
1784249702.941928,0,80.833893,-0.042651,0.000000
1784249702.951929,0,80.833893,-0.050406,0.003906
1784249702.961898,0,80.833923,0.000000,0.000000
1784249702.971913,0,80.833893,-0.031019,0.007812
1784249702.981922,0,80.833893,0.000000,0.003906
1784249702.991930,0,80.833893,-0.038774,0.003906
1784249703.001721,0,80.833923,0.007755,0.003906
1784249703.011731,0,80.833923,0.000000,0.000000
1784249703.021714,0,80.833923,0.003877,0.003906
1784249703.031647,0,80.833893,-0.046528,0.007812
1784249703.041627,0,80.833893,-0.046528,0.000000
1784249703.051910,0,80.833893,-0.062038,0.003906
1784249703.061814,0,80.833923,0.000000,0.003906
1784249703.071607,0,80.833893,-0.062038,0.007812
1784249703.081631,0,80.833893,-0.054283,0.003906
1784249703.091949,0,80.833893,-0.069793,0.000000
1784249703.101710,0,80.833893,-0.058161,0.000000
1784249703.111909,0,80.833923,0.000000,0.000000
1784249703.121459,0,80.833923,0.019387,0.003906
1784249703.131698,0,80.833893,-0.058161,0.000000
1784249703.141641,0,80.833893,-0.065915,0.007812
1784249703.151906,0,80.833923,0.000000,0.000000
1784249703.161537,0,80.833923,0.000000,0.003906
1784249703.171681,0,80.833923,0.015509,0.000000
1784249703.181608,0,80.833923,-0.003877,0.007812
1784249703.191507,0,80.833893,-0.058161,0.000000
1784249703.201483,0,80.833923,0.000000,0.003906
1784249703.211588,0,80.833893,-0.069793,0.000000
1784249703.221772,0,80.833946,0.058161,0.000000
1784249703.231634,0,80.833946,0.065915,0.007812
1784249703.241665,0,80.833855,-0.116321,0.007812
1784249703.251692,0,80.833893,-0.038774,0.003906
1784249703.261916,0,80.833923,0.007755,0.003906
1784249703.271925,0,80.833923,-0.003877,0.000000
1784249703.281940,0,80.833923,0.003877,0.003906
1784249703.291759,0,80.833923,0.000000,0.000000
1784249703.301942,0,80.833923,0.000000,0.000000
1784249703.311703,0,80.833923,0.000000,0.003906
1784249703.321696,0,80.833855,-0.104689,0.000000
1784249703.331613,0,80.833923,0.000000,0.000000
1784249703.341545,0,80.833923,0.000000,0.003906
1784249703.351452,0,80.833946,0.054283,0.000000
1784249703.361686,0,80.833923,-0.003877,0.003906
1784249703.371604,0,80.833923,0.007755,0.003906
1784249703.381444,0,80.833923,0.000000,0.003906
1784249703.391580,0,80.833946,0.069793,0.003906
1784249703.401646,0,80.833946,0.069793,0.000000
1784249703.411695,0,80.833923,-0.007755,0.000000
1784249703.421510,0,80.833893,-0.058161,0.003906
1784249703.431678,0,80.833893,-0.058161,0.000000
1784249703.441571,0,80.833893,-0.050406,0.003906
1784249703.451891,0,80.833923,0.015509,0.003906
1784249703.461894,0,80.833893,-0.058161,0.003906
1784249703.471598,0,80.833946,0.046528,0.000000
1784249703.481683,0,80.833893,-0.038774,0.000000
1784249703.491883,0,80.833923,0.007755,0.000000
1784249703.501866,0,80.833923,0.000000,0.000000
1784249703.511894,0,80.833893,-0.042651,0.003906
1784249703.521698,0,80.833893,-0.042651,0.007812
1784249703.531631,0,80.833923,0.054283,0.003906
1784249703.541605,0,80.833893,-0.065915,0.003906
1784249703.551590,0,80.833923,0.000000,0.003906
1784249703.561766,0,80.833923,0.019387,0.007812
1784249703.571791,0,80.833893,-0.042651,0.007812
1784249703.581798,0,80.833923,0.019387,0.003906
1784249703.591593,0,80.833893,-0.050406,0.003906
1784249703.601491,0,80.833893,-0.042651,0.003906
1784249703.611764,0,80.833893,-0.034896,0.003906
1784249703.621727,0,80.833893,-0.050406,0.007812
1784249703.631872,0,80.833893,-0.042651,0.007812
1784249703.641542,0,80.833923,0.015509,0.007812
1784249703.651665,0,80.833893,-0.042651,0.003906
1784249703.661871,0,80.833893,-0.050406,0.007812
1784249703.671634,0,80.833923,0.011632,0.007812
1784249703.681893,0,80.833923,-0.011632,0.003906
1784249703.691827,0,80.833893,-0.077547,0.003906
1784249703.701828,0,80.833923,0.015509,0.007812
1784249703.711865,0,80.833893,-0.058161,0.003906
1784249703.721801,0,80.833923,0.000000,0.003906
1784249703.731603,0,80.833923,-0.011632,0.003906
1784249703.741585,0,80.833893,-0.031019,0.007812
1784249703.751675,0,80.833893,-0.058161,0.003906
1784249703.761506,0,80.833893,-0.038774,0.003906
1784249703.771763,0,80.833893,-0.042651,0.007812
1784249703.781734,0,80.833855,-0.096934,0.003906
1784249703.791769,0,80.833893,0.062038,0.000000
1784249703.801429,0,80.833923,0.019387,0.003906
1784249703.811796,0,80.833923,0.003877,0.003906
1784249703.821593,0,80.833893,-0.042651,0.003906
1784249703.831586,0,80.833893,-0.062038,0.000000
1784249703.841457,0,80.833893,-0.042651,0.003906
1784249703.851423,0,80.833923,-0.007755,0.000000
1784249703.861602,0,80.833893,-0.034896,0.003906
1784249703.871743,0,80.833923,-0.062038,0.003906
1784249703.881448,0,80.833893,-0.062038,0.007812
1784249703.891426,0,80.833923,0.011632,0.000000
1784249703.901548,0,80.833923,0.011632,0.007812
1784249703.911783,0,80.833946,0.058161,0.007812
1784249703.921633,0,80.833923,-0.054283,0.003906
1784249703.931510,0,80.833923,-0.011632,0.003906
1784249703.941435,0,80.833893,-0.058161,0.000000
1784249703.951562,0,80.833893,-0.038774,0.003906
1784249703.961415,0,80.833923,0.000000,0.003906
1784249703.971778,0,80.833893,-0.046528,0.007812
1784249703.981342,0,80.833923,0.011632,0.007812
1784249703.991513,0,80.833893,0.011632,0.003906
1784249704.001759,0,80.833893,-0.058161,0.003906
1784249704.011761,0,80.833893,-0.058161,0.000000
1784249704.021680,0,80.833893,-0.038774,0.007812
1784249704.031401,0,80.833893,-0.054283,0.003906
1784249704.041396,0,80.833923,-0.011632,0.007812
1784249704.051661,0,80.833893,-0.058161,0.003906
1784249704.061497,0,80.833923,0.015509,0.003906
1784249704.071489,0,80.833946,0.065915,0.007812
1784249704.081378,0,80.833923,0.019387,0.003906
1784249704.091510,0,80.833893,-0.046528,0.007812
1784249704.101532,0,80.833923,0.000000,0.007812
1784249704.111897,0,80.833893,0.007755,0.007812
1784249704.121790,0,80.833923,0.003877,0.011719
1784249704.131902,0,80.833893,-0.046528,0.000000
1784249704.141465,0,80.833923,0.000000,0.003906
1784249704.151638,0,80.833923,0.019387,0.003906
1784249704.161432,0,80.833893,-0.050406,0.007812
1784249704.171648,0,80.833893,-0.054283,0.003906
1784249704.181678,0,80.833946,0.054283,0.000000
1784249704.191868,0,80.833893,-0.054283,0.000000
1784249704.201810,0,80.833893,0.019387,0.003906
1784249704.211607,0,80.833923,0.019387,0.007812
1784249704.221817,0,80.833893,-0.058161,0.003906
1784249704.231614,0,80.833923,0.000000,0.000000
1784249704.241556,0,80.833923,0.000000,0.003906
1784249704.251548,0,80.833923,0.000000,0.000000
1784249704.261829,0,80.833893,-0.042651,0.003906
1784249704.271690,0,80.833923,-0.050406,0.003906
1784249704.281642,0,80.833893,-0.058161,0.003906
1784249704.291902,0,80.833893,-0.058161,0.003906
1784249704.301799,0,80.833923,0.000000,0.000000
1784249704.311834,0,80.833893,-0.062038,0.000000
1784249704.321516,0,80.833893,-0.019387,0.000000
1784249704.331507,0,80.833893,-0.062038,0.007812
1784249704.341547,0,80.833923,-0.015509,0.003906
1784249704.351705,0,80.833923,-0.003877,0.007812
1784249704.361812,0,80.833923,0.015509,0.003906
1784249704.371645,0,80.833893,-0.062038,0.003906
1784249704.381346,0,80.833923,-0.003877,0.000000
1784249704.391451,0,80.833893,-0.046528,0.003906
1784249704.401404,0,80.833923,-0.015509,0.000000
1784249704.411834,0,80.833923,0.000000,0.000000
1784249704.421358,0,80.833923,-0.046528,0.000000
1784249704.431418,0,80.833923,0.011632,0.011719
1784249704.441391,0,80.833893,-0.042651,0.000000
1784249704.451776,0,80.833923,0.007755,0.007812
1784249704.461545,0,80.833923,0.000000,0.007812
1784249704.471820,0,80.833855,-0.093057,0.003906
1784249704.481607,0,80.833893,-0.050406,0.003906
1784249704.491533,0,80.833893,-0.058161,0.000000
1784249704.501637,0,80.833893,-0.062038,0.003906
1784249704.511396,0,80.833893,-0.050406,0.003906
1784249704.521690,0,80.833893,-0.058161,0.000000
1784249704.531402,0,80.833923,-0.054283,0.003906
1784249704.541339,0,80.833893,-0.042651,0.003906
1784249704.551814,0,80.833893,-0.015509,0.007812
1784249704.561813,0,80.833893,-0.050406,0.003906
1784249704.571831,0,80.833893,-0.062038,0.000000
1784249704.581736,0,80.833923,0.003877,0.007812
1784249704.591406,0,80.833923,0.015509,0.003906
1784249704.601604,0,80.833923,0.023264,0.007812
1784249704.611643,0,80.833893,-0.042651,0.000000
1784249704.621703,0,80.833893,-0.050406,0.003906
1784249704.631817,0,80.833893,-0.023264,0.003906
1784249704.641792,0,80.833893,-0.038774,0.007812
1784249704.651826,0,80.833893,-0.034896,0.007812
1784249704.661681,0,80.833893,-0.058161,0.003906
1784249704.671462,0,80.833893,-0.046528,0.003906
1784249704.681823,0,80.833855,-0.112444,0.003906
1784249704.691811,0,80.833893,-0.046528,0.003906
1784249704.701619,0,80.833893,-0.058161,0.000000
1784249704.711350,0,80.833855,-0.112444,0.000000
1784249704.721383,0,80.833893,-0.050406,0.003906
1784249704.731591,0,80.833923,0.019387,0.000000
1784249704.741487,0,80.833923,-0.007755,0.000000
1784249704.751609,0,80.833923,0.000000,0.003906
1784249704.761326,0,80.833923,0.000000,0.007812
1784249704.771789,0,80.833893,-0.031019,0.000000
1784249704.781613,0,80.833923,0.011632,0.000000
1784249704.791793,0,80.833923,0.007755,0.003906
1784249704.801731,0,80.833923,0.003877,0.003906
1784249704.811622,0,80.833923,-0.007755,0.007812
1784249704.821435,0,80.833893,-0.062038,0.000000
1784249704.831491,0,80.833893,-0.042651,0.003906
1784249704.841735,0,80.833893,-0.046528,0.007812
1784249704.851679,0,80.833893,-0.058161,0.000000
1784249704.861818,0,80.833893,-0.069793,0.000000
1784249704.871812,0,80.833893,-0.058161,0.000000
1784249704.881351,0,80.833893,-0.038774,0.003906
1784249704.891782,0,80.833893,-0.050406,0.007812
1784249704.901791,0,80.833923,-0.003877,0.003906
1784249704.911369,0,80.833893,-0.042651,0.000000
1784249704.921352,0,80.833893,-0.046528,0.007812
1784249704.931486,0,80.833893,0.003877,0.007812
1784249704.941620,0,80.833893,-0.038774,0.007812
1784249704.951757,0,80.833923,0.000000,0.003906
1784249704.961427,0,80.833923,0.015509,0.003906
1784249704.971781,0,80.833923,0.011632,0.003906
1784249704.981622,0,80.833923,0.007755,0.011719
1784249704.991758,0,80.833893,-0.050406,0.007812
1784249705.001409,0,80.833923,0.019387,0.007812
1784249705.011777,0,80.833893,-0.069793,0.003906
1784249705.021338,0,80.833923,-0.003877,0.003906
1784249705.031542,0,80.833893,-0.042651,0.000000
1784249705.041557,0,80.833923,-0.007755,0.003906
1784249705.051568,0,80.833923,0.000000,0.003906
1784249705.061789,0,80.833923,0.011632,0.000000
1784249705.071395,0,80.833923,0.000000,0.003906
1784249705.081382,0,80.833923,0.000000,0.000000
1784249705.091474,0,80.833923,0.007755,0.003906
1784249705.101689,0,80.833923,0.000000,0.003906
1784249705.112371,0,80.833923,-0.007755,0.003906
1784249705.121694,0,80.833923,0.000000,0.000000
1784249705.131499,0,80.833923,-0.003877,0.003906
1784249705.141469,0,80.833893,-0.054283,0.007812
1784249705.151329,0,80.833923,-0.003877,0.003906
1784249705.161617,0,80.833923,-0.003877,0.003906
1784249705.171650,0,80.833893,-0.038774,0.003906
1784249705.181760,0,80.833923,0.007755,0.003906
1784249705.191770,0,80.833923,0.000000,0.003906
1784249705.201576,0,80.833946,0.065915,0.000000
1784249705.211695,0,80.833923,-0.058161,0.000000
1784249705.221704,0,80.833923,0.000000,0.003906
1784249705.231702,0,80.833923,-0.015509,0.000000
1784249705.241337,0,80.833923,-0.011632,0.003906
1784249705.251315,0,80.833923,-0.050406,0.000000
1784249705.261318,0,80.833893,-0.050406,0.000000
1784249705.271393,0,80.833923,0.000000,0.003906
1784249705.281747,0,80.833923,-0.015509,0.007812
1784249705.291643,0,80.833893,-0.050406,0.003906
1784249705.301625,0,80.833923,0.000000,0.003906
1784249705.311743,0,80.833923,0.000000,0.003906
1784249705.321435,0,80.833893,-0.054283,0.003906
1784249705.331382,0,80.833923,-0.003877,0.003906
1784249705.341368,0,80.833923,0.011632,0.003906
1784249705.351478,0,80.833923,0.000000,0.003906
1784249705.361565,0,80.833946,0.054283,0.000000
1784249705.371446,0,80.833893,-0.042651,0.003906
1784249705.381320,0,80.833923,0.007755,0.011719
1784249705.391428,0,80.833893,0.011632,0.007812
1784249705.401757,0,80.833946,0.065915,0.003906
1784249705.411666,0,80.833923,0.015509,0.007812
1784249705.421346,0,80.833893,-0.042651,0.003906
1784249705.431731,0,80.833923,0.015509,0.003906
1784249705.441438,0,80.833923,0.007755,0.007812
1784249705.451534,0,80.833923,0.003877,0.000000
1784249705.461313,0,80.833923,0.011632,0.003906
1784249705.471462,0,80.833893,-0.038774,0.003906
1784249705.481666,0,80.833946,-0.046528,0.003906
1784249705.491574,0,80.833923,0.000000,0.011719
1784249705.501273,0,80.833923,0.062038,0.003906
1784249705.511345,0,80.833893,-0.038774,0.007812
1784249705.521314,0,80.833923,0.000000,0.003906
1784249705.531472,0,80.833923,0.015509,0.003906
1784249705.541505,0,80.833923,-0.050406,0.007812
1784249705.551569,0,80.833893,-0.050406,0.003906
1784249705.561402,0,80.833923,0.011632,0.003906
1784249705.571348,0,80.833923,0.007755,0.000000
1784249705.581332,0,80.833855,-0.108566,0.000000
1784249705.591505,0,80.833923,0.003877,0.003906
1784249705.601527,0,80.833893,-0.042651,0.003906
1784249705.611522,0,80.833923,0.000000,0.000000
1784249705.621294,0,80.833893,-0.065915,0.000000
1784249705.631514,0,80.833923,0.023264,0.011719
1784249705.641741,0,80.833923,0.000000,0.000000
1784249705.651584,0,80.833923,0.000000,0.000000
1784249705.661531,0,80.833923,0.011632,0.007812
1784249705.671565,0,80.833893,-0.042651,0.000000
1784249705.681541,0,80.833893,-0.038774,0.007812
1784249705.691462,0,80.833923,0.011632,0.003906
1784249705.701751,0,80.833923,0.011632,0.003906
1784249705.711638,0,80.833923,0.003877,0.000000
1784249705.721684,0,80.833923,0.015509,0.003906
1784249705.731408,0,80.833923,0.007755,0.003906
1784249705.741598,0,80.833893,-0.050406,0.000000
1784249705.751532,0,80.833923,0.003877,0.003906
1784249705.761441,0,80.833923,0.000000,0.000000
1784249705.771544,0,80.833893,-0.054283,0.000000
1784249705.781527,0,80.833923,0.007755,0.007812
1784249705.791390,0,80.833923,0.003877,0.007812
1784249705.801408,0,80.833893,-0.058161,0.000000
1784249705.811328,0,80.833893,-0.062038,0.003906
1784249705.821372,0,80.833893,-0.065915,0.003906
1784249705.831329,0,80.833923,0.015509,0.003906
1784249705.841470,0,80.833893,-0.050406,0.003906
1784249705.851657,0,80.833946,0.058161,0.003906
1784249705.861614,0,80.833893,-0.062038,0.003906
1784249705.871387,0,80.833923,-0.011632,0.000000
1784249705.881270,0,80.833923,0.007755,0.007812
1784249705.891291,0,80.833893,-0.062038,0.003906
1784249705.901294,0,80.833893,0.000000,0.007812
1784249705.911376,0,80.833893,-0.038774,0.007812
1784249705.921386,0,80.833893,-0.046528,0.003906
1784249705.931428,0,80.833893,-0.042651,0.000000
1784249705.941488,0,80.833923,0.003877,0.000000
1784249705.951463,0,80.833893,-0.038774,0.007812
1784249705.961230,0,80.833893,-0.038774,0.003906
1784249705.971223,0,80.833923,0.000000,0.003906
1784249705.981228,0,80.833923,0.003877,0.007812
1784249705.991221,0,80.833923,0.019387,0.003906
1784249706.001226,0,80.833893,-0.038774,0.003906
1784249706.011212,0,80.833923,0.000000,0.000000
1784249706.021250,0,80.833923,0.007755,0.007812
1784249706.031259,0,80.833923,-0.011632,0.003906
1784249706.041237,0,80.833893,-0.046528,0.000000
1784249706.051231,0,80.833893,-0.054283,0.003906
1784249706.061242,0,80.833923,0.003877,0.003906
1784249706.071210,0,80.833893,-0.038774,0.000000
1784249706.081248,0,80.833923,0.011632,0.007812
1784249706.091227,0,80.833893,-0.058161,0.000000
1784249706.101207,0,80.833893,-0.027142,0.007812
1784249706.111213,0,80.833855,-0.116321,0.000000
1784249706.121203,0,80.833893,-0.042651,0.003906
1784249706.131208,0,80.833893,-0.046528,0.000000
1784249706.141078,0,80.833923,0.019387,0.007812
1784249706.151061,0,80.833923,0.003877,0.003906
1784249706.161056,0,80.833923,0.019387,0.003906
1784249706.171058,0,80.833923,-0.003877,0.000000
1784249706.181048,0,80.833923,0.000000,0.003906
1784249706.191057,0,80.833923,0.015509,0.003906
1784249706.201052,0,80.833893,-0.054283,0.003906
1784249706.211052,0,80.833923,0.000000,0.000000
1784249706.221056,0,80.833893,-0.065915,0.003906
1784249706.231140,0,80.833923,0.000000,0.000000
1784249706.241185,0,80.833893,-0.038774,0.003906
1784249706.251221,0,80.833923,0.007755,0.003906
1784249706.261176,0,80.833923,0.003877,0.000000
1784249706.271277,0,80.833893,-0.069793,0.000000
1784249706.281187,0,80.833923,0.007755,0.000000
1784249706.291167,0,80.833923,0.000000,0.003906
1784249706.301180,0,80.833893,-0.038774,0.003906
1784249706.311178,0,80.833893,-0.034896,0.003906
1784249706.321204,0,80.833923,0.003877,0.003906
1784249706.331227,0,80.833893,-0.046528,0.003906
1784249706.341177,0,80.833923,0.000000,0.003906
1784249706.351156,0,80.833923,0.003877,0.003906
1784249706.361150,0,80.833893,-0.058161,0.007812
1784249706.371157,0,80.833923,0.015509,0.003906
1784249706.381096,0,80.833923,0.000000,0.007812
1784249706.391159,0,80.833923,-0.007755,0.003906
1784249706.401183,0,80.833893,-0.042651,0.000000
1784249706.411178,0,80.833893,-0.050406,0.003906
1784249706.421200,0,80.833923,0.007755,0.000000
1784249706.431146,0,80.833893,-0.058161,0.003906
1784249706.441157,0,80.833946,0.054283,0.003906
1784249706.451220,0,80.833893,-0.058161,0.000000
1784249706.461163,0,80.833923,0.015509,0.003906
1784249706.471155,0,80.833923,0.019387,0.000000
1784249706.481179,0,80.833923,0.011632,0.007812
1784249706.491179,0,80.833923,0.000000,0.003906
1784249706.501119,0,80.833893,-0.046528,0.003906
1784249706.511235,0,80.833893,-0.046528,0.003906
1784249706.521183,0,80.833923,0.000000,0.003906
1784249706.531161,0,80.833893,-0.031019,0.007812
1784249706.541121,0,80.833893,-0.038774,0.003906
1784249706.551147,0,80.833893,-0.038774,0.007812
1784249706.561163,0,80.833893,-0.038774,0.003906
1784249706.571168,0,80.833893,-0.038774,0.003906
1784249706.581183,0,80.833893,-0.054283,0.003906
1784249706.591163,0,80.833923,0.000000,0.000000
1784249706.601093,0,80.833893,-0.038774,0.003906
1784249706.611132,0,80.833923,0.019387,0.003906
1784249706.621167,0,80.833923,0.000000,0.003906
1784249706.631171,0,80.833893,-0.046528,0.007812
1784249706.641180,0,80.833893,-0.038774,0.003906
1784249706.651161,0,80.833923,-0.003877,0.003906
1784249706.661156,0,80.833893,-0.054283,0.003906
1784249706.671200,0,80.833923,0.000000,0.003906
1784249706.681124,0,80.833893,-0.054283,0.011719
1784249706.691156,0,80.833893,-0.038774,0.000000
1784249706.701312,0,80.833893,-0.046528,0.003906
1784249706.711120,0,80.833923,0.003877,0.003906
1784249706.721054,0,80.833893,-0.042651,0.000000
1784249706.731195,0,80.833893,-0.046528,0.003906
1784249706.741188,0,80.833923,0.000000,0.003906
1784249706.751202,0,80.833923,0.003877,0.003906
1784249706.761034,0,80.833893,-0.038774,0.000000
1784249706.771176,0,80.833923,0.019387,0.000000
1784249706.781338,0,80.833923,-0.003877,0.000000
1784249706.791154,0,80.833893,-0.058161,0.007812
1784249706.801341,0,80.833923,-0.007755,0.003906
1784249706.811229,0,80.833893,-0.038774,0.003906
1784249706.821202,0,80.833893,-0.058161,0.003906
1784249706.832244,0,80.833893,-0.038774,0.007812
1784249706.842279,0,80.833893,-0.050406,0.000000
1784249706.851533,0,80.833893,-0.038774,0.003906
1784249706.861319,0,80.833855,-0.108566,0.003906
1784249706.871219,0,80.833923,0.007755,0.000000
1784249706.882292,0,80.833893,-0.050406,0.007812
1784249706.891246,0,80.833893,-0.038774,0.000000
1784249706.902227,0,80.833893,-0.050406,0.003906
1784249706.911310,0,80.833893,-0.042651,0.000000
1784249706.921376,0,80.833855,-0.096934,0.003906
1784249706.931309,0,80.833893,-0.058161,-0.003906
1784249706.941295,0,80.833893,-0.046528,0.000000
1784249706.952290,0,80.833893,-0.050406,0.003906
1784249706.961097,0,80.833946,-0.054283,0.003906
1784249706.971276,0,80.833923,0.003877,0.007812
1784249706.981231,0,80.833923,0.011632,0.003906
1784249706.992331,0,80.833923,0.003877,0.000000
1784249707.001266,0,80.833893,-0.038774,0.007812
1784249707.011335,0,80.833923,0.003877,0.007812
1784249707.021264,0,80.833923,0.011632,0.003906
1784249707.031303,0,80.833893,-0.038774,0.003906
1784249707.041329,0,80.833893,-0.054283,0.007812
1784249707.051248,0,80.833923,0.003877,0.000000
1784249707.061245,0,80.833923,0.011632,0.007812
1784249707.071215,0,80.833923,0.000000,0.007812
1784249707.081085,0,80.833893,-0.038774,0.003906
1784249707.091223,0,80.833923,-0.003877,0.000000
1784249707.101274,0,80.833923,0.000000,0.007812
1784249707.111299,0,80.833923,0.011632,0.007812
1784249707.121253,0,80.833923,0.003877,0.000000
1784249707.131148,0,80.833923,0.000000,0.000000
1784249707.141563,0,80.833893,-0.038774,0.007812
1784249707.151130,0,80.833923,0.000000,0.003906
1784249707.161221,0,80.833893,-0.054283,0.003906
1784249707.171241,0,80.833923,0.031019,0.007812
1784249707.181217,0,80.833923,0.000000,0.000000
1784249707.191208,0,80.833855,-0.108566,0.000000
1784249707.201179,0,80.833893,-0.042651,0.000000
1784249707.211326,0,80.833893,-0.046528,0.000000
1784249707.221310,0,80.833923,0.015509,0.007812
1784249707.231183,0,80.833893,-0.038774,0.003906
1784249707.241298,0,80.833923,0.000000,0.003906
1784249707.251271,0,80.833893,-0.054283,0.000000
1784249707.261606,0,80.833923,0.015509,0.000000
1784249707.271282,0,80.833923,0.000000,0.003906
1784249707.281283,0,80.833893,-0.038774,0.003906
1784249707.291230,0,80.833893,-0.062038,0.000000
1784249707.301270,0,80.833923,0.011632,0.000000
1784249707.311265,0,80.833893,-0.050406,0.019531
1784249707.321198,0,80.833893,-0.042651,0.007812
1784249707.331307,0,80.833893,-0.038774,0.000000
1784249707.341236,0,80.833893,-0.058161,0.000000
1784249707.351282,0,80.833923,0.007755,0.003906
1784249707.361272,0,80.833893,-0.050406,0.007812
1784249707.371134,0,80.833923,0.000000,0.003906
1784249707.381274,0,80.833893,-0.065915,0.000000
1784249707.391189,0,80.833893,-0.058161,0.003906
1784249707.401238,0,80.833923,0.000000,0.000000
1784249707.411261,0,80.833923,0.007755,0.000000
1784249707.421211,0,80.833923,0.007755,0.000000
1784249707.431212,0,80.833923,-0.046528,0.003906
1784249707.441244,0,80.833893,-0.065915,0.003906
1784249707.451221,0,80.833893,-0.031019,0.003906
1784249707.461224,0,80.833893,-0.042651,0.000000
1784249707.471220,0,80.833893,-0.054283,0.007812
1784249707.481114,0,80.833923,0.007755,0.007812
1784249707.491303,0,80.833893,-0.046528,0.003906
1784249707.501260,0,80.833893,-0.031019,0.003906
1784249707.511147,0,80.833923,-0.042651,0.003906
1784249707.522191,0,80.833923,-0.007755,0.003906
1784249707.532202,0,80.833893,-0.042651,0.007812
1784249707.542146,0,80.833923,0.007755,0.000000
1784249707.551141,0,80.833923,-0.003877,0.007812
1784249707.562171,0,80.833923,0.031019,0.003906
1784249707.572484,0,80.833923,0.015509,0.003906
1784249707.581160,0,80.833893,-0.038774,0.007812
1784249707.591148,0,80.833923,0.011632,0.003906
1784249707.601161,0,80.833923,0.023264,0.003906
1784249707.611176,0,80.833923,-0.054283,0.003906
1784249707.621131,0,80.833923,0.000000,0.000000
1784249707.632157,0,80.833923,-0.003877,0.003906
1784249707.642092,0,80.833923,0.011632,0.003906
1784249707.651171,0,80.833855,-0.108566,0.003906
1784249707.661129,0,80.833893,-0.034896,0.000000
1784249707.672348,0,80.833923,0.019387,0.003906
1784249707.681226,0,80.833893,-0.042651,0.007812
1784249707.692155,0,80.833893,-0.050406,0.000000
1784249707.701319,0,80.833923,-0.038774,0.003906
1784249707.711154,0,80.833893,-0.038774,0.007812
1784249707.721246,0,80.833923,0.003877,0.000000
1784249707.731241,0,80.833893,0.007755,0.000000
1784249707.741183,0,80.833893,-0.054283,0.003906
1784249707.751251,0,80.833923,0.015509,0.003906
1784249707.761307,0,80.833893,-0.042651,0.003906
1784249707.771211,0,80.833893,-0.050406,0.003906
1784249707.781204,0,80.833893,-0.038774,0.003906
1784249707.791291,0,80.833923,0.007755,0.000000
1784249707.801244,0,80.833893,-0.050406,0.003906
1784249707.811181,0,80.833923,-0.007755,0.007812
1784249707.821251,0,80.833923,0.011632,0.000000
1784249707.831193,0,80.833923,-0.003877,0.007812
1784249707.842211,0,80.833923,0.011632,0.000000
1784249707.851176,0,80.833893,-0.046528,0.000000
1784249707.861195,0,80.833893,-0.069793,0.003906
1784249707.871171,0,80.833893,-0.054283,0.000000
1784249707.881151,0,80.833893,-0.046528,0.003906
1784249707.892239,0,80.833923,0.000000,0.003906
1784249707.901230,0,80.833855,0.000000,0.007812
1784249707.912254,0,80.833923,-0.003877,0.003906
1784249707.921234,0,80.833893,-0.058161,0.003906
1784249707.931191,0,80.833923,0.011632,0.003906
1784249707.941241,0,80.833893,-0.054283,0.000000
1784249707.951257,0,80.833893,-0.054283,0.000000
1784249707.961187,0,80.833893,-0.054283,0.000000
1784249707.971187,0,80.833893,-0.046528,0.003906
1784249707.981096,0,80.833923,-0.003877,0.000000
1784249707.991101,0,80.833923,0.015509,0.003906
1784249708.001170,0,80.833923,0.000000,0.003906
1784249708.011188,0,80.833946,0.069793,0.003906
1784249708.021208,0,80.833923,-0.011632,0.003906
1784249708.032219,0,80.833946,0.065915,0.007812
1784249708.041080,0,80.833893,-0.054283,0.003906
1784249708.051244,0,80.833923,0.015509,0.000000
1784249708.061203,0,80.833946,0.069793,0.003906
1784249708.071250,0,80.833946,0.054283,0.000000
1784249708.082283,0,80.833893,-0.038774,0.003906
1784249708.091229,0,80.833923,0.019387,0.000000
1784249708.102250,0,80.833893,-0.042651,0.003906
1784249708.111190,0,80.833893,-0.062038,0.000000
1784249708.121235,0,80.833923,0.011632,0.003906
1784249708.131210,0,80.833923,-0.007755,0.003906
1784249708.142161,0,80.833923,-0.003877,0.000000
1784249708.152154,0,80.833893,-0.054283,0.007812
1784249708.161082,0,80.833946,0.054283,0.003906
1784249708.172270,0,80.833946,0.069793,0.003906
1784249708.181199,0,80.833893,-0.046528,0.000000
1784249708.192193,0,80.833923,0.000000,0.000000
1784249708.202245,0,80.833893,-0.062038,0.003906
1784249708.212504,0,80.833923,0.019387,0.000000
1784249708.221196,0,80.833893,-0.038774,0.003906
1784249708.231158,0,80.833923,-0.003877,0.003906
1784249708.242218,0,80.833923,0.007755,0.003906
1784249708.252132,0,80.833923,-0.003877,0.003906
1784249708.261146,0,80.833923,-0.003877,0.007812
1784249708.272165,0,80.833855,-0.096934,0.003906
1784249708.281219,0,80.833923,-0.003877,0.003906
1784249708.292115,0,80.833923,0.000000,0.007812
1784249708.301201,0,80.833893,-0.058161,0.003906
1784249708.311165,0,80.833923,0.015509,0.007812
1784249708.321218,0,80.833923,0.000000,0.000000
1784249708.331153,0,80.833893,-0.050406,0.003906
1784249708.341109,0,80.833923,-0.007755,0.003906
1784249708.351160,0,80.833946,0.058161,0.003906
1784249708.361138,0,80.833923,-0.003877,0.000000
1784249708.371231,0,80.833946,0.054283,0.007812
1784249708.381058,0,80.833893,-0.069793,0.003906
1784249708.391201,0,80.833893,-0.062038,0.003906
1784249708.401243,0,80.833923,0.011632,0.003906
1784249708.412112,0,80.833893,-0.100812,0.000000
1784249708.421149,0,80.833893,-0.046528,0.000000
1784249708.431126,0,80.833923,0.019387,0.003906
1784249708.441166,0,80.833923,-0.007755,0.000000
1784249708.451121,0,80.833893,-0.038774,0.003906
1784249708.461245,0,80.833923,0.011632,0.003906
1784249708.472115,0,80.833923,-0.031019,0.000000
1784249708.481065,0,80.833923,0.003877,0.007812
1784249708.491200,0,80.833923,0.003877,0.003906
1784249708.501445,0,80.833923,0.000000,0.007812
1784249708.511092,0,80.833923,0.011632,0.007812
1784249708.521105,0,80.833923,0.007755,0.003906
1784249708.531075,0,80.833893,-0.046528,0.003906
1784249708.541072,0,80.833893,-0.054283,0.003906
1784249708.552173,0,80.833923,0.015509,0.000000
1784249708.561007,0,80.833923,0.000000,0.003906
1784249708.570966,0,80.833893,-0.062038,0.000000
1784249708.582076,0,80.833923,0.000000,0.003906
1784249708.591196,0,80.833893,-0.042651,0.003906
1784249708.601094,0,80.833923,-0.038774,0.003906
1784249708.611045,0,80.833893,-0.065915,0.003906
1784249708.621162,0,80.833923,0.003877,0.003906
1784249708.631133,0,80.833893,-0.062038,0.007812
1784249708.641177,0,80.833893,-0.038774,0.003906
1784249708.651166,0,80.833893,-0.042651,0.003906
1784249708.661095,0,80.833923,0.019387,0.000000
1784249708.671039,0,80.833893,-0.058161,0.007812
1784249708.681105,0,80.833893,-0.042651,0.003906
1784249708.691066,0,80.833893,-0.058161,0.003906
1784249708.702088,0,80.833923,0.003877,0.000000
1784249708.712242,0,80.833893,-0.038774,0.003906
1784249708.722126,0,80.833893,-0.050406,0.003906
1784249708.731115,0,80.833923,0.019387,0.007812
1784249708.742524,0,80.833923,0.015509,0.000000
1784249708.751119,0,80.833946,0.000000,0.000000
1784249708.761087,0,80.833923,0.007755,0.000000
1784249708.772231,0,80.833923,-0.003877,0.003906
1784249708.782084,0,80.833855,-0.096934,0.007812
1784249708.792090,0,80.833893,-0.065915,0.000000
1784249708.802453,0,80.833923,0.015509,0.003906
1784249708.812254,0,80.833923,0.007755,0.000000
1784249708.822052,0,80.833893,-0.073670,0.000000
1784249708.831053,0,80.833893,-0.038774,0.003906
1784249708.842237,0,80.833893,-0.046528,0.003906
1784249708.852450,0,80.833923,0.019387,0.003906
1784249708.861054,0,80.833893,-0.038774,0.003906
1784249708.872055,0,80.833893,-0.042651,0.007812
1784249708.881025,0,80.833923,0.000000,0.000000
1784249708.892199,0,80.833923,0.003877,0.000000
1784249708.901048,0,80.833923,0.003877,0.007812
1784249708.911070,0,80.833923,0.007755,0.000000
1784249708.922092,0,80.833893,-0.038774,0.000000
1784249708.931216,0,80.833923,0.007755,0.007812
1784249708.942445,0,80.833923,0.015509,0.003906
1784249708.951068,0,80.833893,-0.050406,0.000000
1784249708.961049,0,80.833923,0.011632,0.000000
1784249708.971093,0,80.833923,0.003877,0.000000
1784249708.982167,0,80.833893,-0.054283,0.003906
1784249708.991027,0,80.833893,-0.054283,0.003906
1784249709.001110,0,80.833923,0.000000,0.000000
1784249709.011126,0,80.833923,0.007755,0.003906
1784249709.021071,0,80.833923,0.019387,0.000000
1784249709.031064,0,80.833923,0.015509,0.003906
1784249709.042053,0,80.833923,0.007755,0.007812
1784249709.052026,0,80.833946,0.054283,0.007812
1784249709.061029,0,80.833923,0.003877,0.007812
1784249709.071023,0,80.833893,-0.062038,0.003906
1784249709.081016,0,80.833923,0.011632,0.003906
1784249709.091013,0,80.833923,0.000000,0.000000
1784249709.101023,0,80.833855,-0.093057,0.003906
1784249709.111017,0,80.833893,-0.050406,0.003906
1784249709.122052,0,80.833893,-0.050406,0.000000
1784249709.130981,0,80.833893,-0.050406,0.000000
1784249709.140913,0,80.833923,0.003877,0.003906
1784249709.151029,0,80.833923,0.000000,0.007812
1784249709.161017,0,80.833893,-0.042651,0.007812
1784249709.172153,0,80.833923,0.007755,0.000000
1784249709.181144,0,80.833923,0.011632,0.003906
1784249709.191029,0,80.833923,0.003877,0.007812
1784249709.201034,0,80.833893,-0.058161,0.000000
1784249709.211046,0,80.833923,0.000000,0.000000
1784249709.221064,0,80.833893,-0.034896,0.003906
1784249709.231086,0,80.833893,-0.054283,0.000000
1784249709.241022,0,80.833923,0.011632,0.003906
1784249709.251160,0,80.833923,0.015509,0.007812
1784249709.261034,0,80.833893,-0.050406,0.007812
1784249709.271044,0,80.833893,-0.038774,0.003906
1784249709.281027,0,80.833893,-0.054283,0.007812
1784249709.291134,0,80.833923,0.011632,-0.003906
1784249709.301138,0,80.833923,0.000000,0.003906
1784249709.311009,0,80.833893,-0.058161,0.003906
1784249709.321027,0,80.833923,0.003877,0.003906
1784249709.330888,0,80.833923,0.019387,0.007812
1784249709.341109,0,80.833923,0.007755,0.003906
1784249709.351033,0,80.833923,0.007755,0.007812
1784249709.361000,0,80.833923,0.003877,0.000000
1784249709.371055,0,80.833923,0.000000,0.003906
1784249709.381049,0,80.833893,-0.038774,0.003906
1784249709.391009,0,80.833923,0.000000,0.000000
1784249709.400991,0,80.833923,0.011632,0.000000
1784249709.411131,0,80.833893,-0.042651,0.000000
1784249709.421099,0,80.833923,0.007755,0.007812
1784249709.431017,0,80.833893,-0.058161,0.000000
1784249709.441019,0,80.833923,0.000000,0.007812
1784249709.451103,0,80.833923,0.007755,0.007812
1784249709.461022,0,80.833893,-0.046528,0.000000
1784249709.471051,0,80.833923,0.007755,0.003906
1784249709.481976,0,80.833923,-0.007755,0.000000
1784249709.492411,0,80.833893,-0.046528,0.000000
1784249709.500978,0,80.833893,-0.073670,0.000000
1784249709.510992,0,80.833923,0.000000,0.000000
1784249709.521020,0,80.833923,-0.007755,0.003906
1784249709.531073,0,80.833893,-0.038774,0.003906
1784249709.542162,0,80.833923,0.015509,0.007812
1784249709.551111,0,80.833893,-0.046528,0.003906
1784249709.561006,0,80.833893,-0.038774,0.003906
1784249709.570881,0,80.833923,0.000000,0.000000
1784249709.580990,0,80.833946,0.054283,0.003906
1784249709.592396,0,80.833923,-0.003877,0.007812
1784249709.600952,0,80.833923,0.003877,0.003906
1784249709.610991,0,80.833893,-0.042651,0.000000
1784249709.622281,0,80.833893,0.000000,0.000000
1784249709.632051,0,80.833923,0.019387,0.007812
1784249709.642434,0,80.833893,-0.054283,0.000000
1784249709.651032,0,80.833893,-0.050406,0.000000
1784249709.661038,0,80.833923,-0.003877,0.007812
1784249709.670968,0,80.833923,0.011632,0.000000
1784249709.682032,0,80.833923,0.000000,0.003906
1784249709.690999,0,80.833893,-0.058161,0.000000
1784249709.701005,0,80.833923,0.000000,0.003906
1784249709.712173,0,80.833893,-0.038774,0.007812
1784249709.721024,0,80.833923,0.000000,0.000000
1784249709.731036,0,80.833923,0.000000,0.000000
1784249709.740944,0,80.833923,0.011632,0.003906
1784249709.752193,0,80.833893,-0.058161,0.003906
1784249709.760980,0,80.833855,-0.104689,0.000000
1784249709.770935,0,80.833893,-0.054283,0.003906
1784249709.781118,0,80.833893,-0.050406,0.003906
1784249709.791000,0,80.833893,-0.050406,0.003906
1784249709.801042,0,80.833893,-0.054283,0.007812
1784249709.812117,0,80.833946,0.062038,0.000000
1784249709.821020,0,80.833893,-0.050406,0.007812
1784249709.832022,0,80.833893,-0.054283,0.003906
1784249709.842136,0,80.833946,0.054283,0.003906
1784249709.851000,0,80.833923,0.015509,0.007812
1784249709.862325,0,80.833855,-0.100812,0.007812
1784249709.871013,0,80.833893,-0.031019,0.003906
1784249709.882015,0,80.833923,0.007755,0.003906
1784249709.892274,0,80.833893,-0.031019,0.007812
1784249709.901053,0,80.833893,-0.042651,0.000000
1784249709.911005,0,80.833923,0.019387,0.000000
1784249709.920890,0,80.833923,0.007755,0.003906
1784249709.931014,0,80.833893,-0.042651,0.000000
1784249709.941059,0,80.833893,-0.038774,0.000000
1784249709.952386,0,80.833855,-0.104689,0.007812
1784249709.962277,0,80.833893,-0.038774,0.003906
1784249709.970994,0,80.833923,0.011632,0.003906
1784249709.981019,0,80.833923,0.000000,0.007812
1784249709.990978,0,80.833893,-0.038774,0.000000
1784249710.002223,0,80.833893,-0.038774,0.003906
1784249710.012448,0,80.833893,-0.038774,0.003906
1784249710.022141,0,80.833855,-0.100812,0.000000
1784249710.032037,0,80.833893,-0.054283,0.003906
1784249710.042167,0,80.833893,-0.046528,0.003906
1784249710.052375,0,80.833923,0.000000,0.000000
1784249710.060993,0,80.833893,-0.034896,0.000000
1784249710.072405,0,80.833893,-0.038774,0.003906
1784249710.081017,0,80.833923,0.000000,0.003906
1784249710.091995,0,80.833893,-0.038774,0.011719
1784249710.102203,0,80.833893,-0.058161,0.003906
1784249710.110930,0,80.833855,-0.100812,0.000000
1784249710.121089,0,80.833923,0.003877,0.007812
1784249710.132106,0,80.833893,-0.054283,0.003906
1784249710.140931,0,80.833923,0.011632,0.003906
1784249710.150923,0,80.833893,-0.042651,0.000000
1784249710.160981,0,80.833893,-0.046528,0.000000
1784249710.170888,0,80.833893,-0.042651,0.007812
1784249710.182011,0,80.833893,-0.050406,0.003906
1784249710.190958,0,80.833893,-0.046528,0.000000
1784249710.201030,0,80.833923,0.007755,0.003906
1784249710.210975,0,80.833923,0.015509,0.003906
1784249710.221105,0,80.833923,-0.003877,0.007812
1784249710.231021,0,80.833893,-0.058161,0.003906
1784249710.240978,0,80.833923,0.015509,0.007812
1784249710.251937,0,80.833893,-0.062038,0.007812
1784249710.260879,0,80.833893,-0.038774,0.000000
1784249710.270829,0,80.833923,0.000000,0.000000
1784249710.282010,0,80.833923,0.000000,0.000000
1784249710.290827,0,80.833923,-0.003877,0.003906
1784249710.301287,0,80.833893,0.077547,0.003906
1784249710.311003,0,80.833893,-0.058161,0.000000
1784249710.320966,0,80.833893,-0.062038,0.000000
1784249710.330970,0,80.833923,-0.007755,0.000000
1784249710.340828,0,80.833923,0.019387,0.000000
1784249710.350815,0,80.833923,0.000000,0.000000
1784249710.360990,0,80.833893,-0.050406,0.003906
1784249710.370939,0,80.833893,-0.054283,0.007812
1784249710.381048,0,80.833893,-0.054283,0.007812
1784249710.391004,0,80.833923,0.000000,0.000000
1784249710.400951,0,80.833893,-0.050406,0.003906
1784249710.410791,0,80.833923,0.000000,0.003906
1784249710.421000,0,80.833893,-0.069793,0.000000
1784249710.430994,0,80.833923,0.003877,0.003906
1784249710.440891,0,80.833893,-0.062038,0.003906
1784249710.450818,0,80.833923,0.011632,0.003906
1784249710.460862,0,80.833893,-0.034896,0.003906
1784249710.470862,0,80.833893,-0.038774,0.000000
1784249710.480866,0,80.833893,-0.034896,0.003906
1784249710.491336,0,80.833893,-0.058161,0.000000
1784249710.500912,0,80.833893,-0.042651,0.007812
1784249710.511319,0,80.833893,-0.062038,0.003906
1784249710.520998,0,80.833893,-0.058161,0.003906
1784249710.530738,0,80.833893,-0.038774,0.003906
1784249710.541128,0,80.833923,0.007755,0.003906
1784249710.550921,0,80.833923,0.000000,0.000000
1784249710.560901,0,80.833923,0.019387,0.007812
1784249710.570915,0,80.833893,-0.054283,0.000000
1784249710.580834,0,80.833893,-0.058161,0.000000
1784249710.592003,0,80.833923,-0.003877,0.007812
1784249710.600974,0,80.833893,-0.058161,0.000000
1784249710.610824,0,80.833893,-0.038774,0.007812
1784249710.620740,0,80.833923,0.003877,0.000000
1784249710.630955,0,80.833893,-0.062038,0.000000
1784249710.641923,0,80.833923,0.003877,0.003906
1784249710.652121,0,80.833893,-0.054283,0.003906
1784249710.662101,0,80.833893,-0.046528,0.003906
1784249710.670811,0,80.833923,0.003877,0.011719
1784249710.680964,0,80.833893,-0.054283,0.007812
1784249710.691914,0,80.833893,-0.058161,0.003906
1784249710.700894,0,80.833893,-0.058161,0.003906
1784249710.710834,0,80.833893,-0.042651,0.003906
1784249710.720870,0,80.833893,-0.042651,0.000000
1784249710.732035,0,80.833893,-0.050406,0.003906
1784249710.741961,0,80.833923,0.003877,0.003906
1784249710.750902,0,80.833893,-0.046528,0.000000
1784249710.761947,0,80.833893,-0.058161,0.000000
1784249710.772202,0,80.833893,-0.046528,0.007812
1784249710.782112,0,80.833923,0.003877,0.000000
1784249710.792047,0,80.833946,0.054283,0.003906
1784249710.802346,0,80.833893,-0.065915,0.000000
1784249710.810865,0,80.833923,0.015509,0.003906
1784249710.820885,0,80.833893,-0.058161,0.000000
1784249710.831020,0,80.833923,0.007755,0.007812
1784249710.840951,0,80.833923,0.000000,0.007812
1784249710.850906,0,80.833923,0.000000,0.007812
1784249710.860984,0,80.833923,0.000000,0.007812
1784249710.870951,0,80.833893,-0.038774,0.003906
1784249710.880897,0,80.833893,-0.050406,0.000000
1784249710.890913,0,80.833923,0.015509,0.003906
1784249710.900893,0,80.833923,0.015509,0.000000
1784249710.910867,0,80.833923,0.000000,0.003906
1784249710.920780,0,80.833893,-0.050406,0.000000
1784249710.930855,0,80.833923,-0.007755,0.003906
1784249710.940799,0,80.833893,-0.058161,0.011719
1784249710.950777,0,80.833893,-0.054283,0.003906
1784249710.960771,0,80.833893,-0.034896,0.003906
1784249710.970689,0,80.833893,0.019387,0.003906
1784249710.980862,0,80.833923,0.011632,0.003906
1784249710.990772,0,80.833893,-0.042651,0.003906
1784249711.000770,0,80.833923,0.015509,0.000000
1784249711.010789,0,80.833923,0.015509,0.000000
1784249711.020767,0,80.833923,0.015509,0.000000
1784249711.030897,0,80.833893,-0.038774,0.000000
1784249711.040852,0,80.833893,-0.058161,0.000000
1784249711.050998,0,80.833923,0.007755,0.003906
1784249711.060879,0,80.833893,-0.050406,0.007812
1784249711.071978,0,80.833923,0.015509,0.000000
1784249711.080901,0,80.833893,-0.069793,0.003906
1784249711.092136,0,80.833923,0.000000,0.003906
1784249711.101997,0,80.833946,0.065915,0.003906
1784249711.110928,0,80.833893,-0.046528,0.000000
1784249711.122022,0,80.833923,0.000000,0.003906
1784249711.132018,0,80.833855,-0.108566,0.007812
1784249711.140880,0,80.833923,0.003877,0.007812
1784249711.150861,0,80.833893,-0.062038,0.000000
1784249711.160796,0,80.833923,0.007755,0.003906
1784249711.170859,0,80.833923,0.015509,0.007812
1784249711.182124,0,80.833946,0.054283,0.007812
1784249711.191948,0,80.833893,-0.058161,0.000000
1784249711.201996,0,80.833923,-0.003877,0.007812
1784249711.210877,0,80.833946,0.054283,0.003906
1784249711.220855,0,80.833923,-0.058161,0.000000
1784249711.232202,0,80.833923,0.000000,0.000000
1784249711.241912,0,80.833893,-0.046528,0.000000
1784249711.250890,0,80.833923,-0.011632,0.000000
1784249711.261960,0,80.833923,0.000000,0.000000
1784249711.271957,0,80.833946,0.054283,0.003906
1784249711.280937,0,80.833893,-0.050406,0.003906
1784249711.290915,0,80.833893,-0.042651,0.003906
1784249711.300763,0,80.833923,-0.015509,0.000000
1784249711.310806,0,80.833923,-0.015509,0.000000
1784249711.320740,0,80.833923,-0.038774,0.007812
1784249711.330853,0,80.833923,0.000000,0.003906
1784249711.340908,0,80.833923,-0.007755,0.007812
1784249711.350919,0,80.833923,-0.050406,0.000000
1784249711.360754,0,80.833893,-0.065915,-0.003906
1784249711.370822,0,80.833923,-0.015509,0.003906
1784249711.380773,0,80.833946,0.069793,0.003906
1784249711.390958,0,80.833923,0.015509,0.003906
1784249711.400998,0,80.833893,-0.042651,0.007812
1784249711.410875,0,80.833893,-0.058161,0.003906
1784249711.420823,0,80.833893,-0.054283,0.003906
1784249711.430894,0,80.833923,0.003877,0.000000
1784249711.440804,0,80.833923,-0.003877,0.003906
1784249711.450671,0,80.833923,0.000000,0.003906
1784249711.460672,0,80.833893,-0.062038,0.000000
1784249711.470729,0,80.833923,-0.003877,0.007812
1784249711.480882,0,80.833946,-0.046528,0.003906
1784249711.490787,0,80.833893,-0.050406,0.003906
1784249711.500728,0,80.833923,-0.007755,0.000000
1784249711.510715,0,80.833946,0.054283,0.003906
1784249711.520653,0,80.833893,-0.050406,0.003906
1784249711.530704,0,80.833893,-0.058161,0.003906
1784249711.540809,0,80.833893,-0.058161,0.003906
1784249711.550720,0,80.833923,0.015509,0.000000
1784249711.560666,0,80.833946,0.054283,0.003906
1784249711.572181,0,80.833893,-0.062038,0.003906
1784249711.581776,0,80.833893,-0.058161,0.007812
1784249711.591948,0,80.833923,0.007755,0.003906
1784249711.601805,0,80.833893,-0.042651,0.007812
1784249711.610658,0,80.833893,-0.042651,0.003906
1784249711.620710,0,80.833893,-0.046528,0.000000
1784249711.630802,0,80.833923,0.023264,0.007812
1784249711.641682,0,80.833923,0.019387,0.000000
1784249711.652693,0,80.833893,-0.050406,0.000000
1784249711.660649,0,80.833893,-0.050406,0.000000
1784249711.670793,0,80.833923,0.011632,0.003906
1784249711.680895,0,80.833893,-0.062038,0.003906
1784249711.691873,0,80.833893,-0.062038,0.000000
1784249711.702022,0,80.833893,-0.054283,0.000000
1784249711.710863,0,80.833893,-0.058161,0.003906
1784249711.720852,0,80.833893,-0.050406,0.003906
1784249711.730762,0,80.833923,0.003877,0.003906
1784249711.740723,0,80.833893,0.007755,0.000000
1784249711.750909,0,80.833946,0.042651,0.007812
1784249711.760894,0,80.833923,0.007755,0.007812
1784249711.771894,0,80.833923,0.011632,0.000000
1784249711.780806,0,80.833923,-0.015509,0.000000
1784249711.790809,0,80.833893,-0.058161,0.003906
1784249711.800713,0,80.833893,-0.038774,0.003906
1784249711.810829,0,80.833893,-0.058161,0.003906
1784249711.820709,0,80.833923,-0.007755,0.000000
1784249711.832289,0,80.833923,0.000000,0.000000
1784249711.842075,0,80.833923,-0.003877,0.003906
1784249711.852091,0,80.833923,0.000000,0.003906
1784249711.861901,0,80.833893,-0.038774,0.007812
1784249711.872164,0,80.833893,-0.038774,0.000000
1784249711.882096,0,80.833923,0.003877,0.007812
1784249711.892262,0,80.833893,-0.058161,0.003906
1784249711.902102,0,80.833923,-0.015509,0.000000
1784249711.912113,0,80.833893,-0.050406,0.000000
1784249711.920889,0,80.833923,0.015509,0.003906
1784249711.932064,0,80.833923,-0.050406,0.000000
1784249711.942282,0,80.833923,0.000000,0.003906
1784249711.951827,0,80.833923,0.015509,0.000000
1784249711.960826,0,80.833893,-0.038774,0.000000
1784249711.971910,0,80.833893,-0.038774,0.003906
1784249711.981004,0,80.833893,-0.038774,0.000000
1784249711.990924,0,80.833893,-0.038774,0.007812
1784249712.000765,0,80.833923,0.015509,0.007812
1784249712.010702,0,80.833923,0.000000,0.000000
1784249712.020750,0,80.833946,0.046528,0.003906
1784249712.030872,0,80.833923,0.015509,0.007812
1784249712.040870,0,80.833893,-0.054283,0.003906
1784249712.050885,0,80.833893,-0.038774,0.003906
1784249712.060883,0,80.833893,-0.058161,0.000000
1784249712.071085,0,80.833923,0.011632,0.003906
1784249712.080787,0,80.833923,0.007755,0.003906
1784249712.090730,0,80.833946,0.054283,0.003906
1784249712.100869,0,80.833923,0.000000,0.007812
1784249712.110890,0,80.833893,-0.050406,0.003906
1784249712.121050,0,80.833893,-0.042651,0.003906
1784249712.130869,0,80.833946,0.054283,0.007812
1784249712.141054,0,80.833855,-0.112444,0.003906
1784249712.150896,0,80.833923,0.015509,0.003906
1784249712.160738,0,80.833893,-0.050406,0.007812
1784249712.171081,0,80.833893,-0.031019,0.003906
1784249712.180792,0,80.833893,-0.038774,0.003906
1784249712.192292,0,80.833923,0.015509,0.003906
1784249712.201802,0,80.833893,-0.058161,0.000000
1784249712.210800,0,80.833855,-0.093057,0.003906
1784249712.221871,0,80.833893,-0.034896,0.003906
1784249712.230801,0,80.833923,0.007755,0.003906
1784249712.240801,0,80.833923,0.019387,0.000000
1784249712.250870,0,80.833893,-0.038774,0.000000
1784249712.262249,0,80.833893,-0.062038,0.000000
1784249712.271799,0,80.833893,-0.038774,0.003906
1784249712.282268,0,80.833893,-0.038774,0.007812
1784249712.291973,0,80.833893,-0.038774,0.003906
1784249712.300796,0,80.833923,0.007755,0.003906
1784249712.310754,0,80.833893,-0.038774,0.000000
1784249712.320591,0,80.833893,-0.058161,0.003906
1784249712.331882,0,80.833923,0.023264,0.007812
1784249712.341892,0,80.833893,-0.058161,0.003906
1784249712.351982,0,80.833855,-0.093057,0.003906
1784249712.361987,0,80.833893,-0.058161,0.003906
1784249712.372214,0,80.833893,-0.038774,0.003906
1784249712.381893,0,80.833923,0.011632,0.000000
1784249712.392212,0,80.833893,-0.058161,0.000000
1784249712.402206,0,80.833893,-0.062038,0.007812
1784249712.411781,0,80.833923,0.000000,0.003906
1784249712.421927,0,80.833893,-0.038774,0.003906
1784249712.431878,0,80.833923,-0.003877,0.007812
1784249712.442208,0,80.833923,0.000000,0.007812
1784249712.452233,0,80.833893,-0.038774,0.003906
1784249712.462198,0,80.833923,0.015509,0.007812
1784249712.471827,0,80.833923,0.000000,0.000000
1784249712.481977,0,80.833893,-0.034896,0.007812
1784249712.492047,0,80.833893,-0.058161,0.000000
1784249712.501982,0,80.833923,-0.011632,0.003906
1784249712.511888,0,80.833923,0.019387,0.003906
1784249712.521913,0,80.833923,0.011632,0.000000
1784249712.531872,0,80.833923,-0.046528,0.003906
1784249712.541834,0,80.833893,-0.038774,0.007812
1784249712.550816,0,80.833923,0.000000,0.000000
1784249712.561796,0,80.833893,-0.050406,0.000000
1784249712.570782,0,80.833893,-0.042651,0.003906
1784249712.580702,0,80.833893,-0.104689,0.000000
1784249712.590700,0,80.833893,-0.046528,0.003906
1784249712.600735,0,80.833923,0.019387,0.003906
1784249712.610851,0,80.833946,0.062038,0.003906
1784249712.621122,0,80.833893,-0.058161,0.003906
1784249712.630650,0,80.833923,0.007755,0.003906
1784249712.640868,0,80.833923,0.019387,0.003906
1784249712.650815,0,80.833893,-0.058161,0.003906
1784249712.660738,0,80.833923,0.000000,0.000000
1784249712.670927,0,80.833923,0.000000,0.003906
1784249712.680675,0,80.833923,0.000000,0.003906
1784249712.691906,0,80.833893,-0.038774,0.003906
1784249712.701923,0,80.833893,-0.038774,0.007812
1784249712.711909,0,80.833923,-0.003877,0.003906
1784249712.721889,0,80.833923,0.015509,0.003906
1784249712.731882,0,80.833923,0.000000,0.003906
1784249712.742084,0,80.833893,-0.034896,0.007812
1784249712.751916,0,80.833946,0.077547,0.003906
1784249712.760664,0,80.833923,-0.007755,0.007812
1784249712.772070,0,80.833855,-0.100812,0.000000
1784249712.780672,0,80.833893,-0.038774,0.000000
1784249712.792080,0,80.833923,0.000000,0.007812
1784249712.801911,0,80.833923,0.019387,0.003906
1784249712.811898,0,80.833893,-0.038774,0.007812
1784249712.821871,0,80.833893,-0.050406,0.003906
1784249712.832033,0,80.833946,-0.007755,0.003906
1784249712.840743,0,80.833893,-0.042651,0.000000
1784249712.851882,0,80.833893,-0.042651,0.003906
1784249712.862161,0,80.833923,0.015509,0.011719
1784249712.871985,0,80.833893,-0.065915,0.000000
1784249712.881894,0,80.833923,0.015509,0.000000
1784249712.891636,0,80.833893,-0.046528,0.003906
1784249712.901873,0,80.833893,-0.046528,0.000000
1784249712.911882,0,80.833893,0.058161,0.003906
1784249712.921880,0,80.833923,0.015509,0.003906
1784249712.931749,0,80.833893,-0.038774,0.000000
1784249712.942066,0,80.833893,-0.046528,0.000000
1784249712.951756,0,80.833855,-0.096934,0.000000
1784249712.960694,0,80.833923,0.015509,0.007812
1784249712.970697,0,80.833893,-0.046528,0.003906
1784249712.980600,0,80.833923,0.011632,0.011719
1784249712.992174,0,80.833893,-0.065915,0.000000
1784249713.002005,0,80.833893,-0.054283,0.003906
1784249713.011938,0,80.833893,-0.058161,0.003906
1784249713.021808,0,80.833923,0.015509,0.000000
1784249713.032164,0,80.833923,0.007755,0.007812
1784249713.042016,0,80.833893,-0.058161,0.003906
1784249713.052180,0,80.833893,-0.046528,0.003906
1784249713.061961,0,80.833893,-0.038774,0.007812
1784249713.072199,0,80.833923,0.000000,0.003906
1784249713.082180,0,80.833946,0.054283,0.003906
1784249713.092154,0,80.833893,-0.065915,0.003906
1784249713.102184,0,80.833923,0.007755,0.007812
1784249713.111994,0,80.833893,-0.050406,0.000000
1784249713.121815,0,80.833923,-0.003877,0.003906
1784249713.131866,0,80.833893,-0.046528,0.007812
1784249713.142090,0,80.833946,0.046528,0.003906
1784249713.151911,0,80.833893,-0.069793,0.003906
1784249713.162072,0,80.833923,-0.003877,0.003906
1784249713.172148,0,80.833893,-0.046528,0.003906
1784249713.182152,0,80.833923,-0.019387,0.000000
1784249713.192141,0,80.833946,0.054283,0.007812
1784249713.201907,0,80.833923,0.011632,0.003906
1784249713.212138,0,80.833893,-0.050406,0.000000
1784249713.221833,0,80.833923,0.007755,0.000000
1784249713.231939,0,80.833893,-0.046528,0.007812
1784249713.241984,0,80.833923,0.015509,0.000000
1784249713.252043,0,80.833923,0.019387,0.003906
1784249713.262118,0,80.833893,-0.058161,0.003906
1784249713.271951,0,80.833923,0.003877,0.003906
1784249713.282162,0,80.833893,-0.058161,0.003906
1784249713.292170,0,80.833893,-0.046528,0.000000
1784249713.302133,0,80.833893,-0.042651,0.003906
1784249713.312163,0,80.833923,-0.007755,0.003906
1784249713.321917,0,80.833923,0.000000,0.000000
1784249713.331992,0,80.833923,0.000000,0.003906
1784249713.341991,0,80.833893,-0.038774,0.000000
1784249713.352024,0,80.833923,0.003877,0.000000
1784249713.362185,0,80.833923,0.015509,0.011719
1784249713.370718,0,80.833893,-0.038774,0.007812
1784249713.381834,0,80.833923,-0.015509,0.000000
1784249713.391830,0,80.833893,-0.054283,0.003906
1784249713.401893,0,80.833923,0.015509,0.003906
1784249713.412001,0,80.833893,-0.050406,0.003906
1784249713.421888,0,80.833893,-0.054283,0.003906
1784249713.431898,0,80.833923,-0.054283,0.007812
1784249713.440707,0,80.833893,-0.054283,0.003906
1784249713.451885,0,80.833946,0.046528,0.000000
1784249713.462122,0,80.833893,-0.050406,0.003906
1784249713.471918,0,80.833923,-0.007755,0.000000
1784249713.481720,0,80.833923,-0.003877,0.003906
1784249713.492057,0,80.833893,-0.046528,0.011719
1784249713.502131,0,80.833923,0.000000,0.007812
1784249713.512134,0,80.833923,0.011632,0.003906
1784249713.521921,0,80.833946,0.054283,0.003906
1784249713.531773,0,80.833893,-0.046528,0.003906
1784249713.541832,0,80.833893,-0.065915,0.000000
1784249713.551872,0,80.833893,-0.062038,0.000000
1784249713.561885,0,80.833893,-0.046528,0.003906
1784249713.572024,0,80.833923,0.003877,0.000000
1784249713.582007,0,80.833923,0.007755,0.003906
1784249713.592014,0,80.833923,0.000000,0.000000
1784249713.602087,0,80.833893,-0.038774,0.003906
1784249713.612093,0,80.833893,-0.050406,0.007812
1784249713.621804,0,80.833893,-0.062038,0.000000
1784249713.631694,0,80.833893,-0.050406,0.003906
1784249713.641814,0,80.833946,0.000000,0.003906
1784249713.650637,0,80.833923,0.000000,0.003906
1784249713.661932,0,80.833893,-0.003877,0.007812
1784249713.671877,0,80.833923,-0.019387,0.000000
1784249713.681881,0,80.833893,-0.038774,0.003906
1784249713.692111,0,80.833893,-0.058161,0.000000
1784249713.701823,0,80.833893,-0.038774,0.003906
1784249713.712074,0,80.833893,-0.042651,0.003906
1784249713.721922,0,80.833893,-0.062038,0.003906
1784249713.731867,0,80.833923,0.019387,0.003906
1784249713.742107,0,80.833893,-0.034896,0.003906
1784249713.752083,0,80.833923,0.003877,0.011719
1784249713.761868,0,80.833893,-0.046528,0.007812
1784249713.771899,0,80.833923,0.003877,0.003906
1784249713.781921,0,80.833923,-0.007755,0.003906
1784249713.792100,0,80.833923,0.000000,0.000000
1784249713.801772,0,80.833923,0.011632,0.003906
1784249713.812080,0,80.833893,-0.054283,0.000000
1784249713.821877,0,80.833946,0.050406,0.003906
1784249713.832082,0,80.833923,0.000000,0.007812
1784249713.842107,0,80.833893,-0.050406,0.003906
1784249713.852109,0,80.833893,-0.038774,0.007812
1784249713.862096,0,80.833923,0.000000,0.003906
1784249713.871906,0,80.833923,-0.003877,0.000000
1784249713.881681,0,80.833893,-0.054283,0.003906
1784249713.891642,0,80.833893,-0.058161,0.003906
1784249713.901896,0,80.833893,-0.054283,0.003906
1784249713.912071,0,80.833893,-0.046528,0.003906
1784249713.921930,0,80.833923,-0.003877,0.007812
1784249713.931791,0,80.833893,-0.038774,0.003906
1784249713.942076,0,80.833946,0.042651,0.003906
1784249713.951926,0,80.833923,0.015509,0.003906
1784249713.961771,0,80.833923,-0.007755,0.003906
1784249713.972102,0,80.833923,0.011632,0.003906
1784249713.981794,0,80.833893,-0.054283,0.007812
1784249713.992069,0,80.833893,-0.054283,0.003906
1784249714.001824,0,80.833923,0.003877,0.003906
1784249714.012091,0,80.833923,-0.054283,0.003906
1784249714.021920,0,80.833893,-0.062038,0.000000
1784249714.032087,0,80.833893,-0.077547,0.003906
1784249714.041683,0,80.833893,-0.054283,0.007812
1784249714.051639,0,80.833923,-0.011632,0.003906
1784249714.061976,0,80.833923,0.003877,0.000000
1784249714.072019,0,80.833923,0.011632,0.007812
1784249714.082116,0,80.833946,0.054283,0.003906
1784249714.091888,0,80.833893,-0.042651,0.003906
1784249714.101916,0,80.833946,0.054283,0.007812
1784249714.111911,0,80.833923,-0.003877,0.000000
1784249714.121900,0,80.833946,0.038774,0.003906
1784249714.131888,0,80.833923,-0.058161,0.003906
1784249714.142092,0,80.833923,-0.011632,0.000000
1784249714.151769,0,80.833923,-0.011632,0.000000
1784249714.161980,0,80.833946,0.058161,0.003906
1784249714.172094,0,80.833923,0.015509,0.007812
1784249714.182111,0,80.833893,-0.046528,0.003906
1784249714.192106,0,80.833923,-0.003877,0.000000
1784249714.201875,0,80.833923,0.000000,0.007812
1784249714.211904,0,80.833893,-0.054283,0.000000
1784249714.221938,0,80.833923,-0.003877,0.007812
1784249714.232060,0,80.833893,-0.038774,0.007812
1784249714.242079,0,80.833923,-0.007755,0.007812
1784249714.252079,0,80.833855,-0.120198,0.007812
1784249714.262086,0,80.833946,0.065915,0.003906
1784249714.271914,0,80.833923,-0.015509,0.003906
1784249714.282082,0,80.833893,-0.065915,0.007812
1784249714.292089,0,80.833923,0.000000,0.000000
1784249714.301781,0,80.833923,-0.003877,0.003906
1784249714.311882,0,80.833893,-0.050406,0.003906
1784249714.321763,0,80.833893,-0.062038,0.000000
1784249714.331747,0,80.833893,-0.085302,0.003906
1784249714.342090,0,80.833923,-0.007755,0.003906
1784249714.352087,0,80.833893,-0.038774,0.007812
1784249714.362090,0,80.833923,0.000000,0.007812
1784249714.372092,0,80.833893,-0.058161,0.007812
1784249714.381742,0,80.833923,0.007755,0.000000
1784249714.391912,0,80.833923,0.003877,0.000000
1784249714.401882,0,80.833893,-0.058161,0.000000
1784249714.412076,0,80.833893,-0.077547,0.000000
1784249714.421757,0,80.833923,0.000000,0.003906
1784249714.431885,0,80.833923,0.000000,0.003906
1784249714.441895,0,80.833893,-0.081425,0.000000
1784249714.451944,0,80.833923,0.000000,0.003906
1784249714.462078,0,80.833893,-0.046528,0.003906
1784249714.471906,0,80.833893,-0.054283,0.007812
1784249714.482063,0,80.833893,-0.062038,0.000000
1784249714.492091,0,80.833923,-0.019387,0.003906
1784249714.502041,0,80.833893,-0.069793,0.000000
1784249714.512091,0,80.833893,-0.058161,0.000000
1784249714.521888,0,80.833923,0.046528,0.003906
1784249714.531856,0,80.833893,0.019387,0.003906
1784249714.541865,0,80.833946,0.054283,0.003906
1784249714.551882,0,80.833893,-0.046528,0.007812
1784249714.562072,0,80.833893,-0.062038,0.003906
1784249714.572077,0,80.833923,-0.007755,0.003906
1784249714.582067,0,80.833946,0.027142,0.000000
1784249714.592076,0,80.833923,0.000000,0.000000
1784249714.601737,0,80.833923,-0.011632,0.003906
1784249714.611938,0,80.833893,-0.065915,0.000000
1784249714.621655,0,80.833923,-0.007755,0.003906
1784249714.631523,0,80.833893,-0.069793,0.000000
1784249714.641734,0,80.833893,-0.054283,0.003906
1784249714.651636,0,80.833893,-0.069793,0.003906
1784249714.661855,0,80.833946,0.062038,0.003906
1784249714.672068,0,80.833893,-0.054283,0.003906
1784249714.682041,0,80.833893,-0.019387,0.003906
1784249714.692069,0,80.833923,0.007755,0.007812
1784249714.702063,0,80.833893,-0.058161,0.000000
1784249714.712095,0,80.833893,-0.054283,0.003906
1784249714.721933,0,80.833923,0.011632,0.003906
1784249714.731786,0,80.833923,-0.027142,0.003906
1784249714.741876,0,80.833923,-0.019387,0.000000
1784249714.751866,0,80.833893,-0.011632,0.000000
1784249714.762072,0,80.833946,0.073670,0.003906
1784249714.772074,0,80.833923,-0.003877,0.003906
1784249714.782087,0,80.833923,-0.011632,0.000000
1784249714.792101,0,80.833946,0.031019,0.003906
1784249714.802068,0,80.833923,0.000000,0.003906
1784249714.812031,0,80.833923,-0.019387,0.003906
1784249714.821919,0,80.833893,-0.038774,0.003906
1784249714.832070,0,80.833946,0.069793,0.003906
1784249714.841850,0,80.833923,-0.011632,0.000000
1784249714.851861,0,80.833946,0.000000,0.000000
1784249714.861716,0,80.833923,-0.007755,0.000000
1784249714.871735,0,80.833893,-0.062038,0.003906
1784249714.881706,0,80.833923,-0.003877,0.000000
1784249714.892007,0,80.833893,-0.062038,0.003906
1784249714.902056,0,80.833923,-0.007755,0.007812
1784249714.911883,0,80.833893,-0.050406,0.007812
1784249714.921939,0,80.833923,-0.003877,0.000000
1784249714.931870,0,80.833923,0.019387,0.003906
1784249714.942069,0,80.833923,-0.003877,0.003906
1784249714.951884,0,80.833893,-0.034896,0.011719
1784249714.961834,0,80.833946,0.000000,0.000000
1784249714.972072,0,80.833923,0.007755,0.003906
1784249714.981805,0,80.833893,-0.077547,0.000000
1784249714.992059,0,80.833893,-0.038774,0.003906
1784249715.002056,0,80.833893,-0.042651,0.007812
1784249715.012033,0,80.833893,-0.058161,0.000000
1784249715.021920,0,80.833923,0.000000,0.000000
1784249715.032054,0,80.833923,0.007755,0.003906
1784249715.042081,0,80.833893,-0.042651,0.003906
1784249715.052001,0,80.833893,-0.062038,0.000000
1784249715.061809,0,80.833893,-0.073670,0.000000
1784249715.071620,0,80.833893,-0.058161,0.007812
1784249715.081805,0,80.833923,-0.007755,0.003906
1784249715.091688,0,80.833923,0.007755,0.003906
1784249715.101722,0,80.833923,-0.062038,0.003906
1784249715.111784,0,80.833923,-0.007755,0.003906
1784249715.121974,0,80.833923,-0.015509,0.003906
1784249715.131782,0,80.833923,-0.011632,0.003906
1784249715.142058,0,80.833893,-0.050406,0.007812
1784249715.152000,0,80.833946,0.050406,0.007812
1784249715.162058,0,80.833923,-0.011632,0.000000
1784249715.171826,0,80.833923,-0.007755,0.000000
1784249715.181864,0,80.833893,-0.054283,0.000000
1784249715.191878,0,80.833946,0.058161,0.000000
1784249715.202053,0,80.833946,0.034896,0.003906
1784249715.212004,0,80.833893,-0.058161,0.000000
1784249715.221919,0,80.833923,-0.069793,0.003906
1784249715.232035,0,80.833923,0.000000,0.000000
1784249715.242008,0,80.833893,-0.062038,0.007812
1784249715.252002,0,80.833855,-0.112444,0.000000
1784249715.262044,0,80.833923,0.000000,0.003906
1784249715.271817,0,80.833893,-0.058161,0.003906
1784249715.281641,0,80.833923,0.000000,0.003906
1784249715.291803,0,80.833923,0.007755,0.003906
1784249715.301920,0,80.833893,-0.062038,0.007812
1784249715.311800,0,80.833923,0.000000,0.000000
1784249715.321916,0,80.833893,-0.069793,0.000000
1784249715.331728,0,80.833893,-0.065915,0.007812
1784249715.341991,0,80.833923,0.011632,0.003906
1784249715.351642,0,80.833893,-0.038774,0.003906
1784249715.362056,0,80.833893,-0.062038,0.000000
1784249715.371684,0,80.833923,-0.023264,0.000000
1784249715.381539,0,80.833923,-0.003877,0.003906
1784249715.391782,0,80.833923,0.011632,0.007812
1784249715.401795,0,80.833923,0.000000,0.000000
1784249715.411794,0,80.833946,0.042651,0.003906
1784249715.421743,0,80.833923,-0.003877,0.000000
1784249715.431731,0,80.833923,-0.019387,0.007812
1784249715.441983,0,80.833923,-0.019387,0.007812
1784249715.451931,0,80.833923,0.000000,0.000000
1784249715.462045,0,80.833946,0.046528,0.003906
1784249715.472029,0,80.833923,-0.007755,0.003906
1784249715.481711,0,80.833893,-0.069793,0.003906
1784249715.491709,0,80.833893,-0.058161,0.003906
1784249715.501745,0,80.833923,0.011632,0.000000
1784249715.511562,0,80.833923,0.000000,0.003906
1784249715.521974,0,80.833946,0.034896,0.003906
1784249715.531743,0,80.833893,-0.058161,0.003906
1784249715.541943,0,80.833923,-0.007755,0.003906
1784249715.551977,0,80.833893,-0.050406,0.000000
1784249715.561972,0,80.833893,-0.054283,0.000000
1784249715.571960,0,80.833923,0.000000,0.003906
1784249715.581966,0,80.833893,-0.069793,0.003906
1784249715.591782,0,80.833923,0.000000,0.000000
1784249715.601538,0,80.833923,0.000000,0.003906
1784249715.611502,0,80.833923,0.007755,0.007812
1784249715.621553,0,80.833923,-0.007755,0.007812
1784249715.631701,0,80.833946,0.054283,0.007812
1784249715.641754,0,80.833923,-0.007755,0.000000
1784249715.651759,0,80.833893,-0.062038,0.000000
1784249715.661738,0,80.833923,0.011632,0.003906
1784249715.671950,0,80.833923,0.000000,0.000000
1784249715.681965,0,80.833923,0.007755,0.003906
1784249715.691948,0,80.833893,-0.058161,0.000000
1784249715.701758,0,80.833923,0.000000,0.003906
1784249715.711773,0,80.833923,-0.019387,0.003906
1784249715.721705,0,80.833893,-0.058161,0.003906
1784249715.731728,0,80.833923,0.000000,0.007812
1784249715.741940,0,80.833946,0.058161,0.000000
1784249715.751940,0,80.833923,-0.003877,0.000000
1784249715.761804,0,80.833923,0.007755,0.007812
1784249715.771952,0,80.833923,0.003877,0.003906
1784249715.781760,0,80.833923,-0.027142,0.007812
1784249715.791584,0,80.833893,-0.058161,0.007812
1784249715.801945,0,80.833923,-0.011632,0.003906
1784249715.811740,0,80.833923,0.007755,0.007812
1784249715.821717,0,80.833923,-0.003877,0.000000
1784249715.831637,0,80.833923,0.003877,0.000000
1784249715.841981,0,80.833893,-0.058161,0.000000
1784249715.851957,0,80.833893,-0.046528,0.003906
1784249715.861598,0,80.833893,-0.046528,0.000000
1784249715.871763,0,80.833923,0.000000,0.000000
1784249715.881584,0,80.833923,-0.027142,0.000000
1784249715.891767,0,80.833923,0.000000,0.003906
1784249715.901925,0,80.833923,0.000000,0.000000
1784249715.911695,0,80.833923,-0.003877,0.000000
1784249715.921705,0,80.833893,-0.038774,0.003906
1784249715.931536,0,80.833893,-0.054283,0.003906
1784249715.941715,0,80.833923,-0.007755,0.003906
1784249715.951949,0,80.833923,0.000000,0.007812
1784249715.961683,0,80.833923,0.000000,0.003906
1784249715.971612,0,80.833923,0.015509,0.003906
1784249715.981807,0,80.833923,0.000000,0.000000
1784249715.991802,0,80.833923,0.000000,0.003906
1784249716.001763,0,80.833923,-0.007755,0.000000
1784249716.011519,0,80.833893,-0.062038,0.003906
1784249716.021652,0,80.833923,-0.050406,0.003906
1784249716.031751,0,80.833923,-0.011632,0.000000
1784249716.041531,0,80.833923,-0.011632,0.000000
1784249716.051748,0,80.833923,0.000000,0.003906
1784249716.061466,0,80.833893,-0.077547,0.003906
1784249716.071517,0,80.833893,-0.062038,0.000000
1784249716.081526,0,80.833923,0.003877,0.003906
1784249716.091460,0,80.833946,0.050406,0.000000
1784249716.101616,0,80.833946,0.034896,0.003906
1784249716.111520,0,80.833893,-0.069793,0.000000
1784249716.121766,0,80.833923,-0.007755,0.007812
1784249716.131662,0,80.833893,-0.062038,0.000000
1784249716.141519,0,80.833893,-0.069793,-0.003906
1784249716.151957,0,80.833923,-0.011632,0.007812
1784249716.161525,0,80.833923,0.003877,0.000000
1784249716.171956,0,80.833946,0.042651,0.000000
1784249716.181949,0,80.833893,-0.062038,0.000000
1784249716.191955,0,80.833893,-0.054283,0.000000
1784249716.201757,0,80.833893,-0.065915,0.003906
1784249716.211747,0,80.833893,-0.073670,0.003906
1784249716.221781,0,80.833946,0.042651,0.000000
1784249716.231957,0,80.833923,-0.007755,0.000000
1784249716.241945,0,80.833923,0.000000,0.003906
1784249716.251809,0,80.833923,0.000000,0.000000
1784249716.261774,0,80.833893,-0.081425,0.003906
1784249716.271551,0,80.833893,-0.085302,0.003906
1784249716.281736,0,80.833923,0.007755,0.003906
1784249716.291935,0,80.833893,-0.062038,0.000000
1784249716.301521,0,80.833923,-0.011632,0.003906
1784249716.311416,0,80.833923,0.000000,0.000000
1784249716.321676,0,80.833893,-0.065915,0.007812
1784249716.331589,0,80.833923,-0.054283,-0.003906
1784249716.341560,0,80.833893,0.000000,0.003906
1784249716.351734,0,80.833923,-0.011632,0.003906
1784249716.361586,0,80.833923,0.000000,0.003906
1784249716.371531,0,80.833893,-0.062038,0.007812
1784249716.381509,0,80.833893,-0.062038,0.003906
1784249716.391488,0,80.833893,-0.085302,0.003906
1784249716.401436,0,80.833946,0.011632,0.003906
1784249716.411469,0,80.833923,-0.027142,0.003906
1784249716.421912,0,80.833923,0.000000,0.003906
1784249716.431875,0,80.833893,-0.054283,0.000000
1784249716.441905,0,80.833923,-0.007755,0.007812
1784249716.451659,0,80.833893,-0.065915,0.007812
1784249716.461584,0,80.833923,0.000000,0.003906
1784249716.471590,0,80.833923,0.007755,0.007812
1784249716.481561,0,80.833923,-0.007755,0.007812
1784249716.491913,0,80.833923,0.003877,0.007812
1784249716.501658,0,80.833923,-0.007755,0.000000
1784249716.511554,0,80.833923,0.000000,0.000000
1784249716.521726,0,80.833893,-0.058161,0.000000
1784249716.531562,0,80.833855,-0.112444,0.007812
1784249716.541922,0,80.833893,-0.073670,0.007812
1784249716.551694,0,80.833893,-0.054283,0.003906
1784249716.561373,0,80.833946,0.069793,0.003906
1784249716.571877,0,80.833893,-0.046528,0.003906
1784249716.581542,0,80.833923,-0.003877,0.003906
1784249716.591577,0,80.833923,0.000000,0.003906
1784249716.601596,0,80.833893,-0.058161,0.000000
1784249716.611600,0,80.833893,-0.046528,0.003906
1784249716.621894,0,80.833893,-0.058161,0.003906
1784249716.631784,0,80.833893,-0.031019,0.003906
1784249716.641644,0,80.833946,0.054283,0.007812
1784249716.651933,0,80.833946,0.054283,0.000000
1784249716.661633,0,80.833923,-0.007755,0.003906
1784249716.671929,0,80.833946,0.050406,0.003906
1784249716.681900,0,80.833923,0.007755,0.003906
1784249716.691442,0,80.833893,-0.046528,0.003906
1784249716.701574,0,80.833855,-0.093057,0.000000
1784249716.711582,0,80.833923,0.000000,0.007812
1784249716.721833,0,80.833893,-0.038774,0.003906
1784249716.731672,0,80.833923,-0.007755,0.003906
1784249716.741918,0,80.833855,-0.108566,0.007812
1784249716.751544,0,80.833923,-0.007755,0.007812
1784249716.761508,0,80.833893,-0.042651,0.000000
1784249716.771895,0,80.833923,-0.038774,0.011719
1784249716.781882,0,80.833893,-0.062038,0.007812
1784249716.791365,0,80.833923,-0.007755,0.003906
1784249716.801597,0,80.833893,-0.058161,0.000000
1784249716.811521,0,80.833923,0.003877,0.007812
1784249716.821862,0,80.833946,0.054283,0.000000
1784249716.831905,0,80.833893,-0.058161,0.003906
1784249716.841874,0,80.833923,0.000000,0.003906
1784249716.851912,0,80.833893,-0.058161,0.003906
1784249716.861612,0,80.833923,-0.003877,0.003906
1784249716.871373,0,80.833923,0.000000,0.000000
1784249716.881464,0,80.833893,-0.062038,0.003906
1784249716.891927,0,80.833923,0.000000,0.003906
1784249716.901507,0,80.833923,-0.007755,0.000000
1784249716.911592,0,80.833923,-0.007755,0.003906
1784249716.921636,0,80.833923,-0.023264,0.003906
1784249716.931577,0,80.833893,-0.065915,0.000000
1784249716.941907,0,80.833946,0.050406,0.003906
1784249716.951886,0,80.833923,0.000000,0.000000
1784249716.961574,0,80.833923,-0.011632,0.003906
1784249716.971623,0,80.833923,-0.062038,0.000000
1784249716.981871,0,80.833893,-0.062038,0.007812
1784249716.991860,0,80.833893,-0.069793,0.003906
1784249717.001601,0,80.833893,-0.046528,0.007812
1784249717.011561,0,80.833946,0.034896,0.007812
1784249717.021603,0,80.833923,-0.015509,0.000000
1784249717.031552,0,80.833923,-0.007755,0.000000
1784249717.041870,0,80.833893,-0.073670,0.003906
1784249717.051537,0,80.833923,0.003877,0.003906
1784249717.061816,0,80.833923,-0.015509,0.000000
1784249717.071548,0,80.833923,0.000000,0.003906
1784249717.081497,0,80.833893,-0.069793,0.003906
1784249717.091568,0,80.833923,-0.027142,0.003906
1784249717.101530,0,80.833923,-0.003877,0.000000
1784249717.111552,0,80.833893,-0.062038,0.000000
1784249717.121480,0,80.833923,-0.003877,0.003906
1784249717.131494,0,80.833855,-0.104689,0.003906
1784249717.141540,0,80.833923,0.019387,0.003906
1784249717.151517,0,80.833923,0.015509,0.003906
1784249717.161910,0,80.833923,-0.003877,0.000000
1784249717.171468,0,80.833923,0.003877,0.003906
1784249717.181713,0,80.833923,0.019387,0.000000
1784249717.191333,0,80.833923,-0.019387,0.007812
1784249717.201532,0,80.833893,-0.038774,0.000000
1784249717.211523,0,80.833893,-0.058161,0.003906
1784249717.221418,0,80.833923,-0.015509,0.000000
1784249717.231601,0,80.833923,-0.003877,0.007812
1784249717.241413,0,80.833923,-0.007755,0.000000
1784249717.251723,0,80.833923,-0.031019,0.003906
1784249717.261462,0,80.833923,-0.003877,0.007812
1784249717.271429,0,80.833893,-0.058161,0.003906
1784249717.281385,0,80.833923,0.003877,0.003906
1784249717.291476,0,80.833893,-0.050406,0.007812
1784249717.301471,0,80.833946,0.042651,0.003906
1784249717.311321,0,80.833923,-0.007755,0.000000
1784249717.321447,0,80.833946,0.054283,0.007812
1784249717.331496,0,80.833946,0.065915,0.003906
1784249717.341446,0,80.833923,-0.003877,0.000000
1784249717.351601,0,80.833946,0.058161,0.000000
1784249717.361423,0,80.833923,0.011632,0.007812
1784249717.371454,0,80.833923,0.011632,0.007812
1784249717.381492,0,80.833893,-0.050406,0.003906
1784249717.391418,0,80.833923,0.019387,0.003906
1784249717.401581,0,80.833923,-0.027142,0.000000
1784249717.411510,0,80.833923,0.000000,0.007812
1784249717.421480,0,80.833923,0.003877,0.000000
1784249717.431602,0,80.833923,-0.003877,0.000000
1784249717.441422,0,80.833923,-0.003877,0.000000
1784249717.451534,0,80.833923,0.000000,0.007812
1784249717.461677,0,80.833893,-0.046528,0.000000
1784249717.471496,0,80.833946,0.034896,0.003906
1784249717.481385,0,80.833946,0.062038,0.003906
1784249717.491807,0,80.833923,-0.015509,0.003906
1784249717.501823,0,80.833893,-0.003877,0.003906
1784249717.511488,0,80.833893,-0.077547,0.000000
1784249717.521441,0,80.833923,-0.011632,0.003906
1784249717.531623,0,80.833923,-0.015509,0.007812
1784249717.541611,0,80.833923,0.000000,0.000000
1784249717.551601,0,80.833923,0.003877,0.003906
1784249717.561525,0,80.833893,-0.046528,0.003906
1784249717.571815,0,80.833893,-0.050406,0.007812
1784249717.581608,0,80.833923,0.015509,0.000000
1784249717.591604,0,80.833923,-0.011632,0.000000
1784249717.601618,0,80.833893,-0.003877,0.003906
1784249717.611616,0,80.833923,-0.065915,0.007812
1784249717.621731,0,80.833923,0.000000,0.007812
1784249717.631391,0,80.833893,-0.054283,0.007812
1784249717.641307,0,80.833893,-0.038774,0.000000
1784249717.651364,0,80.833893,-0.065915,0.003906
1784249717.661362,0,80.833893,-0.085302,0.003906
1784249717.671401,0,80.833893,-0.069793,0.000000
1784249717.681490,0,80.833946,0.065915,0.003906
1784249717.691536,0,80.833893,-0.038774,0.003906
1784249717.701809,0,80.833923,0.000000,0.003906
1784249717.711399,0,80.833923,0.003877,0.000000
1784249717.721700,0,80.833923,-0.007755,0.000000
1784249717.731574,0,80.833946,0.062038,0.007812
1784249717.741474,0,80.833923,0.023264,0.007812
1784249717.751460,0,80.833893,-0.054283,0.003906
1784249717.761454,0,80.833923,0.003877,0.003906
1784249717.771389,0,80.833946,0.054283,0.000000
1784249717.781475,0,80.833923,0.011632,0.007812
1784249717.791293,0,80.833946,0.050406,0.007812
1784249717.801797,0,80.833893,-0.069793,0.003906
1784249717.811507,0,80.833923,-0.003877,0.000000
1784249717.821503,0,80.833893,-0.054283,0.000000
1784249717.831534,0,80.833923,-0.003877,0.000000
1784249717.841623,0,80.833923,-0.015509,0.007812
1784249717.851563,0,80.833923,-0.007755,0.003906
1784249717.861497,0,80.833923,-0.058161,0.007812
1784249717.871598,0,80.833946,0.058161,0.003906
1784249717.881520,0,80.833923,-0.007755,0.003906
1784249717.891768,0,80.833893,-0.065915,0.007812
1784249717.901785,0,80.833893,-0.042651,0.003906
1784249717.911391,0,80.833923,-0.127953,0.000000
1784249717.921745,0,80.833923,-0.015509,0.007812
1784249717.931481,0,80.833893,-0.050406,0.000000
1784249717.941445,0,80.833923,-0.007755,0.007812
1784249717.951415,0,80.833923,0.003877,0.000000
1784249717.961318,0,80.833893,-0.038774,0.003906
1784249717.971574,0,80.833923,-0.027142,0.003906
1784249717.981464,0,80.833893,-0.058161,0.003906
1784249717.991358,0,80.833923,0.007755,0.000000
1784249718.001424,0,80.833893,-0.062038,0.000000
1784249718.011481,0,80.833893,-0.050406,0.003906
1784249718.021632,0,80.833923,-0.011632,0.000000
1784249718.031414,0,80.833946,0.062038,0.003906
1784249718.041437,0,80.833893,-0.038774,0.003906
1784249718.051491,0,80.833893,-0.058161,0.003906
1784249718.061409,0,80.833893,-0.058161,0.003906
1784249718.071440,0,80.833923,0.007755,0.000000
1784249718.081441,0,80.833923,-0.027142,0.007812
1784249718.091535,0,80.833923,0.000000,0.000000
1784249718.101386,0,80.833923,-0.015509,0.000000
1784249718.111340,0,80.833923,-0.015509,0.000000
1784249718.121332,0,80.833893,-0.046528,0.003906
1784249718.131294,0,80.833893,-0.065915,0.000000
1784249718.141459,0,80.833946,0.042651,0.007812
1784249718.151289,0,80.833855,-0.112444,0.000000
1784249718.161303,0,80.833893,-0.058161,0.003906
1784249718.171350,0,80.833893,-0.042651,0.007812
1784249718.181249,0,80.833893,-0.058161,0.000000
1784249718.191304,0,80.833923,0.007755,0.000000
1784249718.201315,0,80.833893,-0.058161,0.003906
1784249718.211324,0,80.833893,-0.069793,0.003906
1784249718.221296,0,80.833923,-0.019387,0.007812
1784249718.231242,0,80.833923,-0.015509,0.003906
1784249718.241336,0,80.833923,-0.023264,0.000000
1784249718.251313,0,80.833923,0.003877,0.003906
1784249718.261280,0,80.833946,0.062038,0.000000
1784249718.271479,0,80.833923,0.000000,0.007812
1784249718.281348,0,80.833923,-0.011632,0.003906
1784249718.291340,0,80.833923,-0.054283,0.007812
1784249718.301496,0,80.833946,0.054283,0.000000
1784249718.311345,0,80.833893,-0.062038,0.007812
1784249718.321366,0,80.833923,-0.007755,0.000000
1784249718.331654,0,80.833923,-0.015509,0.000000
1784249718.341347,0,80.833923,0.003877,0.000000
1784249718.351474,0,80.833923,0.003877,0.007812
1784249718.361361,0,80.833893,-0.046528,0.007812
1784249718.371426,0,80.833946,0.058161,0.003906
1784249718.381273,0,80.833946,0.034896,0.003906
1784249718.391322,0,80.833923,-0.023264,0.000000
1784249718.401425,0,80.833893,-0.058161,0.000000
1784249718.411322,0,80.833946,0.034896,0.000000
1784249718.421337,0,80.833893,-0.062038,0.003906
1784249718.431417,0,80.833946,0.046528,0.003906
1784249718.441660,0,80.833923,-0.007755,0.000000
1784249718.451870,0,80.833946,-0.050406,0.003906
1784249718.461295,0,80.833946,0.054283,0.007812
1784249718.471484,0,80.833923,0.011632,0.000000
1784249718.481382,0,80.833893,-0.050406,0.007812
1784249718.491316,0,80.833923,0.000000,0.000000
1784249718.502443,0,80.833946,0.050406,0.003906
1784249718.511435,0,80.833923,0.000000,0.003906
1784249718.521333,0,80.833893,-0.054283,0.007812
1784249718.531412,0,80.833923,0.003877,0.000000
1784249718.541447,0,80.833923,0.000000,0.003906
1784249718.551347,0,80.833923,0.011632,0.007812
1784249718.561240,0,80.833946,0.038774,0.000000
1784249718.571565,0,80.833923,0.000000,0.003906
1784249718.581738,0,80.833923,0.007755,0.000000
1784249718.591401,0,80.833893,-0.058161,0.007812
1784249718.601420,0,80.833923,-0.019387,0.003906
1784249718.611532,0,80.833893,-0.062038,0.007812
1784249718.621382,0,80.833893,-0.038774,0.007812
1784249718.631292,0,80.833946,0.050406,0.003906
1784249718.641289,0,80.833923,0.003877,0.007812
1784249718.651258,0,80.833893,-0.038774,0.003906
1784249718.661300,0,80.833923,0.015509,0.003906
1784249718.671327,0,80.833923,0.007755,0.003906
1784249718.681567,0,80.833893,-0.073670,0.007812
1784249718.691312,0,80.833893,-0.065915,0.000000
1784249718.701288,0,80.833923,0.000000,0.003906
1784249718.711447,0,80.833923,-0.003877,0.000000
1784249718.721343,0,80.833893,-0.042651,0.007812
1784249718.731209,0,80.833893,-0.062038,0.003906
1784249718.741336,0,80.833893,-0.058161,0.000000
1784249718.751275,0,80.833923,-0.003877,0.000000
1784249718.761374,0,80.833923,0.000000,0.000000
1784249718.771636,0,80.833893,-0.069793,0.000000
1784249718.781733,0,80.833893,-0.042651,0.003906
1784249718.791654,0,80.833893,-0.054283,0.003906
1784249718.801544,0,80.833923,0.007755,0.000000
1784249718.811282,0,80.833893,-0.069793,0.003906
1784249718.821521,0,80.833923,-0.003877,0.003906
1784249718.831728,0,80.833855,-0.108566,0.003906
1784249718.841362,0,80.833923,0.000000,0.003906
1784249718.851349,0,80.833923,-0.011632,0.003906
1784249718.861717,0,80.833893,-0.081425,0.000000
1784249718.871492,0,80.833946,0.054283,0.003906
1784249718.881221,0,80.833923,-0.011632,0.003906
1784249718.891353,0,80.833923,-0.007755,0.003906
1784249718.901595,0,80.833923,-0.038774,0.007812
1784249718.911350,0,80.833923,0.007755,0.011719
1784249718.921492,0,80.833946,0.069793,0.007812
1784249718.931345,0,80.833946,0.054283,0.003906
1784249718.941468,0,80.833893,-0.046528,0.000000
1784249718.951810,0,80.833946,0.054283,0.003906
1784249718.961277,0,80.833893,-0.054283,0.003906
1784249718.971345,0,80.833946,0.069793,0.000000
1784249718.981402,0,80.833893,-0.058161,0.003906
1784249718.991683,0,80.833893,-0.058161,0.007812
1784249719.001361,0,80.833923,-0.019387,0.000000
1784249719.011388,0,80.833893,-0.054283,0.000000
1784249719.021259,0,80.833946,0.034896,0.003906
1784249719.031361,0,80.833893,-0.069793,0.000000
1784249719.041234,0,80.833893,-0.038774,0.007812
1784249719.051313,0,80.833923,-0.011632,0.003906
1784249719.061616,0,80.833893,-0.065915,0.000000
1784249719.071861,0,80.833923,-0.019387,0.003906
1784249719.081279,0,80.833893,-0.069793,0.000000
1784249719.091355,0,80.833923,0.000000,0.000000
1784249719.101249,0,80.833923,-0.019387,0.007812
1784249719.111440,0,80.833923,0.003877,0.003906
1784249719.121260,0,80.833923,-0.007755,0.000000
1784249719.131246,0,80.833946,-0.007755,0.003906
1784249719.141428,0,80.833923,-0.011632,0.003906
1784249719.151640,0,80.833893,-0.062038,0.000000
1784249719.161250,0,80.833946,0.050406,0.007812
1784249719.171316,0,80.833893,-0.065915,0.003906
1784249719.181300,0,80.833923,-0.003877,0.003906
1784249719.191596,0,80.833893,-0.058161,0.007812
1784249719.201383,0,80.833893,-0.065915,0.003906
1784249719.211625,0,80.833923,0.007755,0.007812
1784249719.221292,0,80.833893,-0.058161,0.000000
1784249719.231467,0,80.833923,-0.003877,0.007812
1784249719.242384,0,80.833893,-0.058161,0.003906
1784249719.251386,0,80.833923,0.000000,0.003906
1784249719.261754,0,80.833923,0.007755,0.003906
1784249719.271356,0,80.833923,-0.007755,0.003906
1784249719.281222,0,80.833923,0.000000,0.003906
1784249719.291313,0,80.833923,-0.011632,0.007812
1784249719.301663,0,80.833923,0.015509,0.003906
1784249719.311364,0,80.833923,-0.007755,0.000000
1784249719.321367,0,80.833893,-0.058161,0.003906
1784249719.331404,0,80.833893,-0.062038,0.000000
1784249719.341391,0,80.833893,-0.069793,0.007812
1784249719.351467,0,80.833893,-0.073670,0.003906
1784249719.362386,0,80.833923,0.000000,0.011719
1784249719.371240,0,80.833893,-0.054283,0.000000
1784249719.381699,0,80.833893,-0.073670,0.003906
1784249719.391325,0,80.833923,0.000000,0.000000
1784249719.401324,0,80.833946,0.042651,0.000000
1784249719.411294,0,80.833893,-0.069793,0.000000
1784249719.421480,0,80.833893,-0.073670,0.003906
1784249719.431281,0,80.833923,-0.003877,0.003906
1784249719.441253,0,80.833893,-0.050406,0.000000
1784249719.451231,0,80.833923,-0.007755,0.000000
1784249719.461233,0,80.833893,-0.069793,0.003906
1784249719.471377,0,80.833923,-0.003877,0.000000
1784249719.482281,0,80.833946,0.038774,0.003906
1784249719.491259,0,80.833923,-0.003877,0.003906
1784249719.501350,0,80.833893,-0.062038,0.003906
1784249719.511326,0,80.833893,-0.065915,0.000000
1784249719.521620,0,80.833923,0.019387,0.003906
1784249719.531357,0,80.833923,-0.007755,0.000000
1784249719.541603,0,80.833923,0.003877,0.007812
1784249719.551339,0,80.833893,-0.062038,0.007812
1784249719.561285,0,80.833923,-0.019387,0.003906
1784249719.571275,0,80.833923,-0.011632,0.000000
1784249719.581283,0,80.833946,0.031019,0.000000
1784249719.591266,0,80.833946,0.046528,0.007812
1784249719.601247,0,80.833893,-0.050406,0.003906
1784249719.611228,0,80.833923,-0.011632,0.000000
1784249719.621195,0,80.833923,-0.011632,0.007812
1784249719.631262,0,80.833946,0.065915,0.007812
1784249719.641320,0,80.833923,0.019387,0.003906
1784249719.651121,0,80.833923,-0.007755,0.000000
1784249719.661202,0,80.833923,0.000000,0.003906
1784249719.671263,0,80.833946,0.062038,0.000000
1784249719.681300,0,80.833893,-0.054283,0.003906
1784249719.691551,0,80.833923,0.011632,0.003906
1784249719.701291,0,80.833923,-0.007755,0.003906
1784249719.711193,0,80.833923,-0.023264,0.007812
1784249719.721224,0,80.833923,0.000000,0.000000
1784249719.731338,0,80.833893,-0.058161,0.003906
1784249719.742234,0,80.833893,-0.054283,0.003906
1784249719.751304,0,80.833923,-0.027142,0.000000
1784249719.761287,0,80.833923,-0.027142,0.007812
1784249719.771251,0,80.833923,0.007755,0.007812
1784249719.781240,0,80.833893,-0.062038,0.003906
1784249719.792232,0,80.833893,-0.054283,0.003906
1784249719.801356,0,80.833893,-0.058161,0.007812
1784249719.811415,0,80.833946,-0.003877,0.003906
1784249719.821200,0,80.833893,-0.050406,0.000000
1784249719.831192,0,80.833893,-0.042651,0.000000
1784249719.841213,0,80.833855,-0.131831,0.003906
1784249719.851233,0,80.833946,0.038774,0.003906
1784249719.861311,0,80.833923,-0.011632,0.007812
1784249719.871235,0,80.833946,0.046528,0.000000
1784249719.881363,0,80.833923,-0.015509,0.003906
1784249719.891166,0,80.833893,-0.081425,0.000000
1784249719.901299,0,80.833923,0.007755,0.007812
1784249719.911242,0,80.833946,0.054283,0.003906
1784249719.921114,0,80.833893,-0.042651,0.003906
1784249719.931190,0,80.833923,0.000000,0.000000
1784249719.941151,0,80.833893,-0.062038,0.000000
1784249719.951177,0,80.833893,-0.062038,0.000000
1784249719.961246,0,80.833923,0.000000,0.003906
1784249719.971385,0,80.833893,-0.054283,0.003906
1784249719.981246,0,80.833923,-0.003877,0.000000
1784249719.991292,0,80.833893,-0.054283,0.007812
1784249720.001136,0,80.833923,-0.011632,0.003906
1784249720.011285,0,80.833923,-0.015509,0.003906
1784249720.021166,0,80.833923,-0.019387,0.003906
1784249720.031317,0,80.833893,-0.054283,0.007812
1784249720.041624,0,80.833893,-0.054283,0.007812
1784249720.051228,0,80.833923,-0.003877,0.007812
1784249720.061378,0,80.833923,0.011632,0.000000
1784249720.071666,0,80.833923,-0.023264,0.003906
1784249720.081264,0,80.833923,0.000000,0.003906
1784249720.091203,0,80.833893,-0.085302,0.000000
1784249720.101295,0,80.833923,-0.015509,0.003906
1784249720.111359,0,80.833893,-0.065915,0.003906
1784249720.121640,0,80.833893,-0.058161,0.007812
1784249720.131582,0,80.833923,-0.007755,0.003906
1784249720.141591,0,80.833946,0.034896,0.003906
1784249720.151300,0,80.833923,0.000000,0.003906
1784249720.161258,0,80.833923,-0.015509,0.007812
1784249720.171374,0,80.833893,-0.062038,0.000000
1784249720.181298,0,80.833893,-0.050406,0.000000
1784249720.191374,0,80.833923,-0.007755,0.003906
1784249720.201220,0,80.833923,0.000000,0.003906
1784249720.211241,0,80.833855,-0.112444,0.007812
1784249720.221248,0,80.833923,0.000000,0.003906
1784249720.231223,0,80.833923,-0.019387,0.007812
1784249720.241598,0,80.833946,0.042651,0.007812
1784249720.251257,0,80.833893,-0.038774,0.000000
1784249720.261259,0,80.833893,-0.065915,0.007812
1784249720.271272,0,80.833923,0.007755,0.000000
1784249720.281256,0,80.833923,-0.007755,0.000000
1784249720.291348,0,80.833893,-0.065915,0.003906
1784249720.301301,0,80.833923,0.000000,0.003906
1784249720.311162,0,80.833923,0.000000,0.007812
1784249720.321207,0,80.833946,0.054283,0.003906
1784249720.331263,0,80.833946,0.054283,0.003906
1784249720.341282,0,80.833893,-0.065915,0.007812
1784249720.351247,0,80.833923,0.003877,0.007812
1784249720.361333,0,80.833923,0.038774,0.003906
1784249720.371139,0,80.833923,-0.015509,0.000000
1784249720.381269,0,80.833923,-0.011632,0.003906
1784249720.391272,0,80.833893,-0.069793,0.003906
1784249720.401195,0,80.833893,-0.038774,0.003906
1784249720.411179,0,80.833923,-0.023264,0.000000
1784249720.421164,0,80.833923,0.023264,0.003906
1784249720.431266,0,80.833893,-0.065915,0.000000
1784249720.441178,0,80.833893,-0.054283,0.000000
1784249720.451076,0,80.833923,0.000000,0.003906
1784249720.461170,0,80.833893,-0.003877,0.003906
1784249720.471335,0,80.833893,-0.062038,0.003906
1784249720.481307,0,80.833923,-0.019387,0.003906
1784249720.491199,0,80.833923,-0.011632,0.007812
1784249720.501154,0,80.833893,-0.058161,0.000000
1784249720.511007,0,80.833923,0.000000,0.007812
1784249720.521151,0,80.833893,-0.050406,0.003906
1784249720.531154,0,80.833923,-0.011632,0.003906
1784249720.541162,0,80.833946,0.054283,0.000000
1784249720.551162,0,80.833923,0.003877,0.000000
1784249720.561221,0,80.833923,0.011632,0.007812
1784249720.571059,0,80.833923,-0.007755,0.000000
1784249720.581303,0,80.833946,0.050406,0.007812
1784249720.591145,0,80.833893,0.042651,0.007812
1784249720.601279,0,80.833923,0.000000,0.003906
1784249720.611067,0,80.833893,-0.038774,0.007812
1784249720.621077,0,80.833893,-0.054283,0.007812
1784249720.631047,0,80.833893,-0.054283,0.003906
1784249720.641224,0,80.833923,0.000000,0.003906
1784249720.651186,0,80.833923,-0.007755,0.000000
1784249720.661263,0,80.833923,0.015509,0.007812
1784249720.671159,0,80.833893,0.058161,0.003906
1784249720.681238,0,80.833923,-0.003877,0.000000
1784249720.691332,0,80.833923,0.000000,0.000000
1784249720.701124,0,80.833923,-0.011632,0.000000
1784249720.711128,0,80.833855,-0.058161,0.000000
1784249720.721091,0,80.833893,-0.054283,0.007812
1784249720.731210,0,80.833893,-0.042651,0.007812
1784249720.741157,0,80.833923,0.000000,0.003906
1784249720.751111,0,80.833923,0.000000,0.003906
1784249720.761163,0,80.833923,0.011632,0.003906
1784249720.771063,0,80.833893,-0.062038,0.007812
1784249720.781502,0,80.833923,0.015509,0.007812
1784249720.792175,0,80.833923,0.011632,0.000000
1784249720.801113,0,80.833855,-0.112444,0.000000
1784249720.811193,0,80.833893,-0.058161,0.000000
1784249720.821129,0,80.833923,0.015509,0.003906
1784249720.831233,0,80.833923,0.007755,0.003906
1784249720.842362,0,80.833946,0.065915,0.003906
1784249720.851172,0,80.833923,-0.011632,0.000000
1784249720.861274,0,80.833923,0.003877,0.007812
1784249720.871154,0,80.833893,-0.054283,0.000000
1784249720.881560,0,80.833893,-0.046528,0.000000
1784249720.891205,0,80.833893,-0.050406,0.003906
1784249720.901577,0,80.833893,-0.054283,0.003906
1784249720.912175,0,80.833893,-0.058161,0.007812
1784249720.921148,0,80.833946,0.054283,0.003906
1784249720.931308,0,80.833946,0.054283,0.000000
1784249720.941167,0,80.833893,-0.046528,0.003906
1784249720.951263,0,80.833923,0.000000,0.003906
1784249720.961278,0,80.833923,0.000000,0.000000
1784249720.971568,0,80.833923,-0.015509,0.003906
1784249720.981251,0,80.833946,0.050406,0.007812
1784249720.991261,0,80.833923,-0.003877,0.000000
1784249721.001588,0,80.833923,0.000000,0.000000
1784249721.011239,0,80.833893,-0.073670,0.000000
1784249721.021257,0,80.833946,-0.058161,0.007812
1784249721.031243,0,80.833923,-0.003877,0.003906
1784249721.041260,0,80.833923,-0.023264,0.000000
1784249721.051201,0,80.833893,-0.065915,0.000000
1784249721.061203,0,80.833893,-0.062038,0.000000
1784249721.071233,0,80.833893,-0.042651,0.007812
1784249721.081291,0,80.833923,0.003877,0.007812
1784249721.091235,0,80.833893,-0.062038,0.003906
1784249721.101238,0,80.833893,-0.062038,0.000000
1784249721.111243,0,80.833893,-0.065915,0.000000
1784249721.121200,0,80.833946,0.062038,0.007812
1784249721.131266,0,80.833893,-0.065915,0.003906
1784249721.141272,0,80.833893,-0.050406,0.003906
1784249721.151231,0,80.833923,0.000000,0.003906
1784249721.161267,0,80.833893,-0.058161,0.000000
1784249721.171242,0,80.833893,-0.042651,0.007812
1784249721.181117,0,80.833946,0.054283,0.003906
1784249721.191125,0,80.833923,0.000000,0.011719
1784249721.201246,0,80.833923,0.000000,0.000000
1784249721.211256,0,80.833893,-0.069793,0.003906
1784249721.221210,0,80.833946,0.054283,0.000000
1784249721.231207,0,80.833923,-0.003877,0.000000
1784249721.241181,0,80.833893,-0.050406,0.003906
1784249721.251221,0,80.833923,0.000000,0.007812
1784249721.262195,0,80.833893,-0.096934,0.003906
1784249721.271217,0,80.833946,0.031019,0.003906
1784249721.281210,0,80.833923,-0.011632,0.003906
1784249721.291173,0,80.833946,0.042651,0.000000
1784249721.301269,0,80.833893,-0.065915,0.000000
1784249721.311189,0,80.833893,-0.062038,0.007812
1784249721.321255,0,80.833946,0.042651,0.003906
1784249721.331480,0,80.833923,-0.019387,0.000000
1784249721.341184,0,80.833923,-0.015509,0.000000
1784249721.351209,0,80.833923,0.000000,0.003906
1784249721.361215,0,80.833923,-0.003877,0.003906
1784249721.371203,0,80.833893,-0.062038,0.003906
1784249721.381176,0,80.833893,-0.054283,0.007812
1784249721.391135,0,80.833923,-0.007755,0.007812
1784249721.401188,0,80.833923,-0.003877,0.000000
1784249721.411270,0,80.833923,-0.003877,0.000000
1784249721.421248,0,80.833923,-0.003877,0.007812
1784249721.431559,0,80.833923,-0.003877,0.000000
1784249721.441111,0,80.833946,0.054283,0.003906
1784249721.451213,0,80.833946,0.042651,0.003906
1784249721.461241,0,80.833946,0.069793,0.000000
1784249721.471191,0,80.833893,-0.062038,0.003906
1784249721.481215,0,80.833923,-0.015509,0.000000
1784249721.491195,0,80.833923,0.007755,0.003906
1784249721.501184,0,80.833923,0.000000,0.000000
1784249721.511235,0,80.833923,-0.011632,0.007812
1784249721.521222,0,80.833923,0.000000,0.000000
1784249721.531354,0,80.833923,0.000000,0.000000
1784249721.541250,0,80.833893,-0.069793,0.000000
1784249721.551098,0,80.833893,-0.054283,0.000000
1784249721.561165,0,80.833923,-0.058161,0.007812
1784249721.571147,0,80.833923,0.011632,0.003906
1784249721.581100,0,80.833923,0.000000,0.003906
1784249721.591000,0,80.833923,-0.007755,0.000000
1784249721.600988,0,80.833893,-0.069793,0.000000
1784249721.611104,0,80.833923,0.003877,0.003906
1784249721.621108,0,80.833893,-0.058161,0.000000
1784249721.631082,0,80.833893,-0.062038,0.003906
1784249721.641141,0,80.833923,0.062038,0.007812
1784249721.651075,0,80.833923,-0.003877,0.000000
1784249721.661175,0,80.833893,-0.058161,0.000000
1784249721.671014,0,80.833923,-0.011632,0.003906
1784249721.680995,0,80.833923,0.000000,0.007812
1784249721.691157,0,80.833923,-0.011632,0.000000
1784249721.700989,0,80.833893,-0.069793,0.003906
1784249721.711101,0,80.833893,-0.062038,0.000000
1784249721.721134,0,80.833923,-0.003877,0.003906
1784249721.731156,0,80.833923,-0.003877,0.000000
1784249721.741042,0,80.833946,0.058161,0.003906
1784249721.750985,0,80.833923,-0.011632,0.003906
1784249721.761115,0,80.833923,-0.003877,0.003906
1784249721.771991,0,80.833923,-0.011632,0.003906
1784249721.781099,0,80.833893,-0.038774,0.003906
1784249721.791183,0,80.833893,-0.050406,0.003906
1784249721.801234,0,80.833923,-0.003877,0.003906
1784249721.810981,0,80.833923,-0.007755,0.000000
1784249721.822126,0,80.833893,-0.058161,0.007812
1784249721.831198,0,80.833923,0.019387,0.003906
1784249721.841397,0,80.833923,0.000000,0.003906
1784249721.851066,0,80.833893,-0.062038,-0.003906
1784249721.861113,0,80.833893,-0.050406,0.003906
1784249721.871117,0,80.833893,-0.046528,0.000000
1784249721.881098,0,80.833893,-0.046528,0.000000
1784249721.891160,0,80.833893,-0.058161,0.007812
1784249721.902154,0,80.833923,0.011632,0.003906
1784249721.911040,0,80.833923,0.003877,0.003906
1784249721.922078,0,80.833893,-0.046528,0.007812
1784249721.931055,0,80.833893,-0.050406,0.000000
1784249721.941110,0,80.833893,-0.065915,0.003906
1784249721.951052,0,80.833923,-0.015509,0.000000
1784249721.961039,0,80.833893,-0.062038,0.000000
1784249721.971051,0,80.833893,-0.058161,0.003906
1784249721.982070,0,80.833893,-0.065915,0.000000
1784249721.991048,0,80.833946,0.038774,0.003906
1784249722.001074,0,80.833893,-0.062038,0.007812
1784249722.011037,0,80.833946,0.034896,0.003906
1784249722.021065,0,80.833923,0.000000,0.000000
1784249722.031047,0,80.833923,-0.015509,0.003906
1784249722.042466,0,80.833893,-0.054283,0.003906
1784249722.052091,0,80.833923,-0.015509,0.003906
1784249722.061468,0,80.833893,-0.054283,0.003906
1784249722.071048,0,80.833923,-0.015509,0.007812
1784249722.081043,0,80.833893,-0.065915,0.000000
1784249722.091110,0,80.833893,-0.077547,0.000000
1784249722.101060,0,80.833923,-0.011632,0.003906
1784249722.111026,0,80.833923,-0.015509,0.003906
1784249722.121067,0,80.833923,-0.019387,0.000000
1784249722.131181,0,80.833923,-0.003877,0.003906
1784249722.142475,0,80.833946,0.023264,0.003906
1784249722.151145,0,80.833923,0.000000,0.000000
1784249722.161306,0,80.833893,-0.073670,0.007812
1784249722.171047,0,80.833893,-0.058161,0.000000
1784249722.181053,0,80.833923,-0.003877,0.003906
1784249722.191023,0,80.833893,-0.081425,0.000000
1784249722.201052,0,80.833893,-0.058161,0.007812
1784249722.211132,0,80.833923,0.000000,0.003906
1784249722.221083,0,80.833923,-0.011632,0.003906
1784249722.231095,0,80.833893,-0.050406,0.007812
1784249722.241081,0,80.833893,-0.058161,0.000000
1784249722.251045,0,80.833893,-0.058161,0.003906
1784249722.261079,0,80.833923,0.007755,0.003906
1784249722.272061,0,80.833946,0.065915,0.003906
1784249722.281132,0,80.833893,-0.054283,0.000000
1784249722.290966,0,80.833923,0.015509,0.003906
1784249722.301027,0,80.833946,0.069793,0.003906
1784249722.310970,0,80.833893,-0.038774,0.000000
1784249722.320964,0,80.833923,0.019387,0.003906
1784249722.331067,0,80.833923,-0.015509,0.007812
1784249722.342111,0,80.833893,-0.062038,0.003906
1784249722.352191,0,80.833923,0.003877,0.003906
1784249722.362175,0,80.833855,-0.124076,0.003906
1784249722.372094,0,80.833923,-0.011632,0.003906
1784249722.382203,0,80.833923,-0.007755,0.003906
1784249722.392021,0,80.833893,-0.038774,0.003906
1784249722.401054,0,80.833923,0.000000,0.000000
1784249722.411047,0,80.833893,-0.042651,0.007812
1784249722.422030,0,80.833923,0.000000,0.003906
1784249722.432055,0,80.833923,0.003877,0.003906
1784249722.442191,0,80.833946,0.065915,0.000000
1784249722.451069,0,80.833893,-0.050406,0.000000
1784249722.460998,0,80.833893,-0.046528,0.007812
1784249722.471047,0,80.833923,-0.015509,0.003906
1784249722.481113,0,80.833923,0.000000,0.000000
1784249722.491011,0,80.833946,0.050406,0.007812
1784249722.501019,0,80.833923,0.000000,0.003906
1784249722.510980,0,80.833946,0.050406,0.000000
1784249722.522043,0,80.833893,-0.050406,0.000000
1784249722.532180,0,80.833893,-0.050406,0.003906
1784249722.541468,0,80.833923,0.000000,0.007812
1784249722.550944,0,80.833893,-0.046528,0.003906
1784249722.561459,0,80.833923,-0.007755,0.007812
1784249722.571429,0,80.833923,0.000000,0.000000
1784249722.581463,0,80.833855,-0.120198,0.007812
1784249722.591086,0,80.833923,0.000000,0.000000
1784249722.601037,0,80.833893,-0.046528,0.000000
1784249722.611233,0,80.833946,0.050406,0.007812
1784249722.621054,0,80.833923,0.007755,0.003906
1784249722.631181,0,80.833893,-0.050406,0.000000
1784249722.641114,0,80.833923,0.003877,0.003906
1784249722.651093,0,80.833946,0.058161,0.003906
1784249722.660918,0,80.833923,0.019387,0.003906
1784249722.670976,0,80.833923,-0.015509,0.007812
1784249722.680988,0,80.833893,-0.069793,0.003906
1784249722.691152,0,80.833893,-0.069793,0.003906
1784249722.701137,0,80.833923,0.003877,0.000000
1784249722.711420,0,80.833893,-0.054283,0.007812
1784249722.721017,0,80.833893,-0.038774,0.003906
1784249722.731407,0,80.833893,-0.058161,0.000000
1784249722.741401,0,80.833923,-0.007755,0.003906
1784249722.751095,0,80.833946,0.054283,0.003906
1784249722.761032,0,80.833893,-0.046528,0.003906
1784249722.771128,0,80.833893,-0.058161,0.007812
1784249722.781141,0,80.833893,-0.062038,0.003906
1784249722.791440,0,80.833923,0.003877,0.007812
1784249722.801444,0,80.833923,0.019387,0.003906
1784249722.811455,0,80.833893,-0.062038,0.000000
1784249722.821182,0,80.833923,0.054283,0.003906
1784249722.831407,0,80.833923,-0.007755,0.000000
1784249722.841436,0,80.833893,-0.058161,0.003906
1784249722.851199,0,80.833893,-0.058161,0.000000
1784249722.861050,0,80.833923,0.000000,0.000000
1784249722.871065,0,80.833946,0.046528,0.000000
1784249722.881018,0,80.833923,0.007755,0.007812
1784249722.891420,0,80.833923,-0.015509,0.000000
1784249722.901387,0,80.833946,0.046528,0.000000
1784249722.911416,0,80.833893,-0.058161,0.003906
1784249722.921200,0,80.833893,-0.046528,0.007812
1784249722.931404,0,80.833893,-0.042651,0.000000
1784249722.941189,0,80.833893,-0.065915,-0.003906
1784249722.950933,0,80.833923,0.003877,0.003906
1784249722.961162,0,80.833923,-0.003877,0.007812
1784249722.971200,0,80.833923,0.003877,0.007812
1784249722.981399,0,80.833946,0.050406,0.011719
1784249722.990983,0,80.833923,-0.023264,0.000000
1784249723.001004,0,80.833893,-0.054283,0.003906
1784249723.011005,0,80.833893,0.000000,0.003906
1784249723.021178,0,80.833893,-0.058161,0.000000
1784249723.031166,0,80.833923,-0.003877,0.000000
1784249723.040904,0,80.833946,0.027142,0.000000
1784249723.051027,0,80.833923,-0.023264,0.000000
1784249723.061395,0,80.833946,0.050406,0.003906
1784249723.071385,0,80.833893,-0.058161,0.011719
1784249723.081390,0,80.833923,0.019387,0.003906
1784249723.091385,0,80.833946,0.034896,0.007812
1784249723.101298,0,80.833893,-0.062038,0.003906
1784249723.111023,0,80.833893,-0.073670,0.000000
1784249723.120926,0,80.833893,-0.050406,0.003906
1784249723.130804,0,80.833855,-0.104689,0.003906
1784249723.142290,0,80.833893,-0.069793,0.007812
1784249723.152129,0,80.833855,-0.108566,0.003906
1784249723.162094,0,80.833923,-0.007755,0.007812
1784249723.170974,0,80.833855,-0.120198,0.007812
1784249723.182402,0,80.833923,-0.011632,0.003906
1784249723.192103,0,80.833893,-0.058161,0.007812
1784249723.201076,0,80.833923,-0.011632,0.003906
1784249723.210887,0,80.833946,0.058161,0.003906
1784249723.220788,0,80.833923,-0.007755,0.000000
1784249723.230791,0,80.833893,-0.046528,0.003906
1784249723.242082,0,80.833893,-0.062038,0.003906
1784249723.252074,0,80.833893,-0.062038,0.007812
1784249723.262036,0,80.833946,0.000000,0.003906
1784249723.272036,0,80.833893,-0.050406,0.007812
1784249723.280880,0,80.833923,-0.065915,0.011719
1784249723.292240,0,80.833923,0.000000,0.000000
1784249723.302385,0,80.833946,0.062038,0.003906
1784249723.310976,0,80.833923,-0.015509,0.000000
1784249723.320854,0,80.833893,-0.003877,0.003906
1784249723.330868,0,80.833893,-0.058161,0.007812
1784249723.340950,0,80.833923,-0.015509,0.003906
1784249723.352157,0,80.833923,-0.003877,0.003906
1784249723.362379,0,80.833893,-0.081425,0.003906
1784249723.372386,0,80.833946,0.027142,0.000000
1784249723.382348,0,80.833893,-0.065915,0.003906
1784249723.391967,0,80.833946,0.054283,0.000000
1784249723.402390,0,80.833923,-0.011632,0.003906
1784249723.411957,0,80.833923,-0.003877,0.003906
1784249723.422063,0,80.833946,0.031019,0.003906
1784249723.430998,0,80.833923,-0.019387,0.003906
1784249723.442378,0,80.833893,-0.054283,0.003906
1784249723.450986,0,80.833923,0.003877,0.007812
1784249723.460871,0,80.833923,0.015509,0.007812
1784249723.472098,0,80.833946,0.046528,0.003906
1784249723.480991,0,80.833923,0.000000,0.000000
1784249723.491947,0,80.833946,0.050406,0.007812
1784249723.502030,0,80.833893,-0.054283,0.007812
1784249723.511983,0,80.833923,-0.007755,0.000000
1784249723.520903,0,80.833923,-0.007755,0.003906
1784249723.530811,0,80.833893,-0.062038,0.000000
1784249723.542022,0,80.833923,-0.058161,0.000000
1784249723.550820,0,80.833893,-0.050406,0.007812
1784249723.560827,0,80.833893,-0.073670,0.003906
1784249723.570875,0,80.833893,-0.065915,0.003906
1784249723.580822,0,80.833923,-0.003877,0.003906
1784249723.590908,0,80.833893,-0.054283,0.003906
1784249723.600950,0,80.833893,-0.073670,0.003906
1784249723.611019,0,80.833923,0.000000,0.003906
1784249723.620932,0,80.833923,0.000000,0.003906
1784249723.630952,0,80.833946,0.034896,0.000000
1784249723.640876,0,80.833946,0.050406,0.003906
1784249723.650930,0,80.833923,0.007755,0.003906
1784249723.660934,0,80.833923,-0.069793,0.000000
1784249723.670924,0,80.833946,0.054283,0.000000
1784249723.680915,0,80.833893,-0.058161,0.000000
1784249723.690884,0,80.833923,0.000000,0.003906
1784249723.700871,0,80.833923,0.003877,0.007812
1784249723.710892,0,80.833923,-0.007755,0.000000
1784249723.720995,0,80.833923,0.011632,0.003906
1784249723.731012,0,80.833946,0.081425,0.007812
1784249723.741008,0,80.833893,-0.058161,0.003906
1784249723.750875,0,80.833893,-0.058161,0.003906
1784249723.760983,0,80.833893,-0.054283,0.007812
1784249723.772009,0,80.833923,-0.007755,0.000000
1784249723.780897,0,80.833893,-0.058161,0.007812
1784249723.790833,0,80.833923,0.000000,0.003906
1784249723.800949,0,80.833923,0.007755,0.003906
1784249723.810907,0,80.833893,-0.054283,0.003906
1784249723.820958,0,80.833923,0.007755,0.000000
1784249723.830860,0,80.833893,-0.050406,0.007812
1784249723.840969,0,80.833923,0.019387,0.000000
1784249723.850893,0,80.833946,0.050406,0.000000
1784249723.860933,0,80.833923,-0.007755,0.007812
1784249723.871051,0,80.833893,-0.058161,0.003906
1784249723.880789,0,80.833893,-0.058161,0.007812
1784249723.890870,0,80.833946,0.050406,0.003906
1784249723.900880,0,80.833923,0.015509,0.007812
1784249723.910913,0,80.833923,-0.007755,0.003906
1784249723.920968,0,80.833893,-0.065915,0.000000
1784249723.930828,0,80.833923,0.000000,0.003906
1784249723.940866,0,80.833923,-0.081425,0.000000
1784249723.950802,0,80.833893,-0.038774,0.003906
1784249723.960816,0,80.833893,-0.058161,0.003906
1784249723.971946,0,80.833893,-0.062038,0.000000
1784249723.980949,0,80.833893,-0.073670,0.003906
1784249723.990952,0,80.833893,-0.065915,0.000000
1784249724.000856,0,80.833923,-0.003877,0.003906
1784249724.010914,0,80.833893,-0.062038,0.000000
1784249724.020791,0,80.833893,-0.046528,0.007812
1784249724.030823,0,80.833946,0.058161,0.003906
1784249724.040711,0,80.833893,-0.069793,0.000000
1784249724.052084,0,80.833893,-0.062038,0.003906
1784249724.060809,0,80.833923,-0.003877,0.003906
1784249724.072195,0,80.833893,-0.085302,0.007812
1784249724.080801,0,80.833923,-0.058161,0.007812
1784249724.091930,0,80.833923,0.000000,0.000000
1784249724.102220,0,80.833923,-0.011632,0.007812
1784249724.110823,0,80.833946,-0.015509,0.000000
1784249724.121902,0,80.833923,0.000000,0.007812
1784249724.131859,0,80.833946,-0.058161,0.000000
1784249724.142107,0,80.833923,0.007755,0.007812
1784249724.152112,0,80.833923,0.003877,0.007812
1784249724.161894,0,80.833923,-0.011632,0.000000
1784249724.172098,0,80.833946,0.058161,0.000000
1784249724.181852,0,80.833946,0.073670,0.007812
1784249724.192219,0,80.833923,-0.015509,0.000000
1784249724.201938,0,80.833923,-0.027142,0.003906
1784249724.211882,0,80.833946,0.046528,0.003906
1784249724.220745,0,80.833923,0.058161,0.003906
1784249724.230811,0,80.833923,-0.011632,0.000000
1784249724.240793,0,80.833923,-0.011632,0.003906
1784249724.250847,0,80.833923,0.003877,0.003906
1784249724.260853,0,80.833923,-0.027142,0.000000
1784249724.270816,0,80.833923,-0.003877,0.007812
1784249724.280804,0,80.833923,-0.003877,0.003906
1784249724.290771,0,80.833946,0.000000,0.000000
1784249724.300704,0,80.833923,-0.011632,0.007812
1784249724.310703,0,80.833923,-0.003877,0.000000
1784249724.320691,0,80.833946,0.042651,0.007812
1784249724.330702,0,80.833946,0.058161,0.003906
1784249724.340751,0,80.833893,-0.050406,0.003906
1784249724.351954,0,80.833923,-0.023264,0.007812
1784249724.360864,0,80.833923,0.015509,0.000000
1784249724.370903,0,80.833923,-0.023264,0.000000
1784249724.380879,0,80.833923,-0.003877,0.003906
1784249724.390803,0,80.833923,-0.003877,0.003906
1784249724.400803,0,80.833946,0.046528,0.007812
1784249724.410804,0,80.833893,-0.062038,0.007812
1784249724.420854,0,80.833923,0.003877,0.000000
1784249724.430862,0,80.833923,0.000000,0.000000
1784249724.440750,0,80.833923,-0.003877,0.000000
1784249724.450796,0,80.833893,-0.038774,0.000000
1784249724.460766,0,80.833923,-0.007755,0.003906
1784249724.470863,0,80.833893,-0.042651,0.003906
1784249724.481970,0,80.833923,-0.015509,0.003906
1784249724.490797,0,80.833893,-0.058161,0.007812
1784249724.500780,0,80.833855,-0.108566,0.007812
1784249724.510873,0,80.833893,-0.065915,0.000000
1784249724.520804,0,80.833893,0.042651,0.003906
1784249724.530676,0,80.833923,0.007755,0.007812
1784249724.540859,0,80.833923,-0.027142,0.000000
1784249724.550866,0,80.833923,-0.023264,-0.003906
1784249724.560821,0,80.833946,0.046528,0.000000
1784249724.570789,0,80.833893,-0.069793,0.003906
1784249724.580857,0,80.833923,-0.015509,0.000000
1784249724.590808,0,80.833893,-0.058161,0.007812
1784249724.600828,0,80.833923,-0.015509,0.003906
1784249724.610852,0,80.833893,-0.069793,0.007812
1784249724.620756,0,80.833923,-0.019387,0.007812
1784249724.630742,0,80.833946,0.003877,0.003906
1784249724.640788,0,80.833923,-0.031019,0.000000
1784249724.650741,0,80.833923,-0.011632,0.003906
1784249724.660907,0,80.833923,0.003877,0.000000
1784249724.670864,0,80.833893,-0.062038,0.003906
1784249724.680713,0,80.833893,-0.065915,0.003906
1784249724.690919,0,80.833923,-0.023264,0.007812
1784249724.700938,0,80.833923,-0.019387,0.007812
1784249724.710742,0,80.833893,-0.089180,0.003906
1784249724.720688,0,80.833923,-0.011632,0.000000
1784249724.730695,0,80.833923,-0.027142,0.000000
1784249724.740680,0,80.833893,-0.089180,0.003906
1784249724.750941,0,80.833893,-0.081425,0.003906
1784249724.760748,0,80.833923,0.000000,0.003906
1784249724.770865,0,80.833893,-0.073670,0.000000
1784249724.780819,0,80.833923,0.000000,0.003906
1784249724.790807,0,80.833923,0.003877,0.000000
1784249724.802031,0,80.833923,0.000000,0.007812
1784249724.810771,0,80.833923,0.000000,0.003906
1784249724.820814,0,80.833923,-0.019387,0.003906
1784249724.830886,0,80.833893,-0.085302,0.000000
1784249724.842262,0,80.833893,-0.077547,0.000000
1784249724.852047,0,80.833923,-0.003877,0.003906
1784249724.860803,0,80.833923,0.000000,0.007812
1784249724.870759,0,80.833923,-0.023264,0.003906
1784249724.883181,0,80.833946,0.065915,0.000000
1784249724.890659,0,80.833946,0.054283,0.000000
1784249724.900760,0,80.833923,-0.007755,0.007812
1784249724.911666,0,80.833923,0.000000,0.000000
1784249724.920778,0,80.833923,-0.011632,0.003906
1784249724.930827,0,80.833893,-0.065915,0.003906
1784249724.940748,0,80.833923,-0.015509,0.007812
1784249724.950679,0,80.833893,-0.058161,0.007812
1784249724.960754,0,80.833923,-0.011632,0.007812
1784249724.970800,0,80.833923,0.007755,0.003906
1784249724.980669,0,80.833893,-0.073670,0.003906
1784249724.990747,0,80.833946,0.046528,0.000000
1784249725.000873,0,80.833893,-0.065915,0.007812
1784249725.010787,0,80.833923,0.003877,0.007812
1784249725.020844,0,80.833923,-0.003877,0.000000
1784249725.030963,0,80.833893,0.050406,0.007812
1784249725.040993,0,80.833923,0.000000,0.003906
1784249725.051885,0,80.833946,0.065915,0.003906
1784249725.060757,0,80.833923,-0.011632,0.000000
1784249725.070927,0,80.833923,0.007755,0.003906
1784249725.080770,0,80.833893,-0.058161,0.000000
1784249725.090819,0,80.833923,0.000000,0.007812
1784249725.101915,0,80.833893,-0.038774,0.003906
1784249725.111870,0,80.833893,-0.069793,0.000000
1784249725.120797,0,80.833923,-0.003877,0.000000
1784249725.130803,0,80.833923,0.003877,0.000000
1784249725.140925,0,80.833893,-0.046528,0.000000
1784249725.152033,0,80.833893,-0.050406,0.003906
1784249725.162270,0,80.833923,-0.065915,0.003906
1784249725.172271,0,80.833923,0.015509,0.003906
1784249725.180812,0,80.833923,-0.003877,0.007812
1784249725.190745,0,80.833893,-0.058161,0.000000
1784249725.201053,0,80.833923,-0.015509,0.007812
1784249725.211120,0,80.833923,0.000000,0.003906
1784249725.220827,0,80.833946,0.058161,0.007812
1784249725.230779,0,80.833923,-0.015509,0.000000
1784249725.242244,0,80.833893,-0.058161,0.000000
1784249725.252251,0,80.833923,-0.003877,0.003906
1784249725.262280,0,80.833923,-0.015509,0.007812
1784249725.272021,0,80.833893,0.027142,0.000000
1784249725.281941,0,80.833923,0.000000,0.000000
1784249725.291911,0,80.833946,0.062038,0.007812
1784249725.302097,0,80.833923,0.003877,0.003906
1784249725.310905,0,80.833893,-0.058161,0.003906
1784249725.322013,0,80.833923,0.011632,0.007812
1784249725.331915,0,80.833893,-0.065915,0.000000
1784249725.340852,0,80.833946,0.050406,0.000000
1784249725.351916,0,80.833923,0.003877,0.003906
1784249725.361872,0,80.833893,-0.058161,0.007812
1784249725.370707,0,80.833923,-0.003877,0.000000
1784249725.381886,0,80.833923,-0.007755,0.003906
1784249725.390827,0,80.833923,-0.011632,0.003906
1784249725.400778,0,80.833893,-0.054283,0.000000
1784249725.410697,0,80.833893,-0.054283,0.003906
1784249725.421772,0,80.833923,-0.015509,0.000000
1784249725.430607,0,80.833923,-0.003877,0.003906
1784249725.440798,0,80.833893,-0.046528,0.007812
1784249725.450787,0,80.833923,0.003877,0.007812
1784249725.460702,0,80.833923,-0.007755,0.003906
1784249725.471862,0,80.833893,-0.065915,0.000000
1784249725.481915,0,80.833923,-0.019387,0.000000
1784249725.491877,0,80.833923,-0.007755,0.003906
1784249725.500698,0,80.833893,-0.062038,0.000000
1784249725.511825,0,80.833946,0.054283,0.003906
1784249725.520713,0,80.833923,-0.015509,0.007812
1784249725.530701,0,80.833923,-0.027142,0.000000
1784249725.540620,0,80.833893,-0.065915,0.007812
1784249725.550746,0,80.833893,-0.007755,0.000000
1784249725.560805,0,80.833946,0.054283,0.000000
1784249725.570724,0,80.833893,-0.046528,-0.007812
1784249725.580805,0,80.833923,0.003877,0.007812
1784249725.590805,0,80.833923,0.000000,0.007812
1784249725.600674,0,80.833923,-0.023264,0.000000
1784249725.610608,0,80.833923,-0.011632,0.003906
1784249725.620613,0,80.833946,0.023264,0.000000
1784249725.630699,0,80.833893,-0.062038,0.003906
1784249725.640606,0,80.833893,-0.073670,0.000000
1784249725.650582,0,80.833923,-0.015509,0.003906
1784249725.660704,0,80.833893,-0.062038,0.003906
1784249725.670667,0,80.833923,-0.007755,0.000000
1784249725.680578,0,80.833923,-0.015509,0.000000
1784249725.690591,0,80.833946,0.034896,0.003906
1784249725.700583,0,80.833923,-0.019387,0.003906
1784249725.710578,0,80.833893,-0.073670,0.000000
1784249725.720643,0,80.833923,0.003877,0.000000
1784249725.730669,0,80.833923,0.007755,0.003906
1784249725.740722,0,80.833893,-0.058161,0.000000
1784249725.750748,0,80.833923,0.000000,0.000000
1784249725.760646,0,80.833893,-0.073670,0.000000
1784249725.770749,0,80.833893,-0.062038,0.000000
1784249725.780735,0,80.833923,-0.007755,0.000000
1784249725.791865,0,80.833923,-0.058161,0.003906
1784249725.800669,0,80.833893,-0.073670,0.000000
1784249725.810686,0,80.833855,-0.120198,0.003906
1784249725.820740,0,80.833923,-0.011632,0.003906
1784249725.831614,0,80.833893,-0.069793,0.007812
1784249725.841887,0,80.833977,-0.023264,0.007812
1784249725.851743,0,80.833946,0.054283,0.003906
1784249725.861815,0,80.833923,0.007755,0.007812
1784249725.870793,0,80.833923,0.000000,0.007812
1784249725.881867,0,80.833893,-0.058161,0.003906
1784249725.891889,0,80.833893,-0.062038,0.003906
1784249725.901862,0,80.833923,-0.023264,0.003906
1784249725.911906,0,80.833923,0.000000,0.003906
1784249725.921866,0,80.833893,0.034896,0.003906
1784249725.930742,0,80.833923,-0.011632,0.003906
1784249725.941876,0,80.833923,-0.007755,0.003906
1784249725.951828,0,80.833946,0.038774,0.003906
1784249725.960690,0,80.833923,-0.019387,0.007812
1784249725.970658,0,80.833923,-0.027142,0.000000
1784249725.980751,0,80.833893,-0.054283,0.011719
1784249725.990806,0,80.833923,-0.003877,0.000000
1784249726.000776,0,80.833893,-0.081425,0.003906
1784249726.010730,0,80.833923,-0.031019,0.003906
1784249726.020744,0,80.833946,0.034896,0.003906
1784249726.030656,0,80.833946,0.050406,0.003906
1784249726.042035,0,80.833923,-0.011632,0.007812
1784249726.051819,0,80.833946,0.019387,0.003906
1784249726.061805,0,80.833923,-0.015509,0.007812
1784249726.071774,0,80.833946,0.027142,0.000000
1784249726.082048,0,80.833923,-0.015509,0.000000
1784249726.091806,0,80.833946,0.034896,0.007812
1784249726.102142,0,80.833893,-0.077547,0.003906
1784249726.112029,0,80.833923,-0.007755,0.000000
1784249726.121058,0,80.833923,-0.015509,0.000000
1784249726.131041,0,80.833923,-0.003877,0.003906
1784249726.140997,0,80.833946,0.031019,0.000000
1784249726.151099,0,80.833923,-0.011632,0.003906
1784249726.160698,0,80.833946,0.031019,0.003906
1784249726.171978,0,80.833923,-0.011632,0.007812
1784249726.181980,0,80.833893,-0.077547,0.003906
1784249726.191736,0,80.833923,-0.031019,0.000000
1784249726.201903,0,80.833923,-0.027142,0.000000
1784249726.211984,0,80.833893,-0.073670,0.000000
1784249726.221931,0,80.833923,0.003877,0.011719
1784249726.231710,0,80.833923,-0.023264,0.003906
1784249726.241684,0,80.833923,-0.050406,0.000000
1784249726.250664,0,80.833923,-0.015509,0.007812
1784249726.260753,0,80.833923,-0.023264,0.000000
1784249726.270679,0,80.833923,-0.015509,0.003906
1784249726.280689,0,80.833923,0.015509,0.000000
1784249726.290752,0,80.833893,-0.069793,0.000000
1784249726.300685,0,80.833923,-0.034896,0.007812
1784249726.310693,0,80.833893,-0.073670,0.007812
1784249726.320619,0,80.833946,0.031019,0.007812
1784249726.330637,0,80.833923,-0.007755,0.003906
1784249726.341807,0,80.833923,-0.038774,0.003906
1784249726.350698,0,80.833946,0.046528,0.007812
1784249726.361865,0,80.833923,-0.015509,0.000000
1784249726.371961,0,80.833893,-0.077547,0.000000
1784249726.382140,0,80.833923,0.000000,0.007812
1784249726.391806,0,80.833946,0.042651,0.007812
1784249726.401767,0,80.833946,0.050406,0.003906
1784249726.411815,0,80.833923,-0.011632,0.000000
1784249726.421789,0,80.833893,-0.069793,0.000000
1784249726.431743,0,80.833946,-0.015509,0.007812
1784249726.441818,0,80.833946,0.034896,0.000000
1784249726.451849,0,80.833923,-0.007755,0.007812
1784249726.460719,0,80.833855,-0.120198,0.003906
1784249726.471944,0,80.833923,-0.015509,0.000000
1784249726.481794,0,80.833893,-0.058161,0.000000
1784249726.491789,0,80.833923,0.000000,0.000000
1784249726.500601,0,80.833923,0.019387,0.003906
1784249726.511803,0,80.833923,-0.003877,0.003906
1784249726.521760,0,80.833977,0.100812,0.000000
1784249726.531692,0,80.833923,-0.003877,0.007812
1784249726.541764,0,80.833923,-0.011632,0.003906
1784249726.551764,0,80.833893,-0.058161,0.003906
1784249726.561692,0,80.833893,-0.058161,0.003906
1784249726.570638,0,80.833946,-0.124076,0.007812
1784249726.581604,0,80.833893,-0.065915,0.000000
1784249726.592125,0,80.833923,-0.069793,0.007812
1784249726.601714,0,80.833923,-0.073670,0.007812
1784249726.610767,0,80.833893,-0.073670,0.003906
1784249726.621731,0,80.833923,-0.027142,0.000000
1784249726.631716,0,80.833893,-0.073670,0.003906
1784249726.641711,0,80.833923,-0.027142,0.000000
1784249726.650638,0,80.833893,-0.089180,0.003906
1784249726.660578,0,80.833923,0.000000,0.007812
1784249726.670648,0,80.833893,-0.085302,0.007812
1784249726.681882,0,80.833923,-0.007755,0.003906
1784249726.691872,0,80.833893,-0.069793,0.000000
1784249726.700691,0,80.833923,0.000000,0.003906
1784249726.711024,0,80.833946,0.050406,0.000000
1784249726.720592,0,80.833923,0.000000,0.007812
1784249726.730533,0,80.833923,-0.011632,0.003906
1784249726.740785,0,80.833923,0.000000,0.000000
1784249726.750656,0,80.833923,-0.003877,0.000000
1784249726.760682,0,80.833923,0.000000,0.000000
1784249726.770686,0,80.833923,0.000000,0.003906
1784249726.780783,0,80.833923,-0.007755,0.003906
1784249726.790807,0,80.833923,-0.027142,0.000000
1784249726.800735,0,80.833923,-0.023264,0.007812
1784249726.810813,0,80.833946,-0.069793,0.000000
1784249726.820628,0,80.833893,-0.077547,0.000000
1784249726.830698,0,80.833923,-0.019387,0.003906
1784249726.841658,0,80.833893,-0.054283,0.007812
1784249726.850629,0,80.833946,0.038774,0.003906
1784249726.860635,0,80.833923,-0.007755,0.000000
1784249726.870653,0,80.833893,-0.073670,0.003906
1784249726.880731,0,80.833893,-0.065915,0.000000
1784249726.890920,0,80.833893,-0.065915,0.000000
1784249726.900750,0,80.833923,-0.027142,0.000000
1784249726.911074,0,80.833923,0.003877,0.003906
1784249726.920689,0,80.833923,-0.031019,0.000000
1784249726.930586,0,80.833923,-0.011632,0.003906
1784249726.940694,0,80.833893,-0.069793,0.007812
1784249726.950673,0,80.833893,-0.077547,0.007812
1784249726.960865,0,80.833923,-0.027142,0.000000
1784249726.970789,0,80.833923,-0.027142,0.003906
1784249726.980876,0,80.833946,0.042651,0.007812
1784249726.990900,0,80.833855,-0.112444,0.007812
1784249727.000917,0,80.833893,-0.081425,0.000000
1784249727.010818,0,80.833893,-0.058161,0.000000
1784249727.020629,0,80.833923,-0.027142,0.003906
1784249727.030606,0,80.833923,-0.011632,0.000000
1784249727.042030,0,80.833893,-0.062038,0.003906
1784249727.051820,0,80.833893,-0.089180,0.007812
1784249727.061808,0,80.833923,-0.015509,0.003906
1784249727.071802,0,80.833893,-0.062038,-0.003906
1784249727.082026,0,80.833923,-0.015509,0.000000
1784249727.092006,0,80.833923,-0.003877,0.000000
1784249727.102016,0,80.833923,-0.019387,0.003906
1784249727.112030,0,80.833923,-0.034896,0.003906
1784249727.121716,0,80.833923,-0.011632,0.000000
1784249727.131756,0,80.833923,-0.019387,0.007812
1784249727.140694,0,80.833923,0.000000,0.003906
1784249727.152047,0,80.833923,-0.073670,0.000000
1784249727.161579,0,80.833923,-0.023264,0.000000
1784249727.171869,0,80.833893,-0.073670,0.000000
1784249727.181709,0,80.833893,-0.054283,0.000000
1784249727.192063,0,80.833923,-0.023264,0.000000
1784249727.202072,0,80.833923,-0.011632,0.003906
1784249727.211674,0,80.833946,0.042651,0.003906
1784249727.221679,0,80.833923,-0.023264,0.000000
1784249727.230630,0,80.833946,0.054283,0.000000
1784249727.241780,0,80.833893,-0.065915,0.007812
1784249727.250652,0,80.833893,-0.050406,0.003906
1784249727.261565,0,80.833923,-0.031019,0.007812
1784249727.271691,0,80.833946,-0.015509,0.000000
1784249727.281645,0,80.833946,0.042651,0.000000
1784249727.291606,0,80.833893,-0.058161,0.000000
1784249727.300567,0,80.833893,-0.085302,0.000000
1784249727.310673,0,80.833923,-0.023264,0.000000
1784249727.321645,0,80.833923,-0.027142,0.007812
1784249727.330529,0,80.833923,0.000000,0.003906
1784249727.340559,0,80.833923,-0.007755,0.000000
1784249727.350543,0,80.833923,-0.011632,0.007812
1784249727.361595,0,80.833946,0.038774,0.007812
1784249727.370581,0,80.833923,-0.031019,0.003906
1784249727.380700,0,80.833893,-0.085302,0.003906
1784249727.391628,0,80.833946,0.019387,0.000000
1784249727.401722,0,80.833923,-0.015509,0.003906
1784249727.410563,0,80.833893,-0.054283,0.003906
1784249727.421707,0,80.833923,-0.015509,0.000000
1784249727.430628,0,80.833923,-0.003877,0.000000
1784249727.440516,0,80.833923,-0.015509,0.003906
1784249727.451550,0,80.833923,-0.019387,0.000000
1784249727.461712,0,80.833923,0.000000,0.000000
1784249727.471691,0,80.833893,-0.065915,0.007812
1784249727.481776,0,80.833893,-0.069793,0.007812
1784249727.491706,0,80.833923,-0.011632,0.003906
1784249727.501822,0,80.833923,-0.015509,0.003906
1784249727.512092,0,80.833893,-0.050406,0.007812
1784249727.521708,0,80.833923,-0.027142,-0.003906
1784249727.531749,0,80.833923,-0.011632,0.000000
1784249727.542079,0,80.833923,-0.019387,0.011719
1784249727.551731,0,80.833923,-0.011632,0.000000
1784249727.561880,0,80.833923,-0.003877,0.003906
1784249727.571746,0,80.833893,-0.054283,0.003906
1784249727.581831,0,80.833923,-0.015509,0.000000
1784249727.591875,0,80.833893,-0.058161,0.000000
1784249727.601709,0,80.833893,-0.062038,0.007812
1784249727.611668,0,80.833923,-0.007755,0.003906
1784249727.621773,0,80.833893,-0.054283,0.000000
1784249727.630742,0,80.833893,-0.062038,0.000000
1784249727.640707,0,80.833923,-0.007755,0.000000
1784249727.650550,0,80.833893,-0.093057,0.000000
1784249727.660535,0,80.833893,-0.077547,0.003906
1784249727.670558,0,80.833923,-0.003877,0.000000
1784249727.680690,0,80.833923,-0.003877,0.003906
1784249727.690609,0,80.833893,-0.015509,0.003906
1784249727.702096,0,80.833893,-0.069793,0.000000
1784249727.710702,0,80.833923,0.007755,0.007812
1784249727.720681,0,80.833923,-0.031019,0.003906
1784249727.730795,0,80.833923,0.000000,0.000000
1784249727.740756,0,80.833923,-0.003877,0.003906
1784249727.752095,0,80.833923,0.000000,0.003906
1784249727.760533,0,80.833923,-0.031019,0.000000
1784249727.770574,0,80.833893,-0.054283,0.000000
1784249727.780682,0,80.833923,-0.007755,0.003906
1784249727.790648,0,80.833923,-0.011632,0.000000
1784249727.802087,0,80.833923,-0.011632,0.000000
1784249727.811665,0,80.833923,-0.015509,0.000000
1784249727.820864,0,80.833923,-0.003877,0.003906
1784249727.830807,0,80.833923,-0.003877,0.007812
1784249727.841975,0,80.833893,-0.085302,0.000000
1784249727.850736,0,80.833923,-0.007755,0.007812
1784249727.860531,0,80.833893,-0.065915,0.003906
1784249727.871498,0,80.833946,0.054283,0.003906
1784249727.880525,0,80.833923,0.000000,0.000000
1784249727.890542,0,80.833946,0.042651,0.007812
1784249727.900590,0,80.833946,0.038774,0.000000
1784249727.911714,0,80.833923,-0.007755,0.003906
1784249727.920691,0,80.833946,-0.058161,0.003906
1784249727.930705,0,80.833923,0.000000,0.000000
1784249727.940812,0,80.833923,-0.015509,0.003906
1784249727.952122,0,80.833893,-0.065915,0.000000
1784249727.960703,0,80.833923,-0.003877,0.007812
1784249727.970526,0,80.833923,-0.007755,0.003906
1784249727.980494,0,80.833893,-0.058161,0.007812
1784249727.991777,0,80.833946,0.034896,0.003906
1784249728.001652,0,80.833923,0.000000,0.000000
1784249728.012094,0,80.833923,-0.003877,0.000000
1784249728.021941,0,80.833893,-0.058161,0.000000
1784249728.031600,0,80.833923,0.000000,0.003906
1784249728.040732,0,80.833946,0.046528,0.000000
1784249728.052078,0,80.833893,-0.073670,0.000000
1784249728.062063,0,80.833923,-0.007755,0.007812
1784249728.072034,0,80.833893,-0.058161,0.003906
1784249728.081872,0,80.833923,-0.015509,0.000000
1784249728.091821,0,80.833893,-0.046528,0.003906
1784249728.101730,0,80.833923,-0.023264,0.003906
1784249728.111662,0,80.833923,0.000000,0.003906
1784249728.121611,0,80.833923,-0.007755,0.003906
1784249728.131704,0,80.833923,-0.007755,0.000000
1784249728.142049,0,80.833923,-0.038774,0.003906
1784249728.152041,0,80.833946,0.034896,0.007812
1784249728.161612,0,80.833923,-0.023264,0.007812
1784249728.171667,0,80.833946,0.038774,0.003906
1784249728.181949,0,80.833946,0.050406,0.000000
1784249728.191747,0,80.833923,0.000000,0.003906
1784249728.201755,0,80.833923,0.019387,0.003906
1784249728.211606,0,80.833893,-0.085302,-0.003906
1784249728.221621,0,80.833923,-0.027142,0.000000
1784249728.231957,0,80.833893,-0.069793,0.000000
1784249728.241740,0,80.833923,-0.003877,0.007812
1784249728.251544,0,80.833923,-0.003877,0.007812
1784249728.261747,0,80.833946,-0.023264,0.000000
1784249728.271605,0,80.833946,0.034896,0.003906
1784249728.282028,0,80.833893,-0.077547,0.000000
1784249728.291649,0,80.833923,-0.023264,0.003906
1784249728.300577,0,80.833923,-0.007755,0.000000
1784249728.311663,0,80.833923,0.000000,0.003906
1784249728.321606,0,80.833923,-0.031019,0.007812
1784249728.331628,0,80.833893,-0.062038,0.007812
1784249728.341544,0,80.833923,-0.077547,0.003906
1784249728.351566,0,80.833893,-0.058161,0.000000
1784249728.361482,0,80.833923,-0.019387,0.007812
1784249728.371569,0,80.833893,-0.073670,0.007812
1784249728.381714,0,80.833923,-0.073670,0.000000
1784249728.391572,0,80.833893,-0.062038,0.003906
1784249728.401678,0,80.833946,0.034896,0.003906
1784249728.411506,0,80.833923,0.003877,0.007812
1784249728.421533,0,80.833893,0.027142,0.000000
1784249728.431562,0,80.833893,-0.085302,0.000000
1784249728.441566,0,80.833923,-0.027142,0.003906
1784249728.451603,0,80.833893,-0.050406,0.003906
1784249728.461617,0,80.833893,-0.069793,0.003906
1784249728.472054,0,80.833923,-0.003877,0.003906
1784249728.482065,0,80.833893,-0.062038,0.007812
1784249728.491866,0,80.833923,-0.015509,0.000000
1784249728.501657,0,80.833923,-0.015509,0.003906
1784249728.512083,0,80.833923,-0.015509,0.000000
1784249728.521673,0,80.833893,-0.085302,0.003906
1784249728.531644,0,80.833923,-0.007755,0.003906
1784249728.541624,0,80.833923,-0.007755,0.000000
1784249728.551584,0,80.833893,-0.062038,0.007812
1784249728.562050,0,80.833923,-0.015509,0.007812
1784249728.572052,0,80.833923,-0.015509,0.007812
1784249728.582072,0,80.833946,0.046528,0.003906
1784249728.592056,0,80.833923,-0.019387,0.000000
1784249728.601675,0,80.833923,0.000000,0.003906
1784249728.612043,0,80.833923,0.000000,0.007812
1784249728.621669,0,80.833893,-0.065915,0.000000
1784249728.631610,0,80.833893,-0.085302,0.003906
1784249728.641782,0,80.833923,0.000000,0.000000
1784249728.651761,0,80.833923,-0.003877,0.003906
1784249728.661918,0,80.833923,-0.007755,0.003906
1784249728.671654,0,80.833923,0.034896,0.003906
1784249728.681606,0,80.833923,0.000000,0.000000
1784249728.691618,0,80.833923,-0.003877,0.000000
1784249728.701614,0,80.833923,-0.015509,0.000000
1784249728.711778,0,80.833923,-0.062038,0.003906
1784249728.721732,0,80.833923,-0.011632,0.000000
1784249728.731628,0,80.833893,-0.073670,0.007812
1784249728.741579,0,80.833893,-0.081425,0.003906
1784249728.751639,0,80.833923,-0.011632,0.000000
1784249728.761605,0,80.833946,0.046528,0.000000
1784249728.771630,0,80.833893,-0.058161,0.000000
1784249728.781631,0,80.833923,-0.015509,0.000000
1784249728.791987,0,80.833923,-0.007755,0.000000
1784249728.801801,0,80.833923,-0.046528,0.003906
1784249728.811955,0,80.833923,-0.007755,0.003906
1784249728.821645,0,80.833923,-0.003877,0.007812
1784249728.831600,0,80.833923,-0.003877,0.000000
1784249728.841628,0,80.833923,0.007755,0.007812
1784249728.851576,0,80.833923,-0.031019,0.003906
1784249728.861633,0,80.833893,-0.069793,0.000000
1784249728.871531,0,80.833893,-0.062038,0.000000
1784249728.881988,0,80.833923,0.000000,0.003906
1784249728.891694,0,80.833893,-0.077547,0.003906
1784249728.901612,0,80.833923,-0.003877,0.003906
1784249728.911592,0,80.833923,-0.015509,0.003906
1784249728.921656,0,80.833893,-0.054283,0.000000
1784249728.931588,0,80.833923,0.000000,0.000000
1784249728.941587,0,80.833923,0.011632,0.003906
1784249728.951575,0,80.833923,-0.011632,0.007812
1784249728.961580,0,80.833893,-0.073670,0.000000
1784249728.971574,0,80.833946,0.034896,0.000000
1784249728.981604,0,80.833923,-0.003877,0.003906
1784249728.991589,0,80.833893,-0.065915,0.007812
1784249729.001643,0,80.833946,0.042651,0.000000
1784249729.011631,0,80.833923,0.000000,0.003906
1784249729.020471,0,80.833923,-0.007755,0.007812
1784249729.030617,0,80.833923,-0.015509,0.007812
1784249729.041508,0,80.833893,-0.062038,0.003906
1784249729.051772,0,80.833893,-0.054283,0.003906
1784249729.061661,0,80.833923,-0.085302,0.003906
1784249729.071653,0,80.833923,-0.003877,0.003906
1784249729.081985,0,80.833946,0.019387,0.003906
1784249729.091966,0,80.833923,-0.011632,0.007812
1784249729.101969,0,80.833923,0.000000,0.007812
1784249729.111992,0,80.833893,-0.054283,0.000000
1784249729.121552,0,80.833923,-0.011632,0.000000
1784249729.131736,0,80.833946,0.034896,0.003906
1784249729.141799,0,80.833893,-0.062038,0.000000
1784249729.151638,0,80.833946,0.046528,0.003906
1784249729.161771,0,80.833923,-0.015509,0.007812
1784249729.171833,0,80.833923,-0.015509,0.007812
1784249729.181586,0,80.833893,-0.081425,0.007812
1784249729.190621,0,80.833923,-0.003877,0.000000
1784249729.201969,0,80.833893,-0.054283,0.000000
1784249729.211721,0,80.833923,0.000000,0.000000
1784249729.221655,0,80.833923,0.000000,0.003906
1784249729.231544,0,80.833946,0.038774,0.000000
1784249729.241540,0,80.833923,0.000000,0.003906
1784249729.251538,0,80.833923,-0.007755,0.000000
1784249729.261571,0,80.833923,-0.019387,0.003906
1784249729.271761,0,80.833923,-0.015509,0.003906
1784249729.281988,0,80.833923,-0.011632,0.007812
1784249729.291670,0,80.833946,-0.073670,0.000000
1784249729.301615,0,80.833893,-0.069793,0.000000
1784249729.311577,0,80.833923,-0.019387,0.000000
1784249729.321604,0,80.833893,-0.065915,0.000000
1784249729.331629,0,80.833893,-0.054283,0.000000
1784249729.341555,0,80.833923,-0.007755,0.007812
1784249729.351749,0,80.833923,-0.031019,0.003906
1784249729.361681,0,80.833946,0.046528,0.003906
1784249729.371629,0,80.833923,-0.015509,0.003906
1784249729.381576,0,80.833893,-0.081425,0.000000
1784249729.391517,0,80.833893,-0.062038,0.000000
1784249729.401936,0,80.833923,-0.011632,0.003906
1784249729.411960,0,80.833946,0.050406,0.000000
1784249729.421654,0,80.833923,0.000000,0.000000
1784249729.431931,0,80.833893,-0.062038,0.003906
1784249729.441596,0,80.833893,-0.054283,0.000000
1784249729.451417,0,80.833893,-0.058161,0.003906
1784249729.461540,0,80.833946,0.038774,0.003906
1784249729.471621,0,80.833946,0.058161,0.000000
1784249729.481637,0,80.833923,0.003877,0.000000
1784249729.491539,0,80.833893,-0.069793,0.000000
1784249729.501460,0,80.833923,0.000000,0.007812
1784249729.511564,0,80.833923,-0.003877,0.007812
1784249729.521330,0,80.833893,-0.073670,0.003906
1784249729.531459,0,80.833923,-0.019387,0.007812
1784249729.541545,0,80.833923,-0.003877,0.003906
1784249729.551488,0,80.833923,0.003877,0.007812
1784249729.561401,0,80.833893,-0.073670,0.000000
1784249729.571429,0,80.833923,0.011632,0.000000
1784249729.580432,0,80.833923,-0.015509,0.000000
1784249729.591465,0,80.833946,0.054283,0.007812
1784249729.601430,0,80.833893,-0.054283,0.003906
1784249729.611433,0,80.833893,-0.073670,0.000000
1784249729.621325,0,80.833893,-0.069793,0.003906
1784249729.631403,0,80.833893,-0.062038,0.007812
1784249729.641399,0,80.833923,0.000000,0.000000
1784249729.651506,0,80.833923,-0.023264,0.000000
1784249729.661540,0,80.833855,-0.112444,0.003906
1784249729.671495,0,80.833893,-0.058161,0.003906
1784249729.681464,0,80.833923,0.019387,0.000000
1784249729.691437,0,80.833893,-0.054283,0.007812
1784249729.701598,0,80.833893,-0.069793,0.007812
1784249729.711538,0,80.833893,-0.062038,0.007812
1784249729.721610,0,80.833923,-0.007755,0.000000
1784249729.731448,0,80.833893,-0.058161,0.000000
1784249729.741567,0,80.833923,0.000000,0.000000
1784249729.751516,0,80.833893,-0.058161,0.000000
1784249729.761419,0,80.833893,-0.058161,0.003906
1784249729.771451,0,80.833923,-0.023264,0.003906
1784249729.781444,0,80.833893,-0.058161,0.000000
1784249729.791430,0,80.833923,0.000000,0.003906
1784249729.801419,0,80.833946,0.046528,0.007812
1784249729.811434,0,80.833923,0.000000,0.003906
1784249729.821476,0,80.833923,-0.003877,0.003906
1784249729.831385,0,80.833893,-0.062038,0.000000
1784249729.841557,0,80.833923,-0.065915,0.000000
1784249729.851464,0,80.833923,-0.077547,0.003906
1784249729.861693,0,80.833946,0.034896,0.003906
1784249729.871936,0,80.833893,-0.046528,0.003906
1784249729.881443,0,80.833923,-0.019387,0.000000
1784249729.891546,0,80.833893,-0.046528,0.000000
1784249729.901570,0,80.833923,-0.003877,0.003906
1784249729.911639,0,80.833923,-0.015509,0.007812
1784249729.921642,0,80.833923,-0.011632,0.003906
1784249729.931516,0,80.833923,-0.007755,0.000000
1784249729.941800,0,80.833893,-0.065915,0.003906
1784249729.951662,0,80.833923,-0.011632,0.000000
1784249729.961323,0,80.833946,0.054283,0.003906
1784249729.971317,0,80.833923,-0.011632,0.007812
1784249729.981297,0,80.833923,0.003877,0.003906
1784249729.991295,0,80.833893,-0.065915,0.000000
1784249730.001391,0,80.833923,-0.003877,0.011719
1784249730.011470,0,80.833923,-0.007755,0.003906
1784249730.021425,0,80.833923,-0.027142,0.000000
1784249730.031291,0,80.833893,-0.058161,0.007812
1784249730.041284,0,80.833893,-0.069793,0.003906
1784249730.051269,0,80.833893,-0.065915,0.007812
1784249730.061394,0,80.833946,0.027142,0.000000
1784249730.071371,0,80.833893,-0.027142,0.003906
1784249730.081265,0,80.833923,-0.027142,0.000000
1784249730.091363,0,80.833946,0.050406,0.003906
1784249730.101375,0,80.833923,0.000000,0.000000
1784249730.111346,0,80.833923,-0.015509,0.003906
1784249730.121275,0,80.833923,-0.011632,0.007812
1784249730.131284,0,80.833923,-0.015509,0.007812
1784249730.141313,0,80.833923,-0.019387,0.007812
1784249730.151330,0,80.833893,-0.062038,0.007812
1784249730.161331,0,80.833923,-0.003877,0.000000
1784249730.171344,0,80.833923,-0.023264,0.000000
1784249730.181530,0,80.833923,-0.019387,0.007812
1784249730.191552,0,80.833946,0.023264,0.011719
1784249730.201761,0,80.833893,-0.085302,0.003906
1784249730.211610,0,80.833923,-0.015509,0.003906
1784249730.221612,0,80.833923,-0.007755,0.003906
1784249730.231494,0,80.833946,0.038774,0.007812
1784249730.241410,0,80.833923,0.000000,0.003906
1784249730.251767,0,80.833893,-0.054283,0.003906
1784249730.261666,0,80.833923,-0.027142,0.007812
1784249730.271494,0,80.833946,0.042651,0.007812
1784249730.281499,0,80.833923,-0.027142,0.000000
1784249730.291465,0,80.833946,0.058161,0.000000
1784249730.301784,0,80.833893,-0.085302,0.000000
1784249730.311470,0,80.833946,0.046528,0.007812
1784249730.321447,0,80.833923,-0.034896,0.003906
1784249730.331399,0,80.833923,-0.007755,0.007812
1784249730.341434,0,80.833893,-0.069793,0.003906
1784249730.351420,0,80.833923,0.000000,0.007812
1784249730.361454,0,80.833893,-0.065915,0.003906
1784249730.371459,0,80.833946,0.038774,0.003906
1784249730.381437,0,80.833923,-0.027142,0.000000
1784249730.391425,0,80.833923,-0.019387,0.007812
1784249730.401448,0,80.833893,-0.073670,0.007812
1784249730.411423,0,80.833946,0.027142,0.000000
1784249730.421477,0,80.833893,-0.065915,0.003906
1784249730.431331,0,80.833923,-0.003877,0.000000
1784249730.441308,0,80.833893,-0.058161,0.000000
1784249730.451371,0,80.833923,0.000000,0.003906
1784249730.461286,0,80.833923,0.015509,0.000000
1784249730.471374,0,80.833923,0.000000,0.000000
1784249730.481548,0,80.833923,0.000000,0.003906
1784249730.491540,0,80.833946,0.062038,0.003906
1784249730.501459,0,80.833923,-0.019387,0.000000
1784249730.511408,0,80.833893,-0.069793,0.003906
1784249730.521325,0,80.833946,0.046528,0.007812
1784249730.531359,0,80.833923,-0.015509,0.000000
1784249730.541734,0,80.833923,-0.011632,0.007812
1784249730.551546,0,80.833923,-0.003877,0.000000
1784249730.561420,0,80.833946,0.038774,0.003906
1784249730.571396,0,80.833893,-0.050406,0.003906
1784249730.581362,0,80.833946,0.058161,0.003906
1784249730.591377,0,80.833923,0.000000,0.003906
1784249730.601388,0,80.833923,-0.015509,0.007812
1784249730.611442,0,80.833893,-0.058161,0.007812
1784249730.621485,0,80.833893,-0.058161,0.000000
1784249730.631427,0,80.833923,-0.015509,0.000000
1784249730.641467,0,80.833893,-0.054283,0.003906
1784249730.651605,0,80.833946,0.050406,0.003906
1784249730.661472,0,80.833923,0.000000,0.000000
1784249730.671426,0,80.833923,-0.003877,0.007812
1784249730.681453,0,80.833893,0.015509,0.000000
1784249730.691496,0,80.833893,-0.058161,0.000000
1784249730.701529,0,80.833923,0.003877,0.000000
1784249730.711637,0,80.833923,-0.011632,0.000000
1784249730.721396,0,80.833893,-0.062038,0.000000
1784249730.731467,0,80.833923,-0.007755,0.003906
1784249730.741443,0,80.833923,-0.003877,0.000000
1784249730.751433,0,80.833923,0.000000,0.003906
1784249730.761461,0,80.833946,0.065915,0.003906
1784249730.771526,0,80.833923,-0.007755,0.007812
1784249730.781476,0,80.833893,-0.058161,0.007812
1784249730.791467,0,80.833923,-0.023264,0.003906
1784249730.801496,0,80.833946,0.058161,0.003906
1784249730.811459,0,80.833893,-0.050406,0.003906
1784249730.821339,0,80.833893,-0.050406,0.003906
1784249730.831348,0,80.833923,-0.003877,0.000000
1784249730.841395,0,80.833923,-0.007755,0.007812
1784249730.851431,0,80.833946,0.054283,0.000000
1784249730.861409,0,80.833893,-0.069793,0.007812
1784249730.871499,0,80.833893,-0.062038,0.003906
1784249730.881474,0,80.833946,0.069793,0.003906
1784249730.891794,0,80.833893,-0.058161,0.007812
1784249730.901654,0,80.833893,-0.058161,0.007812
1784249730.911627,0,80.833923,-0.003877,0.000000
1784249730.921460,0,80.833946,0.054283,0.007812
1784249730.931555,0,80.833923,0.000000,0.003906
1784249730.941815,0,80.833977,0.108566,0.007812
1784249730.951450,0,80.833923,-0.011632,0.000000
1784249730.961590,0,80.833923,-0.003877,0.000000
1784249730.971889,0,80.833946,0.034896,0.000000
1784249730.981473,0,80.833923,0.000000,0.000000
1784249730.991645,0,80.833893,-0.054283,0.000000
1784249731.001503,0,80.833893,-0.058161,0.003906
1784249731.011518,0,80.833946,0.054283,0.000000
1784249731.021524,0,80.833923,-0.007755,0.000000
1784249731.031487,0,80.833893,-0.019387,0.003906
1784249731.041460,0,80.833893,-0.050406,0.007812
1784249731.051389,0,80.833946,0.046528,0.000000
1784249731.061376,0,80.833946,-0.027142,0.000000
1784249731.071388,0,80.833923,-0.015509,0.000000
1784249731.081461,0,80.833923,0.003877,0.007812
1784249731.091453,0,80.833923,0.000000,0.000000
1784249731.101456,0,80.833923,0.000000,0.003906
1784249731.111802,0,80.833923,-0.015509,0.007812
1784249731.121574,0,80.833893,-0.069793,0.003906
1784249731.131497,0,80.833923,0.003877,0.003906
1784249731.141356,0,80.833893,-0.046528,0.000000
1784249731.151354,0,80.833923,0.000000,0.003906
1784249731.161750,0,80.833946,0.034896,0.003906
1784249731.171547,0,80.833923,0.007755,0.003906
1784249731.181611,0,80.833923,-0.011632,0.003906
1784249731.191782,0,80.833923,-0.011632,0.003906
1784249731.201454,0,80.833893,-0.069793,0.003906
1784249731.211493,0,80.833923,-0.015509,0.003906
1784249731.221538,0,80.833923,-0.007755,0.003906
1784249731.231506,0,80.833923,0.050406,0.003906
1784249731.241436,0,80.833893,-0.062038,0.007812
1784249731.251388,0,80.833923,0.011632,0.007812
1784249731.261607,0,80.833923,0.000000,0.000000
1784249731.271581,0,80.833923,0.000000,0.000000
1784249731.281384,0,80.833923,-0.015509,0.007812
1784249731.291814,0,80.833923,-0.003877,0.000000
1784249731.301796,0,80.833893,-0.054283,0.003906
1784249731.311634,0,80.833893,-0.054283,0.007812
1784249731.321343,0,80.833946,0.046528,0.000000
1784249731.331303,0,80.833923,-0.003877,0.003906
1784249731.341311,0,80.833893,-0.062038,0.003906
1784249731.351323,0,80.833893,-0.054283,0.000000
1784249731.361289,0,80.833893,0.046528,0.003906
1784249731.371267,0,80.833923,-0.003877,0.000000
1784249731.381247,0,80.833893,-0.085302,0.003906
1784249731.391254,0,80.833893,-0.062038,0.000000
1784249731.401280,0,80.833923,0.000000,0.000000
1784249731.411285,0,80.833946,0.050406,0.003906
1784249731.421247,0,80.833946,0.019387,0.007812
1784249731.431288,0,80.833893,-0.046528,0.007812
1784249731.441270,0,80.833893,-0.062038,0.003906
1784249731.451257,0,80.833923,0.000000,0.000000
1784249731.461254,0,80.833946,0.031019,0.000000
1784249731.471258,0,80.833923,-0.015509,0.003906
1784249731.481286,0,80.833893,-0.062038,0.007812
1784249731.491279,0,80.833923,-0.034896,0.007812
1784249731.501273,0,80.833923,-0.011632,0.000000
1784249731.511320,0,80.833923,-0.023264,0.000000
1784249731.521261,0,80.833893,-0.054283,0.003906
1784249731.531257,0,80.833923,0.000000,0.007812
1784249731.541322,0,80.833923,-0.073670,0.000000
1784249731.551311,0,80.833923,-0.015509,0.003906
1784249731.561340,0,80.833923,-0.003877,0.003906
1784249731.571323,0,80.833893,-0.058161,0.007812
1784249731.581304,0,80.833923,0.000000,0.007812
1784249731.591386,0,80.833893,-0.073670,0.000000
1784249731.601415,0,80.833893,-0.069793,0.007812
1784249731.611384,0,80.833923,-0.003877,0.003906
1784249731.621425,0,80.833893,-0.015509,0.007812
1784249731.631259,0,80.833923,0.011632,0.000000
1784249731.641320,0,80.833946,0.054283,0.003906
1784249731.651346,0,80.833923,-0.015509,0.000000
1784249731.661285,0,80.833923,-0.007755,0.000000
1784249731.671315,0,80.833923,0.015509,0.007812
1784249731.681342,0,80.833893,-0.065915,0.003906
1784249731.691270,0,80.833923,-0.073670,0.000000
1784249731.701379,0,80.833923,0.000000,0.000000
1784249731.711315,0,80.833893,-0.003877,0.007812
1784249731.721365,0,80.833923,0.000000,0.007812
1784249731.731318,0,80.833893,-0.065915,0.007812
1784249731.741311,0,80.833923,-0.015509,0.007812
1784249731.751465,0,80.833923,-0.027142,0.003906
1784249731.761412,0,80.833923,0.011632,0.003906
1784249731.771488,0,80.833923,-0.007755,0.000000
1784249731.781367,0,80.833923,-0.003877,0.003906
1784249731.791348,0,80.833893,-0.038774,0.003906
1784249731.801379,0,80.833923,-0.007755,0.000000
1784249731.811329,0,80.833893,-0.058161,0.003906
1784249731.821447,0,80.833893,-0.062038,0.000000
1784249731.831684,0,80.833893,-0.073670,0.000000
1784249731.841361,0,80.833923,0.000000,0.000000
1784249731.851286,0,80.833923,0.000000,0.003906
1784249731.861311,0,80.833946,0.034896,0.003906
1784249731.871365,0,80.833923,0.042651,0.000000
1784249731.881320,0,80.833923,-0.007755,0.007812
1784249731.891338,0,80.833923,0.000000,0.003906
1784249731.901421,0,80.833946,0.054283,0.000000
1784249731.911343,0,80.833923,-0.007755,0.007812
1784249731.921337,0,80.833893,-0.058161,0.003906
1784249731.931289,0,80.833923,-0.003877,0.003906
1784249731.941218,0,80.833893,-0.062038,0.007812
1784249731.951215,0,80.833946,0.038774,0.003906
1784249731.961232,0,80.833893,-0.062038,0.000000
1784249731.971216,0,80.833893,-0.062038,0.007812
1784249731.981225,0,80.833893,-0.058161,0.003906
1784249731.991295,0,80.833946,0.034896,0.000000
1784249732.001388,0,80.833946,0.031019,0.000000
1784249732.011406,0,80.833923,0.000000,0.003906
1784249732.021396,0,80.833893,-0.050406,0.007812
1784249732.031381,0,80.833923,-0.003877,0.000000
1784249732.041312,0,80.833923,-0.015509,0.003906
1784249732.051408,0,80.833923,-0.015509,0.003906
1784249732.061457,0,80.833893,-0.054283,0.003906
1784249732.071740,0,80.833923,-0.027142,0.003906
1784249732.081432,0,80.833893,-0.069793,0.000000
1784249732.091490,0,80.833923,-0.019387,0.000000
1784249732.101456,0,80.833923,-0.011632,0.000000
1784249732.111546,0,80.833923,-0.003877,0.003906
1784249732.121489,0,80.833923,0.003877,0.007812
1784249732.131515,0,80.833923,-0.023264,0.003906
1784249732.141415,0,80.833946,0.027142,0.000000
1784249732.151726,0,80.833923,-0.007755,0.007812
1784249732.161717,0,80.833946,0.027142,0.000000
1784249732.171475,0,80.833923,0.000000,0.000000
1784249732.181783,0,80.833893,0.031019,0.000000
1784249732.191314,0,80.833893,-0.062038,0.003906
1784249732.201459,0,80.833923,-0.019387,0.000000
1784249732.211534,0,80.833923,-0.011632,0.003906
1784249732.221381,0,80.833923,-0.046528,0.000000
1784249732.231783,0,80.833893,-0.077547,0.003906
1784249732.241226,0,80.833923,-0.015509,0.003906
1784249732.251426,0,80.833893,-0.062038,0.000000
1784249732.261728,0,80.833946,0.042651,0.007812
1784249732.271335,0,80.833893,-0.050406,0.003906
1784249732.281404,0,80.833923,-0.011632,0.000000
1784249732.291539,0,80.833923,-0.011632,0.003906
1784249732.301401,0,80.833946,0.031019,0.007812
1784249732.311449,0,80.833893,-0.077547,0.003906
1784249732.321215,0,80.833923,-0.015509,0.000000
1784249732.331277,0,80.833923,-0.023264,0.007812
1784249732.341399,0,80.833893,-0.073670,0.011719
1784249732.351315,0,80.833923,-0.027142,0.007812
1784249732.361375,0,80.833893,-0.065915,0.007812
1784249732.371451,0,80.833923,-0.011632,0.000000
1784249732.381311,0,80.833923,-0.015509,0.003906
1784249732.391144,0,80.833946,0.038774,0.007812
1784249732.401139,0,80.833923,0.007755,0.007812
1784249732.411231,0,80.833893,-0.054283,0.003906
1784249732.421220,0,80.833946,0.031019,0.000000
1784249732.431258,0,80.833923,-0.069793,0.003906
1784249732.441401,0,80.833923,-0.003877,0.007812
1784249732.451338,0,80.833923,-0.003877,0.000000
1784249732.461369,0,80.833923,-0.003877,0.003906
1784249732.471333,0,80.833923,-0.019387,0.000000
1784249732.481353,0,80.833923,-0.015509,0.003906
1784249732.491384,0,80.833923,0.000000,0.003906
1784249732.501369,0,80.833923,-0.007755,0.003906
1784249732.511291,0,80.833923,-0.015509,0.003906
1784249732.521278,0,80.833923,-0.007755,0.000000
1784249732.531508,0,80.833893,-0.065915,0.007812
1784249732.541354,0,80.833923,-0.003877,0.003906
1784249732.551491,0,80.833893,-0.065915,0.007812
1784249732.561363,0,80.833893,-0.062038,0.003906
1784249732.571360,0,80.833923,-0.003877,0.000000
1784249732.581496,0,80.833923,-0.011632,0.003906
1784249732.591444,0,80.833893,-0.058161,0.000000
1784249732.601490,0,80.833946,0.046528,0.000000
1784249732.611619,0,80.833923,0.003877,0.000000
1784249732.621233,0,80.833923,0.007755,0.000000
1784249732.631644,0,80.833923,0.011632,0.003906
1784249732.641318,0,80.833923,0.000000,0.007812
1784249732.651395,0,80.833923,-0.027142,0.003906
1784249732.661317,0,80.833946,0.034896,0.003906
1784249732.671315,0,80.833923,0.065915,0.007812
1784249732.681404,0,80.833923,-0.011632,0.007812
1784249732.691470,0,80.833923,-0.003877,0.000000
1784249732.702274,0,80.833946,0.054283,0.003906
1784249732.711474,0,80.833923,0.007755,0.003906
1784249732.721303,0,80.833923,-0.015509,0.000000
1784249732.731423,0,80.833893,-0.058161,0.000000
1784249732.741317,0,80.833893,-0.069793,0.000000
1784249732.751301,0,80.833923,-0.003877,-0.011719
1784249732.761356,0,80.833923,-0.027142,0.000000
1784249732.771374,0,80.833923,0.007755,0.007812
1784249732.781410,0,80.833923,-0.015509,0.000000
1784249732.791239,0,80.833923,-0.007755,0.000000
1784249732.801395,0,80.833923,-0.027142,0.000000
1784249732.811349,0,80.833893,-0.081425,0.000000
1784249732.821259,0,80.833893,-0.081425,0.007812
1784249732.831372,0,80.833923,-0.007755,0.007812
1784249732.841279,0,80.833893,-0.058161,0.000000
1784249732.851456,0,80.833923,-0.003877,0.000000
1784249732.861466,0,80.833946,0.050406,0.007812
1784249732.871487,0,80.833923,-0.003877,0.003906
1784249732.881452,0,80.833893,-0.015509,0.000000
1784249732.891382,0,80.833893,-0.058161,0.003906
1784249732.902411,0,80.833893,-0.085302,0.007812
1784249732.911419,0,80.833893,-0.081425,0.003906
1784249732.921317,0,80.833923,-0.003877,0.000000
1784249732.931418,0,80.833946,0.038774,0.000000
1784249732.941218,0,80.833946,0.054283,0.003906
1784249732.951179,0,80.833893,-0.050406,0.007812
1784249732.961206,0,80.833923,-0.003877,0.003906
1784249732.971308,0,80.833923,-0.007755,0.003906
1784249732.981286,0,80.833923,-0.027142,0.000000
1784249732.991301,0,80.833893,-0.085302,0.000000
1784249733.001382,0,80.833923,-0.019387,0.000000
1784249733.011276,0,80.833946,0.046528,0.000000
1784249733.021198,0,80.833923,0.000000,0.007812
1784249733.031291,0,80.833946,0.038774,0.007812
1784249733.041377,0,80.833893,-0.073670,0.000000
1784249733.051286,0,80.833946,0.019387,0.000000
1784249733.061266,0,80.833946,0.042651,0.003906
1784249733.071222,0,80.833893,-0.073670,0.000000
1784249733.081301,0,80.833923,-0.003877,0.003906
1784249733.091162,0,80.833946,0.042651,0.000000
1784249733.101197,0,80.833946,0.031019,0.000000
1784249733.111105,0,80.833923,0.000000,0.003906
1784249733.121191,0,80.833893,-0.062038,0.000000
1784249733.131199,0,80.833893,-0.081425,0.003906
1784249733.141209,0,80.833923,-0.015509,0.003906
1784249733.151199,0,80.833923,-0.007755,0.003906
1784249733.161251,0,80.833893,-0.062038,0.000000
1784249733.171181,0,80.833923,-0.023264,0.003906
1784249733.181222,0,80.833893,-0.058161,0.003906
1784249733.191260,0,80.833893,-0.058161,0.003906
1784249733.201231,0,80.833923,-0.019387,0.003906
1784249733.211214,0,80.833923,-0.007755,0.000000
1784249733.221168,0,80.833946,0.034896,0.003906
1784249733.231194,0,80.833923,-0.015509,0.000000
1784249733.241208,0,80.833923,-0.027142,0.007812
1784249733.251183,0,80.833923,-0.007755,0.007812
1784249733.261181,0,80.833923,-0.007755,0.003906
1784249733.271213,0,80.833893,-0.050406,0.003906
1784249733.281260,0,80.833923,0.000000,0.003906
1784249733.292224,0,80.833893,-0.073670,0.000000
1784249733.301239,0,80.833923,-0.003877,0.000000
1784249733.311201,0,80.833923,-0.007755,0.011719
1784249733.321230,0,80.833946,0.046528,0.000000
1784249733.331276,0,80.833893,-0.062038,0.007812
1784249733.341179,0,80.833923,-0.019387,0.007812
1784249733.351350,0,80.833946,0.042651,0.000000
1784249733.361147,0,80.833923,-0.003877,0.003906
1784249733.371309,0,80.833946,0.054283,0.003906
1784249733.381223,0,80.833946,-0.007755,0.000000
1784249733.391191,0,80.833923,-0.019387,0.003906
1784249733.401225,0,80.833923,-0.027142,0.000000
1784249733.411187,0,80.833923,0.007755,0.007812
1784249733.421124,0,80.833893,-0.073670,0.000000
1784249733.431263,0,80.833923,-0.019387,0.003906
1784249733.441354,0,80.833923,0.003877,0.007812
1784249733.452258,0,80.833923,0.000000,0.000000
1784249733.461257,0,80.833893,-0.058161,0.003906
1784249733.471338,0,80.833946,0.054283,0.003906
1784249733.481324,0,80.833923,-0.031019,0.003906
1784249733.491308,0,80.833946,0.062038,0.007812
1784249733.501195,0,80.833893,-0.058161,0.003906
1784249733.511204,0,80.833923,0.011632,0.000000
1784249733.521206,0,80.833946,0.062038,0.007812
1784249733.531283,0,80.833923,-0.007755,0.007812
1784249733.541244,0,80.833923,-0.003877,0.000000
1784249733.551311,0,80.833923,-0.011632,0.000000
1784249733.561216,0,80.833923,0.000000,0.007812
1784249733.571183,0,80.833893,-0.050406,0.003906
1784249733.581261,0,80.833893,-0.062038,0.007812
1784249733.591171,0,80.833893,-0.065915,0.000000
1784249733.601192,0,80.833923,-0.007755,0.003906
1784249733.611148,0,80.833893,-0.054283,0.003906
1784249733.622270,0,80.833893,-0.050406,0.003906
1784249733.631285,0,80.833893,-0.058161,0.003906
1784249733.641262,0,80.833923,-0.011632,0.003906
1784249733.651323,0,80.833893,-0.058161,0.007812
1784249733.661195,0,80.833923,0.011632,0.003906
1784249733.671276,0,80.833946,0.050406,0.003906
1784249733.681216,0,80.833946,0.062038,0.000000
1784249733.691265,0,80.833893,-0.050406,0.003906
1784249733.701281,0,80.833893,-0.062038,0.000000
1784249733.711250,0,80.833893,-0.062038,0.007812
1784249733.721176,0,80.833923,-0.007755,0.000000
1784249733.731199,0,80.833923,-0.003877,0.000000
1784249733.741139,0,80.833893,-0.058161,0.000000
1784249733.751247,0,80.833923,-0.007755,0.007812
1784249733.762246,0,80.833893,-0.062038,0.003906
1784249733.771281,0,80.833923,0.003877,0.003906
1784249733.781475,0,80.833893,-0.058161,0.000000
1784249733.791270,0,80.833946,0.054283,0.007812
1784249733.801608,0,80.833923,-0.015509,0.003906
1784249733.811188,0,80.833923,-0.003877,0.003906
1784249733.821241,0,80.833923,-0.003877,0.000000
1784249733.831202,0,80.833923,-0.038774,0.003906
1784249733.841223,0,80.833923,0.007755,0.000000
1784249733.851192,0,80.833923,0.000000,0.011719
1784249733.861240,0,80.833946,0.050406,0.000000
1784249733.871173,0,80.833946,0.050406,0.000000
1784249733.881238,0,80.833923,0.000000,0.003906
1784249733.891268,0,80.833923,-0.019387,0.007812
1784249733.901208,0,80.833946,0.069793,0.003906
1784249733.911244,0,80.833946,0.000000,0.000000
1784249733.921345,0,80.833946,0.046528,0.003906
1784249733.932259,0,80.833893,-0.046528,0.007812
1784249733.941225,0,80.833923,0.000000,0.003906
1784249733.951264,0,80.833923,-0.003877,0.000000
1784249733.961247,0,80.833893,-0.077547,0.007812
1784249733.971259,0,80.833923,0.000000,0.000000
1784249733.982175,0,80.833893,-0.062038,0.003906
1784249733.991621,0,80.833923,-0.011632,0.007812
1784249734.002402,0,80.833923,-0.023264,0.000000
1784249734.011268,0,80.833923,-0.023264,0.003906
1784249734.021223,0,80.833923,-0.007755,0.003906
1784249734.031247,0,80.833893,-0.065915,0.000000
1784249734.041246,0,80.833923,-0.003877,0.000000
1784249734.051356,0,80.833893,-0.062038,0.003906
1784249734.061304,0,80.833893,-0.065915,0.000000
1784249734.071376,0,80.833893,-0.062038,0.007812
1784249734.081315,0,80.833946,0.050406,0.000000
1784249734.091617,0,80.833923,-0.023264,0.000000
1784249734.101274,0,80.833893,-0.069793,0.000000
1784249734.111264,0,80.833893,-0.065915,0.000000
1784249734.121242,0,80.833893,-0.062038,0.003906
1784249734.131196,0,80.833923,0.011632,0.003906
1784249734.141191,0,80.833893,-0.058161,0.000000
1784249734.151084,0,80.833923,0.000000,0.003906
1784249734.161251,0,80.833923,-0.015509,0.000000
1784249734.171285,0,80.833893,-0.062038,0.000000
1784249734.181216,0,80.833893,-0.058161,0.007812
1784249734.191262,0,80.833893,-0.054283,0.003906
1784249734.202239,0,80.833946,0.034896,0.000000
1784249734.211232,0,80.833893,-0.050406,0.003906
1784249734.221227,0,80.833893,-0.050406,0.000000
1784249734.231225,0,80.833893,-0.073670,0.003906
1784249734.241253,0,80.833923,-0.011632,0.000000
1784249734.251219,0,80.833946,0.034896,0.000000
1784249734.261234,0,80.833923,0.007755,0.003906
1784249734.271241,0,80.833893,-0.073670,0.000000
1784249734.281252,0,80.833893,-0.062038,0.007812
1784249734.291244,0,80.833893,-0.062038,0.000000
1784249734.302255,0,80.833893,-0.065915,0.007812
1784249734.311277,0,80.833893,-0.062038,0.007812
1784249734.321304,0,80.833923,0.000000,0.000000
1784249734.331208,0,80.833923,-0.015509,0.000000
1784249734.341209,0,80.833923,-0.023264,0.000000
1784249734.351184,0,80.833923,0.007755,0.003906
1784249734.361174,0,80.833946,0.038774,0.007812
1784249734.371277,0,80.833893,-0.065915,0.000000
1784249734.381168,0,80.833923,0.000000,0.003906
1784249734.391203,0,80.833923,-0.003877,0.003906
1784249734.401117,0,80.833923,0.000000,0.007812
1784249734.411134,0,80.833923,-0.011632,0.007812
1784249734.421061,0,80.833893,-0.062038,0.003906
1784249734.431155,0,80.833923,-0.015509,0.007812
1784249734.442115,0,80.833923,-0.015509,0.000000
1784249734.452160,0,80.833923,-0.007755,0.000000
1784249734.462178,0,80.833893,-0.038774,0.003906
1784249734.472176,0,80.833923,-0.003877,0.000000
1784249734.482144,0,80.833923,0.011632,0.000000
1784249734.492210,0,80.833923,-0.015509,0.003906
1784249734.501199,0,80.833923,-0.003877,0.003906
1784249734.511169,0,80.833893,0.000000,0.003906
1784249734.521083,0,80.833923,0.000000,0.003906
1784249734.531188,0,80.833923,-0.019387,0.003906
1784249734.541203,0,80.833893,-0.038774,0.007812
1784249734.551219,0,80.833923,-0.007755,0.000000
1784249734.561206,0,80.833923,-0.027142,0.000000
1784249734.571206,0,80.833946,-0.065915,0.000000
1784249734.582350,0,80.833923,0.000000,0.003906
1784249734.591253,0,80.833893,-0.062038,0.003906
1784249734.601177,0,80.833923,-0.007755,0.003906
1784249734.611190,0,80.833893,-0.085302,0.003906
1784249734.621100,0,80.833923,-0.003877,0.003906
1784249734.631428,0,80.833893,-0.062038,0.000000
1784249734.641147,0,80.833946,0.062038,0.000000
1784249734.651191,0,80.833923,0.007755,0.003906
1784249734.660923,0,80.833893,-0.050406,0.000000
1784249734.670966,0,80.833923,-0.003877,0.007812
1784249734.680959,0,80.833893,-0.069793,0.003906
1784249734.690929,0,80.833923,0.007755,0.000000
1784249734.701137,0,80.833893,-0.054283,0.000000
1784249734.711175,0,80.833923,0.007755,0.007812
1784249734.721138,0,80.833893,-0.054283,0.000000
1784249734.731207,0,80.833893,-0.054283,0.000000
1784249734.741191,0,80.833923,-0.011632,0.003906
1784249734.751164,0,80.833893,-0.054283,0.007812
1784249734.761275,0,80.833923,0.000000,0.003906
1784249734.772175,0,80.833923,-0.007755,0.007812
1784249734.781135,0,80.833923,0.000000,0.000000
1784249734.791102,0,80.833893,-0.054283,0.007812
1784249734.801124,0,80.833893,-0.050406,0.007812
1784249734.811166,0,80.833893,0.000000,0.000000
1784249734.821149,0,80.833923,-0.050406,0.003906
1784249734.831041,0,80.833893,-0.042651,0.003906
1784249734.841098,0,80.833923,-0.003877,0.007812
1784249734.852119,0,80.833893,-0.065915,0.000000
1784249734.862103,0,80.833923,0.003877,0.000000
1784249734.871117,0,80.833893,-0.062038,0.000000
1784249734.881122,0,80.833893,-0.038774,0.007812
1784249734.891329,0,80.833923,0.000000,0.007812
1784249734.901183,0,80.833923,0.003877,0.003906
1784249734.911185,0,80.833893,-0.065915,0.003906
1784249734.921021,0,80.833923,-0.011632,0.003906
1784249734.930951,0,80.833893,-0.054283,0.007812
1784249734.941131,0,80.833923,-0.007755,0.003906
1784249734.951229,0,80.833923,-0.011632,0.003906
1784249734.961160,0,80.833893,-0.069793,0.000000
1784249734.971057,0,80.833893,-0.058161,0.003906
1784249734.981204,0,80.833893,-0.054283,0.003906
1784249734.991231,0,80.833923,0.000000,0.000000
1784249735.001159,0,80.833923,-0.011632,0.003906
1784249735.011102,0,80.833923,-0.027142,0.000000
1784249735.021004,0,80.833923,-0.007755,0.003906
1784249735.031051,0,80.833946,0.034896,0.000000
1784249735.041040,0,80.833923,0.007755,0.000000
1784249735.050985,0,80.833893,-0.062038,0.000000
1784249735.061072,0,80.833923,0.000000,0.000000
1784249735.071143,0,80.833893,-0.065915,0.000000
1784249735.081203,0,80.833893,-0.058161,0.003906
1784249735.091089,0,80.833923,-0.003877,0.007812
1784249735.101160,0,80.833893,-0.062038,0.003906
1784249735.111201,0,80.833923,-0.058161,0.003906
1784249735.121058,0,80.833923,-0.003877,0.007812
1784249735.131072,0,80.833923,-0.023264,0.000000
1784249735.141040,0,80.833923,-0.011632,0.007812
1784249735.151470,0,80.833923,0.000000,0.007812
1784249735.161092,0,80.833893,-0.042651,0.003906
1784249735.171050,0,80.833893,-0.058161,0.000000
1784249735.181094,0,80.833893,-0.062038,0.000000
1784249735.191012,0,80.833923,-0.031019,0.000000
1784249735.201044,0,80.833893,-0.065915,0.003906
1784249735.211190,0,80.833923,-0.015509,0.007812
1784249735.221034,0,80.833946,0.058161,0.003906
1784249735.231071,0,80.833923,0.000000,0.003906
1784249735.241021,0,80.833923,0.000000,0.007812
1784249735.251035,0,80.833946,0.034896,0.000000
1784249735.261070,0,80.833946,0.050406,0.000000
1784249735.271037,0,80.833923,-0.007755,0.003906
1784249735.281052,0,80.833893,-0.046528,0.007812
1784249735.291030,0,80.833923,-0.019387,0.003906
1784249735.301005,0,80.833893,-0.077547,0.000000
1784249735.311001,0,80.833923,-0.003877,0.000000
1784249735.321000,0,80.833893,-0.054283,0.003906
1784249735.331031,0,80.833923,-0.003877,0.000000
1784249735.341075,0,80.833923,-0.003877,0.003906
1784249735.351084,0,80.833923,-0.011632,0.000000
1784249735.362070,0,80.833923,-0.015509,0.007812
1784249735.372040,0,80.833923,-0.062038,0.003906
1784249735.381006,0,80.833893,-0.069793,0.003906
1784249735.391037,0,80.833923,-0.015509,0.003906
1784249735.401055,0,80.833923,0.000000,0.000000
1784249735.412215,0,80.833923,-0.003877,0.007812
1784249735.422043,0,80.833923,0.007755,0.003906
1784249735.431168,0,80.833923,0.000000,0.007812
1784249735.441028,0,80.833923,0.000000,0.011719
1784249735.451061,0,80.833893,-0.065915,0.003906
1784249735.461056,0,80.833923,0.054283,0.003906
1784249735.471035,0,80.833893,-0.062038,0.003906
1784249735.480968,0,80.833923,-0.069793,0.011719
1784249735.491214,0,80.833923,0.007755,0.003906
1784249735.501442,0,80.833893,-0.062038,0.000000
1784249735.511374,0,80.833923,0.000000,0.000000
1784249735.520955,0,80.833923,-0.003877,0.000000
1784249735.531137,0,80.833923,0.003877,0.003906
1784249735.541222,0,80.833893,-0.050406,0.007812
1784249735.551171,0,80.833923,0.007755,0.007812
1784249735.561249,0,80.833923,-0.003877,0.003906
1784249735.571472,0,80.833923,-0.019387,0.000000
1784249735.581117,0,80.833946,0.034896,0.000000
1784249735.591189,0,80.833893,-0.046528,0.000000
1784249735.601074,0,80.833893,-0.058161,0.000000
1784249735.611054,0,80.833946,0.054283,0.007812
1784249735.621162,0,80.833923,-0.007755,0.000000
1784249735.631054,0,80.833946,0.050406,0.000000
1784249735.641050,0,80.833893,-0.011632,0.003906
1784249735.651169,0,80.833923,0.000000,0.000000
1784249735.661200,0,80.833923,-0.019387,0.003906
1784249735.671025,0,80.833923,-0.011632,0.007812
1784249735.681017,0,80.833923,-0.015509,0.003906
1784249735.692017,0,80.833893,0.046528,0.000000
1784249735.701091,0,80.833946,0.046528,0.000000
1784249735.712238,0,80.833923,-0.003877,0.000000
1784249735.721027,0,80.833923,-0.065915,0.003906
1784249735.731038,0,80.833923,-0.007755,0.000000
1784249735.741032,0,80.833923,0.000000,0.000000
1784249735.750853,0,80.833923,-0.011632,0.003906
1784249735.760937,0,80.833923,0.007755,0.003906
1784249735.770848,0,80.833893,-0.058161,0.003906
1784249735.780948,0,80.833923,-0.007755,0.007812
1784249735.790938,0,80.833923,-0.027142,0.000000
1784249735.800884,0,80.833923,-0.027142,0.000000
1784249735.810883,0,80.833923,-0.015509,0.003906
1784249735.821071,0,80.833893,-0.062038,0.007812
1784249735.831318,0,80.833946,0.042651,0.003906
1784249735.841031,0,80.833923,0.000000,0.003906
1784249735.850944,0,80.833893,-0.058161,0.003906
1784249735.862076,0,80.833923,0.000000,0.007812
1784249735.871004,0,80.833893,-0.065915,0.000000
1784249735.880985,0,80.833923,-0.003877,0.003906
1784249735.890985,0,80.833923,0.000000,0.000000
1784249735.900960,0,80.833923,-0.011632,0.000000
1784249735.911005,0,80.833946,0.019387,0.003906
1784249735.920994,0,80.833893,-0.073670,0.000000
1784249735.931183,0,80.833893,-0.077547,0.000000
1784249735.941353,0,80.833923,-0.011632,0.007812
1784249735.951376,0,80.833923,-0.019387,0.000000
1784249735.962056,0,80.833923,-0.019387,0.003906
1784249735.971402,0,80.833923,-0.015509,0.000000
1784249735.980936,0,80.833923,0.038774,0.003906
1784249735.992405,0,80.833923,-0.011632,0.003906
1784249736.001019,0,80.833923,-0.077547,0.000000
1784249736.012045,0,80.833893,-0.073670,0.000000
1784249736.020885,0,80.833893,-0.108566,0.000000
1784249736.032007,0,80.833923,-0.019387,0.003906
1784249736.040979,0,80.833923,-0.077547,0.003906
1784249736.051045,0,80.833923,-0.015509,0.003906
1784249736.061025,0,80.833923,-0.027142,0.003906
1784249736.072195,0,80.833893,-0.081425,0.003906
1784249736.081916,0,80.833946,0.054283,0.003906
1784249736.091046,0,80.833923,-0.027142,0.000000
1784249736.100894,0,80.833923,-0.015509,0.003906
1784249736.110982,0,80.833893,-0.062038,0.003906
1784249736.120908,0,80.833946,0.038774,0.003906
1784249736.130985,0,80.833893,-0.081425,0.003906
1784249736.141061,0,80.833923,0.000000,0.003906
1784249736.150976,0,80.833923,-0.011632,0.003906
1784249736.161047,0,80.833923,-0.011632,0.000000
1784249736.170990,0,80.833893,-0.062038,0.007812
1784249736.181047,0,80.833923,-0.011632,0.003906
1784249736.191033,0,80.833923,-0.011632,0.000000
1784249736.200998,0,80.833923,-0.015509,0.003906
1784249736.211052,0,80.833946,0.054283,0.003906
1784249736.221010,0,80.833893,0.000000,0.000000
1784249736.230918,0,80.833923,0.003877,0.003906
1784249736.241039,0,80.833923,0.003877,0.003906
1784249736.251086,0,80.833923,-0.019387,0.003906
1784249736.261008,0,80.833893,-0.077547,0.000000
1784249736.272022,0,80.833923,-0.015509,0.003906
1784249736.282122,0,80.833946,0.042651,0.011719
1784249736.292004,0,80.833946,0.015509,0.003906
1784249736.302363,0,80.833893,-0.062038,0.003906
1784249736.312420,0,80.833946,0.050406,0.003906
1784249736.320896,0,80.833893,-0.046528,0.007812
1784249736.330991,0,80.833923,-0.011632,0.007812
1784249736.341009,0,80.833923,-0.007755,0.003906
1784249736.351014,0,80.833893,-0.062038,0.003906
1784249736.362008,0,80.833923,-0.011632,0.000000
1784249736.372030,0,80.833893,-0.058161,0.003906
1784249736.381071,0,80.833923,-0.011632,0.000000
1784249736.390989,0,80.833893,-0.058161,0.000000
1784249736.401021,0,80.833893,-0.003877,0.007812
1784249736.412155,0,80.833923,0.000000,0.007812
1784249736.420986,0,80.833893,-0.050406,0.003906
1784249736.431008,0,80.833923,0.019387,0.000000
1784249736.442010,0,80.833923,0.003877,0.000000
1784249736.450963,0,80.833923,-0.023264,0.000000
1784249736.461042,0,80.833923,-0.023264,0.003906
1784249736.471015,0,80.833923,-0.019387,0.003906
1784249736.482382,0,80.833923,-0.011632,0.000000
1784249736.492001,0,80.833923,-0.007755,0.000000
1784249736.501045,0,80.833893,-0.081425,0.003906
1784249736.510973,0,80.833893,-0.073670,0.000000
1784249736.520859,0,80.833923,0.000000,0.003906
1784249736.530797,0,80.833893,-0.054283,0.007812
1784249736.540948,0,80.833893,-0.065915,0.000000
1784249736.550953,0,80.833893,-0.062038,0.007812
1784249736.561117,0,80.833893,-0.058161,0.011719
1784249736.571089,0,80.833923,0.000000,0.007812
1784249736.580995,0,80.833946,0.058161,0.007812
1784249736.590912,0,80.833893,-0.058161,0.000000
1784249736.600825,0,80.833923,-0.015509,0.003906
1784249736.610983,0,80.833923,0.007755,0.007812
1784249736.621006,0,80.833893,-0.058161,0.007812
1784249736.631121,0,80.833893,-0.058161,0.000000
1784249736.641061,0,80.833923,-0.058161,0.000000
1784249736.651099,0,80.833946,0.050406,0.003906
1784249736.660873,0,80.833923,-0.003877,0.007812
1784249736.671372,0,80.833893,-0.038774,0.003906
1784249736.681057,0,80.833946,0.054283,0.000000
1784249736.691005,0,80.833893,-0.065915,0.000000
1784249736.701043,0,80.833893,-0.046528,0.003906
1784249736.710967,0,80.833923,-0.015509,0.003906
1784249736.720985,0,80.833893,-0.050406,0.000000
1784249736.732050,0,80.833893,-0.058161,0.003906
1784249736.740905,0,80.833893,-0.062038,0.000000
1784249736.750980,0,80.833923,-0.007755,0.003906
1784249736.760975,0,80.833923,-0.003877,0.003906
1784249736.770932,0,80.833893,-0.050406,0.003906
1784249736.780955,0,80.833893,-0.038774,0.000000
1784249736.790859,0,80.833923,0.000000,0.003906
1784249736.800997,0,80.833923,-0.062038,0.003906
1784249736.810882,0,80.833923,0.000000,0.007812
1784249736.820884,0,80.833923,-0.011632,0.000000
1784249736.830948,0,80.833923,0.003877,0.007812
1784249736.840875,0,80.833923,-0.003877,0.000000
1784249736.850911,0,80.833893,-0.065915,0.000000
1784249736.861061,0,80.833893,0.019387,0.000000
1784249736.871146,0,80.833893,-0.058161,0.003906
1784249736.881013,0,80.833893,-0.038774,0.000000
1784249736.891325,0,80.833946,0.058161,0.003906
1784249736.901032,0,80.833923,0.000000,0.000000
1784249736.911338,0,80.833893,-0.062038,0.000000
1784249736.921034,0,80.833946,0.054283,0.003906
1784249736.930832,0,80.833946,0.058161,0.003906
1784249736.940822,0,80.833923,0.003877,0.007812
1784249736.950872,0,80.833923,-0.007755,0.000000
1784249736.960884,0,80.833923,0.007755,0.003906
1784249736.970942,0,80.833893,-0.058161,0.007812
1784249736.980996,0,80.833923,0.003877,0.003906
1784249736.992042,0,80.833923,-0.015509,0.000000
1784249737.002349,0,80.833923,0.000000,0.003906
1784249737.012388,0,80.833893,-0.058161,0.007812
1784249737.021911,0,80.833923,-0.023264,0.000000
1784249737.030827,0,80.833923,-0.007755,0.000000
1784249737.042367,0,80.833923,-0.011632,0.007812
1784249737.051994,0,80.833923,-0.007755,0.000000
1784249737.060909,0,80.833893,-0.058161,0.007812
1784249737.072366,0,80.833893,-0.054283,0.000000
1784249737.082095,0,80.833923,-0.015509,0.000000
1784249737.092337,0,80.833923,-0.023264,0.003906
1784249737.101933,0,80.833923,-0.015509,0.003906
1784249737.111080,0,80.833923,0.007755,0.007812
1784249737.120900,0,80.833893,-0.073670,0.003906
1784249737.132091,0,80.833923,0.000000,0.003906
1784249737.140897,0,80.833923,-0.003877,0.000000
1784249737.150864,0,80.833893,-0.038774,0.000000
1784249737.161163,0,80.833893,-0.073670,0.003906
1784249737.170950,0,80.833923,0.000000,0.000000
1784249737.180892,0,80.833923,0.000000,0.003906
1784249737.191041,0,80.833923,-0.011632,0.000000
1784249737.200826,0,80.833893,-0.073670,0.003906
1784249737.210834,0,80.833893,-0.050406,0.000000
1784249737.220821,0,80.833893,-0.058161,0.003906
1784249737.230795,0,80.833923,-0.007755,0.000000
1784249737.240807,0,80.833946,0.054283,0.000000
1784249737.250945,0,80.833893,-0.054283,0.000000
1784249737.260737,0,80.833923,-0.007755,0.007812
1784249737.270822,0,80.833923,-0.007755,0.007812
1784249737.281027,0,80.833923,-0.023264,0.007812
1784249737.290815,0,80.833923,0.000000,0.007812
1784249737.300957,0,80.833923,-0.003877,0.003906
1784249737.310886,0,80.833923,-0.015509,0.000000
1784249737.320882,0,80.833893,-0.062038,0.000000
1784249737.330871,0,80.833893,-0.046528,0.000000
1784249737.340902,0,80.833923,-0.027142,0.000000
1784249737.350878,0,80.833893,-0.069793,0.000000
1784249737.360889,0,80.833923,-0.015509,0.003906
1784249737.370901,0,80.833893,-0.073670,0.000000
1784249737.380782,0,80.833893,-0.050406,0.003906
1784249737.390896,0,80.833923,-0.023264,0.007812
1784249737.401026,0,80.833923,0.007755,0.000000
1784249737.410857,0,80.833923,-0.062038,0.007812
1784249737.420835,0,80.833893,-0.058161,0.000000
1784249737.431851,0,80.833893,-0.062038,0.000000
1784249737.440846,0,80.833893,-0.042651,0.000000
1784249737.450799,0,80.833893,-0.058161,0.000000
1784249737.460827,0,80.833923,-0.003877,0.003906
1784249737.470792,0,80.833893,-0.054283,0.000000
1784249737.480888,0,80.833893,-0.081425,0.000000
1784249737.490815,0,80.833923,-0.007755,0.007812
1784249737.500811,0,80.833893,-0.038774,0.007812
1784249737.510772,0,80.833923,0.058161,0.003906
1784249737.520901,0,80.833923,0.000000,0.003906
1784249737.530827,0,80.833923,-0.007755,0.000000
1784249737.541975,0,80.833893,-0.062038,0.003906
1784249737.551937,0,80.833923,0.000000,0.000000
1784249737.561031,0,80.833923,0.000000,0.003906
1784249737.572213,0,80.833923,-0.015509,0.003906
1784249737.582218,0,80.833893,-0.058161,0.003906
1784249737.592203,0,80.833923,0.000000,0.000000
1784249737.602249,0,80.833893,-0.069793,0.003906
1784249737.612248,0,80.833893,-0.089180,0.000000
1784249737.621866,0,80.833893,-0.046528,0.003906
1784249737.631075,0,80.833923,0.000000,0.003906
1784249737.642021,0,80.833923,-0.023264,0.003906
1784249737.652295,0,80.833893,-0.058161,0.000000
1784249737.660862,0,80.833893,-0.085302,0.000000
1784249737.670810,0,80.833893,-0.062038,0.000000
1784249737.680959,0,80.833923,0.000000,0.003906
1784249737.690831,0,80.833946,0.046528,0.000000
1784249737.700811,0,80.833923,-0.011632,0.000000
1784249737.710930,0,80.833893,-0.062038,0.003906
1784249737.721776,0,80.833893,-0.058161,0.000000
1784249737.730994,0,80.833893,-0.027142,0.007812
1784249737.740702,0,80.833893,-0.065915,0.000000
1784249737.750891,0,80.833923,-0.007755,0.000000
1784249737.760867,0,80.833923,-0.019387,0.000000
1784249737.772099,0,80.833923,0.000000,0.003906
1784249737.780865,0,80.833923,-0.062038,0.007812
1784249737.792137,0,80.833893,-0.081425,0.003906
1784249737.802087,0,80.833893,-0.073670,0.007812
1784249737.812063,0,80.833923,0.000000,0.003906
1784249737.821918,0,80.833923,0.000000,0.000000
1784249737.831983,0,80.833946,0.038774,0.003906
1784249737.842289,0,80.833923,0.000000,0.000000
1784249737.852299,0,80.833893,-0.038774,0.003906
1784249737.862295,0,80.833923,0.011632,0.007812
1784249737.872253,0,80.833923,-0.011632,0.007812
1784249737.881763,0,80.833893,-0.069793,0.000000
1784249737.890826,0,80.833923,-0.019387,0.003906
1784249737.900902,0,80.833923,0.000000,0.000000
1784249737.910779,0,80.833946,0.031019,0.007812
1784249737.921997,0,80.833923,-0.023264,0.003906
1784249737.932070,0,80.833923,-0.019387,0.000000
1784249737.941960,0,80.833923,-0.027142,0.007812
1784249737.950824,0,80.833946,0.050406,0.000000
1784249737.960933,0,80.833923,-0.019387,0.003906
1784249737.972260,0,80.833946,0.054283,0.007812
1784249737.982087,0,80.833893,-0.058161,0.000000
1784249737.992261,0,80.833893,-0.073670,0.003906
1784249738.001962,0,80.833923,-0.015509,0.000000
1784249738.012142,0,80.833923,0.000000,0.007812
1784249738.022074,0,80.833923,-0.003877,0.003906
1784249738.030831,0,80.833923,-0.003877,0.000000
1784249738.040821,0,80.833923,0.007755,0.007812
1784249738.052089,0,80.833923,0.000000,0.007812
1784249738.060960,0,80.833923,0.000000,0.007812
1784249738.072250,0,80.833923,0.000000,0.000000
1784249738.081873,0,80.833946,0.046528,0.000000
1784249738.092247,0,80.833923,0.000000,0.003906
1784249738.102132,0,80.833923,0.000000,0.007812
1784249738.110831,0,80.833923,-0.003877,0.003906
1784249738.121880,0,80.833893,-0.069793,0.007812
1784249738.131975,0,80.833923,0.000000,0.003906
1784249738.140805,0,80.833923,-0.019387,0.007812
1784249738.150810,0,80.833893,-0.038774,0.007812
1784249738.160891,0,80.833893,-0.062038,0.000000
1784249738.170874,0,80.833923,0.000000,0.000000
1784249738.180822,0,80.833893,-0.062038,0.003906
1784249738.191977,0,80.833893,-0.062038,0.000000
1784249738.201958,0,80.833923,-0.011632,0.003906
1784249738.210992,0,80.833893,-0.058161,0.003906
1784249738.220865,0,80.833923,0.000000,0.003906
1784249738.231883,0,80.833923,-0.011632,0.007812
1784249738.240745,0,80.833923,-0.015509,0.003906
1784249738.252252,0,80.833923,0.000000,0.000000
1784249738.261931,0,80.833923,-0.023264,0.000000
1784249738.271902,0,80.833923,-0.007755,0.000000
1784249738.280811,0,80.833923,-0.023264,0.003906
1784249738.291966,0,80.833923,0.038774,0.007812
1784249738.302249,0,80.833923,-0.011632,0.000000
1784249738.312237,0,80.833893,-0.058161,0.007812
1784249738.320856,0,80.833893,-0.062038,0.003906
1784249738.330804,0,80.833923,-0.007755,0.000000
1784249738.340806,0,80.833893,-0.042651,0.007812
1784249738.350805,0,80.833923,0.000000,0.011719
1784249738.362074,0,80.833923,0.000000,0.007812
1784249738.371829,0,80.833946,0.042651,0.007812
1784249738.382107,0,80.833923,-0.007755,0.000000
1784249738.392010,0,80.833893,-0.077547,0.000000
1784249738.402137,0,80.833923,-0.015509,0.003906
1784249738.412037,0,80.833923,-0.003877,0.000000
1784249738.421794,0,80.833893,-0.069793,0.003906
1784249738.430888,0,80.833923,-0.007755,0.000000
1784249738.440802,0,80.833893,-0.054283,0.007812
1784249738.451939,0,80.833946,0.058161,0.007812
1784249738.461900,0,80.833893,-0.038774,0.000000
1784249738.471923,0,80.833946,0.073670,0.007812
1784249738.481896,0,80.833946,0.054283,0.000000
1784249738.490952,0,80.833923,0.000000,0.000000
1784249738.501904,0,80.833923,-0.007755,0.000000
1784249738.512262,0,80.833923,-0.007755,0.003906
1784249738.521918,0,80.833923,0.000000,0.000000
1784249738.531871,0,80.833946,0.046528,0.007812
1784249738.540937,0,80.833893,-0.062038,0.003906
1784249738.550868,0,80.833923,-0.003877,0.003906
1784249738.561797,0,80.833923,-0.011632,0.007812
1784249738.571877,0,80.833946,-0.069793,0.003906
1784249738.581930,0,80.833946,-0.003877,0.000000
1784249738.592226,0,80.833893,-0.046528,0.000000
1784249738.602237,0,80.833893,-0.003877,0.000000
1784249738.612085,0,80.833893,-0.050406,0.007812
1784249738.621948,0,80.833893,-0.089180,0.003906
1784249738.632002,0,80.833923,0.000000,0.007812
1784249738.641882,0,80.833923,0.000000,0.000000
1784249738.650867,0,80.833946,0.038774,0.003906
1784249738.660818,0,80.833893,-0.062038,0.000000
1784249738.670697,0,80.833923,-0.003877,0.003906
1784249738.680692,0,80.833893,-0.058161,0.003906
1784249738.692125,0,80.833923,-0.015509,0.007812
1784249738.702168,0,80.833893,-0.058161,0.000000
1784249738.712144,0,80.833923,0.000000,0.003906
1784249738.721746,0,80.833893,-0.069793,0.000000
1784249738.732121,0,80.833923,0.007755,0.003906
1784249738.741865,0,80.833923,0.003877,0.003906
1784249738.752106,0,80.833893,-0.054283,0.011719
1784249738.761808,0,80.833893,-0.058161,0.003906
1784249738.772075,0,80.833893,-0.050406,0.000000
1784249738.781807,0,80.833923,0.000000,0.003906
1784249738.790684,0,80.833923,-0.011632,0.003906
1784249738.800611,0,80.833923,0.000000,0.000000
1784249738.810740,0,80.833893,-0.062038,0.000000
1784249738.821830,0,80.833923,-0.011632,0.003906
1784249738.831940,0,80.833946,0.042651,0.003906
1784249738.842127,0,80.833923,0.000000,0.003906
1784249738.852120,0,80.833893,-0.062038,0.003906
1784249738.862131,0,80.833946,0.054283,0.003906
1784249738.872138,0,80.833893,0.000000,0.003906
1784249738.881933,0,80.833923,-0.007755,0.003906
1784249738.890751,0,80.833946,0.038774,0.003906
1784249738.901859,0,80.833923,0.000000,0.007812
1784249738.911853,0,80.833893,-0.038774,0.003906
1784249738.920622,0,80.833893,-0.065915,0.003906
1784249738.931802,0,80.833923,-0.007755,0.003906
1784249738.942191,0,80.833923,-0.015509,0.000000
1784249738.950887,0,80.833893,-0.058161,0.003906
1784249738.960788,0,80.833923,-0.011632,0.003906
1784249738.970617,0,80.833923,0.065915,0.000000
1784249738.980602,0,80.833946,0.054283,0.007812
1784249738.990677,0,80.833923,-0.007755,0.000000
1784249739.002204,0,80.833923,0.054283,0.007812
1784249739.010766,0,80.833923,0.000000,0.000000
1784249739.021868,0,80.833893,-0.069793,0.000000
1784249739.030768,0,80.833893,-0.050406,0.003906
1784249739.040696,0,80.833946,0.054283,0.003906
1784249739.052094,0,80.833946,0.054283,0.003906
1784249739.061813,0,80.833893,-0.054283,0.007812
1784249739.071729,0,80.833893,-0.062038,0.003906
1784249739.080672,0,80.833923,0.000000,0.003906
1784249739.090768,0,80.833893,-0.065915,0.003906
1784249739.100748,0,80.833923,-0.007755,0.007812
1784249739.112246,0,80.833893,-0.062038,0.000000
1784249739.121897,0,80.833893,-0.046528,0.003906
1784249739.131972,0,80.833946,0.038774,0.003906
1784249739.140812,0,80.833893,-0.054283,0.003906
1784249739.151802,0,80.833923,0.000000,0.003906
1784249739.160865,0,80.833893,-0.069793,0.000000
1784249739.172067,0,80.833946,0.034896,0.003906
1784249739.181822,0,80.833923,0.000000,0.000000
1784249739.190764,0,80.833923,0.003877,0.003906
1784249739.201128,0,80.833893,-0.058161,0.003906
1784249739.211002,0,80.833923,0.000000,0.003906
1784249739.221008,0,80.833923,0.000000,0.000000
1784249739.230863,0,80.833923,0.000000,0.003906
1784249739.240680,0,80.833923,-0.003877,0.003906
1784249739.250725,0,80.833893,-0.054283,0.007812
1784249739.260789,0,80.833923,-0.003877,0.007812
1784249739.271702,0,80.833923,-0.007755,0.000000
1784249739.280767,0,80.833893,-0.065915,0.007812
1784249739.290704,0,80.833893,-0.062038,0.000000
1784249739.300658,0,80.833923,0.003877,0.003906
1784249739.310575,0,80.833923,-0.015509,0.007812
1784249739.321876,0,80.833923,0.000000,0.000000
1784249739.331851,0,80.833893,-0.073670,0.000000
1784249739.342087,0,80.833923,0.000000,0.007812
1784249739.351822,0,80.833893,-0.023264,0.003906
1784249739.361857,0,80.833893,-0.062038,0.000000
1784249739.370737,0,80.833923,0.000000,0.003906
1784249739.382224,0,80.833923,-0.003877,0.007812
1784249739.391757,0,80.833893,-0.058161,0.000000
1784249739.402193,0,80.833923,0.019387,0.000000
1784249739.412173,0,80.833946,0.062038,0.007812
1784249739.421867,0,80.833893,-0.058161,0.000000
1784249739.432133,0,80.833946,0.038774,0.000000
1784249739.441762,0,80.833923,-0.003877,0.000000
1784249739.451878,0,80.833923,0.007755,0.003906
1784249739.462000,0,80.833923,-0.003877,0.000000
1784249739.471995,0,80.833893,-0.038774,0.003906
1784249739.480764,0,80.833893,-0.062038,0.000000
1784249739.491949,0,80.833923,-0.058161,0.003906
1784249739.501763,0,80.833923,-0.007755,0.007812
1784249739.511797,0,80.833923,0.019387,0.007812
1784249739.520708,0,80.833923,-0.003877,0.003906
1784249739.532023,0,80.833893,-0.027142,0.003906
1784249739.540701,0,80.833893,-0.058161,0.000000
1784249739.550745,0,80.833923,0.000000,0.000000
1784249739.561760,0,80.833923,0.000000,0.000000
1784249739.571827,0,80.833893,-0.034896,0.007812
1784249739.582157,0,80.833893,-0.058161,0.003906
1784249739.591735,0,80.833893,-0.077547,0.003906
1784249739.600865,0,80.833923,0.007755,0.003906
1784249739.611826,0,80.833923,0.000000,0.007812
1784249739.621900,0,80.833893,-0.050406,0.007812
1784249739.631864,0,80.833946,0.054283,0.003906
1784249739.642017,0,80.833923,0.000000,0.007812
1784249739.650750,0,80.833923,0.007755,0.003906
1784249739.660759,0,80.833893,-0.062038,0.000000
1784249739.672148,0,80.833923,0.000000,0.003906
1784249739.682187,0,80.833923,-0.011632,0.000000
1784249739.692022,0,80.833923,-0.007755,0.000000
1784249739.702170,0,80.833893,-0.054283,0.003906
1784249739.710783,0,80.833923,0.000000,0.003906
1784249739.721878,0,80.833893,-0.058161,0.003906
1784249739.730562,0,80.833923,0.003877,0.003906
1784249739.741891,0,80.833923,0.000000,0.000000
1784249739.751917,0,80.833923,-0.015509,0.007812
1784249739.761787,0,80.833923,-0.011632,0.000000
1784249739.771758,0,80.833923,0.000000,0.003906
1784249739.780695,0,80.833923,0.000000,0.003906
1784249739.791753,0,80.833893,-0.050406,0.003906
1784249739.801755,0,80.833893,-0.054283,0.003906
1784249739.812170,0,80.833893,-0.069793,0.000000
1784249739.821922,0,80.833923,-0.003877,0.003906
1784249739.830776,0,80.833923,-0.007755,0.000000
1784249739.840691,0,80.833923,0.003877,0.007812
1784249739.851621,0,80.833923,-0.003877,0.003906
1784249739.860598,0,80.833923,-0.007755,0.003906
1784249739.871678,0,80.833893,-0.062038,0.000000
1784249739.882154,0,80.833923,0.007755,0.003906
1784249739.891593,0,80.833923,-0.003877,0.003906
1784249739.901749,0,80.833923,0.000000,0.003906
1784249739.912102,0,80.833893,-0.050406,0.007812
1784249739.921767,0,80.833893,-0.058161,0.003906
1784249739.931823,0,80.833923,-0.015509,0.007812
1784249739.941796,0,80.833923,0.003877,0.003906
1784249739.952116,0,80.833946,0.046528,0.000000
1784249739.960714,0,80.833923,-0.007755,0.000000
1784249739.971712,0,80.833923,0.007755,0.003906
1784249739.980685,0,80.833923,-0.007755,0.000000
1784249739.990625,0,80.833923,-0.023264,0.003906
1784249740.000591,0,80.833893,-0.058161,0.000000
1784249740.010697,0,80.833923,-0.019387,0.003906
1784249740.020654,0,80.833923,-0.007755,0.007812
1784249740.030533,0,80.833893,-0.058161,0.000000
1784249740.041681,0,80.833893,-0.062038,0.003906
1784249740.050518,0,80.833893,-0.058161,0.007812
1784249740.061673,0,80.833923,-0.050406,0.003906
1784249740.070727,0,80.833923,0.000000,0.000000
1784249740.081697,0,80.833923,0.000000,0.000000
1784249740.091820,0,80.833946,0.054283,0.000000
1784249740.101705,0,80.833893,-0.077547,0.003906
1784249740.110634,0,80.833923,0.000000,0.003906
1784249740.120621,0,80.833893,-0.062038,0.000000
1784249740.130630,0,80.833923,-0.003877,0.003906
1784249740.140567,0,80.833923,-0.003877,0.003906
1784249740.150616,0,80.833923,0.000000,0.000000
1784249740.160638,0,80.833923,0.003877,0.007812
1784249740.170640,0,80.833893,-0.081425,0.000000
1784249740.180629,0,80.833893,-0.015509,0.000000
1784249740.190650,0,80.833893,-0.054283,0.003906
1784249740.202152,0,80.833893,-0.050406,0.003906
1784249740.211645,0,80.833893,-0.054283,0.003906
1784249740.221713,0,80.833893,-0.054283,0.007812
1784249740.230515,0,80.833923,0.000000,0.000000
1784249740.240581,0,80.833946,0.054283,0.000000
1784249740.252123,0,80.833923,-0.019387,0.003906
1784249740.261617,0,80.833923,0.000000,0.003906
1784249740.271706,0,80.833923,0.011632,0.003906
1784249740.281781,0,80.833923,-0.011632,0.000000
1784249740.291719,0,80.833946,0.062038,0.000000
1784249740.302150,0,80.833923,0.000000,0.000000
1784249740.312121,0,80.833923,-0.007755,0.003906
1784249740.321743,0,80.833946,0.054283,0.003906
1784249740.331807,0,80.833923,0.011632,0.007812
1784249740.341835,0,80.833923,0.007755,0.007812
1784249740.352147,0,80.833893,-0.069793,0.000000
1784249740.361947,0,80.833923,-0.062038,0.000000
1784249740.372098,0,80.833923,0.000000,0.000000
1784249740.381750,0,80.833923,-0.011632,0.000000
1784249740.391724,0,80.833923,-0.003877,0.000000
1784249740.402165,0,80.833923,-0.027142,0.003906
1784249740.412120,0,80.833923,0.015509,0.003906
1784249740.421744,0,80.833893,-0.065915,0.003906
1784249740.430557,0,80.833893,-0.073670,0.000000
1784249740.440720,0,80.833893,-0.058161,0.003906
1784249740.450641,0,80.833923,0.000000,0.000000
1784249740.462101,0,80.833893,-0.058161,0.003906
1784249740.471824,0,80.833893,0.000000,0.000000
1784249740.481687,0,80.833923,-0.003877,0.003906
1784249740.490681,0,80.833923,-0.003877,0.003906
1784249740.502113,0,80.833893,-0.062038,0.007812
1784249740.511833,0,80.833923,-0.007755,0.000000
1784249740.521967,0,80.833923,-0.023264,0.003906
1784249740.531762,0,80.833923,0.000000,0.003906
1784249740.541982,0,80.833923,-0.007755,0.003906
1784249740.552140,0,80.833923,0.000000,0.000000
1784249740.561934,0,80.833893,-0.062038,0.000000
1784249740.571866,0,80.833923,-0.062038,0.003906
1784249740.581872,0,80.833893,-0.058161,0.003906
1784249740.591668,0,80.833893,0.007755,0.003906
1784249740.601674,0,80.833893,-0.069793,0.003906
1784249740.611912,0,80.833893,-0.042651,0.003906
1784249740.621717,0,80.833893,-0.042651,0.003906
1784249740.631716,0,80.833923,0.003877,0.003906
1784249740.641670,0,80.833923,0.000000,0.007812
1784249740.651998,0,80.833893,-0.054283,0.007812
1784249740.661680,0,80.833893,-0.062038,0.003906
1784249740.672090,0,80.833923,0.000000,0.003906
1784249740.681621,0,80.833923,0.000000,0.000000
1784249740.691727,0,80.833893,-0.038774,0.000000
1784249740.701779,0,80.833893,-0.050406,0.003906
1784249740.711649,0,80.833946,0.046528,0.003906
1784249740.721745,0,80.833923,0.003877,0.000000
1784249740.730591,0,80.833923,-0.027142,0.003906
1784249740.741713,0,80.833923,-0.011632,0.000000
1784249740.751776,0,80.833946,0.046528,0.000000
1784249740.760561,0,80.833923,0.007755,0.003906
1784249740.771704,0,80.833923,0.000000,0.007812
1784249740.781861,0,80.833893,-0.058161,0.000000
1784249740.791708,0,80.833893,-0.054283,0.000000
1784249740.802089,0,80.833923,0.000000,0.000000
1784249740.811890,0,80.833893,-0.058161,0.000000
1784249740.821929,0,80.833923,0.007755,0.003906
1784249740.831769,0,80.833923,0.019387,0.000000
1784249740.842054,0,80.833923,-0.011632,0.000000
1784249740.852046,0,80.833923,-0.027142,0.007812
1784249740.860563,0,80.833923,0.000000,0.000000
1784249740.871886,0,80.833923,-0.062038,0.003906
1784249740.880542,0,80.833923,-0.003877,0.003906
1784249740.891714,0,80.833923,-0.015509,0.003906
1784249740.901729,0,80.833923,-0.019387,0.000000
1784249740.910592,0,80.833893,-0.081425,0.000000
1784249740.921733,0,80.833923,-0.007755,0.007812
1784249740.931491,0,80.833946,0.054283,0.000000
1784249740.941875,0,80.833855,-0.112444,0.007812
1784249740.952038,0,80.833946,0.058161,0.003906
1784249740.961629,0,80.833923,-0.011632,0.003906
1784249740.971714,0,80.833893,-0.050406,0.000000
1784249740.981654,0,80.833893,-0.058161,0.003906
1784249740.991569,0,80.833893,-0.058161,0.003906
1784249741.000524,0,80.833923,-0.027142,0.007812
1784249741.010607,0,80.833893,-0.062038,0.003906
1784249741.021703,0,80.833923,-0.019387,0.003906
1784249741.032079,0,80.833893,-0.062038,0.003906
1784249741.042061,0,80.833893,-0.003877,0.000000
1784249741.051734,0,80.833923,0.000000,0.000000
1784249741.061859,0,80.833923,0.000000,0.003906
1784249741.071831,0,80.833893,-0.054283,0.003906
1784249741.082047,0,80.833923,-0.065915,0.003906
1784249741.092004,0,80.833946,0.000000,0.003906
1784249741.102086,0,80.833923,0.019387,0.003906
1784249741.111777,0,80.833923,-0.011632,0.000000
1784249741.121918,0,80.833923,0.000000,0.000000
1784249741.131903,0,80.833946,0.054283,0.007812
1784249741.142048,0,80.833923,-0.007755,0.003906
1784249741.152043,0,80.833923,0.000000,0.000000
1784249741.162046,0,80.833893,-0.069793,0.007812
1784249741.171816,0,80.833893,-0.073670,0.000000
1784249741.181753,0,80.833893,-0.058161,0.000000
1784249741.191604,0,80.833923,-0.019387,0.003906
1784249741.201886,0,80.833893,-0.050406,0.000000
1784249741.212017,0,80.833946,0.046528,0.000000
1784249741.221832,0,80.833893,-0.077547,0.000000
1784249741.232054,0,80.833923,-0.003877,0.007812
1784249741.242051,0,80.833923,-0.003877,0.007812
1784249741.252040,0,80.833923,-0.003877,0.000000
1784249741.262054,0,80.833923,0.050406,0.007812
1784249741.271596,0,80.833923,0.000000,0.007812
1784249741.281826,0,80.833893,-0.062038,0.000000
1784249741.291806,0,80.833893,-0.069793,0.007812
1784249741.302086,0,80.833923,-0.003877,0.000000
1784249741.311665,0,80.833923,-0.015509,0.000000
1784249741.321877,0,80.833946,0.050406,0.003906
1784249741.331721,0,80.833923,-0.019387,0.003906
1784249741.342052,0,80.833893,0.046528,0.003906
1784249741.352068,0,80.833893,-0.058161,0.003906
1784249741.360448,0,80.833923,0.000000,0.003906
1784249741.371608,0,80.833923,-0.019387,0.003906
1784249741.381553,0,80.833923,0.000000,0.000000
1784249741.391516,0,80.833923,0.007755,0.003906
1784249741.401722,0,80.833923,0.000000,0.003906
1784249741.411959,0,80.833923,0.000000,0.007812
1784249741.421786,0,80.833923,0.003877,0.003906
1784249741.431912,0,80.833923,-0.007755,0.000000
1784249741.441452,0,80.833923,0.003877,0.003906
1784249741.451516,0,80.833923,0.000000,0.003906
1784249741.460472,0,80.833893,-0.054283,0.000000
1784249741.471588,0,80.833893,-0.058161,0.007812
1784249741.481573,0,80.833893,-0.062038,0.003906
1784249741.490482,0,80.833893,-0.054283,0.007812
1784249741.501589,0,80.833946,0.069793,0.007812
1784249741.511560,0,80.833946,0.054283,0.007812
1784249741.521770,0,80.833893,-0.054283,0.007812
1784249741.531624,0,80.833893,-0.062038,0.000000
1784249741.541922,0,80.833893,-0.050406,0.007812
1784249741.551739,0,80.833893,-0.073670,0.000000
1784249741.560477,0,80.833923,-0.023264,0.003906
1784249741.570564,0,80.833923,-0.007755,0.003906
1784249741.581595,0,80.833923,0.000000,0.007812
1784249741.591611,0,80.833893,-0.054283,0.000000
1784249741.601564,0,80.833923,0.000000,0.003906
1784249741.611656,0,80.833923,-0.034896,0.000000
1784249741.621650,0,80.833946,0.054283,0.000000
1784249741.632033,0,80.833923,-0.003877,0.003906
1784249741.641891,0,80.833923,-0.003877,0.007812
1784249741.651792,0,80.833923,0.007755,0.003906
1784249741.661691,0,80.833923,-0.011632,0.003906
1784249741.671640,0,80.833923,0.000000,0.003906
1784249741.681665,0,80.833923,-0.003877,0.000000
1784249741.691655,0,80.833893,-0.069793,0.003906
1784249741.701799,0,80.833923,-0.003877,0.000000
1784249741.711777,0,80.833946,0.042651,0.003906
1784249741.721586,0,80.833893,-0.058161,0.000000
1784249741.731664,0,80.833923,0.003877,0.003906
1784249741.741595,0,80.833923,-0.031019,0.000000
1784249741.752037,0,80.833923,0.007755,0.007812
1784249741.762032,0,80.833923,0.000000,0.003906
1784249741.771576,0,80.833855,-0.127953,0.000000
1784249741.781752,0,80.833946,0.054283,0.003906
1784249741.791568,0,80.833893,-0.062038,0.000000
1784249741.801679,0,80.833923,-0.015509,0.003906
1784249741.811817,0,80.833923,-0.003877,0.000000
1784249741.821580,0,80.833923,0.000000,0.000000
1784249741.831602,0,80.833893,-0.069793,0.003906
1784249741.841996,0,80.833946,0.038774,0.007812
1784249741.851819,0,80.833923,-0.011632,0.003906
1784249741.862022,0,80.833923,0.000000,0.003906
1784249741.871819,0,80.833893,-0.065915,0.007812
1784249741.882060,0,80.833923,0.003877,0.003906
1784249741.891834,0,80.833893,-0.062038,0.007812
1784249741.901595,0,80.833893,-0.062038,0.007812
1784249741.911828,0,80.833923,-0.015509,0.003906
1784249741.921589,0,80.833893,-0.058161,0.007812
1784249741.931597,0,80.833893,-0.054283,0.000000
1784249741.941994,0,80.833893,-0.046528,0.003906
1784249741.952060,0,80.833923,0.000000,0.000000
1784249741.962050,0,80.833923,-0.015509,0.000000
1784249741.971988,0,80.833893,-0.050406,0.003906
1784249741.981798,0,80.833893,-0.062038,0.007812
1784249741.991989,0,80.833923,0.000000,0.003906
1784249742.001809,0,80.833893,0.000000,0.003906
1784249742.011574,0,80.833923,0.003877,0.007812
1784249742.021568,0,80.833923,-0.003877,0.003906
1784249742.031683,0,80.833893,-0.069793,0.000000
1784249742.041608,0,80.833923,-0.019387,0.003906
1784249742.052033,0,80.833923,0.000000,0.000000
1784249742.061797,0,80.833923,-0.007755,0.003906
1784249742.071939,0,80.833923,-0.007755,0.000000
1784249742.081627,0,80.833893,-0.054283,0.003906
1784249742.091944,0,80.833923,-0.011632,0.000000
1784249742.101722,0,80.833893,-0.065915,0.000000
1784249742.111533,0,80.833923,-0.015509,0.000000
1784249742.120555,0,80.833946,0.038774,-0.003906
1784249742.131616,0,80.833923,-0.015509,0.011719
1784249742.140469,0,80.833893,-0.054283,-0.007812
1784249742.151599,0,80.833923,0.000000,0.007812
1784249742.161645,0,80.833923,-0.003877,0.003906
1784249742.171534,0,80.833946,0.054283,0.000000
1784249742.181623,0,80.833923,-0.065915,0.000000
1784249742.191559,0,80.833893,-0.062038,0.000000
1784249742.202046,0,80.833893,-0.058161,0.003906
1784249742.212056,0,80.833923,-0.007755,0.000000
1784249742.221668,0,80.833923,0.000000,0.000000
1784249742.231711,0,80.833923,0.000000,0.003906
1784249742.241757,0,80.833923,0.000000,0.000000
1784249742.251959,0,80.833893,-0.050406,0.000000
1784249742.261769,0,80.833923,-0.003877,0.003906
1784249742.271530,0,80.833923,-0.011632,0.007812
1784249742.281969,0,80.833923,0.000000,0.007812
1784249742.291659,0,80.833893,-0.062038,0.003906
1784249742.301669,0,80.833923,-0.003877,0.003906
1784249742.311566,0,80.833893,-0.054283,0.000000
1784249742.320557,0,80.833893,-0.058161,0.000000
1784249742.331608,0,80.833923,0.000000,0.007812
1784249742.341633,0,80.833923,0.011632,0.003906
1784249742.351670,0,80.833923,-0.027142,0.000000
1784249742.361599,0,80.833923,0.000000,0.003906
1784249742.371577,0,80.833923,0.000000,0.003906
1784249742.381566,0,80.833923,-0.062038,0.003906
1784249742.391601,0,80.833893,-0.065915,0.000000
1784249742.401636,0,80.833923,0.000000,0.003906
1784249742.411795,0,80.833923,0.019387,0.007812
1784249742.421741,0,80.833923,0.000000,0.000000
1784249742.431996,0,80.833923,0.000000,0.003906
1784249742.441638,0,80.833923,-0.003877,0.000000
1784249742.451562,0,80.833893,-0.062038,0.003906
1784249742.461588,0,80.833923,0.007755,0.000000
1784249742.471620,0,80.833893,-0.050406,0.000000
1784249742.481633,0,80.833893,-0.054283,0.003906
1784249742.491945,0,80.833923,0.000000,0.000000
1784249742.501705,0,80.833893,-0.062038,0.003906
1784249742.511934,0,80.833923,0.000000,0.003906
1784249742.521663,0,80.833893,-0.054283,0.000000
1784249742.531654,0,80.833923,0.000000,0.003906
1784249742.541627,0,80.833923,0.003877,0.000000
1784249742.551529,0,80.833893,-0.038774,0.003906
1784249742.561645,0,80.833923,0.000000,0.000000
1784249742.571615,0,80.833923,0.011632,0.007812
1784249742.581471,0,80.833923,-0.003877,0.003906
1784249742.591938,0,80.833893,-0.054283,0.007812
1784249742.601670,0,80.833893,-0.058161,0.003906
1784249742.611501,0,80.833893,-0.081425,0.000000
1784249742.621538,0,80.833893,-0.104689,0.003906
1784249742.631516,0,80.833923,0.046528,0.000000
1784249742.641463,0,80.833893,-0.062038,0.007812
1784249742.651480,0,80.833923,0.003877,0.000000
1784249742.661493,0,80.833923,-0.003877,0.003906
1784249742.671556,0,80.833893,-0.046528,0.003906
1784249742.681504,0,80.833923,0.015509,0.003906
1784249742.691772,0,80.833893,-0.038774,0.003906
1784249742.701973,0,80.833923,-0.003877,0.003906
1784249742.711973,0,80.833923,0.019387,0.007812
1784249742.721698,0,80.833893,-0.062038,0.000000
1784249742.731936,0,80.833893,-0.065915,0.003906
1784249742.741663,0,80.833923,0.000000,0.003906
1784249742.751526,0,80.833923,-0.003877,0.003906
1784249742.761564,0,80.833923,0.000000,0.000000
1784249742.771372,0,80.833893,-0.058161,0.003906
1784249742.781604,0,80.833893,-0.073670,0.000000
1784249742.791519,0,80.833923,0.015509,0.003906
1784249742.801951,0,80.833923,0.000000,0.003906
1784249742.811446,0,80.833893,-0.050406,0.007812
1784249742.821520,0,80.833855,-0.096934,0.003906
1784249742.831467,0,80.833923,0.019387,0.003906
1784249742.841426,0,80.833893,0.000000,0.003906
1784249742.851907,0,80.833923,0.015509,0.007812
1784249742.861506,0,80.833946,0.050406,0.007812
1784249742.871670,0,80.833893,-0.050406,0.003906
1784249742.881919,0,80.833923,-0.003877,0.000000
1784249742.891914,0,80.833923,0.000000,0.000000
1784249742.901903,0,80.833923,0.000000,0.003906
1784249742.911796,0,80.833893,-0.058161,0.000000
1784249742.921522,0,80.833893,-0.058161,0.003906
1784249742.930504,0,80.833923,-0.007755,0.003906
1784249742.941568,0,80.833923,-0.007755,0.003906
1784249742.951599,0,80.833923,-0.015509,0.000000
1784249742.961555,0,80.833893,-0.081425,0.000000
1784249742.971458,0,80.833923,0.000000,0.003906
1784249742.981484,0,80.833923,0.000000,0.007812
1784249742.991658,0,80.833923,0.023264,0.007812
1784249743.001416,0,80.833893,0.000000,0.000000
1784249743.011920,0,80.833893,-0.058161,0.000000
1784249743.021471,0,80.833855,-0.116321,0.003906
1784249743.031616,0,80.833893,-0.050406,0.007812
1784249743.041939,0,80.833893,-0.058161,0.003906
1784249743.051933,0,80.833923,-0.062038,0.003906
1784249743.061950,0,80.833923,0.000000,0.000000
1784249743.071938,0,80.833923,-0.007755,0.007812
1784249743.081711,0,80.833893,0.007755,0.000000
1784249743.091744,0,80.833923,-0.007755,0.000000
1784249743.101717,0,80.833893,-0.046528,0.007812
1784249743.111922,0,80.833923,0.000000,0.000000
1784249743.121758,0,80.833923,-0.065915,0.003906
1784249743.131632,0,80.833893,-0.054283,0.000000
1784249743.141936,0,80.833923,-0.003877,0.003906
1784249743.151938,0,80.833893,-0.058161,0.003906
1784249743.161939,0,80.833923,-0.073670,0.000000
1784249743.171923,0,80.833923,0.000000,0.003906
1784249743.181926,0,80.833923,0.000000,0.003906
1784249743.191736,0,80.833893,-0.058161,0.007812
1784249743.201487,0,80.833923,0.000000,0.003906
1784249743.211556,0,80.833923,-0.011632,0.000000
1784249743.221556,0,80.833946,0.031019,0.003906
1784249743.231929,0,80.833923,-0.003877,0.007812
1784249743.241744,0,80.833893,-0.050406,0.007812
1784249743.251927,0,80.833923,-0.027142,0.007812
1784249743.261905,0,80.833923,-0.003877,0.003906
1784249743.271531,0,80.833923,0.000000,0.007812
1784249743.281674,0,80.833893,-0.081425,0.003906
1784249743.291922,0,80.833893,-0.038774,0.000000
1784249743.301518,0,80.833893,-0.058161,0.003906
1784249743.311545,0,80.833923,0.003877,0.003906
1784249743.321507,0,80.833923,-0.011632,0.007812
1784249743.331637,0,80.833923,0.000000,0.003906
1784249743.341919,0,80.833893,-0.042651,0.000000
1784249743.351914,0,80.833923,0.000000,0.003906
1784249743.361918,0,80.833893,-0.062038,0.003906
1784249743.371926,0,80.833893,-0.054283,0.000000
1784249743.381916,0,80.833923,-0.015509,0.000000
1784249743.391472,0,80.833946,0.062038,0.007812
1784249743.401933,0,80.833946,0.069793,0.003906
1784249743.411517,0,80.833923,0.011632,0.003906
1784249743.421695,0,80.833923,0.000000,0.007812
1784249743.431917,0,80.833923,0.007755,0.007812
1784249743.441691,0,80.833893,-0.038774,0.003906
1784249743.451484,0,80.833893,-0.058161,0.003906
1784249743.461578,0,80.833923,-0.003877,0.003906
1784249743.471769,0,80.833923,-0.003877,0.000000
1784249743.481725,0,80.833923,0.000000,0.007812
1784249743.491633,0,80.833893,-0.050406,0.003906
1784249743.501780,0,80.833923,-0.015509,0.000000
1784249743.511803,0,80.833923,0.000000,0.003906
1784249743.521515,0,80.833923,-0.015509,0.000000
1784249743.531380,0,80.833946,0.058161,0.007812
1784249743.541588,0,80.833893,-0.054283,0.000000
1784249743.551365,0,80.833923,0.000000,0.000000
1784249743.561382,0,80.833893,-0.062038,0.003906
1784249743.571781,0,80.833923,0.000000,0.003906
1784249743.581800,0,80.833923,-0.003877,0.000000
1784249743.591578,0,80.833893,-0.073670,0.003906
1784249743.601819,0,80.833923,-0.011632,0.003906
1784249743.611325,0,80.833893,-0.046528,0.000000
1784249743.621369,0,80.833923,-0.019387,0.003906
1784249743.631372,0,80.833893,-0.058161,0.007812
1784249743.641255,0,80.833893,-0.065915,0.000000
1784249743.651429,0,80.833893,-0.058161,0.000000
1784249743.661348,0,80.833893,-0.054283,0.003906
1784249743.671410,0,80.833923,0.000000,0.003906
1784249743.681735,0,80.833893,-0.058161,0.000000
1784249743.691536,0,80.833923,0.000000,0.000000
1784249743.701733,0,80.833893,-0.042651,0.003906
1784249743.711457,0,80.833946,0.050406,0.003906
1784249743.721494,0,80.833923,-0.003877,0.000000
1784249743.731514,0,80.833923,0.007755,0.007812
1784249743.741629,0,80.833893,-0.058161,0.000000
1784249743.751680,0,80.833893,-0.050406,0.003906
1784249743.761806,0,80.833923,-0.003877,0.003906
1784249743.771539,0,80.833923,0.000000,0.007812
1784249743.781412,0,80.833893,-0.046528,0.003906
1784249743.791873,0,80.833923,0.003877,0.000000
1784249743.801644,0,80.833923,0.000000,0.007812
1784249743.811888,0,80.833855,-0.104689,0.003906
1784249743.821449,0,80.833893,-0.058161,0.000000
1784249743.831616,0,80.833923,0.003877,0.003906
1784249743.841662,0,80.833893,-0.054283,0.000000
1784249743.851603,0,80.833923,-0.003877,0.011719
1784249743.861832,0,80.833893,-0.062038,0.000000
1784249743.871652,0,80.833893,-0.058161,0.003906
1784249743.881450,0,80.833923,-0.003877,0.007812
1784249743.891396,0,80.833923,0.000000,0.003906
1784249743.901357,0,80.833855,-0.112444,0.003906
1784249743.911527,0,80.833893,-0.054283,0.003906
1784249743.921375,0,80.833946,0.031019,0.019531
1784249743.931414,0,80.833923,0.000000,0.000000
1784249743.941417,0,80.833923,0.000000,0.003906
1784249743.951415,0,80.833923,0.000000,0.000000
1784249743.961409,0,80.833923,-0.011632,0.007812
1784249743.971377,0,80.833923,0.003877,0.007812
1784249743.981392,0,80.833923,-0.003877,0.003906
1784249743.991393,0,80.833923,-0.027142,0.000000
1784249744.001395,0,80.833923,0.000000,0.007812
1784249744.011392,0,80.833893,-0.058161,0.000000
1784249744.021758,0,80.833893,-0.073670,0.000000
1784249744.031563,0,80.833923,-0.011632,0.000000
1784249744.041535,0,80.833923,-0.003877,0.003906
1784249744.051452,0,80.833893,-0.054283,0.007812
1784249744.061429,0,80.833923,-0.015509,0.000000
1784249744.071691,0,80.833946,0.027142,0.000000
1784249744.081691,0,80.833923,-0.003877,0.000000
1784249744.091663,0,80.833923,-0.003877,0.003906
1784249744.101539,0,80.833923,-0.031019,0.003906
1784249744.111868,0,80.833946,0.019387,0.007812
1784249744.121645,0,80.833893,-0.062038,0.003906
1784249744.131832,0,80.833923,-0.007755,0.003906
1784249744.141819,0,80.833923,0.003877,0.000000
1784249744.151639,0,80.833923,-0.027142,0.003906
1784249744.161610,0,80.833893,0.000000,0.000000
1784249744.171405,0,80.833893,-0.054283,0.003906
1784249744.181374,0,80.833923,-0.003877,0.003906
1784249744.191795,0,80.833893,-0.065915,0.000000
1784249744.201793,0,80.833923,-0.027142,0.000000
1784249744.211560,0,80.833893,-0.058161,0.007812
1784249744.221834,0,80.833923,-0.011632,0.000000
1784249744.231416,0,80.833923,0.003877,0.007812
1784249744.241812,0,80.833923,-0.003877,0.000000
1784249744.251430,0,80.833893,-0.058161,0.000000
1784249744.261508,0,80.833923,0.000000,0.000000
1784249744.271517,0,80.833946,0.050406,0.007812
1784249744.281661,0,80.833946,0.042651,0.000000
1784249744.291622,0,80.833893,-0.054283,0.007812
1784249744.301645,0,80.833893,-0.058161,0.000000
1784249744.311655,0,80.833893,-0.062038,0.003906
1784249744.321614,0,80.833923,-0.007755,0.003906
1784249744.331395,0,80.833923,-0.015509,0.007812
1784249744.341873,0,80.833923,-0.007755,0.000000
1784249744.351877,0,80.833923,-0.019387,0.000000
1784249744.361817,0,80.833893,-0.054283,0.000000
1784249744.371871,0,80.833923,-0.003877,0.003906
1784249744.381579,0,80.833923,0.000000,0.003906
1784249744.391282,0,80.833855,-0.100812,0.007812
1784249744.401484,0,80.833923,-0.007755,0.000000
1784249744.411410,0,80.833855,-0.116321,0.000000
1784249744.421318,0,80.833946,0.034896,0.000000
1784249744.431522,0,80.833923,-0.015509,0.003906
1784249744.441741,0,80.833923,0.003877,0.003906
1784249744.451759,0,80.833923,-0.003877,0.003906
1784249744.461707,0,80.833893,-0.062038,0.003906
1784249744.471675,0,80.833923,0.000000,0.000000
1784249744.481488,0,80.833893,-0.050406,0.007812
1784249744.491394,0,80.833923,-0.003877,0.003906
1784249744.501447,0,80.833855,-0.112444,0.003906
1784249744.511418,0,80.833893,-0.065915,0.007812
1784249744.521347,0,80.833923,0.003877,0.007812
1784249744.531299,0,80.833923,0.011632,0.003906
1784249744.541370,0,80.833893,-0.058161,0.007812
1784249744.551428,0,80.833923,-0.003877,0.000000
1784249744.561467,0,80.833893,-0.058161,0.003906
1784249744.571248,0,80.833893,-0.042651,0.003906
1784249744.581693,0,80.833893,-0.058161,0.003906
1784249744.591596,0,80.833946,0.054283,0.003906
1784249744.601609,0,80.833893,-0.058161,0.007812
1784249744.611407,0,80.833923,0.000000,0.003906
1784249744.621439,0,80.833923,-0.003877,0.003906
1784249744.631370,0,80.833923,0.000000,0.007812
1784249744.641459,0,80.833893,-0.042651,0.000000
1784249744.651485,0,80.833893,-0.062038,0.000000
1784249744.661463,0,80.833893,-0.065915,0.007812
1784249744.671539,0,80.833923,-0.015509,0.000000
1784249744.681550,0,80.833893,-0.038774,0.003906
1784249744.691620,0,80.833923,-0.003877,0.000000
1784249744.701381,0,80.833893,-0.062038,0.000000
1784249744.711393,0,80.833893,-0.046528,0.003906
1784249744.721485,0,80.833946,0.046528,0.000000
1784249744.731377,0,80.833893,-0.062038,0.003906
1784249744.741343,0,80.833893,-0.058161,0.003906
1784249744.751622,0,80.833923,-0.003877,0.003906
1784249744.761417,0,80.833893,-0.058161,0.000000
1784249744.771536,0,80.833893,-0.058161,0.003906
1784249744.781468,0,80.833923,0.000000,0.000000
1784249744.791382,0,80.833893,-0.042651,0.003906
1784249744.801371,0,80.833893,-0.062038,0.003906
1784249744.811323,0,80.833893,-0.054283,0.007812
1784249744.821339,0,80.833923,-0.015509,0.000000
1784249744.831298,0,80.833893,-0.069793,0.007812
1784249744.841462,0,80.833893,-0.058161,0.003906
1784249744.851428,0,80.833923,0.003877,0.007812
1784249744.861766,0,80.833893,-0.054283,0.000000
1784249744.871324,0,80.833923,-0.003877,0.003906
1784249744.881606,0,80.833923,-0.023264,0.000000
1784249744.891614,0,80.833893,-0.058161,0.000000
1784249744.901678,0,80.833893,0.000000,0.003906
1784249744.911578,0,80.833923,-0.019387,0.000000
1784249744.921365,0,80.833923,-0.027142,0.000000
1784249744.931357,0,80.833893,-0.058161,0.011719
1784249744.941744,0,80.833923,0.003877,0.003906
1784249744.951594,0,80.833893,-0.062038,0.000000
1784249744.961332,0,80.833923,0.000000,0.003906
1784249744.971683,0,80.833923,0.000000,0.003906
1784249744.981624,0,80.833893,-0.058161,0.000000
1784249744.991673,0,80.833923,-0.007755,0.003906
1784249745.001415,0,80.833893,-0.046528,0.000000
1784249745.011345,0,80.833893,-0.077547,0.007812
1784249745.021347,0,80.833923,0.019387,0.003906
1784249745.031248,0,80.833923,0.000000,0.003906
1784249745.041354,0,80.833893,-0.062038,0.000000
1784249745.051640,0,80.833923,-0.058161,0.003906
1784249745.061655,0,80.833893,-0.050406,0.007812
1784249745.071361,0,80.833893,-0.069793,0.000000
1784249745.081580,0,80.833923,0.000000,0.007812
1784249745.091429,0,80.833923,-0.058161,0.007812
1784249745.101584,0,80.833893,-0.058161,0.007812
1784249745.111628,0,80.833923,0.000000,0.000000
1784249745.121491,0,80.833893,-0.054283,0.000000
1784249745.131481,0,80.833923,-0.023264,0.000000
1784249745.141468,0,80.833893,-0.065915,0.007812
1784249745.151329,0,80.833923,0.003877,0.003906
1784249745.161315,0,80.833923,-0.003877,0.000000
1784249745.171294,0,80.833923,-0.015509,0.000000
1784249745.181262,0,80.833923,-0.015509,0.007812
1784249745.191249,0,80.833923,0.000000,0.003906
1784249745.201248,0,80.833893,-0.062038,0.000000
1784249745.211237,0,80.833893,-0.054283,0.007812
1784249745.221260,0,80.833923,0.000000,0.000000
1784249745.231260,0,80.833946,0.054283,0.000000
1784249745.241236,0,80.833893,-0.058161,0.000000
1784249745.251397,0,80.833893,-0.062038,0.003906
1784249745.261740,0,80.833923,-0.003877,0.007812
1784249745.271370,0,80.833923,-0.007755,0.000000
1784249745.281438,0,80.833923,0.007755,0.011719
1784249745.291255,0,80.833893,-0.062038,0.003906
1784249745.301325,0,80.833893,-0.062038,0.000000
1784249745.311565,0,80.833923,0.000000,0.000000
1784249745.321225,0,80.833923,0.000000,0.000000
1784249745.331312,0,80.833923,0.000000,0.003906
1784249745.341345,0,80.833946,0.042651,0.003906
1784249745.351453,0,80.833923,0.003877,0.003906
1784249745.361595,0,80.833946,0.046528,0.003906
1784249745.371597,0,80.833923,0.000000,0.007812
1784249745.381592,0,80.833893,-0.058161,0.003906
1784249745.391299,0,80.833946,0.054283,0.000000
1784249745.401300,0,80.833923,-0.027142,0.000000
1784249745.411387,0,80.833923,0.007755,0.003906
1784249745.421601,0,80.833923,-0.007755,0.000000
1784249745.431486,0,80.833893,-0.062038,0.000000
1784249745.441348,0,80.833923,0.003877,0.000000
1784249745.451231,0,80.833893,-0.073670,0.003906
1784249745.461229,0,80.833923,0.007755,0.000000
1784249745.471378,0,80.833893,-0.058161,0.003906
1784249745.481273,0,80.833923,-0.003877,0.003906
1784249745.491286,0,80.833893,-0.054283,0.003906
1784249745.501317,0,80.833923,-0.023264,0.007812
1784249745.511385,0,80.833923,-0.007755,0.007812
1784249745.521361,0,80.833923,0.007755,0.007812
1784249745.531290,0,80.833893,-0.062038,0.003906
1784249745.541461,0,80.833923,0.000000,0.007812
1784249745.551467,0,80.833893,-0.058161,0.007812
1784249745.561203,0,80.833923,-0.003877,0.003906
1784249745.571287,0,80.833923,0.003877,0.003906
1784249745.581439,0,80.833893,-0.073670,0.000000
1784249745.591500,0,80.833893,-0.058161,0.007812
1784249745.601550,0,80.833923,-0.003877,0.000000
1784249745.611339,0,80.833893,-0.062038,0.000000
1784249745.621317,0,80.833923,-0.003877,0.007812
1784249745.631259,0,80.833923,-0.011632,0.003906
1784249745.641242,0,80.833923,0.003877,0.003906
1784249745.651600,0,80.833923,-0.003877,0.003906
1784249745.661270,0,80.833923,-0.011632,0.000000
1784249745.671281,0,80.833923,-0.007755,0.003906
1784249745.681243,0,80.833923,0.015509,0.003906
1784249745.691348,0,80.833893,-0.046528,0.003906
1784249745.701130,0,80.833893,-0.062038,0.007812
1784249745.711213,0,80.833893,-0.062038,0.003906
1784249745.721330,0,80.833923,0.000000,0.003906
1784249745.731357,0,80.833923,-0.007755,0.003906
1784249745.741394,0,80.833923,-0.011632,0.000000
1784249745.751615,0,80.833893,-0.058161,0.000000
1784249745.761379,0,80.833893,-0.081425,0.000000
1784249745.771349,0,80.833923,0.000000,0.007812
1784249745.781244,0,80.833923,0.007755,0.000000
1784249745.791219,0,80.833946,0.050406,0.003906
1784249745.801239,0,80.833923,-0.007755,0.000000
1784249745.811171,0,80.833855,-0.116321,0.003906
1784249745.821169,0,80.833923,-0.050406,0.000000
1784249745.831181,0,80.833923,0.007755,0.007812
1784249745.841166,0,80.833923,-0.003877,0.003906
1784249745.851161,0,80.833893,-0.058161,0.003906
1784249745.861179,0,80.833893,-0.050406,0.007812
1784249745.871501,0,80.833893,-0.062038,0.003906
1784249745.881196,0,80.833923,-0.003877,0.007812
1784249745.891164,0,80.833893,-0.073670,0.000000
1784249745.901601,0,80.833893,-0.085302,0.003906
1784249745.911209,0,80.833923,-0.015509,0.003906
1784249745.921179,0,80.833893,-0.062038,0.003906
1784249745.931343,0,80.833893,-0.050406,0.003906
1784249745.941408,0,80.833923,-0.015509,0.000000
1784249745.951512,0,80.833893,-0.069793,0.000000
1784249745.961619,0,80.833923,-0.015509,0.007812
1784249745.971558,0,80.833893,-0.073670,0.000000
1784249745.981270,0,80.833923,-0.007755,0.000000
1784249745.991350,0,80.833893,0.054283,0.003906
1784249746.001225,0,80.833893,-0.065915,0.003906
1784249746.011198,0,80.833893,-0.062038,0.000000
1784249746.021374,0,80.833923,-0.015509,0.003906
1784249746.031310,0,80.833923,-0.023264,0.000000
1784249746.041351,0,80.833893,-0.038774,0.007812
1784249746.051391,0,80.833893,-0.062038,0.000000
1784249746.061337,0,80.833893,-0.077547,0.007812
1784249746.071285,0,80.833893,-0.073670,0.000000
1784249746.081405,0,80.833946,0.050406,0.000000
1784249746.091270,0,80.833923,-0.011632,0.003906
1784249746.101294,0,80.833946,-0.003877,0.007812
1784249746.111261,0,80.833946,0.058161,0.003906
1784249746.121251,0,80.833923,-0.011632,0.000000
1784249746.131149,0,80.833893,-0.050406,0.003906
1784249746.141293,0,80.833923,-0.023264,0.000000
1784249746.151666,0,80.833893,-0.062038,0.000000
1784249746.162499,0,80.833923,-0.003877,0.000000
1784249746.171386,0,80.833923,-0.019387,0.000000
1784249746.181231,0,80.833893,-0.062038,0.000000
1784249746.191391,0,80.833946,0.054283,0.003906
1784249746.201376,0,80.833893,-0.062038,0.003906
1784249746.211529,0,80.833923,0.000000,0.007812
1784249746.221162,0,80.833893,-0.081425,0.007812
1784249746.231321,0,80.833855,-0.124076,0.003906
1784249746.241493,0,80.833893,-0.058161,0.003906
1784249746.251528,0,80.833923,-0.050406,0.000000
1784249746.261235,0,80.833923,-0.015509,0.007812
1784249746.271238,0,80.833946,0.050406,0.003906
1784249746.281227,0,80.833893,-0.081425,0.000000
1784249746.291191,0,80.833893,-0.054283,0.003906
1784249746.301290,0,80.833946,0.038774,0.000000
1784249746.311571,0,80.833923,0.000000,0.003906
1784249746.321355,0,80.833946,0.034896,0.000000
1784249746.331465,0,80.833893,-0.062038,0.003906
1784249746.341339,0,80.833946,0.038774,0.003906
1784249746.351401,0,80.833923,0.000000,0.000000
1784249746.361480,0,80.833923,-0.073670,0.003906
1784249746.371249,0,80.833855,-0.127953,0.000000
1784249746.381329,0,80.833893,-0.050406,0.007812
1784249746.391341,0,80.833923,0.007755,0.003906
1784249746.401299,0,80.833946,0.019387,0.000000
1784249746.411333,0,80.833923,-0.015509,0.003906
1784249746.421310,0,80.833923,0.000000,0.003906
1784249746.431418,0,80.833923,-0.003877,0.007812
1784249746.441227,0,80.833893,-0.050406,0.003906
1784249746.451339,0,80.833923,-0.003877,0.003906
1784249746.461376,0,80.833893,-0.050406,0.007812
1784249746.471502,0,80.833946,0.073670,0.003906
1784249746.481524,0,80.833923,-0.007755,0.000000
1784249746.491449,0,80.833923,-0.015509,0.003906
1784249746.501415,0,80.833946,0.031019,0.000000
1784249746.511450,0,80.833923,0.000000,0.003906
1784249746.521306,0,80.833893,-0.058161,0.003906
1784249746.531327,0,80.833923,-0.015509,0.003906
1784249746.541322,0,80.833923,-0.019387,0.003906
1784249746.551214,0,80.833923,0.003877,0.003906
1784249746.561476,0,80.833946,0.050406,0.007812
1784249746.571504,0,80.833893,-0.038774,0.003906
1784249746.581527,0,80.833923,0.015509,0.003906
1784249746.591316,0,80.833893,-0.058161,0.000000
1784249746.601151,0,80.833893,-0.073670,0.003906
1784249746.611653,0,80.833923,0.000000,0.000000
1784249746.621496,0,80.833893,-0.050406,0.000000
1784249746.631302,0,80.833893,-0.062038,0.000000
1784249746.641463,0,80.833893,-0.069793,0.000000
1784249746.651327,0,80.833923,-0.015509,0.003906
1784249746.661211,0,80.833893,-0.062038,0.003906
1784249746.671405,0,80.833893,-0.058161,0.007812
1784249746.681223,0,80.833923,-0.003877,0.003906
1784249746.691162,0,80.833923,-0.007755,0.000000
1784249746.701286,0,80.833923,-0.007755,0.007812
1784249746.711373,0,80.833923,0.007755,0.003906
1784249746.722662,0,80.833893,-0.050406,0.003906
1784249746.731242,0,80.833923,-0.019387,0.003906
1784249746.741258,0,80.833923,0.000000,0.000000
1784249746.751491,0,80.833923,0.011632,0.003906
1784249746.761244,0,80.833923,0.000000,0.003906
1784249746.771202,0,80.833923,0.000000,0.000000
1784249746.781369,0,80.833893,-0.046528,0.003906
1784249746.791139,0,80.833923,-0.003877,0.003906
1784249746.801123,0,80.833923,0.000000,0.000000
1784249746.811284,0,80.833893,-0.046528,0.000000
1784249746.821632,0,80.833923,0.007755,0.000000
1784249746.831125,0,80.833923,0.011632,0.003906
1784249746.841236,0,80.833923,0.007755,0.000000
1784249746.851108,0,80.833946,0.058161,0.000000
1784249746.861342,0,80.833923,-0.003877,0.007812
1784249746.871155,0,80.833923,0.000000,0.003906
1784249746.881082,0,80.833923,0.000000,0.003906
1784249746.891090,0,80.833923,0.000000,0.000000
1784249746.901159,0,80.833923,-0.046528,0.007812
1784249746.911200,0,80.833923,0.000000,0.003906
1784249746.921142,0,80.833893,-0.062038,0.000000
1784249746.931295,0,80.833923,-0.007755,0.007812
1784249746.941190,0,80.833923,-0.003877,0.003906
1784249746.950998,0,80.833923,0.000000,0.003906
1784249746.961110,0,80.833893,-0.027142,0.000000
1784249746.971115,0,80.833923,0.003877,0.003906
1784249746.981190,0,80.833893,-0.054283,0.000000
1784249746.991078,0,80.833923,0.007755,0.000000
1784249747.001096,0,80.833923,0.000000,0.000000
1784249747.011135,0,80.833893,-0.058161,0.000000
1784249747.021091,0,80.833923,0.000000,0.007812
1784249747.031108,0,80.833923,0.000000,0.003906
1784249747.041117,0,80.833923,-0.003877,0.003906
1784249747.051120,0,80.833923,0.015509,0.000000
1784249747.061184,0,80.833923,0.000000,0.000000
1784249747.071195,0,80.833946,0.058161,0.003906
1784249747.081184,0,80.833893,-0.050406,0.007812
1784249747.091174,0,80.833923,-0.019387,0.003906
1784249747.101194,0,80.833893,-0.073670,0.003906
1784249747.111358,0,80.833893,-0.046528,0.000000
1784249747.122240,0,80.833855,-0.124076,0.000000
1784249747.131166,0,80.833893,-0.058161,0.007812
1784249747.141212,0,80.833893,-0.062038,0.003906
1784249747.151238,0,80.833923,0.015509,0.007812
1784249747.161309,0,80.833893,-0.054283,0.007812
1784249747.171266,0,80.833893,-0.069793,0.003906
1784249747.181229,0,80.833893,-0.058161,0.003906
1784249747.191235,0,80.833923,0.000000,0.007812
1784249747.202229,0,80.833923,-0.015509,0.000000
1784249747.211318,0,80.833893,-0.073670,0.000000
1784249747.221255,0,80.833893,-0.050406,0.000000
1784249747.231331,0,80.833923,-0.007755,0.000000
1784249747.241199,0,80.833946,0.054283,0.003906
1784249747.252209,0,80.833923,0.007755,0.003906
1784249747.261325,0,80.833923,0.000000,0.003906
1784249747.271312,0,80.833923,0.000000,0.007812
1784249747.281142,0,80.833923,0.000000,0.003906
1784249747.291052,0,80.833923,0.003877,0.007812
1784249747.301111,0,80.833923,0.000000,0.007812
1784249747.311168,0,80.833893,-0.062038,0.000000
1784249747.321209,0,80.833893,-0.058161,0.000000
1784249747.331302,0,80.833923,0.000000,0.003906
1784249747.341585,0,80.833893,-0.069793,0.007812
1784249747.351538,0,80.833893,-0.054283,0.003906
1784249747.361563,0,80.833946,0.054283,0.003906
1784249747.371576,0,80.833893,-0.062038,0.000000
1784249747.381243,0,80.833855,-0.104689,0.003906
1784249747.391105,0,80.833923,-0.007755,0.003906
1784249747.401212,0,80.833923,-0.011632,0.007812
1784249747.411210,0,80.833893,-0.062038,0.003906
1784249747.421234,0,80.833923,0.003877,0.003906
1784249747.431061,0,80.833923,-0.003877,0.003906
1784249747.441581,0,80.833893,-0.054283,0.003906
1784249747.451433,0,80.833923,0.000000,0.000000
1784249747.461303,0,80.833893,-0.062038,0.007812
1784249747.471210,0,80.833923,0.000000,0.003906
1784249747.481564,0,80.833923,0.000000,0.003906
1784249747.491192,0,80.833893,-0.058161,0.007812
1784249747.501165,0,80.833923,0.000000,0.003906
1784249747.511220,0,80.833946,0.054283,0.007812
1784249747.521206,0,80.833923,0.011632,0.007812
1784249747.531147,0,80.833923,0.007755,0.003906
1784249747.541221,0,80.833923,-0.003877,0.000000
1784249747.551112,0,80.833923,-0.015509,0.000000
1784249747.561549,0,80.833923,0.003877,0.000000
1784249747.571542,0,80.833893,-0.038774,0.003906
1784249747.581574,0,80.833923,-0.015509,0.000000
1784249747.591270,0,80.833923,0.000000,0.000000
1784249747.601219,0,80.833923,-0.011632,0.003906
1784249747.611238,0,80.833923,-0.003877,0.007812
1784249747.621176,0,80.833923,0.000000,0.000000
1784249747.631163,0,80.833893,-0.058161,0.000000
1784249747.641117,0,80.833893,-0.050406,0.003906
1784249747.651238,0,80.833923,0.019387,0.007812
1784249747.661117,0,80.833855,-0.100812,0.000000
1784249747.671179,0,80.833893,-0.069793,0.000000
1784249747.681298,0,80.833923,-0.011632,0.000000
1784249747.691194,0,80.833923,0.000000,0.000000
1784249747.701166,0,80.833923,-0.007755,0.003906
1784249747.712230,0,80.833923,-0.019387,0.000000
1784249747.721037,0,80.833893,-0.062038,0.000000
1784249747.732172,0,80.833923,0.011632,0.000000
1784249747.741074,0,80.833923,-0.003877,0.000000
1784249747.751342,0,80.833923,0.000000,0.000000
1784249747.761110,0,80.833946,0.034896,0.000000
1784249747.771182,0,80.833893,-0.065915,0.003906
1784249747.782571,0,80.833893,-0.054283,0.003906
1784249747.791073,0,80.833923,0.003877,0.003906
1784249747.801100,0,80.833923,-0.011632,0.003906
1784249747.811038,0,80.833893,-0.054283,0.003906
1784249747.821159,0,80.833946,0.054283,0.003906
1784249747.831038,0,80.833893,-0.065915,0.000000
1784249747.841044,0,80.833923,-0.003877,0.003906
1784249747.851091,0,80.833923,0.000000,0.003906
1784249747.862113,0,80.833923,-0.015509,0.007812
1784249747.871130,0,80.833923,-0.007755,0.000000
1784249747.882197,0,80.833923,-0.003877,0.007812
1784249747.891163,0,80.833893,-0.054283,0.003906
1784249747.901072,0,80.833946,0.062038,0.007812
1784249747.911041,0,80.833923,-0.007755,0.007812
1784249747.921109,0,80.833946,0.046528,0.003906
1784249747.931023,0,80.833923,-0.023264,0.000000
1784249747.942078,0,80.833923,0.000000,0.007812
1784249747.950995,0,80.833946,0.062038,0.003906
1784249747.961034,0,80.833946,-0.007755,0.003906
1784249747.971079,0,80.833923,0.000000,0.003906
1784249747.981100,0,80.833946,0.050406,0.000000
1784249747.991137,0,80.833946,0.046528,0.000000
1784249748.001062,0,80.833893,-0.069793,0.007812
1784249748.011181,0,80.833893,-0.054283,0.007812
1784249748.022073,0,80.833946,0.046528,0.000000
1784249748.032210,0,80.833923,0.003877,0.011719
1784249748.042223,0,80.833893,-0.015509,0.000000
1784249748.052420,0,80.833893,-0.058161,0.003906
1784249748.061300,0,80.833923,0.003877,0.007812
1784249748.071136,0,80.833893,-0.054283,0.011719
1784249748.082541,0,80.833946,0.046528,0.000000
1784249748.091119,0,80.833893,-0.058161,0.000000
1784249748.102441,0,80.833946,0.046528,0.000000
1784249748.112171,0,80.833946,0.038774,0.003906
1784249748.122129,0,80.833893,-0.054283,0.003906
1784249748.132122,0,80.833893,-0.062038,0.000000
1784249748.142163,0,80.833893,-0.065915,0.007812
1784249748.152120,0,80.833923,-0.007755,0.003906
1784249748.162114,0,80.833923,-0.027142,0.000000
1784249748.171030,0,80.833893,-0.062038,0.007812
1784249748.181094,0,80.833923,-0.007755,0.007812
1784249748.191118,0,80.833893,-0.003877,0.000000
1784249748.201032,0,80.833946,0.058161,0.000000
1784249748.211026,0,80.833923,-0.027142,0.000000
1784249748.221032,0,80.833923,0.000000,0.003906
1784249748.231022,0,80.833946,0.042651,0.000000
1784249748.241100,0,80.833893,-0.069793,0.003906
1784249748.251015,0,80.833923,-0.003877,0.011719
1784249748.260983,0,80.833923,0.000000,0.003906
1784249748.271003,0,80.833893,-0.054283,0.007812
1784249748.282005,0,80.833923,-0.015509,0.000000
1784249748.291068,0,80.833893,-0.069793,0.000000
1784249748.301003,0,80.833893,-0.069793,0.003906
1784249748.312136,0,80.833893,-0.042651,0.003906
1784249748.322034,0,80.833923,-0.011632,0.000000
1784249748.331989,0,80.833893,-0.073670,0.003906
1784249748.342000,0,80.833923,-0.007755,0.000000
1784249748.352001,0,80.833923,-0.007755,0.003906
1784249748.362407,0,80.833923,0.000000,0.000000
1784249748.372186,0,80.833923,-0.042651,0.007812
1784249748.382046,0,80.833923,-0.003877,0.003906
1784249748.392214,0,80.833923,-0.015509,0.007812
1784249748.401045,0,80.833893,-0.058161,0.003906
1784249748.411186,0,80.833893,-0.050406,0.007812
1784249748.421072,0,80.833923,-0.003877,0.000000
1784249748.431041,0,80.833893,-0.062038,0.000000
1784249748.440925,0,80.833946,0.065915,0.003906
1784249748.451072,0,80.833923,-0.007755,0.003906
1784249748.461405,0,80.833946,0.034896,0.003906
1784249748.471028,0,80.833946,0.019387,0.007812
1784249748.481212,0,80.833946,0.046528,0.003906
1784249748.491185,0,80.833923,-0.003877,0.000000
1784249748.500991,0,80.833893,-0.050406,0.007812
1784249748.511028,0,80.833923,0.000000,0.000000
1784249748.521017,0,80.833893,-0.058161,0.000000
1784249748.530985,0,80.833923,0.003877,0.007812
1784249748.541081,0,80.833923,0.011632,0.000000
1784249748.550984,0,80.833893,-0.069793,0.000000
1784249748.561098,0,80.833923,-0.003877,0.000000
1784249748.570933,0,80.833893,0.000000,0.007812
1784249748.580973,0,80.833923,-0.011632,0.007812
1784249748.591023,0,80.833893,-0.054283,0.007812
1784249748.601099,0,80.833893,-0.062038,0.003906
1784249748.611096,0,80.833923,-0.007755,0.003906
1784249748.622075,0,80.833923,0.000000,0.003906
1784249748.632455,0,80.833923,0.000000,0.000000
1784249748.642455,0,80.833923,-0.023264,0.000000
1784249748.651051,0,80.833923,-0.003877,0.000000
1784249748.661087,0,80.833923,-0.007755,0.000000
1784249748.672481,0,80.833923,-0.019387,0.007812
1784249748.681068,0,80.833946,0.046528,0.000000
1784249748.691163,0,80.833923,-0.019387,0.003906
1784249748.702230,0,80.833923,0.000000,0.003906
1784249748.711016,0,80.833923,-0.007755,0.003906
1784249748.721083,0,80.833893,-0.058161,0.007812
1784249748.731050,0,80.833893,-0.062038,0.000000
1784249748.741078,0,80.833946,0.042651,0.000000
1784249748.752187,0,80.833893,-0.065915,0.003906
1784249748.761226,0,80.833923,-0.007755,0.000000
1784249748.772055,0,80.833923,-0.003877,0.003906
1784249748.781118,0,80.833923,-0.007755,0.003906
1784249748.791024,0,80.833893,-0.069793,0.000000
1784249748.802259,0,80.833893,-0.058161,0.000000
1784249748.812213,0,80.833923,-0.003877,0.007812
1784249748.822047,0,80.833923,0.011632,0.007812
1784249748.832090,0,80.833893,-0.058161,0.007812
1784249748.841114,0,80.833893,-0.058161,0.003906
1784249748.852188,0,80.833893,-0.062038,0.003906
1784249748.862447,0,80.833923,-0.015509,0.003906
1784249748.871023,0,80.833893,-0.062038,0.003906
1784249748.880971,0,80.833923,-0.003877,0.000000
1784249748.892056,0,80.833923,-0.015509,0.000000
1784249748.902108,0,80.833893,-0.050406,0.003906
1784249748.912238,0,80.833893,-0.062038,0.007812
1784249748.922076,0,80.833923,0.000000,0.007812
1784249748.931037,0,80.833893,-0.062038,0.000000
1784249748.942462,0,80.833923,-0.019387,0.003906
1784249748.952210,0,80.833893,-0.069793,0.003906
1784249748.962489,0,80.833946,0.054283,0.007812
1784249748.972452,0,80.833893,-0.062038,0.000000
1784249748.982230,0,80.833893,-0.062038,0.000000
1784249748.992060,0,80.833946,0.046528,0.003906
1784249749.002042,0,80.833923,0.007755,0.007812
1784249749.012052,0,80.833923,-0.007755,0.000000
1784249749.022021,0,80.833893,-0.069793,0.007812
1784249749.031058,0,80.833893,-0.069793,0.007812
1784249749.041156,0,80.833923,-0.003877,0.000000
1784249749.051010,0,80.833893,-0.065915,0.007812
1784249749.061350,0,80.833923,-0.003877,0.007812
1784249749.071172,0,80.833923,0.000000,0.000000
1784249749.080965,0,80.833923,0.000000,0.000000
1784249749.090976,0,80.833923,-0.003877,0.003906
1784249749.101052,0,80.833893,-0.058161,0.007812
1784249749.111051,0,80.833893,-0.073670,0.000000
1784249749.121077,0,80.833923,-0.019387,0.003906
1784249749.131111,0,80.833923,-0.015509,0.003906
1784249749.141045,0,80.833923,-0.027142,0.000000
1784249749.151176,0,80.833923,0.000000,0.007812
1784249749.161052,0,80.833893,-0.062038,0.003906
1784249749.171083,0,80.833923,-0.003877,0.003906
1784249749.182074,0,80.833893,-0.046528,0.003906
1784249749.192057,0,80.833923,-0.003877,0.000000
1784249749.201062,0,80.833923,-0.003877,0.007812
1784249749.211056,0,80.833893,-0.073670,0.000000
1784249749.222066,0,80.833923,-0.015509,0.000000
1784249749.232106,0,80.833923,-0.003877,0.003906
1784249749.241004,0,80.833893,-0.015509,0.003906
1784249749.251154,0,80.833923,-0.003877,0.003906
1784249749.261145,0,80.833923,-0.011632,0.000000
1784249749.270950,0,80.833923,-0.019387,0.003906
1784249749.281073,0,80.833923,-0.027142,0.000000
1784249749.290927,0,80.833893,-0.062038,0.007812
1784249749.300833,0,80.833923,0.000000,0.007812
1784249749.310942,0,80.833893,-0.062038,0.003906
1784249749.320967,0,80.833893,-0.062038,0.000000
1784249749.331088,0,80.833923,-0.011632,0.000000
1784249749.340936,0,80.833923,-0.003877,0.007812
1784249749.350820,0,80.833923,0.000000,0.003906
1784249749.360814,0,80.833923,-0.073670,0.003906
1784249749.370942,0,80.833893,-0.062038,0.007812
1784249749.380919,0,80.833893,-0.058161,0.007812
1784249749.391021,0,80.833893,-0.058161,0.007812
1784249749.401045,0,80.833923,0.000000,0.003906
1784249749.411069,0,80.833923,0.000000,0.000000
1784249749.421114,0,80.833923,-0.003877,0.007812
1784249749.431064,0,80.833923,0.000000,0.003906
1784249749.440998,0,80.833923,-0.027142,0.000000
1784249749.451028,0,80.833923,-0.011632,0.003906
1784249749.460906,0,80.833893,-0.046528,0.000000
1784249749.471043,0,80.833923,0.000000,0.007812
1784249749.480962,0,80.833923,-0.007755,0.003906
1784249749.490992,0,80.833923,-0.027142,-0.003906
1784249749.500987,0,80.833923,0.019387,0.000000
1784249749.511018,0,80.833923,-0.007755,0.003906
1784249749.521009,0,80.833923,0.003877,0.003906
1784249749.531035,0,80.833923,-0.015509,0.007812
1784249749.541186,0,80.833946,0.050406,0.003906
1784249749.551014,0,80.833923,-0.003877,0.007812
1784249749.561033,0,80.833946,0.034896,0.000000
1784249749.571448,0,80.833923,0.000000,0.003906
1784249749.581016,0,80.833893,-0.062038,0.007812
1784249749.591116,0,80.833893,-0.069793,0.007812
1784249749.601413,0,80.833946,0.054283,0.000000
1784249749.611031,0,80.833923,-0.058161,0.000000
1784249749.620919,0,80.833946,0.054283,0.007812
1784249749.630962,0,80.833923,-0.003877,0.007812
1784249749.641068,0,80.833923,0.000000,0.000000
1784249749.650959,0,80.833923,-0.007755,0.000000
1784249749.660998,0,80.833893,-0.069793,0.007812
1784249749.670940,0,80.833923,-0.027142,0.000000
1784249749.681010,0,80.833855,-0.108566,0.007812
1784249749.690929,0,80.833923,0.007755,0.003906
1784249749.701020,0,80.833923,-0.023264,0.000000
1784249749.711010,0,80.833923,0.000000,0.007812
1784249749.722055,0,80.833946,0.038774,0.003906
1784249749.731049,0,80.833923,-0.011632,0.003906
1784249749.740986,0,80.833893,-0.062038,0.007812
1784249749.752255,0,80.833923,-0.050406,0.003906
1784249749.761030,0,80.833923,0.000000,0.007812
1784249749.772412,0,80.833923,0.000000,0.000000
1784249749.780953,0,80.833923,-0.015509,0.000000
1784249749.792073,0,80.833923,-0.003877,0.007812
1784249749.800959,0,80.833893,-0.062038,0.000000
1784249749.810958,0,80.833893,-0.003877,0.007812
1784249749.820967,0,80.833923,-0.003877,0.000000
1784249749.832042,0,80.833893,-0.058161,0.000000
1784249749.841001,0,80.833923,0.000000,0.003906
1784249749.851974,0,80.833855,-0.015509,0.007812
1784249749.860997,0,80.833923,0.000000,0.003906
1784249749.870956,0,80.833893,-0.065915,0.000000
1784249749.880959,0,80.833923,0.003877,0.003906
1784249749.891033,0,80.833893,0.007755,0.003906
1784249749.900880,0,80.833923,-0.003877,0.003906
1784249749.910976,0,80.833923,0.003877,0.003906
1784249749.920962,0,80.833893,-0.038774,0.003906
1784249749.932020,0,80.833923,0.000000,0.007812
1784249749.942151,0,80.833923,-0.019387,0.003906
1784249749.950969,0,80.833923,-0.011632,0.007812
1784249749.960962,0,80.833946,-0.015509,0.000000
1784249749.970978,0,80.833923,-0.015509,0.000000
1784249749.980949,0,80.833923,-0.007755,0.007812
1784249749.990915,0,80.833923,-0.015509,0.000000
1784249750.000989,0,80.833893,-0.062038,0.003906
1784249750.010833,0,80.833946,0.065915,0.003906
1784249750.020881,0,80.833893,-0.007755,0.003906
1784249750.030996,0,80.833923,0.000000,0.003906
1784249750.040977,0,80.833893,-0.058161,0.007812
1784249750.050995,0,80.833893,-0.050406,0.007812
1784249750.060924,0,80.833893,-0.065915,0.000000
1784249750.070971,0,80.833946,-0.031019,0.003906
1784249750.081077,0,80.833893,-0.062038,0.000000
1784249750.090998,0,80.833893,-0.065915,0.003906
1784249750.101026,0,80.833923,0.000000,0.003906
1784249750.110997,0,80.833923,-0.003877,0.003906
1784249750.120931,0,80.833893,-0.062038,0.000000
1784249750.130973,0,80.833923,-0.011632,0.000000
1784249750.140870,0,80.833923,0.000000,0.000000
1784249750.151008,0,80.833923,0.000000,0.007812
1784249750.160764,0,80.833923,0.003877,0.003906
1784249750.170930,0,80.833893,-0.062038,0.000000
1784249750.180976,0,80.833923,-0.019387,0.000000
1784249750.190884,0,80.833923,0.000000,0.000000
1784249750.200861,0,80.833923,-0.007755,0.000000
1784249750.210914,0,80.833893,-0.050406,0.007812
1784249750.220904,0,80.833923,-0.003877,0.003906
1784249750.230898,0,80.833923,-0.003877,0.003906
1784249750.240833,0,80.833923,-0.019387,0.003906
1784249750.250915,0,80.833923,-0.023264,0.003906
1784249750.260922,0,80.833923,0.000000,0.003906
1784249750.270855,0,80.833923,-0.011632,0.003906
1784249750.280834,0,80.833923,-0.003877,0.003906
1784249750.290880,0,80.833923,-0.015509,0.007812
1784249750.300920,0,80.833923,-0.003877,0.007812
1784249750.312174,0,80.833946,0.050406,0.003906
1784249750.321911,0,80.833946,0.058161,0.003906
1784249750.330937,0,80.833923,-0.015509,0.003906
1784249750.341030,0,80.833893,-0.050406,0.003906
1784249750.352205,0,80.833923,0.000000,0.000000
1784249750.361911,0,80.833923,0.011632,0.000000
1784249750.370993,0,80.833923,-0.007755,0.000000
1784249750.381055,0,80.833923,0.019387,0.000000
1784249750.390993,0,80.833923,0.011632,0.003906
1784249750.400888,0,80.833923,0.000000,0.007812
1784249750.410833,0,80.833923,0.007755,0.003906
1784249750.420822,0,80.833923,-0.007755,0.003906
1784249750.430891,0,80.833893,-0.046528,0.007812
1784249750.440933,0,80.833893,-0.069793,0.000000
1784249750.450909,0,80.833893,-0.069793,0.003906
1784249750.460806,0,80.833893,-0.081425,0.000000
1784249750.470997,0,80.833923,0.000000,0.003906
1784249750.480864,0,80.833923,-0.007755,0.000000
1784249750.492336,0,80.833923,0.000000,0.000000
1784249750.500932,0,80.833893,-0.050406,0.007812
1784249750.510946,0,80.833893,-0.042651,0.007812
1784249750.522039,0,80.833893,-0.058161,0.007812
1784249750.530898,0,80.833893,-0.062038,0.000000
1784249750.542075,0,80.833893,-0.038774,0.003906
1784249750.550967,0,80.833893,-0.058161,0.003906
1784249750.562338,0,80.833923,0.007755,0.000000
1784249750.571050,0,80.833923,0.003877,0.007812
1784249750.580828,0,80.833893,-0.058161,0.003906
1784249750.592347,0,80.833893,-0.058161,0.003906
1784249750.602018,0,80.833923,0.007755,0.007812
1784249750.612334,0,80.833923,0.000000,0.000000
1784249750.622111,0,80.833893,-0.062038,0.003906
1784249750.631988,0,80.833946,0.050406,0.000000
1784249750.642351,0,80.833893,-0.038774,0.003906
1784249750.652236,0,80.833923,-0.019387,0.003906
1784249750.660889,0,80.833946,0.046528,0.000000
1784249750.670863,0,80.833923,-0.007755,0.000000
1784249750.682351,0,80.833893,-0.065915,0.000000
1784249750.691920,0,80.833893,-0.069793,0.003906
1784249750.700927,0,80.833893,-0.054283,0.000000
1784249750.710764,0,80.833923,-0.003877,0.003906
1784249750.720889,0,80.833923,-0.003877,0.000000
1784249750.730907,0,80.833893,-0.015509,0.003906
1784249750.740887,0,80.833923,0.000000,0.003906
1784249750.750731,0,80.833946,0.038774,0.000000
1784249750.760721,0,80.833893,-0.058161,0.000000
1784249750.770825,0,80.833923,0.000000,0.003906
1784249750.780933,0,80.833893,-0.065915,0.003906
1784249750.790859,0,80.833893,-0.062038,0.000000
1784249750.801899,0,80.833893,-0.062038,0.007812
1784249750.810859,0,80.833923,0.000000,0.000000
1784249750.820873,0,80.833893,-0.065915,0.000000
1784249750.830830,0,80.833923,0.000000,0.007812
1784249750.840802,0,80.833893,-0.042651,0.003906
1784249750.850924,0,80.833923,-0.007755,0.003906
1784249750.860957,0,80.833923,-0.011632,0.003906
1784249750.870711,0,80.833923,-0.003877,0.007812
1784249750.880786,0,80.833923,-0.003877,0.003906
1784249750.890951,0,80.833923,-0.046528,0.003906
1784249750.900765,0,80.833893,-0.058161,0.000000
1784249750.910794,0,80.833923,0.003877,0.000000
1784249750.920778,0,80.833923,-0.011632,0.003906
1784249750.930793,0,80.833923,-0.003877,0.003906
1784249750.940788,0,80.833923,-0.007755,0.000000
1784249750.950788,0,80.833893,-0.058161,0.003906
1784249750.960778,0,80.833946,0.054283,0.000000
1784249750.970796,0,80.833923,0.003877,0.007812
1784249750.981088,0,80.833923,0.000000,0.007812
1784249750.990980,0,80.833893,-0.065915,0.007812
1784249751.000932,0,80.833893,-0.062038,0.000000
1784249751.010953,0,80.833893,-0.058161,0.003906
1784249751.020814,0,80.833923,-0.069793,0.003906
1784249751.031163,0,80.833893,-0.050406,0.003906
1784249751.040805,0,80.833923,0.000000,0.000000
1784249751.050864,0,80.833946,0.054283,0.007812
1784249751.060764,0,80.833946,0.073670,0.003906
1784249751.070775,0,80.833946,0.046528,0.007812
1784249751.080747,0,80.833893,-0.065915,0.000000
1784249751.091858,0,80.833923,-0.015509,0.000000
1784249751.102291,0,80.833893,-0.065915,0.003906
1784249751.110883,0,80.833923,-0.003877,0.003906
1784249751.121987,0,80.833923,-0.019387,0.000000
1784249751.132096,0,80.833923,-0.007755,0.000000
1784249751.141919,0,80.833923,0.003877,0.003906
1784249751.151287,0,80.833893,-0.062038,0.000000
1784249751.161121,0,80.833893,-0.054283,0.007812
1784249751.171276,0,80.833923,-0.007755,-0.003906
1784249751.180765,0,80.833893,-0.042651,0.000000
1784249751.191022,0,80.833923,0.011632,0.007812
1784249751.201218,0,80.833923,0.000000,0.003906
1784249751.210789,0,80.833893,-0.073670,0.000000
1784249751.220790,0,80.833923,0.000000,0.007812
1784249751.231980,0,80.833923,0.007755,0.007812
1784249751.242060,0,80.833946,0.034896,0.003906
1784249751.252095,0,80.833923,-0.007755,0.000000
1784249751.261959,0,80.833946,0.050406,0.007812
1784249751.272095,0,80.833893,-0.065915,0.003906
1784249751.282272,0,80.833923,-0.003877,0.000000
1784249751.291890,0,80.833893,-0.058161,0.000000
1784249751.300881,0,80.833893,-0.062038,0.003906
1784249751.310822,0,80.833923,-0.023264,0.000000
1784249751.320887,0,80.833923,-0.003877,0.000000
1784249751.331947,0,80.833923,0.000000,0.003906
1784249751.341911,0,80.833893,-0.054283,0.003906
1784249751.350690,0,80.833923,0.073670,0.007812
1784249751.361119,0,80.833923,-0.003877,0.003906
1784249751.372305,0,80.833923,-0.003877,0.003906
1784249751.382276,0,80.833893,-0.054283,0.003906
1784249751.390862,0,80.833946,0.073670,0.007812
1784249751.400671,0,80.833946,0.050406,0.000000
1784249751.410763,0,80.833923,-0.007755,0.003906
1784249751.421808,0,80.833923,0.007755,0.003906
1784249751.432159,0,80.833923,0.000000,0.000000
1784249751.440812,0,80.833923,-0.007755,0.003906
1784249751.450943,0,80.833893,-0.058161,0.007812
1784249751.461984,0,80.833923,-0.011632,0.000000
1784249751.470775,0,80.833923,-0.023264,0.003906
1784249751.482133,0,80.833893,-0.058161,0.000000
1784249751.490804,0,80.833893,-0.073670,0.000000
1784249751.500720,0,80.833923,-0.011632,0.003906
1784249751.510809,0,80.833923,0.003877,0.007812
1784249751.521823,0,80.833923,-0.023264,0.003906
1784249751.531945,0,80.833893,-0.054283,0.000000
1784249751.542177,0,80.833893,-0.046528,0.003906
1784249751.550700,0,80.833893,-0.058161,0.003906
1784249751.562042,0,80.833923,-0.007755,0.000000
1784249751.571817,0,80.833893,-0.062038,0.000000
1784249751.581961,0,80.833893,-0.042651,0.007812
1784249751.591979,0,80.833923,-0.003877,0.003906
1784249751.602166,0,80.833893,-0.050406,0.003906
1784249751.612191,0,80.833923,-0.027142,0.000000
1784249751.620751,0,80.833893,-0.058161,0.003906
1784249751.630815,0,80.833893,-0.058161,0.000000
1784249751.640818,0,80.833893,-0.058161,0.000000
1784249751.651870,0,80.833893,-0.058161,0.003906
1784249751.660917,0,80.833893,-0.054283,0.007812
1784249751.670830,0,80.833923,-0.003877,0.003906
1784249751.682140,0,80.833946,0.046528,0.000000
1784249751.692261,0,80.833893,-0.050406,0.003906
1784249751.700790,0,80.833923,0.000000,0.000000
1784249751.711948,0,80.833923,-0.011632,0.000000
1784249751.720806,0,80.833923,-0.003877,0.003906
1784249751.730822,0,80.833923,0.015509,0.007812
1784249751.740878,0,80.833923,0.000000,0.000000
1784249751.751834,0,80.833893,-0.065915,0.003906
1784249751.760962,0,80.833923,0.000000,0.000000
1784249751.772049,0,80.833923,-0.007755,0.003906
1784249751.780892,0,80.833893,-0.054283,0.000000
1784249751.790778,0,80.833923,0.000000,0.000000
1784249751.801653,0,80.833893,-0.065915,0.000000
1784249751.810760,0,80.833923,-0.011632,0.000000
1784249751.821025,0,80.833923,-0.007755,0.000000
1784249751.830726,0,80.833923,0.003877,0.007812
1784249751.840993,0,80.833923,-0.003877,0.003906
1784249751.850726,0,80.833893,-0.058161,0.003906
1784249751.861818,0,80.833923,-0.003877,0.000000
1784249751.871886,0,80.833923,-0.003877,0.000000
1784249751.880719,0,80.833923,-0.023264,0.000000
1784249751.891827,0,80.833923,0.003877,0.000000
1784249751.900706,0,80.833923,-0.003877,0.003906
1784249751.911866,0,80.833923,0.000000,0.000000
1784249751.921769,0,80.833893,-0.062038,0.003906
1784249751.931171,0,80.833923,0.003877,0.003906
1784249751.942142,0,80.833923,-0.015509,0.000000
1784249751.950744,0,80.833923,-0.015509,0.003906
1784249751.962007,0,80.833923,0.003877,0.000000
1784249751.972033,0,80.833893,-0.069793,0.003906
1784249751.981909,0,80.833893,-0.062038,0.000000
1784249751.991898,0,80.833893,-0.058161,0.003906
1784249752.001961,0,80.833923,0.000000,0.007812
1784249752.011986,0,80.833923,-0.031019,0.007812
1784249752.020862,0,80.833923,-0.015509,0.003906
1784249752.030776,0,80.833923,-0.003877,0.000000
1784249752.042208,0,80.833923,0.000000,0.007812
1784249752.050883,0,80.833893,-0.050406,0.000000
1784249752.062218,0,80.833893,-0.007755,0.007812
1784249752.070770,0,80.833923,-0.007755,0.000000
1784249752.081804,0,80.833923,-0.003877,0.000000
1784249752.090772,0,80.833923,0.000000,0.003906
1784249752.101895,0,80.833893,-0.077547,0.003906
1784249752.112208,0,80.833893,-0.058161,0.000000
1784249752.121789,0,80.833923,0.011632,0.007812
1784249752.132193,0,80.833893,0.046528,0.003906
1784249752.142204,0,80.833923,-0.003877,0.000000
1784249752.152207,0,80.833923,-0.003877,0.003906
1784249752.161998,0,80.833893,-0.065915,0.000000
1784249752.171794,0,80.833893,-0.081425,0.003906
1784249752.180868,0,80.833923,-0.007755,0.000000
1784249752.190752,0,80.833923,0.003877,0.003906
1784249752.200785,0,80.833923,-0.015509,0.003906
1784249752.210625,0,80.833923,0.000000,0.007812
1784249752.221734,0,80.833893,-0.042651,0.003906
1784249752.230698,0,80.833923,-0.003877,0.003906
1784249752.240726,0,80.833923,-0.011632,0.003906
1784249752.251717,0,80.833923,-0.007755,0.003906
1784249752.261717,0,80.833855,-0.116321,0.003906
1784249752.271878,0,80.833923,0.007755,0.007812
1784249752.281633,0,80.833923,0.000000,0.007812
1784249752.290698,0,80.833893,-0.062038,0.003906
1784249752.300693,0,80.833946,0.054283,0.000000
1784249752.310812,0,80.833923,-0.007755,0.000000
1784249752.320803,0,80.833946,0.023264,0.003906
1784249752.332169,0,80.833923,0.003877,0.007812
1784249752.340717,0,80.833923,-0.003877,0.000000
1784249752.350769,0,80.833923,-0.007755,0.003906
1784249752.362144,0,80.833923,-0.007755,0.000000
1784249752.370803,0,80.833946,0.042651,0.007812
1784249752.382049,0,80.833855,-0.096934,0.007812
1784249752.392001,0,80.833923,0.000000,0.003906
1784249752.400789,0,80.833923,-0.019387,0.000000
1784249752.410724,0,80.833923,-0.003877,0.000000
1784249752.420676,0,80.833923,-0.027142,0.007812
1784249752.431966,0,80.833893,-0.062038,0.000000
1784249752.442209,0,80.833923,-0.003877,0.003906
1784249752.450777,0,80.833923,0.000000,0.003906
1784249752.461798,0,80.833893,-0.050406,0.000000
1784249752.472183,0,80.833923,0.003877,0.003906
1784249752.482022,0,80.833893,0.038774,0.003906
1784249752.491924,0,80.833923,-0.007755,0.000000
1784249752.501772,0,80.833893,-0.062038,0.000000
1784249752.512063,0,80.833923,-0.023264,0.007812
1784249752.521770,0,80.833923,-0.027142,0.000000
1784249752.531894,0,80.833923,-0.069793,0.007812
1784249752.542184,0,80.833923,-0.003877,0.003906
1784249752.551796,0,80.833923,-0.015509,0.003906
1784249752.562154,0,80.833923,0.000000,0.003906
1784249752.570666,0,80.833923,0.000000,0.003906
1784249752.581713,0,80.833923,-0.019387,0.003906
1784249752.590730,0,80.833893,-0.073670,0.000000
1784249752.600705,0,80.833923,-0.003877,0.000000
1784249752.611925,0,80.833923,-0.007755,0.007812
1784249752.621829,0,80.833923,0.000000,0.000000
1784249752.631797,0,80.833923,-0.054283,0.007812
1784249752.640708,0,80.833923,-0.007755,0.007812
1784249752.650728,0,80.833893,-0.046528,0.003906
1784249752.660565,0,80.833923,0.000000,0.003906
1784249752.670759,0,80.833923,0.003877,0.003906
1784249752.680658,0,80.833923,0.000000,0.000000
1784249752.690666,0,80.833946,0.042651,0.000000
1784249752.700791,0,80.833923,-0.003877,0.000000
1784249752.710739,0,80.833923,-0.003877,0.000000
1784249752.720884,0,80.833893,-0.058161,0.000000
1784249752.730708,0,80.833923,-0.023264,-0.003906
1784249752.740757,0,80.833923,-0.003877,0.007812
1784249752.750699,0,80.833893,-0.077547,0.007812
1784249752.760681,0,80.833893,-0.073670,0.003906
1784249752.770763,0,80.833923,0.000000,0.000000
1784249752.780777,0,80.833923,0.000000,0.000000
1784249752.790641,0,80.833946,0.054283,0.007812
1784249752.800774,0,80.833946,0.054283,0.003906
1784249752.810701,0,80.833893,-0.065915,0.000000
1784249752.820633,0,80.833923,-0.015509,0.007812
1784249752.830661,0,80.833893,-0.058161,0.000000
1784249752.840759,0,80.833946,0.058161,0.007812
1784249752.850614,0,80.833946,0.042651,0.003906
1784249752.860732,0,80.833923,-0.116321,0.003906
1784249752.870674,0,80.833893,-0.058161,0.000000
1784249752.880696,0,80.833923,0.000000,0.007812
1784249752.890722,0,80.833923,-0.011632,0.003906
1784249752.900712,0,80.833946,0.046528,0.000000
1784249752.910722,0,80.833923,-0.023264,0.007812
1784249752.920691,0,80.833855,-0.139585,0.000000
1784249752.930707,0,80.833923,-0.038774,0.000000
1784249752.940703,0,80.833923,-0.038774,0.000000
1784249752.950707,0,80.833893,-0.069793,0.003906
1784249752.960698,0,80.833893,-0.003877,0.000000
1784249752.970648,0,80.833893,-0.073670,0.000000
1784249752.980628,0,80.833946,0.050406,0.003906
1784249752.991689,0,80.833893,-0.077547,0.007812
1784249753.000745,0,80.833893,-0.058161,0.000000
1784249753.010667,0,80.833923,0.000000,0.007812
1784249753.020687,0,80.833893,-0.058161,0.007812
1784249753.031781,0,80.833923,0.003877,0.007812
1784249753.041780,0,80.833923,-0.007755,0.003906
1784249753.051710,0,80.833923,-0.011632,0.000000
1784249753.061699,0,80.833923,0.000000,0.000000
1784249753.070733,0,80.833923,-0.011632,0.000000
1784249753.080636,0,80.833923,-0.015509,0.007812
1784249753.090619,0,80.833923,0.000000,0.007812
1784249753.101833,0,80.833893,-0.069793,0.011719
1784249753.111901,0,80.833893,-0.062038,0.003906
1784249753.120766,0,80.833923,-0.003877,0.003906
1784249753.131792,0,80.833893,-0.062038,0.003906
1784249753.141801,0,80.833923,-0.023264,0.007812
1784249753.151799,0,80.833946,0.054283,0.000000
1784249753.161793,0,80.833923,-0.007755,0.000000
1784249753.171927,0,80.833923,-0.023264,0.000000
1784249753.180613,0,80.833946,0.038774,0.000000
1784249753.190618,0,80.833893,-0.065915,0.000000
1784249753.200524,0,80.833923,-0.034896,0.007812
1784249753.210666,0,80.833923,-0.003877,0.000000
1784249753.220669,0,80.833923,0.000000,0.003906
1784249753.231691,0,80.833893,-0.065915,0.003906
1784249753.241622,0,80.833946,0.042651,0.003906
1784249753.250598,0,80.833946,0.031019,0.000000
1784249753.261666,0,80.833946,0.050406,0.007812
1784249753.270551,0,80.833923,-0.007755,0.003906
1784249753.281746,0,80.833923,0.003877,0.003906
1784249753.290590,0,80.833923,0.003877,0.003906
1784249753.300613,0,80.833923,0.003877,0.003906
1784249753.311707,0,80.833893,-0.065915,0.003906
1784249753.320786,0,80.833923,-0.027142,0.003906
1784249753.330659,0,80.833923,-0.007755,0.000000
1784249753.340612,0,80.833893,-0.077547,0.000000
1784249753.350741,0,80.833923,-0.003877,0.003906
1784249753.360655,0,80.833893,-0.062038,0.003906
1784249753.370723,0,80.833923,-0.003877,0.003906
1784249753.380686,0,80.833923,0.000000,0.000000
1784249753.390658,0,80.833923,-0.011632,0.007812
1784249753.400636,0,80.833923,0.000000,0.003906
1784249753.410653,0,80.833923,-0.003877,0.003906
1784249753.421744,0,80.833923,0.011632,0.003906
1784249753.431737,0,80.833855,-0.120198,0.000000
1784249753.441742,0,80.833893,-0.050406,0.007812
1784249753.450683,0,80.833923,-0.011632,0.003906
1784249753.460726,0,80.833923,-0.054283,0.000000
1784249753.470734,0,80.833923,-0.015509,0.003906
1784249753.480720,0,80.833923,0.000000,0.000000
1784249753.490705,0,80.833923,-0.015509,0.003906
1784249753.500671,0,80.833923,0.003877,0.003906
1784249753.510750,0,80.833923,-0.015509,0.000000
1784249753.520743,0,80.833946,0.054283,0.000000
1784249753.530725,0,80.833893,-0.058161,0.000000
1784249753.541769,0,80.833893,-0.058161,0.003906
1784249753.551937,0,80.833923,-0.015509,0.003906
1784249753.560906,0,80.833855,-0.116321,0.003906
1784249753.570593,0,80.833923,0.000000,0.003906
1784249753.580592,0,80.833923,-0.007755,0.007812
1784249753.590756,0,80.833946,0.062038,0.011719
1784249753.600735,0,80.833893,-0.046528,0.000000
1784249753.610759,0,80.833923,-0.019387,0.003906
1784249753.621675,0,80.833923,0.000000,0.003906
1784249753.631669,0,80.833946,0.000000,0.003906
1784249753.641794,0,80.833893,0.007755,0.003906
1784249753.651745,0,80.833923,0.000000,0.003906
1784249753.661680,0,80.833946,0.050406,0.007812
1784249753.671696,0,80.833923,0.000000,0.000000
1784249753.681662,0,80.833923,-0.007755,0.000000
1784249753.692029,0,80.833893,-0.054283,0.000000
1784249753.701701,0,80.833923,0.000000,0.007812
1784249753.711611,0,80.833923,-0.003877,0.003906
1784249753.721694,0,80.833923,-0.011632,0.003906
1784249753.731733,0,80.833893,-0.050406,0.003906
1784249753.741612,0,80.833923,0.007755,0.007812
1784249753.751677,0,80.833923,-0.011632,0.000000
1784249753.761631,0,80.833923,0.000000,0.003906
1784249753.771617,0,80.833946,-0.003877,0.003906
1784249753.781750,0,80.833923,-0.007755,0.000000
1784249753.791808,0,80.833893,-0.046528,0.007812
1784249753.801629,0,80.833923,-0.011632,0.007812
1784249753.810593,0,80.833893,-0.062038,0.000000
1784249753.821747,0,80.833946,0.042651,0.003906
1784249753.831827,0,80.833893,-0.062038,0.000000
1784249753.842138,0,80.833923,-0.011632,0.000000
1784249753.852144,0,80.833893,0.000000,0.003906
1784249753.862116,0,80.833923,-0.027142,0.000000
1784249753.871759,0,80.833893,-0.062038,0.007812
1784249753.881795,0,80.833923,-0.027142,0.003906
1784249753.890556,0,80.833923,0.000000,0.003906
1784249753.900546,0,80.833923,-0.027142,0.000000
1784249753.910916,0,80.833923,-0.003877,0.000000
1784249753.920705,0,80.833923,0.000000,0.003906
1784249753.930704,0,80.833923,-0.007755,0.000000
1784249753.942063,0,80.833923,0.015509,0.007812
1784249753.950677,0,80.833923,0.000000,0.007812
1784249753.960741,0,80.833893,-0.054283,0.003906
1784249753.970740,0,80.833923,-0.011632,0.000000
1784249753.980828,0,80.833946,0.054283,0.003906
1784249753.990827,0,80.833923,0.000000,0.003906
1784249754.000578,0,80.833893,-0.062038,0.003906
1784249754.010558,0,80.833923,-0.015509,0.000000
1784249754.020588,0,80.833923,-0.011632,0.007812
1784249754.030551,0,80.833923,-0.015509,0.003906
1784249754.040576,0,80.833923,-0.027142,0.000000
1784249754.050548,0,80.833923,0.003877,0.007812
1784249754.061687,0,80.833893,-0.062038,0.000000
1784249754.071628,0,80.833893,-0.007755,0.000000
1784249754.081958,0,80.833923,-0.003877,0.000000
1784249754.091635,0,80.833946,0.046528,0.003906
1784249754.101613,0,80.833923,0.000000,0.007812
1784249754.110465,0,80.833946,0.034896,0.000000
1784249754.121533,0,80.833923,-0.015509,0.000000
1784249754.131772,0,80.833923,0.054283,0.003906
1784249754.141969,0,80.833923,0.000000,0.000000
1784249754.151945,0,80.833893,-0.062038,0.003906
1784249754.161966,0,80.833946,0.050406,0.007812
1784249754.172037,0,80.833893,-0.069793,0.003906
1784249754.182047,0,80.833923,0.000000,0.003906
1784249754.191709,0,80.833923,-0.015509,0.007812
1784249754.201620,0,80.833923,-0.003877,0.003906
1784249754.212030,0,80.833893,-0.058161,0.003906
1784249754.220638,0,80.833946,0.054283,0.003906
1784249754.231739,0,80.833923,0.003877,0.007812
1784249754.240620,0,80.833923,0.000000,0.003906
1784249754.252059,0,80.833923,-0.011632,0.000000
1784249754.262087,0,80.833923,0.000000,0.003906
1784249754.271906,0,80.833923,-0.007755,0.003906
1784249754.282084,0,80.833893,-0.050406,0.007812
1784249754.291704,0,80.833923,0.000000,0.000000
1784249754.302034,0,80.833923,0.000000,0.000000
1784249754.311679,0,80.833923,-0.015509,0.000000
1784249754.321627,0,80.833923,-0.062038,0.000000
1784249754.330626,0,80.833893,-0.054283,0.000000
1784249754.340731,0,80.833923,-0.007755,0.003906
1784249754.351606,0,80.833923,0.003877,0.000000
1784249754.361707,0,80.833946,-0.050406,0.003906
1784249754.371521,0,80.833923,0.000000,0.003906
1784249754.381767,0,80.833946,0.077547,0.003906
1784249754.390597,0,80.833893,-0.062038,0.003906
1784249754.401872,0,80.833923,0.000000,0.000000
1784249754.412063,0,80.833893,-0.077547,0.003906
1784249754.420604,0,80.833923,0.000000,0.007812
1784249754.430619,0,80.833923,-0.003877,0.003906
1784249754.441612,0,80.833893,-0.042651,0.000000
1784249754.451657,0,80.833923,0.000000,0.003906
1784249754.461744,0,80.833923,-0.003877,0.007812
1784249754.470661,0,80.833923,-0.003877,0.000000
1784249754.480570,0,80.833946,0.046528,0.003906
1784249754.490606,0,80.833923,-0.007755,0.000000
1784249754.502086,0,80.833923,-0.003877,0.000000
1784249754.511693,0,80.833923,-0.027142,0.007812
1784249754.521736,0,80.833923,-0.015509,0.000000
1784249754.532087,0,80.833923,0.007755,0.003906
1784249754.541854,0,80.833893,-0.042651,0.000000
1784249754.551884,0,80.833893,-0.069793,0.000000
1784249754.562065,0,80.833923,-0.003877,0.000000
1784249754.572071,0,80.833923,0.011632,0.003906
1784249754.582095,0,80.833923,0.000000,0.000000
1784249754.592100,0,80.833923,-0.003877,0.003906
1784249754.602057,0,80.833923,-0.003877,0.003906
1784249754.612015,0,80.833946,0.042651,0.000000
1784249754.621622,0,80.833946,-0.081425,0.000000
1784249754.632069,0,80.833946,0.050406,0.003906
1784249754.641905,0,80.833923,-0.003877,0.007812
1784249754.652063,0,80.833893,-0.058161,0.007812
1784249754.661964,0,80.833923,-0.003877,0.000000
1784249754.672094,0,80.833893,-0.038774,0.003906
1784249754.681727,0,80.833923,0.003877,0.007812
1784249754.691597,0,80.833923,0.000000,0.000000
1784249754.701749,0,80.833923,0.007755,0.007812
1784249754.711774,0,80.833923,-0.003877,0.003906
1784249754.721558,0,80.833923,-0.007755,0.000000
1784249754.731821,0,80.833923,0.015509,0.000000
1784249754.741561,0,80.833946,0.034896,0.000000
1784249754.751717,0,80.833893,-0.058161,0.000000
1784249754.760486,0,80.833893,-0.050406,0.003906
1784249754.771654,0,80.833923,0.000000,0.003906
1784249754.781709,0,80.833923,0.000000,0.000000
1784249754.791580,0,80.833893,-0.007755,0.000000
1784249754.801933,0,80.833893,-0.050406,0.003906
1784249754.811446,0,80.833923,-0.003877,0.007812
1784249754.821590,0,80.833893,-0.054283,0.003906
1784249754.831569,0,80.833923,-0.011632,0.000000
1784249754.840534,0,80.833923,-0.007755,0.000000
1784249754.850457,0,80.833893,-0.069793,0.000000
1784249754.860398,0,80.833923,-0.023264,0.003906
1784249754.871549,0,80.833893,-0.058161,0.000000
1784249754.881655,0,80.833946,0.050406,0.003906
1784249754.891625,0,80.833923,-0.015509,0.003906
1784249754.901658,0,80.833923,-0.011632,0.007812
1784249754.911974,0,80.833923,-0.034896,0.003906
1784249754.921643,0,80.833923,-0.027142,0.003906
1784249754.931668,0,80.833923,-0.011632,0.003906
1784249754.942040,0,80.833893,-0.073670,0.003906
1784249754.951787,0,80.833923,-0.003877,0.007812
1784249754.961831,0,80.833893,-0.065915,0.003906
1784249754.972047,0,80.833893,-0.062038,0.003906
1784249754.981712,0,80.833893,-0.069793,0.007812
1784249754.992060,0,80.833893,-0.065915,0.007812
1784249755.001743,0,80.833923,-0.015509,0.003906
1784249755.011694,0,80.833923,0.000000,0.007812
1784249755.021900,0,80.833923,-0.003877,0.003906
1784249755.032067,0,80.833923,-0.038774,0.003906
1784249755.042068,0,80.833923,-0.007755,0.003906
1784249755.051810,0,80.833893,-0.069793,0.000000
1784249755.061799,0,80.833893,-0.054283,0.003906
1784249755.071766,0,80.833946,0.023264,0.007812
1784249755.081621,0,80.833923,-0.015509,0.003906
1784249755.091682,0,80.833946,0.031019,0.007812
1784249755.102002,0,80.833893,-0.058161,0.000000
1784249755.112029,0,80.833923,0.000000,0.003906
1784249755.121710,0,80.833923,0.000000,0.000000
1784249755.131773,0,80.833893,-0.062038,0.007812
1784249755.142054,0,80.833923,-0.003877,0.003906
1784249755.151678,0,80.833923,-0.003877,0.000000
1784249755.161755,0,80.833946,0.054283,0.007812
1784249755.171573,0,80.833923,0.000000,0.003906
1784249755.181795,0,80.833946,-0.054283,0.003906
1784249755.191616,0,80.833923,-0.023264,0.000000
1784249755.201914,0,80.833923,-0.019387,0.007812
1784249755.211708,0,80.833893,-0.065915,0.000000
1784249755.221585,0,80.833893,-0.058161,0.007812
1784249755.231953,0,80.833946,-0.062038,0.000000
1784249755.242000,0,80.833946,-0.003877,0.000000
1784249755.252041,0,80.833893,-0.054283,0.003906
1784249755.261675,0,80.833946,0.054283,0.003906
1784249755.271558,0,80.833923,0.046528,0.003906
1784249755.281588,0,80.833923,-0.003877,0.000000
1784249755.291802,0,80.833923,-0.023264,0.000000
1784249755.301753,0,80.833923,0.000000,0.007812
1784249755.311595,0,80.833893,-0.054283,0.007812
1784249755.320447,0,80.833923,0.000000,0.000000
1784249755.331436,0,80.833923,-0.007755,0.000000
1784249755.340429,0,80.833923,-0.003877,0.007812
1784249755.350358,0,80.833893,-0.062038,0.003906
1784249755.360355,0,80.833893,0.058161,0.007812
1784249755.371485,0,80.833923,0.000000,0.003906
1784249755.381885,0,80.833946,0.007755,0.000000
1784249755.391679,0,80.833946,0.054283,0.007812
1784249755.401920,0,80.833893,-0.050406,0.003906
1784249755.411973,0,80.833923,0.003877,0.003906
1784249755.421566,0,80.833923,-0.007755,0.003906
1784249755.431982,0,80.833923,-0.058161,0.007812
1784249755.441938,0,80.833923,-0.007755,0.000000
1784249755.451644,0,80.833893,-0.058161,0.003906
1784249755.461976,0,80.833946,0.046528,0.003906
1784249755.471626,0,80.833923,-0.003877,0.003906
1784249755.481969,0,80.833893,-0.069793,0.003906
1784249755.491688,0,80.833923,-0.015509,0.003906
1784249755.500696,0,80.833923,-0.019387,0.003906
1784249755.511981,0,80.833893,-0.054283,0.000000
1784249755.521572,0,80.833923,-0.015509,0.003906
1784249755.531606,0,80.833946,0.054283,0.000000
1784249755.541701,0,80.833893,-0.050406,0.007812
1784249755.552009,0,80.833893,-0.050406,0.003906
1784249755.561588,0,80.833923,0.003877,0.000000
1784249755.571823,0,80.833893,-0.054283,0.007812
1784249755.581552,0,80.833923,-0.011632,0.000000
1784249755.591630,0,80.833923,-0.011632,0.000000
1784249755.601625,0,80.833893,-0.050406,0.007812
1784249755.611746,0,80.833893,-0.069793,0.007812
1784249755.621665,0,80.833923,0.000000,0.003906
1784249755.631971,0,80.833893,-0.062038,0.000000
1784249755.641958,0,80.833923,-0.003877,0.007812
1784249755.651789,0,80.833923,0.000000,0.007812
1784249755.661746,0,80.833923,0.000000,0.007812
1784249755.671622,0,80.833923,-0.038774,0.000000
1784249755.681530,0,80.833923,-0.011632,0.000000
1784249755.691678,0,80.833923,-0.003877,0.000000
1784249755.701695,0,80.833923,0.000000,0.000000
1784249755.711709,0,80.833923,-0.077547,0.003906
1784249755.721954,0,80.833946,0.038774,0.000000
1784249755.731724,0,80.833923,0.000000,0.003906
1784249755.741955,0,80.833923,0.000000,0.000000
1784249755.751962,0,80.833893,-0.069793,0.000000
1784249755.761990,0,80.833893,-0.077547,0.007812
1784249755.771957,0,80.833923,-0.011632,0.003906
1784249755.781966,0,80.833923,-0.003877,0.007812
1784249755.791673,0,80.833893,-0.062038,0.007812
1784249755.801646,0,80.833946,0.042651,0.007812
1784249755.811509,0,80.833923,-0.011632,0.000000
1784249755.821566,0,80.833946,0.019387,0.000000
1784249755.831733,0,80.833893,-0.081425,0.007812
1784249755.841798,0,80.833923,0.000000,0.003906
1784249755.851943,0,80.833946,0.042651,0.007812
1784249755.861609,0,80.833923,-0.031019,0.000000
1784249755.871970,0,80.833923,-0.015509,0.007812
1784249755.881974,0,80.833946,-0.019387,0.007812
1784249755.891487,0,80.833923,0.000000,0.000000
1784249755.901527,0,80.833893,-0.062038,0.007812
1784249755.911555,0,80.833923,-0.003877,0.007812
1784249755.921554,0,80.833923,-0.062038,0.003906
1784249755.931513,0,80.833923,-0.003877,0.007812
1784249755.941705,0,80.833923,-0.003877,0.003906
1784249755.951717,0,80.833893,-0.069793,0.000000
1784249755.961580,0,80.833923,-0.015509,0.000000
1784249755.971667,0,80.833923,-0.011632,0.000000
1784249755.981674,0,80.833893,-0.007755,0.003906
1784249755.991467,0,80.833923,-0.019387,0.000000
1784249756.001639,0,80.833893,-0.081425,0.003906
1784249756.011683,0,80.833893,-0.062038,0.007812
1784249756.021667,0,80.833893,-0.058161,0.003906
1784249756.031716,0,80.833946,0.054283,0.000000
1784249756.041879,0,80.833923,0.003877,0.003906
1784249756.051880,0,80.833923,0.000000,0.007812
1784249756.061701,0,80.833893,-0.054283,0.003906
1784249756.071916,0,80.833946,0.065915,0.011719
1784249756.081470,0,80.833923,-0.003877,0.007812
1784249756.091538,0,80.833923,-0.011632,0.003906
1784249756.101465,0,80.833923,-0.003877,0.003906
1784249756.111501,0,80.833893,-0.054283,0.007812
1784249756.121636,0,80.833923,0.000000,0.003906
1784249756.131530,0,80.833946,0.031019,0.003906
1784249756.141803,0,80.833923,-0.027142,0.000000
1784249756.151597,0,80.833923,0.007755,0.003906
1784249756.161519,0,80.833893,-0.062038,0.003906
1784249756.171812,0,80.833923,0.000000,0.003906
1784249756.181499,0,80.833946,0.054283,0.000000
1784249756.191422,0,80.833923,0.000000,0.003906
1784249756.200459,0,80.833893,-0.124076,0.003906
1784249756.211562,0,80.833923,0.000000,0.000000
1784249756.221447,0,80.833923,-0.007755,0.000000
1784249756.231494,0,80.833923,-0.007755,0.007812
1784249756.241487,0,80.833946,0.054283,0.000000
1784249756.251493,0,80.833923,0.003877,0.000000
1784249756.261465,0,80.833923,-0.015509,0.007812
1784249756.271653,0,80.833893,-0.062038,0.000000
1784249756.281690,0,80.833923,0.011632,0.007812
1784249756.291552,0,80.833923,0.000000,0.000000
1784249756.301474,0,80.833893,-0.073670,0.007812
1784249756.311500,0,80.833923,-0.003877,0.007812
1784249756.321539,0,80.833923,0.019387,0.003906
1784249756.331486,0,80.833893,-0.062038,0.000000
1784249756.341492,0,80.833923,0.000000,0.007812
1784249756.351653,0,80.833893,-0.058161,0.003906
1784249756.361628,0,80.833923,-0.007755,0.000000
1784249756.371649,0,80.833923,-0.023264,0.003906
1784249756.381612,0,80.833923,-0.007755,0.000000
1784249756.391745,0,80.833946,0.050406,0.000000
1784249756.401744,0,80.833923,-0.015509,0.003906
1784249756.411962,0,80.833923,-0.007755,0.000000
1784249756.421649,0,80.833923,0.003877,0.003906
1784249756.431742,0,80.833923,0.003877,0.007812
1784249756.441739,0,80.833923,0.003877,0.000000
1784249756.451744,0,80.833893,-0.054283,0.007812
1784249756.461950,0,80.833923,-0.011632,0.003906
1784249756.471495,0,80.833923,0.000000,0.000000
1784249756.481554,0,80.833923,0.000000,0.003906
1784249756.491932,0,80.833893,-0.046528,0.003906
1784249756.501582,0,80.833893,-0.058161,0.000000
1784249756.511943,0,80.833923,-0.007755,0.003906
1784249756.521601,0,80.833893,-0.058161,0.000000
1784249756.531603,0,80.833923,-0.007755,0.000000
1784249756.541489,0,80.833855,-0.112444,0.003906
1784249756.551609,0,80.833923,-0.019387,0.000000
1784249756.561400,0,80.833923,0.007755,0.007812
1784249756.571802,0,80.833923,-0.003877,0.007812
1784249756.581711,0,80.833923,0.011632,0.003906
1784249756.591394,0,80.833923,-0.015509,0.003906
1784249756.601691,0,80.833923,-0.023264,0.007812
1784249756.611535,0,80.833923,-0.019387,0.000000
1784249756.621546,0,80.833923,-0.003877,0.000000
1784249756.631907,0,80.833923,-0.007755,0.003906
1784249756.641889,0,80.833923,-0.019387,0.003906
1784249756.651551,0,80.833923,0.000000,0.007812
1784249756.661674,0,80.833923,-0.011632,0.003906
1784249756.671922,0,80.833923,-0.003877,0.007812
1784249756.681924,0,80.833893,-0.054283,0.003906
1784249756.691622,0,80.833893,-0.054283,0.007812
1784249756.701888,0,80.833923,0.000000,0.000000
1784249756.711884,0,80.833923,-0.027142,0.000000
1784249756.721541,0,80.833923,-0.015509,0.003906
1784249756.731514,0,80.833923,-0.019387,0.000000
1784249756.741476,0,80.833923,-0.019387,0.007812
1784249756.751508,0,80.833893,-0.050406,0.003906
1784249756.761561,0,80.833855,-0.058161,0.003906
1784249756.771685,0,80.833923,0.000000,0.007812
1784249756.781678,0,80.833893,-0.065915,0.000000
1784249756.791519,0,80.833893,-0.054283,0.000000
1784249756.801479,0,80.833923,-0.015509,0.000000
1784249756.811669,0,80.833893,-0.058161,0.003906
1784249756.821560,0,80.833893,-0.062038,0.000000
1784249756.831574,0,80.833923,-0.015509,0.003906
1784249756.841689,0,80.833923,-0.011632,0.003906
1784249756.851483,0,80.833923,0.003877,0.003906
1784249756.861514,0,80.833923,0.000000,0.003906
1784249756.871461,0,80.833923,-0.019387,0.003906
1784249756.881469,0,80.833923,-0.015509,0.011719
1784249756.891454,0,80.833923,-0.011632,0.007812
1784249756.901458,0,80.833923,-0.031019,0.000000
1784249756.911892,0,80.833893,-0.081425,0.000000
1784249756.921504,0,80.833923,-0.003877,0.003906
1784249756.931624,0,80.833923,-0.011632,0.000000
1784249756.941483,0,80.833923,0.000000,0.003906
1784249756.951469,0,80.833923,0.000000,0.000000
1784249756.961512,0,80.833923,-0.007755,0.011719
1784249756.971920,0,80.833923,-0.007755,0.000000
1784249756.981400,0,80.833893,-0.062038,0.007812
1784249756.991694,0,80.833946,0.054283,0.000000
1784249757.001878,0,80.833923,-0.015509,0.003906
1784249757.011662,0,80.833946,0.031019,0.003906
1784249757.021359,0,80.833923,0.000000,0.007812
1784249757.031699,0,80.833923,-0.007755,0.000000
1784249757.041442,0,80.833946,0.042651,0.000000
1784249757.051922,0,80.833923,-0.027142,0.000000
1784249757.061512,0,80.833923,-0.003877,0.003906
1784249757.071544,0,80.833923,-0.015509,0.000000
1784249757.081691,0,80.833893,-0.065915,0.000000
1784249757.091524,0,80.833923,-0.015509,0.007812
1784249757.101924,0,80.833946,0.031019,0.003906
1784249757.111905,0,80.833923,0.000000,0.000000
1784249757.121675,0,80.833923,-0.031019,0.000000
1784249757.131553,0,80.833923,-0.019387,0.003906
1784249757.141543,0,80.833923,-0.019387,0.000000
1784249757.151582,0,80.833923,0.050406,0.011719
1784249757.161871,0,80.833893,-0.065915,0.000000
1784249757.171747,0,80.833923,-0.011632,0.000000
1784249757.181835,0,80.833893,-0.011632,0.003906
1784249757.191667,0,80.833946,0.046528,0.003906
1784249757.201437,0,80.833893,0.000000,0.011719
1784249757.211421,0,80.833923,-0.011632,0.003906
1784249757.221457,0,80.833946,0.050406,0.003906
1784249757.231493,0,80.833923,-0.015509,0.000000
1784249757.241886,0,80.833946,0.054283,0.007812
1784249757.251595,0,80.833893,-0.069793,0.000000
1784249757.261449,0,80.833893,-0.089180,0.003906
1784249757.271875,0,80.833923,0.000000,0.000000
1784249757.281863,0,80.833923,-0.015509,0.003906
1784249757.291881,0,80.833923,-0.011632,0.003906
1784249757.301649,0,80.833923,0.000000,0.003906
1784249757.311500,0,80.833893,-0.069793,0.003906
1784249757.321422,0,80.833923,-0.019387,0.000000
1784249757.331655,0,80.833893,-0.058161,0.000000
1784249757.341882,0,80.833946,0.050406,0.003906
1784249757.351766,0,80.833923,-0.011632,0.000000
1784249757.361879,0,80.833923,-0.027142,0.003906
1784249757.371780,0,80.833923,0.000000,0.000000
1784249757.381450,0,80.833923,-0.003877,0.003906
1784249757.391445,0,80.833923,-0.027142,0.000000
1784249757.401495,0,80.833946,0.054283,0.007812
1784249757.411514,0,80.833923,0.000000,0.000000
1784249757.421677,0,80.833946,0.046528,0.003906
1784249757.431491,0,80.833893,-0.058161,0.007812
1784249757.441649,0,80.833923,-0.011632,0.011719
1784249757.451888,0,80.833923,-0.011632,0.003906
1784249757.461814,0,80.833923,0.000000,0.007812
1784249757.471828,0,80.833923,-0.003877,0.003906
1784249757.481857,0,80.833923,0.000000,0.003906
1784249757.491616,0,80.833893,-0.058161,0.003906
1784249757.501566,0,80.833923,0.007755,0.007812
1784249757.511656,0,80.833893,-0.038774,0.003906
1784249757.521669,0,80.833946,0.046528,0.000000
1784249757.531411,0,80.833923,0.000000,0.003906
1784249757.541389,0,80.833923,-0.050406,0.000000
1784249757.551362,0,80.833923,0.003877,0.000000
1784249757.561464,0,80.833893,-0.058161,0.003906
1784249757.571644,0,80.833893,-0.062038,0.003906
1784249757.581512,0,80.833923,0.000000,0.000000
1784249757.591802,0,80.833923,0.000000,0.003906
1784249757.601661,0,80.833923,0.000000,0.003906
1784249757.611541,0,80.833855,-0.116321,0.003906
1784249757.621634,0,80.833893,-0.062038,0.007812
1784249757.631528,0,80.833893,-0.054283,0.000000
1784249757.641598,0,80.833923,0.000000,0.000000
1784249757.651519,0,80.833923,-0.003877,0.003906
1784249757.661623,0,80.833923,-0.003877,0.007812
1784249757.671564,0,80.833923,-0.003877,0.003906
1784249757.681451,0,80.833946,0.046528,0.003906
1784249757.691642,0,80.833923,0.000000,0.003906
1784249757.701826,0,80.833946,0.069793,0.003906
1784249757.711381,0,80.833923,-0.015509,0.000000
1784249757.721671,0,80.833893,-0.058161,0.003906
1784249757.731459,0,80.833923,-0.019387,0.003906
1784249757.741376,0,80.833923,-0.007755,0.003906
1784249757.751514,0,80.833923,-0.015509,0.007812
1784249757.761619,0,80.833893,-0.050406,0.003906
1784249757.771664,0,80.833946,0.042651,0.000000
1784249757.781457,0,80.833923,-0.003877,0.007812
1784249757.791528,0,80.833923,0.000000,0.011719
1784249757.801597,0,80.833946,0.054283,0.000000
1784249757.811631,0,80.833923,-0.015509,0.003906
1784249757.821620,0,80.833923,-0.011632,0.007812
1784249757.831411,0,80.833893,-0.050406,0.007812
1784249757.841596,0,80.833923,-0.011632,0.000000
1784249757.851378,0,80.833893,-0.062038,0.003906
1784249757.861787,0,80.833893,-0.042651,0.000000
1784249757.871775,0,80.833946,0.050406,0.000000
1784249757.881645,0,80.833923,0.000000,0.007812
1784249757.891591,0,80.833923,-0.003877,0.003906
1784249757.901637,0,80.833923,-0.023264,0.003906
1784249757.911792,0,80.833923,0.000000,0.007812
1784249757.921650,0,80.833923,-0.003877,0.000000
1784249757.931586,0,80.833893,-0.023264,0.007812
1784249757.941592,0,80.833923,-0.031019,0.003906
1784249757.951647,0,80.833923,-0.007755,0.003906
1784249757.961699,0,80.833923,-0.007755,0.000000
1784249757.971381,0,80.833923,-0.011632,0.000000
1784249757.981415,0,80.833923,-0.019387,0.003906
1784249757.991389,0,80.833923,0.000000,0.000000
1784249758.001379,0,80.833893,-0.058161,0.003906
1784249758.011354,0,80.833946,0.046528,0.003906
1784249758.021466,0,80.833923,-0.019387,0.000000
1784249758.031518,0,80.833893,-0.054283,0.000000
1784249758.041450,0,80.833923,-0.011632,0.000000
1784249758.051581,0,80.833923,-0.027142,0.007812
1784249758.061516,0,80.833946,0.046528,0.007812
1784249758.071593,0,80.833923,-0.011632,0.003906
1784249758.081579,0,80.833923,-0.015509,0.000000
1784249758.091688,0,80.833923,-0.023264,0.003906
1784249758.101749,0,80.833893,-0.062038,0.003906
1784249758.111604,0,80.833893,-0.069793,0.003906
1784249758.121636,0,80.833893,-0.062038,0.003906
1784249758.131573,0,80.833923,0.000000,0.000000
1784249758.141568,0,80.833946,0.038774,0.000000
1784249758.151615,0,80.833923,-0.007755,0.000000
1784249758.161619,0,80.833946,0.046528,0.000000
1784249758.171621,0,80.833923,-0.007755,0.000000
1784249758.181755,0,80.833893,-0.046528,0.000000
1784249758.191766,0,80.833923,0.000000,0.007812
1784249758.201771,0,80.833893,-0.054283,0.003906
1784249758.211764,0,80.833893,-0.054283,0.000000
1784249758.221630,0,80.833923,-0.007755,0.000000
1784249758.231429,0,80.833893,-0.058161,0.000000
1784249758.241379,0,80.833893,-0.062038,0.000000
1784249758.251441,0,80.833893,-0.062038,0.000000
1784249758.261311,0,80.833893,-0.054283,0.003906
1784249758.271462,0,80.833923,-0.003877,0.007812
1784249758.281293,0,80.833923,-0.003877,0.000000
1784249758.291426,0,80.833923,-0.003877,0.000000
1784249758.301419,0,80.833893,-0.042651,0.007812
1784249758.311352,0,80.833893,-0.050406,0.003906
1784249758.321570,0,80.833946,0.042651,0.003906
1784249758.331360,0,80.833923,-0.007755,0.003906
1784249758.341347,0,80.833923,-0.073670,0.003906
1784249758.351348,0,80.833893,-0.058161,0.003906
1784249758.361569,0,80.833923,0.023264,0.003906
1784249758.371554,0,80.833923,0.000000,0.000000
1784249758.381411,0,80.833893,-0.058161,0.000000
1784249758.391312,0,80.833923,-0.015509,0.000000
1784249758.401308,0,80.833923,-0.003877,0.007812
1784249758.411573,0,80.833923,-0.003877,0.007812
1784249758.421554,0,80.833946,0.054283,0.007812
1784249758.431345,0,80.833893,-0.050406,0.003906
1784249758.441521,0,80.833923,-0.003877,0.007812
1784249758.451376,0,80.833923,0.003877,0.000000
1784249758.461360,0,80.833923,-0.003877,0.007812
1784249758.471597,0,80.833923,-0.003877,0.000000
1784249758.481340,0,80.833923,0.000000,0.003906
1784249758.491596,0,80.833923,0.000000,0.003906
1784249758.501495,0,80.833893,-0.062038,0.000000
1784249758.511740,0,80.833893,-0.058161,0.000000
1784249758.521569,0,80.833923,0.000000,0.003906
1784249758.531555,0,80.833893,-0.062038,0.003906
1784249758.541414,0,80.833923,0.011632,0.007812
1784249758.551293,0,80.833893,-0.046528,0.000000
1784249758.561481,0,80.833923,0.007755,0.000000
1784249758.571376,0,80.833923,0.000000,0.003906
1784249758.581555,0,80.833923,0.015509,0.007812
1784249758.591376,0,80.833946,0.034896,0.003906
1784249758.601341,0,80.833946,0.054283,0.000000
1784249758.611503,0,80.833923,0.000000,0.007812
1784249758.621307,0,80.833893,-0.058161,0.000000
1784249758.631543,0,80.833893,-0.062038,0.000000
1784249758.641727,0,80.833923,-0.011632,0.000000
1784249758.651491,0,80.833923,0.000000,0.003906
1784249758.661571,0,80.833923,0.000000,0.007812
1784249758.671533,0,80.833946,0.054283,0.007812
1784249758.681648,0,80.833893,-0.058161,0.007812
1784249758.691459,0,80.833946,0.054283,0.003906
1784249758.701331,0,80.833946,0.042651,0.000000
1784249758.711302,0,80.833893,-0.054283,0.000000
1784249758.721330,0,80.833923,-0.015509,0.003906
1784249758.731443,0,80.833893,-0.050406,0.003906
1784249758.741440,0,80.833923,-0.003877,0.003906
1784249758.751484,0,80.833946,0.054283,0.000000
1784249758.761461,0,80.833923,-0.011632,0.007812
1784249758.771615,0,80.833923,-0.003877,0.003906
1784249758.781672,0,80.833923,-0.015509,0.003906
1784249758.791380,0,80.833893,-0.058161,0.007812
1784249758.801328,0,80.833893,-0.065915,0.000000
1784249758.811346,0,80.833923,-0.011632,0.007812
1784249758.821297,0,80.833946,-0.011632,0.003906
1784249758.831403,0,80.833923,-0.085302,0.003906
1784249758.841476,0,80.833923,-0.003877,0.003906
1784249758.851431,0,80.833923,0.000000,0.003906
1784249758.861711,0,80.833893,-0.050406,0.003906
1784249758.871523,0,80.833923,-0.007755,0.003906
1784249758.881330,0,80.833923,0.011632,0.000000
1784249758.891304,0,80.833893,-0.081425,0.000000
1784249758.901440,0,80.833923,0.000000,0.007812
1784249758.911295,0,80.833923,0.000000,0.000000
1784249758.921455,0,80.833946,0.054283,0.003906
1784249758.931367,0,80.833923,0.000000,0.000000
1784249758.941725,0,80.833923,-0.027142,0.003906
1784249758.951442,0,80.833893,-0.058161,0.003906
1784249758.961506,0,80.833946,0.050406,0.003906
1784249758.971519,0,80.833923,-0.015509,0.000000
1784249758.981537,0,80.833893,-0.058161,0.000000
1784249758.991508,0,80.833923,-0.027142,0.003906
1784249759.001577,0,80.833946,0.050406,0.000000
1784249759.011338,0,80.833923,-0.007755,0.007812
1784249759.021599,0,80.833923,-0.027142,0.000000
1784249759.031491,0,80.833923,-0.003877,0.003906
1784249759.041363,0,80.833893,-0.050406,0.000000
1784249759.051585,0,80.833946,0.050406,0.003906
1784249759.061250,0,80.833946,0.042651,0.007812
1784249759.071496,0,80.833893,-0.058161,0.003906
1784249759.081426,0,80.833893,-0.054283,0.000000
1784249759.091506,0,80.833893,-0.081425,0.000000
1784249759.101295,0,80.833923,0.011632,0.000000
1784249759.111587,0,80.833923,0.000000,0.000000
1784249759.121299,0,80.833893,-0.038774,0.000000
1784249759.131441,0,80.833923,-0.003877,0.000000
1784249759.141274,0,80.833923,0.003877,0.003906
1784249759.151287,0,80.833923,-0.019387,0.003906
1784249759.161463,0,80.833923,-0.003877,0.003906
1784249759.171272,0,80.833923,0.000000,0.003906
1784249759.181455,0,80.833923,-0.015509,0.003906
1784249759.191310,0,80.833893,-0.042651,0.003906
1784249759.201441,0,80.833923,0.003877,0.007812
1784249759.211291,0,80.833923,-0.011632,0.003906
1784249759.221491,0,80.833923,0.007755,0.007812
1784249759.231243,0,80.833923,-0.031019,0.000000
1784249759.241198,0,80.833923,-0.011632,0.000000
1784249759.251629,0,80.833946,0.034896,0.007812
1784249759.261348,0,80.833923,-0.062038,0.000000
1784249759.271405,0,80.833923,-0.007755,0.003906
1784249759.281323,0,80.833946,0.050406,0.007812
1784249759.291394,0,80.833893,-0.058161,0.003906
1784249759.301391,0,80.833923,-0.007755,0.000000
1784249759.311330,0,80.833946,0.054283,0.003906
1784249759.321213,0,80.833923,-0.011632,0.000000
1784249759.331576,0,80.833923,-0.007755,0.000000
1784249759.341421,0,80.833946,0.042651,0.000000
1784249759.351331,0,80.833893,-0.062038,0.003906
1784249759.361539,0,80.833946,0.042651,0.003906
1784249759.371379,0,80.833893,-0.062038,0.003906
1784249759.381261,0,80.833923,-0.050406,0.000000
1784249759.392161,0,80.833923,0.000000,0.000000
1784249759.401161,0,80.833946,0.050406,0.000000
1784249759.411310,0,80.833923,0.000000,0.003906
1784249759.421366,0,80.833923,-0.015509,0.000000
1784249759.431422,0,80.833893,-0.065915,0.003906
1784249759.442250,0,80.833923,0.007755,0.007812
1784249759.451273,0,80.833923,0.000000,0.003906
1784249759.461308,0,80.833893,-0.062038,0.003906
1784249759.471255,0,80.833893,-0.073670,0.000000
1784249759.481509,0,80.833923,0.007755,0.003906
1784249759.491378,0,80.833893,-0.058161,0.000000
1784249759.501521,0,80.833893,-0.065915,0.003906
1784249759.511256,0,80.833923,0.000000,0.000000
1784249759.521246,0,80.833893,-0.065915,0.000000
1784249759.531271,0,80.833893,-0.050406,0.003906
1784249759.541395,0,80.833893,-0.073670,0.000000
1784249759.551426,0,80.833923,-0.015509,0.000000
1784249759.561385,0,80.833893,-0.058161,0.000000
1784249759.571427,0,80.833923,0.000000,0.000000
1784249759.582416,0,80.833893,-0.062038,0.003906
1784249759.591330,0,80.833923,-0.011632,0.003906
1784249759.601352,0,80.833923,0.000000,0.003906
1784249759.612370,0,80.833893,-0.054283,0.000000
1784249759.621344,0,80.833893,-0.046528,0.003906
1784249759.631655,0,80.833923,0.003877,0.000000
1784249759.641644,0,80.833923,-0.062038,0.003906
1784249759.651299,0,80.833893,-0.062038,0.003906
1784249759.661401,0,80.833893,-0.062038,0.000000
1784249759.671419,0,80.833893,-0.069793,0.003906
1784249759.681292,0,80.833923,0.019387,0.007812
1784249759.691391,0,80.833923,0.003877,0.007812
1784249759.701668,0,80.833923,-0.011632,0.003906
1784249759.711428,0,80.833923,-0.007755,0.000000
1784249759.721227,0,80.833893,-0.038774,0.007812
1784249759.731561,0,80.833923,-0.007755,0.007812
1784249759.741653,0,80.833923,-0.003877,0.000000
1784249759.751414,0,80.833893,-0.054283,0.011719
1784249759.761229,0,80.833893,-0.058161,0.003906
1784249759.771303,0,80.833923,-0.003877,0.011719
1784249759.781351,0,80.833923,-0.054283,0.003906
1784249759.791500,0,80.833923,-0.007755,0.003906
1784249759.801426,0,80.833923,-0.003877,0.000000
1784249759.811634,0,80.833923,0.000000,0.003906
1784249759.821273,0,80.833893,-0.050406,0.007812
1784249759.831652,0,80.833923,0.000000,0.003906
1784249759.841643,0,80.833923,-0.003877,0.007812
1784249759.851317,0,80.833923,0.011632,0.003906
1784249759.861411,0,80.833923,-0.003877,0.007812
1784249759.871389,0,80.833893,-0.073670,0.000000
1784249759.881318,0,80.833923,-0.003877,0.007812
1784249759.891275,0,80.833923,-0.019387,0.000000
1784249759.901290,0,80.833923,-0.003877,0.000000
1784249759.911467,0,80.833923,-0.019387,0.000000
1784249759.921334,0,80.833893,-0.058161,0.007812
1784249759.931632,0,80.833923,-0.011632,0.007812
1784249759.941614,0,80.833923,0.000000,0.000000
1784249759.951648,0,80.833923,-0.015509,0.000000
1784249759.961121,0,80.833946,0.058161,0.003906
1784249759.971346,0,80.833893,-0.058161,0.007812
1784249759.981195,0,80.833893,-0.050406,0.003906
1784249759.991279,0,80.833923,-0.003877,0.003906
1784249760.002174,0,80.833893,-0.065915,0.000000
1784249760.012302,0,80.833923,-0.003877,0.000000
1784249760.021184,0,80.833923,-0.003877,0.003906
1784249760.031304,0,80.833923,0.000000,0.000000
1784249760.041507,0,80.833923,0.003877,0.003906
1784249760.051400,0,80.833893,-0.062038,0.003906
1784249760.062243,0,80.833893,-0.050406,0.003906
1784249760.071683,0,80.833893,-0.054283,0.003906
1784249760.081448,0,80.833923,-0.019387,0.003906
1784249760.091330,0,80.833923,-0.003877,0.000000
1784249760.101183,0,80.833946,0.065915,0.000000
1784249760.111406,0,80.833923,0.000000,0.003906
1784249760.121188,0,80.833946,0.046528,0.000000
1784249760.131223,0,80.833855,-0.108566,0.003906
1784249760.141322,0,80.833923,-0.007755,0.000000
1784249760.152412,0,80.833923,0.007755,0.003906
1784249760.161222,0,80.833923,0.073670,0.003906
1784249760.172328,0,80.833923,0.015509,0.007812
1784249760.181632,0,80.833893,-0.054283,0.000000
1784249760.191218,0,80.833893,-0.073670,0.000000
1784249760.201316,0,80.833893,-0.046528,0.007812
1784249760.211187,0,80.833923,0.000000,0.000000
1784249760.222191,0,80.833893,-0.062038,0.003906
1784249760.231198,0,80.833923,0.019387,0.007812
1784249760.242236,0,80.833923,-0.007755,0.003906
1784249760.252620,0,80.833893,-0.038774,0.007812
1784249760.262209,0,80.833923,-0.011632,0.000000
1784249760.271346,0,80.833923,0.000000,0.000000
1784249760.282632,0,80.833923,0.000000,0.000000
1784249760.291322,0,80.833946,0.038774,0.003906
1784249760.301248,0,80.833855,-0.116321,0.003906
1784249760.311270,0,80.833923,-0.015509,0.000000
1784249760.321218,0,80.833923,0.000000,0.003906
1784249760.332193,0,80.833893,-0.065915,0.003906
1784249760.341386,0,80.833893,-0.062038,0.007812
1784249760.352204,0,80.833923,-0.003877,0.003906
1784249760.361208,0,80.833923,-0.015509,0.007812
1784249760.372200,0,80.833923,-0.011632,0.003906
1784249760.381203,0,80.833893,-0.038774,0.003906
1784249760.391356,0,80.833893,-0.062038,0.000000
1784249760.401635,0,80.833923,-0.003877,0.003906
1784249760.411209,0,80.833923,-0.007755,0.000000
1784249760.422207,0,80.833893,-0.058161,0.003906
1784249760.431180,0,80.833923,-0.007755,0.000000
1784249760.442313,0,80.833923,0.007755,0.003906
1784249760.451314,0,80.833923,-0.073670,0.003906
1784249760.462196,0,80.833946,0.058161,0.000000
1784249760.472245,0,80.833923,-0.116321,0.000000
1784249760.481185,0,80.833893,-0.062038,0.000000
1784249760.492594,0,80.833923,0.000000,0.007812
1784249760.502627,0,80.833893,-0.046528,0.007812
1784249760.511220,0,80.833923,-0.003877,0.003906
1784249760.521249,0,80.833923,-0.011632,0.007812
1784249760.532245,0,80.833893,-0.062038,0.007812
1784249760.542281,0,80.833893,-0.073670,0.003906
1784249760.550999,0,80.833923,0.003877,0.003906
1784249760.562164,0,80.833923,-0.015509,0.003906
1784249760.571469,0,80.833893,-0.081425,0.003906
1784249760.581303,0,80.833923,-0.003877,0.003906
1784249760.591281,0,80.833893,-0.027142,0.007812
1784249760.601309,0,80.833893,-0.062038,0.000000
1784249760.611117,0,80.833923,-0.003877,0.000000
1784249760.621044,0,80.833923,0.000000,-0.003906
1784249760.631155,0,80.833923,-0.011632,0.003906
1784249760.641056,0,80.833923,-0.003877,0.003906
1784249760.651195,0,80.833923,0.000000,0.003906
1784249760.661167,0,80.833923,0.007755,0.003906
1784249760.671252,0,80.833923,-0.003877,0.000000
1784249760.681017,0,80.833923,-0.003877,0.003906
1784249760.691284,0,80.833923,0.007755,0.003906
1784249760.702351,0,80.833923,-0.007755,0.007812
1784249760.711363,0,80.833893,-0.058161,0.003906
1784249760.721071,0,80.833893,-0.069793,0.003906
1784249760.731138,0,80.833946,0.046528,0.000000
1784249760.741158,0,80.833946,0.046528,0.003906
1784249760.752198,0,80.833893,-0.050406,0.000000
1784249760.761193,0,80.833923,-0.003877,0.003906
1784249760.771115,0,80.833893,-0.042651,0.007812
1784249760.781126,0,80.833923,-0.069793,0.007812
1784249760.791363,0,80.833946,0.050406,0.003906
1784249760.801341,0,80.833893,-0.062038,0.000000
1784249760.812575,0,80.833923,-0.023264,0.007812
1784249760.821105,0,80.833923,0.000000,-0.003906
1784249760.831192,0,80.833923,-0.003877,0.007812
1784249760.841228,0,80.833893,-0.054283,0.003906
1784249760.851112,0,80.833893,-0.058161,0.003906
1784249760.861208,0,80.833923,0.000000,0.000000
1784249760.871319,0,80.833893,-0.058161,0.003906
1784249760.882286,0,80.833923,-0.003877,0.007812
1784249760.891281,0,80.833923,0.019387,0.007812
1784249760.901449,0,80.833893,-0.038774,0.003906
1784249760.911313,0,80.833923,0.003877,0.011719
1784249760.921205,0,80.833923,-0.007755,0.003906
1784249760.931140,0,80.833923,-0.011632,0.000000
1784249760.941209,0,80.833923,-0.007755,0.003906
1784249760.951260,0,80.833893,0.054283,0.007812
1784249760.961231,0,80.833893,-0.069793,0.003906
1784249760.971244,0,80.833893,-0.054283,0.003906
1784249760.981195,0,80.833893,-0.069793,0.003906
1784249760.991202,0,80.833923,-0.011632,0.000000
1784249761.001260,0,80.833923,-0.023264,0.003906
1784249761.011264,0,80.833923,-0.011632,0.007812
1784249761.021044,0,80.833893,-0.065915,0.003906
1784249761.031035,0,80.833923,-0.003877,0.003906
1784249761.041215,0,80.833923,-0.007755,0.000000
1784249761.051217,0,80.833923,-0.038774,0.003906
1784249761.061129,0,80.833923,0.000000,0.003906
1784249761.071203,0,80.833893,-0.073670,0.003906
1784249761.081187,0,80.833923,0.000000,0.003906
1784249761.091191,0,80.833923,-0.011632,0.000000
1784249761.101502,0,80.833893,-0.081425,0.000000
1784249761.111215,0,80.833923,-0.023264,0.007812
1784249761.121009,0,80.833923,-0.003877,0.003906
1784249761.131245,0,80.833923,-0.015509,0.003906
1784249761.141516,0,80.833923,-0.023264,0.007812
1784249761.151527,0,80.833923,-0.007755,0.000000
1784249761.161031,0,80.833893,-0.069793,0.007812
1784249761.171192,0,80.833893,0.054283,0.003906
1784249761.181295,0,80.833923,-0.027142,0.000000
1784249761.191211,0,80.833923,0.000000,0.003906
1784249761.201526,0,80.833923,-0.011632,0.007812
1784249761.211080,0,80.833923,-0.019387,0.003906
1784249761.221023,0,80.833923,-0.015509,0.003906
1784249761.231058,0,80.833855,-0.062038,0.000000
1784249761.241199,0,80.833893,-0.073670,0.000000
1784249761.251317,0,80.833923,0.000000,0.003906
1784249761.261135,0,80.833923,-0.015509,0.003906
1784249761.271051,0,80.833923,0.000000,0.007812
1784249761.281158,0,80.833923,-0.015509,0.003906
1784249761.291210,0,80.833923,-0.007755,0.000000
1784249761.300965,0,80.833923,-0.027142,0.003906
1784249761.310996,0,80.833923,0.000000,0.000000
1784249761.321055,0,80.833946,0.054283,0.007812
1784249761.331132,0,80.833893,-0.065915,0.000000
1784249761.341119,0,80.833923,-0.003877,0.000000
1784249761.351185,0,80.833893,-0.054283,0.003906
1784249761.361015,0,80.833923,-0.003877,0.000000
1784249761.371060,0,80.833855,-0.100812,0.003906
1784249761.381098,0,80.833893,-0.058161,0.000000
1784249761.391185,0,80.833893,0.046528,0.000000
1784249761.401018,0,80.833923,0.000000,0.000000
1784249761.411192,0,80.833893,-0.077547,0.003906
1784249761.420998,0,80.833893,-0.062038,0.003906
1784249761.431023,0,80.833893,-0.085302,0.000000
1784249761.441487,0,80.833946,0.027142,0.000000
1784249761.451189,0,80.833923,-0.015509,0.003906
1784249761.461171,0,80.833923,-0.015509,0.000000
1784249761.471263,0,80.833923,0.007755,0.003906
1784249761.481204,0,80.833923,-0.003877,0.000000
1784249761.490972,0,80.833923,-0.011632,0.000000
1784249761.501188,0,80.833893,-0.069793,0.000000
1784249761.511504,0,80.833923,-0.011632,0.000000
1784249761.521016,0,80.833946,0.054283,0.000000
1784249761.531174,0,80.833923,-0.003877,0.000000
1784249761.541520,0,80.833893,-0.038774,0.000000
1784249761.551309,0,80.833893,-0.042651,0.000000
1784249761.561083,0,80.833946,0.034896,0.003906
1784249761.571244,0,80.833923,-0.003877,0.007812
1784249761.581218,0,80.833893,-0.058161,0.003906
1784249761.591104,0,80.833923,-0.003877,0.000000
1784249761.601092,0,80.833923,-0.015509,0.000000
1784249761.611089,0,80.833893,-0.038774,0.007812
1784249761.621148,0,80.833923,-0.027142,0.000000
1784249761.631056,0,80.833923,-0.003877,0.003906
1784249761.642122,0,80.833923,-0.015509,0.007812
1784249761.652256,0,80.833946,-0.046528,0.003906
1784249761.662109,0,80.833946,-0.003877,0.000000
1784249761.672092,0,80.833923,0.000000,0.007812
1784249761.682083,0,80.833923,-0.023264,0.000000
1784249761.691071,0,80.833893,-0.058161,0.000000
1784249761.701116,0,80.833893,-0.058161,0.000000
1784249761.711124,0,80.833923,-0.011632,0.003906
1784249761.722065,0,80.833923,0.000000,0.007812
1784249761.731094,0,80.833893,-0.069793,0.003906
1784249761.742099,0,80.833893,-0.058161,0.003906
1784249761.752228,0,80.833923,-0.011632,0.007812
1784249761.761061,0,80.833946,0.050406,0.000000
1784249761.771098,0,80.833893,-0.054283,0.003906
1784249761.781079,0,80.833923,-0.038774,0.000000
1784249761.791080,0,80.833946,0.050406,0.003906
1784249761.801128,0,80.833893,-0.081425,0.003906
1784249761.811138,0,80.833893,0.038774,0.003906
1784249761.822162,0,80.833893,-0.069793,0.000000
1784249761.831104,0,80.833946,0.046528,0.003906
1784249761.841063,0,80.833893,-0.058161,0.003906
1784249761.852262,0,80.833923,-0.015509,0.003906
1784249761.861123,0,80.833923,-0.015509,0.007812
1784249761.871074,0,80.833893,-0.069793,0.003906
1784249761.881123,0,80.833923,-0.015509,0.000000
1784249761.891052,0,80.833923,-0.011632,0.000000
1784249761.901083,0,80.833893,-0.077547,0.003906
1784249761.911079,0,80.833923,-0.003877,0.007812
1784249761.920963,0,80.833923,-0.023264,0.007812
1784249761.930993,0,80.833893,-0.062038,0.000000
1784249761.941014,0,80.833923,-0.003877,0.000000
1784249761.951090,0,80.833893,-0.073670,0.000000
1784249761.961028,0,80.833923,0.000000,0.000000
1784249761.971005,0,80.833923,-0.023264,0.003906
1784249761.981046,0,80.833923,-0.027142,0.000000
1784249761.991096,0,80.833923,0.000000,0.000000
1784249762.001075,0,80.833893,-0.058161,0.000000
1784249762.012217,0,80.833923,-0.015509,0.000000
1784249762.022109,0,80.833923,0.000000,0.003906
1784249762.030983,0,80.833893,-0.062038,0.000000
1784249762.042088,0,80.833923,0.019387,0.000000
1784249762.051455,0,80.833923,0.000000,0.003906
1784249762.062495,0,80.833923,-0.011632,0.000000
1784249762.072362,0,80.833893,-0.007755,0.003906
1784249762.081158,0,80.833923,-0.015509,0.000000
1784249762.090940,0,80.833946,0.038774,0.003906
1784249762.101053,0,80.833923,-0.031019,0.003906
1784249762.112068,0,80.833923,0.003877,0.011719
1784249762.121016,0,80.833893,-0.062038,0.003906
1784249762.131034,0,80.833893,-0.081425,0.000000
1784249762.142050,0,80.833923,-0.058161,0.007812
1784249762.152461,0,80.833893,-0.062038,0.007812
1784249762.161053,0,80.833923,-0.027142,0.000000
1784249762.171005,0,80.833893,-0.058161,0.003906
1784249762.181052,0,80.833923,-0.027142,0.003906
1784249762.191039,0,80.833923,0.000000,0.000000
1784249762.201017,0,80.833923,-0.027142,0.007812
1784249762.211057,0,80.833946,0.019387,0.007812
1784249762.221112,0,80.833923,-0.031019,0.007812
1784249762.230984,0,80.833923,-0.023264,0.000000
1784249762.240969,0,80.833923,-0.027142,0.000000
1784249762.251140,0,80.833946,0.038774,0.007812
1784249762.260880,0,80.833946,0.042651,0.003906
1784249762.270961,0,80.833923,0.000000,0.007812
1784249762.281099,0,80.833923,-0.003877,0.000000
1784249762.291139,0,80.833923,-0.019387,0.003906
1784249762.301049,0,80.833893,-0.065915,0.007812
1784249762.311130,0,80.833923,0.000000,0.003906
1784249762.321082,0,80.833893,-0.062038,0.000000
1784249762.330987,0,80.833923,-0.019387,0.007812
1784249762.341036,0,80.833923,-0.007755,0.003906
1784249762.351035,0,80.833923,0.000000,0.003906
1784249762.362005,0,80.833923,-0.031019,-0.003906
1784249762.371055,0,80.833946,0.034896,0.003906
1784249762.381012,0,80.833923,0.000000,0.003906
1784249762.391129,0,80.833977,0.073670,0.003906
1784249762.401112,0,80.833923,-0.011632,0.007812
1784249762.411207,0,80.833923,-0.007755,0.003906
1784249762.421134,0,80.833923,-0.023264,0.000000
1784249762.430976,0,80.833923,-0.011632,0.000000
1784249762.441059,0,80.833923,-0.007755,0.000000
1784249762.451378,0,80.833946,0.031019,0.003906
1784249762.461509,0,80.833946,0.034896,0.007812
1784249762.471070,0,80.833923,-0.007755,0.003906
1784249762.481470,0,80.833923,0.000000,0.003906
1784249762.491046,0,80.833923,-0.015509,0.007812
1784249762.501292,0,80.833923,-0.003877,0.007812
1784249762.511069,0,80.833923,-0.015509,0.000000
1784249762.521040,0,80.833893,-0.050406,0.007812
1784249762.531091,0,80.833893,-0.050406,0.003906
1784249762.541031,0,80.833893,-0.054283,0.003906
1784249762.552385,0,80.833923,-0.031019,0.003906
1784249762.560974,0,80.833946,0.031019,0.000000
1784249762.571126,0,80.833946,0.050406,0.007812
1784249762.581105,0,80.833923,-0.023264,0.007812
1784249762.591133,0,80.833893,-0.069793,0.000000
1784249762.601153,0,80.833923,-0.003877,0.003906
1784249762.611208,0,80.833893,-0.062038,0.007812
1784249762.621432,0,80.833923,-0.007755,0.000000
1784249762.631052,0,80.833893,-0.065915,0.000000
1784249762.641186,0,80.833923,-0.007755,0.003906
1784249762.651178,0,80.833893,-0.058161,0.003906
1784249762.660925,0,80.833893,-0.011632,0.000000
1784249762.671050,0,80.833923,0.000000,0.003906
1784249762.681073,0,80.833923,0.000000,0.003906
1784249762.691201,0,80.833893,-0.058161,0.007812
1784249762.701430,0,80.833923,-0.007755,0.007812
1784249762.711038,0,80.833923,0.000000,0.000000
1784249762.721073,0,80.833923,-0.023264,0.003906
1784249762.730852,0,80.833893,-0.062038,0.000000
1784249762.740971,0,80.833946,0.034896,0.000000
1784249762.750822,0,80.833946,0.058161,0.000000
1784249762.761067,0,80.833923,-0.007755,0.007812
1784249762.771328,0,80.833893,-0.077547,0.007812
1784249762.781113,0,80.833923,-0.007755,0.003906
1784249762.791005,0,80.833923,-0.011632,0.003906
1784249762.802058,0,80.833923,-0.003877,0.007812
1784249762.810976,0,80.833893,-0.073670,0.000000
1784249762.820993,0,80.833946,0.034896,0.007812
1784249762.831099,0,80.833893,-0.069793,0.000000
1784249762.840971,0,80.833923,-0.015509,0.007812
1784249762.851084,0,80.833923,-0.003877,0.000000
1784249762.861076,0,80.833923,0.000000,0.000000
1784249762.871184,0,80.833923,-0.023264,0.003906
1784249762.881057,0,80.833893,-0.069793,0.003906
1784249762.891044,0,80.833923,-0.011632,0.003906
1784249762.900864,0,80.833946,0.023264,0.000000
1784249762.910992,0,80.833923,-0.011632,0.000000
1784249762.920865,0,80.833946,0.038774,0.007812
1784249762.931013,0,80.833923,-0.019387,0.007812
1784249762.941075,0,80.833923,-0.011632,0.007812
1784249762.950977,0,80.833923,-0.031019,0.000000
1784249762.961127,0,80.833923,-0.062038,0.003906
1784249762.971089,0,80.833923,-0.023264,0.003906
1784249762.980978,0,80.833977,0.077547,0.000000
1784249762.991009,0,80.833923,-0.015509,0.003906
1784249763.001163,0,80.833893,-0.065915,0.007812
1784249763.011021,0,80.833893,-0.073670,0.003906
1784249763.020871,0,80.833893,-0.058161,0.007812
1784249763.031018,0,80.833923,-0.027142,0.000000
1784249763.041020,0,80.833923,-0.015509,0.007812
1784249763.050999,0,80.833923,-0.007755,0.003906
1784249763.061038,0,80.833893,-0.069793,0.000000
1784249763.072039,0,80.833946,0.015509,0.003906
1784249763.080974,0,80.833923,-0.019387,0.000000
1784249763.091020,0,80.833946,0.034896,0.000000
1784249763.102440,0,80.833923,-0.011632,0.000000
1784249763.111010,0,80.833893,-0.054283,0.003906
1784249763.120807,0,80.833923,-0.019387,0.000000
1784249763.131984,0,80.833923,-0.011632,0.000000
1784249763.140956,0,80.833893,-0.058161,0.003906
1784249763.152397,0,80.833923,-0.007755,0.000000
1784249763.162178,0,80.833923,-0.015509,0.000000
1784249763.170888,0,80.833893,-0.058161,0.003906
1784249763.182072,0,80.833893,-0.065915,0.000000
1784249763.190974,0,80.833923,0.000000,0.003906
1784249763.200984,0,80.833923,-0.003877,0.000000
1784249763.211981,0,80.833923,0.058161,0.007812
1784249763.220865,0,80.833946,0.034896,0.000000
1784249763.230867,0,80.833893,-0.062038,0.003906
1784249763.240971,0,80.833893,-0.058161,0.000000
1784249763.250965,0,80.833923,-0.007755,0.000000
1784249763.260874,0,80.833923,0.031019,0.000000
1784249763.272165,0,80.833923,-0.003877,0.003906
1784249763.280922,0,80.833893,-0.058161,0.000000
1784249763.291004,0,80.833946,0.050406,0.000000
1784249763.302389,0,80.833893,-0.062038,0.003906
1784249763.312000,0,80.833923,-0.011632,0.003906
1784249763.320929,0,80.833946,0.031019,0.003906
1784249763.330908,0,80.833923,-0.003877,0.003906
1784249763.340925,0,80.833923,-0.007755,0.003906
1784249763.352054,0,80.833923,-0.015509,0.007812
1784249763.360963,0,80.833923,0.000000,0.000000
1784249763.372388,0,80.833893,-0.069793,0.003906
1784249763.381992,0,80.833946,0.046528,0.003906
1784249763.390981,0,80.833893,-0.062038,0.003906
1784249763.400985,0,80.833946,0.034896,0.000000
1784249763.411005,0,80.833946,0.054283,0.000000
1784249763.420868,0,80.833893,-0.054283,0.007812
1784249763.430892,0,80.833923,0.000000,0.003906
1784249763.442036,0,80.833923,-0.034896,0.003906
1784249763.451916,0,80.833893,-0.069793,0.000000
1784249763.460873,0,80.833946,0.062038,0.003906
1784249763.471245,0,80.833893,-0.062038,0.003906
1784249763.481108,0,80.833923,-0.011632,0.000000
1784249763.491085,0,80.833923,-0.093057,0.007812
1784249763.500916,0,80.833893,-0.058161,0.003906
1784249763.511081,0,80.833923,-0.015509,0.007812
1784249763.520864,0,80.833923,-0.011632,0.000000
1784249763.531059,0,80.833923,-0.007755,0.000000
1784249763.541369,0,80.833893,-0.054283,0.019531
1784249763.551351,0,80.833893,-0.085302,0.003906
1784249763.561347,0,80.833893,-0.062038,0.003906
1784249763.571046,0,80.833893,-0.069793,0.003906
1784249763.581001,0,80.833923,-0.007755,0.000000
1784249763.590910,0,80.833893,-0.058161,0.003906
1784249763.600901,0,80.833923,-0.015509,0.007812
1784249763.610927,0,80.833893,-0.069793,0.003906
1784249763.621863,0,80.833923,-0.077547,0.000000
1784249763.631984,0,80.833923,-0.027142,0.000000
1784249763.641881,0,80.833923,-0.015509,0.003906
1784249763.650833,0,80.833893,-0.069793,0.000000
1784249763.660760,0,80.833923,-0.019387,0.000000
1784249763.672298,0,80.833946,0.046528,0.007812
1784249763.682328,0,80.833923,0.015509,0.003906
1784249763.692306,0,80.833923,-0.031019,0.003906
1784249763.701876,0,80.833923,-0.003877,0.000000
1784249763.711851,0,80.833923,0.000000,0.007812
1784249763.721877,0,80.833923,-0.015509,0.000000
1784249763.732134,0,80.833923,-0.007755,0.000000
1784249763.742332,0,80.833923,-0.007755,0.007812
1784249763.752336,0,80.833923,-0.069793,0.000000
1784249763.762328,0,80.833923,-0.007755,0.003906
1784249763.770896,0,80.833893,-0.065915,0.007812
1784249763.782146,0,80.833923,-0.027142,0.000000
1784249763.792221,0,80.833946,0.023264,0.003906
1784249763.800810,0,80.833923,-0.027142,0.007812
1784249763.810879,0,80.833893,-0.069793,0.003906
1784249763.820950,0,80.833946,-0.031019,0.007812
1784249763.831005,0,80.833946,0.023264,0.007812
1784249763.840949,0,80.833923,-0.019387,0.000000
1784249763.850966,0,80.833923,-0.038774,0.000000
1784249763.860798,0,80.833923,-0.034896,0.000000
1784249763.870870,0,80.833923,-0.027142,0.000000
1784249763.882000,0,80.833923,-0.034896,0.000000
1784249763.890815,0,80.833923,-0.023264,0.003906
1784249763.902327,0,80.833946,0.019387,0.003906
1784249763.911059,0,80.833923,-0.027142,0.007812
1784249763.921865,0,80.833923,0.000000,0.003906
1784249763.930914,0,80.833923,-0.034896,0.007812
1784249763.941062,0,80.833893,-0.093057,0.000000
1784249763.950866,0,80.833946,0.031019,0.003906
1784249763.960822,0,80.833923,-0.015509,0.011719
1784249763.970861,0,80.833923,-0.015509,0.003906
1784249763.980829,0,80.833923,-0.007755,0.000000
1784249763.992311,0,80.833893,-0.065915,0.003906
1784249764.002055,0,80.833893,-0.104689,0.000000
1784249764.010824,0,80.833893,-0.073670,0.003906
1784249764.020796,0,80.833923,-0.011632,0.007812
1784249764.030806,0,80.833923,-0.003877,0.003906
1784249764.040797,0,80.833893,-0.062038,0.000000
1784249764.051109,0,80.833923,-0.007755,0.000000
1784249764.061018,0,80.833946,0.023264,0.000000
1784249764.071338,0,80.833946,0.031019,0.003906
1784249764.081330,0,80.833923,-0.027142,0.000000
1784249764.091256,0,80.833893,-0.058161,0.007812
1784249764.101196,0,80.833923,-0.054283,0.003906
1784249764.111202,0,80.833946,0.042651,0.007812
1784249764.120818,0,80.833923,-0.003877,0.003906
1784249764.130798,0,80.833923,0.003877,0.003906
1784249764.140820,0,80.833923,-0.011632,0.007812
1784249764.150895,0,80.833946,0.019387,0.000000
1784249764.160788,0,80.833923,-0.015509,0.003906
1784249764.170854,0,80.833923,-0.015509,0.007812
1784249764.182314,0,80.833893,-0.007755,0.003906
1784249764.191315,0,80.833893,-0.062038,0.000000
1784249764.201295,0,80.833893,-0.077547,0.000000
1784249764.210828,0,80.833923,0.000000,0.000000
1784249764.220807,0,80.833923,-0.015509,0.003906
1784249764.230801,0,80.833946,0.050406,0.003906
1784249764.240811,0,80.833893,-0.011632,0.007812
1784249764.251111,0,80.833946,0.034896,0.000000
1784249764.261335,0,80.833923,-0.007755,0.000000
1784249764.270789,0,80.833893,0.000000,0.000000
1784249764.281062,0,80.833923,-0.027142,0.000000
1784249764.290807,0,80.833893,-0.054283,0.000000
1784249764.300917,0,80.833923,-0.007755,0.003906
1784249764.310779,0,80.833923,-0.011632,0.000000
1784249764.320793,0,80.833893,-0.050406,0.007812
1784249764.330805,0,80.833923,-0.011632,0.003906
1784249764.341112,0,80.833893,-0.058161,0.003906
1784249764.351281,0,80.833923,-0.015509,-0.003906
1784249764.360891,0,80.833923,-0.027142,0.000000
1784249764.371141,0,80.833923,-0.015509,0.000000
1784249764.381869,0,80.833923,-0.019387,0.003906
1784249764.392282,0,80.833946,0.042651,0.003906
1784249764.400889,0,80.833923,-0.015509,0.007812
1784249764.412294,0,80.833946,0.038774,0.003906
1784249764.420940,0,80.833946,0.054283,0.003906
1784249764.430922,0,80.833923,-0.027142,0.007812
1784249764.440869,0,80.833923,-0.003877,0.003906
1784249764.450755,0,80.833923,-0.003877,0.003906
1784249764.460764,0,80.833923,-0.007755,0.000000
1784249764.472088,0,80.833923,-0.003877,0.003906
1784249764.481985,0,80.833893,-0.073670,0.003906
1784249764.492206,0,80.833893,-0.089180,0.000000
1784249764.502010,0,80.833923,-0.003877,0.007812
1784249764.512011,0,80.833946,0.038774,0.003906
1784249764.521796,0,80.833946,0.031019,0.000000
1784249764.530889,0,80.833923,0.000000,0.000000
1784249764.542196,0,80.833893,-0.073670,0.000000
1784249764.551821,0,80.833946,0.050406,0.007812
1784249764.562045,0,80.833923,0.000000,0.003906
1784249764.572266,0,80.833923,-0.007755,0.003906
1784249764.582050,0,80.833946,0.038774,0.000000
1784249764.590807,0,80.833923,0.000000,0.003906
1784249764.602297,0,80.833923,0.000000,0.003906
1784249764.612058,0,80.833893,-0.050406,0.000000
1784249764.621934,0,80.833893,-0.062038,0.003906
1784249764.630770,0,80.833923,-0.027142,0.007812
1784249764.641885,0,80.833923,0.003877,0.000000
1784249764.652187,0,80.833923,-0.003877,0.003906
1784249764.662043,0,80.833923,0.000000,0.003906
1784249764.670776,0,80.833893,-0.085302,0.003906
1784249764.682197,0,80.833923,0.000000,0.000000
1784249764.692209,0,80.833923,-0.023264,0.007812
1784249764.701979,0,80.833923,-0.023264,0.000000
1784249764.712003,0,80.833923,-0.027142,0.000000
1784249764.720880,0,80.833923,-0.019387,0.003906
1784249764.731920,0,80.833923,-0.007755,0.003906
1784249764.741901,0,80.833946,0.046528,0.000000
1784249764.752259,0,80.833893,-0.038774,0.007812
1784249764.762280,0,80.833893,-0.058161,0.000000
1784249764.772070,0,80.833923,-0.011632,0.003906
1784249764.782279,0,80.833893,-0.050406,0.000000
1784249764.792243,0,80.833923,-0.027142,0.003906
1784249764.800872,0,80.833923,0.000000,0.003906
1784249764.812083,0,80.833923,-0.019387,0.000000
1784249764.821834,0,80.833946,0.050406,0.007812
1784249764.831869,0,80.833923,-0.007755,0.007812
1784249764.842003,0,80.833893,-0.077547,0.003906
1784249764.850943,0,80.833923,-0.003877,0.003906
1784249764.862241,0,80.833923,-0.027142,0.003906
1784249764.872260,0,80.833946,0.023264,0.000000
1784249764.880826,0,80.833923,-0.027142,0.000000
1784249764.891810,0,80.833923,-0.019387,0.000000
1784249764.900863,0,80.833893,-0.081425,0.007812
1784249764.910874,0,80.833923,-0.031019,0.003906
1784249764.920989,0,80.833893,-0.065915,0.007812
1784249764.930870,0,80.833923,-0.023264,0.003906
1784249764.942150,0,80.833923,0.000000,0.007812
1784249764.951149,0,80.833923,-0.015509,0.000000
1784249764.960799,0,80.833893,-0.058161,0.000000
1784249764.971833,0,80.833923,-0.003877,0.003906
1784249764.982079,0,80.833923,-0.011632,0.000000
1784249764.992241,0,80.833893,-0.062038,0.003906
1784249765.002242,0,80.833893,-0.058161,0.003906
1784249765.012273,0,80.833923,-0.003877,0.003906
1784249765.021805,0,80.833923,-0.011632,0.003906
1784249765.030830,0,80.833923,-0.027142,0.007812
1784249765.042067,0,80.833893,-0.062038,0.003906
1784249765.050815,0,80.833946,0.038774,0.007812
1784249765.062256,0,80.833923,-0.015509,0.007812
1784249765.072270,0,80.833923,-0.007755,0.003906
1784249765.082272,0,80.833923,-0.011632,0.000000
1784249765.091813,0,80.833923,-0.019387,0.000000
1784249765.102247,0,80.833946,0.046528,0.000000
1784249765.112053,0,80.833923,-0.019387,0.000000
1784249765.121860,0,80.833893,-0.058161,0.003906
1784249765.131881,0,80.833923,-0.031019,0.003906
1784249765.142230,0,80.833893,-0.089180,0.007812
1784249765.152222,0,80.833946,0.054283,0.007812
1784249765.162256,0,80.833923,-0.019387,0.000000
1784249765.171966,0,80.833893,-0.062038,0.000000
1784249765.182063,0,80.833923,0.000000,0.003906
1784249765.190943,0,80.833923,-0.003877,0.007812
1784249765.200864,0,80.833893,-0.058161,0.007812
1784249765.212214,0,80.833893,-0.085302,0.007812
1784249765.221789,0,80.833923,-0.011632,0.007812
1784249765.231795,0,80.833923,-0.027142,0.003906
1784249765.241746,0,80.833923,-0.003877,0.000000
1784249765.250815,0,80.833923,-0.003877,0.003906
1784249765.261918,0,80.833923,-0.007755,0.003906
1784249765.271704,0,80.833923,-0.003877,0.003906
1784249765.281858,0,80.833923,-0.023264,0.003906
1784249765.290820,0,80.833923,-0.011632,0.000000
1784249765.300744,0,80.833923,-0.011632,0.003906
1784249765.311929,0,80.833923,-0.007755,0.003906
1784249765.320780,0,80.833923,0.003877,0.003906
1784249765.330639,0,80.833893,-0.069793,0.007812
1784249765.340717,0,80.833893,-0.058161,0.003906
1784249765.350844,0,80.833923,0.007755,0.000000
1784249765.360812,0,80.833893,-0.069793,0.000000
1784249765.370864,0,80.833923,-0.011632,0.003906
1784249765.380747,0,80.833893,-0.054283,0.007812
1784249765.390699,0,80.833923,0.000000,0.003906
1784249765.400690,0,80.833923,-0.007755,0.007812
1784249765.410766,0,80.833946,0.054283,0.003906
1784249765.420693,0,80.833923,0.000000,0.003906
1784249765.430650,0,80.833893,0.000000,0.003906
1784249765.440682,0,80.833893,-0.065915,0.007812
1784249765.450658,0,80.833923,-0.007755,0.003906
1784249765.460906,0,80.833923,0.000000,0.003906
1784249765.471859,0,80.833893,-0.062038,0.000000
1784249765.480869,0,80.833946,0.046528,0.011719
1784249765.490748,0,80.833923,0.058161,0.000000
1784249765.500771,0,80.833893,-0.062038,0.003906
1784249765.510859,0,80.833893,-0.050406,0.003906
1784249765.520740,0,80.833923,-0.023264,0.003906
1784249765.531871,0,80.833923,-0.011632,0.000000
1784249765.540767,0,80.833923,-0.007755,0.000000
1784249765.550707,0,80.833923,-0.011632,0.003906
1784249765.560894,0,80.833923,-0.015509,0.007812
1784249765.570771,0,80.833923,0.000000,0.007812
1784249765.580751,0,80.833923,-0.003877,0.000000
1784249765.590792,0,80.833946,0.027142,0.007812
1784249765.600791,0,80.833893,-0.062038,0.000000
1784249765.610981,0,80.833923,-0.062038,0.007812
1784249765.620675,0,80.833893,-0.069793,0.003906
1784249765.630679,0,80.833946,0.050406,0.000000
1784249765.640711,0,80.833923,-0.023264,0.003906
1784249765.650676,0,80.833923,-0.011632,0.003906
1784249765.660707,0,80.833923,-0.007755,0.000000
1784249765.670743,0,80.833923,0.000000,0.007812
1784249765.680754,0,80.833923,-0.003877,0.003906
1784249765.690799,0,80.833946,0.050406,0.000000
1784249765.701852,0,80.833946,0.054283,0.003906
1784249765.710866,0,80.833893,-0.069793,0.003906
1784249765.720656,0,80.833923,-0.007755,0.007812
1784249765.730726,0,80.833923,-0.027142,0.000000
1784249765.740805,0,80.833923,0.000000,0.003906
1784249765.751883,0,80.833946,0.046528,0.000000
1784249765.762053,0,80.833923,0.000000,0.003906
1784249765.770777,0,80.833946,0.034896,0.000000
1784249765.782100,0,80.833923,-0.015509,0.000000
1784249765.791712,0,80.833923,-0.019387,0.000000
1784249765.802090,0,80.833923,-0.007755,0.011719
1784249765.811749,0,80.833923,-0.015509,0.003906
1784249765.821766,0,80.833893,-0.085302,0.003906
1784249765.831708,0,80.833923,-0.007755,0.003906
1784249765.840690,0,80.833923,-0.015509,0.000000
1784249765.851049,0,80.833923,-0.011632,0.007812
1784249765.861041,0,80.833893,-0.077547,0.003906
1784249765.870970,0,80.833893,-0.085302,0.000000
1784249765.880983,0,80.833923,-0.011632,0.007812
1784249765.890687,0,80.833923,-0.019387,0.000000
1784249765.901168,0,80.833923,-0.027142,0.007812
1784249765.910637,0,80.833946,0.046528,0.000000
1784249765.920745,0,80.833923,-0.019387,0.000000
1784249765.930667,0,80.833923,-0.023264,0.000000
1784249765.940637,0,80.833923,-0.019387,0.000000
1784249765.950738,0,80.833893,-0.054283,0.007812
1784249765.960654,0,80.833923,0.000000,0.000000
1784249765.970918,0,80.833923,0.000000,0.003906
1784249765.981002,0,80.833946,0.046528,0.000000
1784249765.991005,0,80.833946,0.054283,0.007812
1784249766.000745,0,80.833923,-0.019387,0.000000
1784249766.010877,0,80.833946,0.034896,0.000000
1784249766.020650,0,80.833893,-0.062038,0.000000
1784249766.030667,0,80.833893,-0.062038,0.000000
1784249766.040624,0,80.833923,-0.007755,0.003906
1784249766.050800,0,80.833923,-0.011632,0.000000
1784249766.060790,0,80.833923,0.003877,0.003906
1784249766.070823,0,80.833893,-0.062038,0.000000
1784249766.080866,0,80.833893,-0.062038,0.003906
1784249766.091007,0,80.833923,-0.003877,0.003906
1784249766.100783,0,80.833893,-0.058161,0.000000
1784249766.112170,0,80.833893,-0.085302,0.000000
1784249766.121744,0,80.833923,-0.011632,0.003906
1784249766.131963,0,80.833893,-0.062038,0.000000
1784249766.142030,0,80.833923,-0.003877,0.007812
1784249766.150859,0,80.833923,-0.034896,0.007812
1784249766.160982,0,80.833923,-0.023264,0.000000
1784249766.170660,0,80.833923,-0.081425,0.000000
1784249766.180773,0,80.833923,-0.019387,0.000000
1784249766.190641,0,80.833923,-0.034896,0.000000
1784249766.200738,0,80.833923,-0.027142,0.000000
1784249766.211865,0,80.833923,0.007755,0.003906
1784249766.220628,0,80.833893,-0.062038,0.003906
1784249766.231763,0,80.833946,-0.065915,0.007812
1784249766.241653,0,80.833923,-0.007755,0.003906
1784249766.251893,0,80.833893,-0.073670,0.003906
1784249766.261788,0,80.833946,0.034896,0.003906
1784249766.271723,0,80.833923,-0.003877,0.003906
1784249766.280651,0,80.833923,-0.015509,0.007812
1784249766.291619,0,80.833893,-0.073670,0.003906
1784249766.301728,0,80.833923,-0.027142,0.000000
1784249766.311757,0,80.833923,0.003877,0.003906
1784249766.321689,0,80.833893,-0.062038,0.003906
1784249766.331729,0,80.833923,-0.015509,0.000000
1784249766.341752,0,80.833893,-0.077547,0.000000
1784249766.351994,0,80.833923,0.000000,0.007812
1784249766.361706,0,80.833923,-0.007755,0.000000
1784249766.371948,0,80.833923,-0.027142,0.000000
1784249766.381826,0,80.833923,-0.011632,0.007812
1784249766.391774,0,80.833923,-0.003877,0.007812
1784249766.401720,0,80.833893,-0.069793,0.003906
1784249766.411842,0,80.833923,0.000000,0.003906
1784249766.420887,0,80.833923,-0.015509,0.000000
1784249766.430884,0,80.833923,-0.007755,0.003906
1784249766.440861,0,80.833946,0.038774,0.000000
1784249766.450821,0,80.833923,-0.003877,0.007812
1784249766.460722,0,80.833923,-0.007755,0.003906
1784249766.470656,0,80.833923,-0.003877,0.000000
1784249766.480657,0,80.833923,0.000000,0.003906
1784249766.491872,0,80.833923,-0.015509,0.000000
1784249766.501767,0,80.833923,-0.007755,0.000000
1784249766.512018,0,80.833923,0.000000,0.000000
1784249766.520713,0,80.833893,-0.081425,0.003906
1784249766.531650,0,80.833893,-0.069793,0.000000
1784249766.541881,0,80.833893,-0.062038,0.003906
1784249766.551756,0,80.833923,-0.015509,0.003906
1784249766.562105,0,80.833923,-0.003877,0.003906
1784249766.571818,0,80.833923,-0.007755,0.007812
1784249766.581811,0,80.833946,0.042651,0.007812
1784249766.591977,0,80.833923,0.003877,0.007812
1784249766.601957,0,80.833923,-0.019387,0.003906
1784249766.612138,0,80.833923,0.000000,0.003906
1784249766.621696,0,80.833946,0.046528,0.003906
1784249766.632020,0,80.833923,-0.038774,0.007812
1784249766.641826,0,80.833923,0.000000,0.003906
1784249766.651793,0,80.833923,-0.011632,0.000000
1784249766.662143,0,80.833923,-0.007755,0.007812
1784249766.671741,0,80.833893,-0.081425,0.000000
1784249766.682122,0,80.833923,-0.023264,0.003906
1784249766.691781,0,80.833923,-0.015509,0.003906
1784249766.701872,0,80.833923,0.000000,0.007812
1784249766.711949,0,80.833923,-0.011632,0.000000
1784249766.721610,0,80.833923,0.015509,0.003906
1784249766.731605,0,80.833893,-0.054283,0.007812
1784249766.741845,0,80.833893,-0.089180,0.000000
1784249766.751821,0,80.833923,-0.007755,0.007812
1784249766.761779,0,80.833893,-0.062038,0.003906
1784249766.771662,0,80.833893,-0.062038,0.000000
1784249766.782130,0,80.833893,-0.077547,0.000000
1784249766.791807,0,80.833893,-0.081425,0.007812
1784249766.801880,0,80.833923,-0.027142,0.000000
1784249766.811778,0,80.833893,-0.065915,0.003906
1784249766.821626,0,80.833946,0.019387,0.007812
1784249766.831724,0,80.833923,-0.019387,0.000000
1784249766.841666,0,80.833923,-0.019387,0.000000
1784249766.851829,0,80.833893,-0.062038,0.003906
1784249766.861703,0,80.833893,-0.058161,0.003906
1784249766.871995,0,80.833923,-0.015509,0.003906
1784249766.881706,0,80.833923,-0.015509,0.007812
1784249766.891601,0,80.833923,-0.034896,0.000000
1784249766.901807,0,80.833893,-0.065915,0.003906
1784249766.911873,0,80.833923,0.000000,0.000000
1784249766.921686,0,80.833923,-0.019387,0.000000
1784249766.931718,0,80.833893,-0.073670,0.000000
1784249766.941827,0,80.833923,-0.019387,0.007812
1784249766.951811,0,80.833923,0.000000,0.003906
1784249766.961685,0,80.833923,0.000000,0.003906
1784249766.972084,0,80.833893,0.054283,0.007812
1784249766.981661,0,80.833923,-0.015509,0.003906
1784249766.991850,0,80.833946,0.046528,0.003906
1784249767.001697,0,80.833923,-0.003877,0.000000
1784249767.011802,0,80.833946,0.031019,0.000000
1784249767.021700,0,80.833923,-0.038774,0.003906
1784249767.031671,0,80.833923,-0.003877,0.007812
1784249767.041899,0,80.833923,-0.007755,0.007812
1784249767.051746,0,80.833893,-0.077547,0.000000
1784249767.062103,0,80.833893,-0.081425,0.000000
1784249767.071814,0,80.833893,-0.058161,0.003906
1784249767.081897,0,80.833893,-0.085302,0.007812
1784249767.091866,0,80.833923,0.000000,0.000000
1784249767.101751,0,80.833893,-0.062038,0.003906
1784249767.112098,0,80.833923,-0.027142,0.000000
1784249767.121720,0,80.833923,-0.034896,0.003906
1784249767.131666,0,80.833923,-0.027142,0.003906
1784249767.141819,0,80.833923,-0.023264,0.007812
1784249767.151659,0,80.833923,-0.015509,0.003906
1784249767.161959,0,80.833923,-0.038774,0.007812
1784249767.171672,0,80.833923,-0.031019,0.003906
1784249767.182034,0,80.833923,-0.038774,0.007812
1784249767.191691,0,80.833923,-0.011632,0.007812
1784249767.201655,0,80.833923,-0.042651,0.003906
1784249767.212026,0,80.833923,-0.046528,0.003906
1784249767.221675,0,80.833893,-0.065915,0.000000
1784249767.231678,0,80.833923,-0.015509,0.000000
1784249767.241657,0,80.833893,-0.003877,0.007812
1784249767.251623,0,80.833893,-0.058161,0.007812
1784249767.261626,0,80.833923,-0.034896,0.000000
1784249767.271633,0,80.833893,-0.062038,0.000000
1784249767.280627,0,80.833946,-0.046528,0.000000
1784249767.291661,0,80.833923,0.000000,0.000000
1784249767.301612,0,80.833893,-0.058161,0.000000
1784249767.311637,0,80.833923,-0.007755,0.000000
1784249767.321591,0,80.833923,0.034896,0.007812
1784249767.331542,0,80.833923,-0.011632,0.000000
1784249767.341643,0,80.833923,-0.011632,0.003906
1784249767.351653,0,80.833893,-0.081425,0.003906
1784249767.361639,0,80.833893,-0.003877,0.007812
1784249767.371964,0,80.833923,-0.015509,0.003906
1784249767.381772,0,80.833923,0.000000,0.007812
1784249767.391632,0,80.833923,-0.019387,0.007812
1784249767.402075,0,80.833923,-0.015509,0.003906
1784249767.411780,0,80.833923,0.000000,0.003906
1784249767.421639,0,80.833893,-0.054283,0.000000
1784249767.431671,0,80.833946,0.034896,0.000000
1784249767.441798,0,80.833893,-0.081425,0.007812
1784249767.451795,0,80.833923,-0.015509,0.003906
1784249767.461636,0,80.833923,-0.011632,0.003906
1784249767.471776,0,80.833893,-0.065915,0.000000
1784249767.481670,0,80.833946,0.050406,0.000000
1784249767.491765,0,80.833923,-0.011632,0.000000
1784249767.501609,0,80.833893,-0.093057,0.000000
1784249767.511952,0,80.833946,0.058161,0.007812
1784249767.521715,0,80.833893,-0.054283,0.000000
1784249767.531643,0,80.833923,0.000000,0.000000
1784249767.541884,0,80.833923,0.000000,0.000000
1784249767.551689,0,80.833923,-0.019387,0.003906
1784249767.561632,0,80.833946,0.042651,0.003906
1784249767.571789,0,80.833923,-0.015509,0.003906
1784249767.581661,0,80.833946,0.019387,0.000000
1784249767.591736,0,80.833946,0.042651,0.003906
1784249767.601653,0,80.833923,-0.027142,0.003906
1784249767.611974,0,80.833893,-0.011632,0.003906
1784249767.621657,0,80.833923,-0.019387,0.007812
1784249767.631651,0,80.833923,-0.015509,0.003906
1784249767.641605,0,80.833893,-0.069793,0.003906
1784249767.651622,0,80.833923,0.000000,0.007812
1784249767.661613,0,80.833923,-0.011632,0.003906
1784249767.671600,0,80.833923,-0.007755,-0.007812
1784249767.681738,0,80.833893,-0.069793,0.000000
1784249767.691944,0,80.833923,-0.031019,0.000000
1784249767.701549,0,80.833923,-0.019387,0.000000
1784249767.711646,0,80.833855,-0.112444,0.003906
1784249767.721788,0,80.833923,-0.007755,0.000000
1784249767.732042,0,80.833923,-0.019387,0.000000
1784249767.741772,0,80.833893,-0.073670,0.000000
1784249767.751830,0,80.833855,-0.116321,0.003906
1784249767.761827,0,80.833893,-0.058161,0.007812
1784249767.771686,0,80.833923,-0.015509,0.011719
1784249767.781921,0,80.833893,-0.058161,0.003906
1784249767.791711,0,80.833893,-0.062038,0.007812
1784249767.802055,0,80.833946,0.038774,0.003906
1784249767.812053,0,80.833923,-0.038774,0.000000
1784249767.821538,0,80.833893,-0.077547,0.007812
1784249767.830744,0,80.833923,-0.003877,0.007812
1784249767.840707,0,80.833946,0.019387,0.003906
1784249767.850513,0,80.833893,-0.062038,0.003906
1784249767.860529,0,80.833946,0.034896,0.000000
1784249767.870644,0,80.833923,-0.027142,0.000000
1784249767.882011,0,80.833923,0.003877,0.003906
1784249767.891678,0,80.833923,-0.023264,0.003906
1784249767.900733,0,80.833946,0.054283,0.003906
1784249767.910719,0,80.833923,-0.034896,0.003906
1784249767.920628,0,80.833923,-0.023264,0.003906
1784249767.931927,0,80.833893,-0.065915,0.000000
1784249767.941598,0,80.833923,-0.027142,0.003906
1784249767.951680,0,80.833923,-0.003877,0.007812
1784249767.961666,0,80.833923,0.003877,0.007812
1784249767.971632,0,80.833923,-0.019387,0.003906
1784249767.981649,0,80.833923,-0.003877,0.007812
1784249767.991665,0,80.833946,0.054283,0.003906
1784249768.001664,0,80.833946,0.042651,0.000000
1784249768.010669,0,80.833946,0.058161,0.000000
1784249768.021709,0,80.833946,0.019387,0.003906
1784249768.031633,0,80.833923,-0.038774,0.000000
1784249768.041882,0,80.833923,-0.034896,0.007812
1784249768.051750,0,80.833923,-0.015509,0.000000
1784249768.061968,0,80.833946,0.034896,0.000000
1784249768.071758,0,80.833923,-0.015509,0.003906
1784249768.081924,0,80.833893,-0.069793,0.003906
1784249768.091541,0,80.833923,-0.015509,0.007812
1784249768.101568,0,80.833923,-0.027142,0.007812
1784249768.112035,0,80.833893,-0.058161,0.003906
1784249768.121617,0,80.833923,-0.015509,0.000000
1784249768.131503,0,80.833923,-0.031019,0.000000
1784249768.141915,0,80.833923,-0.019387,0.007812
1784249768.151934,0,80.833923,0.000000,0.007812
1784249768.161929,0,80.833923,-0.003877,0.003906
1784249768.171683,0,80.833923,0.000000,0.003906
1784249768.181557,0,80.833923,-0.031019,0.000000
1784249768.191741,0,80.833923,-0.019387,0.000000
1784249768.201616,0,80.833893,-0.058161,0.000000
1784249768.211598,0,80.833923,-0.007755,0.007812
1784249768.221634,0,80.833855,-0.019387,0.003906
1784249768.231591,0,80.833923,-0.027142,0.003906
1784249768.241571,0,80.833923,-0.034896,0.003906
1784249768.251614,0,80.833893,-0.077547,0.003906
1784249768.261587,0,80.833946,0.019387,0.003906
1784249768.271561,0,80.833855,-0.112444,0.000000
1784249768.280514,0,80.833923,-0.027142,0.007812
1784249768.291501,0,80.833946,0.031019,0.007812
1784249768.301634,0,80.833923,-0.007755,0.003906
1784249768.310629,0,80.833893,-0.062038,0.007812
1784249768.320622,0,80.833946,0.050406,0.003906
1784249768.331565,0,80.833923,-0.011632,0.003906
1784249768.340522,0,80.833923,0.054283,0.000000
1784249768.351519,0,80.833893,-0.077547,0.003906
1784249768.360466,0,80.833946,0.050406,0.003906
1784249768.370563,0,80.833923,-0.015509,0.003906
1784249768.380481,0,80.833946,0.031019,0.000000
1784249768.391594,0,80.833923,-0.011632,0.003906
1784249768.401634,0,80.833893,-0.058161,0.000000
1784249768.411595,0,80.833923,-0.027142,0.003906
1784249768.421397,0,80.833923,0.000000,0.003906
1784249768.431572,0,80.833893,-0.077547,0.007812
1784249768.441528,0,80.833923,-0.003877,0.007812
1784249768.451644,0,80.833923,-0.015509,0.007812
1784249768.461611,0,80.833923,-0.015509,0.000000
1784249768.471533,0,80.833923,-0.003877,0.003906
1784249768.481571,0,80.833893,-0.069793,0.007812
1784249768.491634,0,80.833923,0.000000,0.007812
1784249768.501756,0,80.833923,-0.007755,0.003906
1784249768.511552,0,80.833893,-0.058161,0.003906
1784249768.521545,0,80.833893,0.046528,0.000000
1784249768.531543,0,80.833923,-0.015509,0.000000
1784249768.541583,0,80.833923,-0.034896,0.000000
1784249768.551678,0,80.833923,-0.019387,0.007812
1784249768.561674,0,80.833923,-0.031019,0.011719
1784249768.571635,0,80.833923,-0.015509,0.000000
1784249768.581939,0,80.833893,-0.058161,0.003906
1784249768.591587,0,80.833923,-0.015509,0.003906
1784249768.602006,0,80.833893,-0.058161,0.003906
1784249768.611543,0,80.833893,-0.081425,0.000000
1784249768.621637,0,80.833893,-0.065915,0.003906
1784249768.631525,0,80.833923,-0.003877,0.003906
1784249768.641644,0,80.833923,-0.058161,0.000000
1784249768.651612,0,80.833923,-0.015509,0.000000
1784249768.660465,0,80.833923,-0.019387,0.000000
1784249768.671643,0,80.833923,-0.027142,0.000000
1784249768.681622,0,80.833923,-0.011632,0.000000
1784249768.691622,0,80.833946,0.050406,0.000000
1784249768.701686,0,80.833893,-0.069793,0.000000
1784249768.711621,0,80.833923,-0.003877,0.007812
1784249768.721655,0,80.833923,0.000000,0.003906
1784249768.731575,0,80.833923,-0.015509,0.003906
1784249768.741517,0,80.833946,0.042651,0.000000
1784249768.751567,0,80.833946,0.054283,0.007812
1784249768.761618,0,80.833923,-0.007755,0.000000
1784249768.771604,0,80.833923,-0.003877,0.003906
1784249768.781615,0,80.833923,-0.038774,0.003906
1784249768.791649,0,80.833923,-0.019387,0.003906
1784249768.801531,0,80.833923,-0.011632,0.007812
1784249768.811504,0,80.833893,-0.069793,0.007812
1784249768.821508,0,80.833893,-0.077547,0.000000
1784249768.831438,0,80.833923,-0.007755,0.003906
1784249768.841552,0,80.833946,0.034896,0.003906
1784249768.851649,0,80.833923,-0.015509,0.000000
1784249768.861783,0,80.833923,-0.007755,0.003906
1784249768.871909,0,80.833923,-0.019387,0.007812
1784249768.881947,0,80.833923,-0.027142,0.000000
1784249768.891736,0,80.833923,-0.023264,0.003906
1784249768.901712,0,80.833946,0.027142,0.000000
1784249768.911656,0,80.833923,-0.034896,0.003906
1784249768.921526,0,80.833923,-0.042651,0.003906
1784249768.931722,0,80.833923,-0.027142,0.003906
1784249768.941893,0,80.833893,-0.065915,0.000000
1784249768.951867,0,80.833923,-0.019387,0.000000
1784249768.961712,0,80.833923,-0.027142,0.011719
1784249768.971920,0,80.833923,-0.077547,0.003906
1784249768.981897,0,80.833923,-0.007755,0.003906
1784249768.991891,0,80.833923,-0.007755,0.000000
1784249769.001699,0,80.833923,-0.015509,0.003906
1784249769.011585,0,80.833923,-0.023264,0.003906
1784249769.021796,0,80.833923,-0.031019,0.003906
1784249769.031505,0,80.833923,-0.031019,0.000000
1784249769.041703,0,80.833893,0.031019,0.000000
1784249769.051929,0,80.833893,-0.073670,0.000000
1784249769.061880,0,80.833923,-0.027142,0.000000
1784249769.071884,0,80.833923,-0.015509,0.003906
1784249769.081927,0,80.833923,-0.023264,0.003906
1784249769.091903,0,80.833923,0.015509,0.003906
1784249769.101445,0,80.833923,0.034896,0.003906
1784249769.111543,0,80.833923,-0.031019,0.003906
1784249769.121573,0,80.833923,-0.027142,0.003906
1784249769.131467,0,80.833923,-0.027142,0.007812
1784249769.141676,0,80.833923,-0.034896,0.003906
1784249769.151672,0,80.833946,0.038774,0.000000
1784249769.161674,0,80.833946,0.019387,0.007812
1784249769.171674,0,80.833923,-0.034896,0.000000
1784249769.181501,0,80.833946,0.015509,0.007812
1784249769.191721,0,80.833923,-0.023264,0.003906
1784249769.201871,0,80.833923,-0.015509,0.000000
1784249769.211830,0,80.833893,-0.073670,0.003906
1784249769.221617,0,80.833923,-0.027142,0.003906
1784249769.231567,0,80.833923,-0.027142,0.003906
1784249769.241412,0,80.833923,-0.011632,0.003906
1784249769.251390,0,80.833923,-0.011632,0.000000
1784249769.261546,0,80.833923,-0.007755,0.003906
1784249769.271593,0,80.833923,-0.003877,0.000000
1784249769.281502,0,80.833923,-0.015509,0.003906
1784249769.291491,0,80.833923,0.000000,0.000000
1784249769.301509,0,80.833893,-0.062038,0.003906
1784249769.311505,0,80.833893,-0.058161,0.003906
1784249769.321540,0,80.833893,0.000000,0.003906
1784249769.331639,0,80.833923,0.000000,0.003906
1784249769.341611,0,80.833893,-0.050406,0.003906
1784249769.351779,0,80.833923,-0.019387,0.000000
1784249769.361524,0,80.833946,0.050406,0.007812
1784249769.371524,0,80.833893,-0.062038,0.003906
1784249769.381490,0,80.833923,-0.003877,0.000000
1784249769.391549,0,80.833855,-0.112444,0.007812
1784249769.401535,0,80.833923,-0.007755,0.003906
1784249769.411606,0,80.833923,-0.019387,0.000000
1784249769.421506,0,80.833946,0.038774,0.000000
1784249769.431628,0,80.833923,-0.027142,0.000000
1784249769.441573,0,80.833923,-0.007755,0.003906
1784249769.451573,0,80.833893,-0.062038,0.000000
1784249769.461536,0,80.833923,-0.011632,0.003906
1784249769.471494,0,80.833923,0.000000,0.003906
1784249769.481453,0,80.833923,0.000000,0.007812
1784249769.491506,0,80.833923,-0.023264,0.000000
1784249769.501523,0,80.833923,-0.003877,0.000000
1784249769.511718,0,80.833923,-0.011632,0.003906
1784249769.521464,0,80.833977,0.085302,0.000000
1784249769.531411,0,80.833923,-0.003877,0.003906
1784249769.541461,0,80.833946,-0.116321,0.011719
1784249769.551421,0,80.833923,-0.038774,0.000000
1784249769.561443,0,80.833946,-0.093057,0.000000
1784249769.571513,0,80.833893,-0.058161,0.003906
1784249769.581413,0,80.833923,-0.019387,0.003906
1784249769.591312,0,80.833946,0.050406,0.000000
1784249769.601499,0,80.833923,-0.007755,0.000000
1784249769.611464,0,80.833893,-0.077547,0.003906
1784249769.621361,0,80.833923,0.003877,0.003906
1784249769.631491,0,80.833923,-0.015509,0.000000
1784249769.641484,0,80.833923,-0.003877,0.007812
1784249769.651489,0,80.833893,-0.058161,0.003906
1784249769.661490,0,80.833923,-0.027142,0.007812
1784249769.671498,0,80.833923,0.000000,0.000000
1784249769.681499,0,80.833923,0.000000,0.003906
1784249769.691453,0,80.833923,-0.007755,0.003906
1784249769.701483,0,80.833923,-0.027142,0.007812
1784249769.711455,0,80.833923,-0.003877,0.003906
1784249769.721370,0,80.833923,-0.019387,0.003906
1784249769.731462,0,80.833893,-0.069793,0.003906
1784249769.741434,0,80.833923,-0.003877,0.007812
1784249769.751374,0,80.833923,-0.015509,0.003906
1784249769.761387,0,80.833923,-0.023264,0.003906
1784249769.771380,0,80.833923,-0.069793,0.007812
1784249769.781383,0,80.833893,-0.058161,0.003906
1784249769.791441,0,80.833893,-0.062038,0.007812
1784249769.801429,0,80.833923,0.000000,0.000000
1784249769.811283,0,80.833893,-0.050406,0.003906
1784249769.821369,0,80.833923,0.000000,0.000000
1784249769.831374,0,80.833893,-0.054283,0.000000
1784249769.841346,0,80.833923,-0.023264,0.003906
1784249769.851399,0,80.833946,0.046528,0.007812
1784249769.861354,0,80.833893,-0.081425,0.003906
1784249769.870270,0,80.833923,0.000000,0.000000
1784249769.880272,0,80.833946,0.046528,0.000000
1784249769.891376,0,80.833923,-0.023264,0.000000
1784249769.901438,0,80.833946,0.054283,0.003906
1784249769.911375,0,80.833893,-0.081425,0.000000
1784249769.921310,0,80.833893,-0.062038,0.007812
1784249769.931431,0,80.833923,0.000000,0.000000
1784249769.941379,0,80.833893,-0.050406,0.003906
1784249769.951354,0,80.833923,0.000000,0.007812
1784249769.961377,0,80.833893,-0.062038,0.003906
1784249769.971631,0,80.833923,-0.003877,0.000000
1784249769.981584,0,80.833946,0.031019,0.003906
1784249769.991463,0,80.833893,-0.062038,0.003906
1784249770.001443,0,80.833923,-0.003877,0.000000
1784249770.011578,0,80.833923,-0.007755,0.000000
1784249770.021619,0,80.833923,0.003877,0.003906
1784249770.031475,0,80.833923,-0.019387,0.000000
1784249770.041577,0,80.833923,-0.015509,0.003906
1784249770.051517,0,80.833923,-0.038774,0.000000
1784249770.061525,0,80.833893,-0.062038,0.000000
1784249770.071483,0,80.833923,-0.015509,0.003906
1784249770.081517,0,80.833923,-0.019387,0.007812
1784249770.091500,0,80.833946,0.050406,0.000000
1784249770.101529,0,80.833923,-0.011632,0.000000
1784249770.111578,0,80.833893,-0.089180,0.003906
1784249770.121585,0,80.833923,-0.003877,0.003906
1784249770.131526,0,80.833923,0.011632,0.011719
1784249770.141524,0,80.833923,-0.031019,0.000000
1784249770.151492,0,80.833923,0.000000,0.000000
1784249770.161535,0,80.833923,-0.031019,0.000000
1784249770.171495,0,80.833893,-0.073670,0.007812
1784249770.181537,0,80.833946,0.065915,0.003906
1784249770.191925,0,80.833923,-0.015509,0.000000
1784249770.201606,0,80.833923,-0.003877,0.007812
1784249770.211555,0,80.833946,0.038774,0.007812
1784249770.221886,0,80.833923,-0.015509,0.007812
1784249770.231921,0,80.833923,-0.007755,0.000000
1784249770.241895,0,80.833923,0.007755,0.007812
1784249770.251456,0,80.833893,-0.073670,0.000000
1784249770.261689,0,80.833893,-0.062038,0.003906
1784249770.271702,0,80.833946,0.038774,0.000000
1784249770.281705,0,80.833893,-0.073670,0.003906
1784249770.291820,0,80.833893,-0.058161,0.003906
1784249770.301459,0,80.833893,-0.069793,0.000000
1784249770.311924,0,80.833893,-0.069793,0.000000
1784249770.321489,0,80.833923,0.000000,0.007812
1784249770.331525,0,80.833923,-0.011632,0.007812
1784249770.341509,0,80.833946,0.062038,0.007812
1784249770.351417,0,80.833923,-0.003877,0.000000
1784249770.361780,0,80.833923,0.003877,0.003906
1784249770.371381,0,80.833923,0.000000,0.000000
1784249770.381605,0,80.833923,-0.011632,0.003906
1784249770.391567,0,80.833923,0.000000,0.003906
1784249770.401340,0,80.833923,-0.003877,0.000000
1784249770.411767,0,80.833923,-0.011632,0.003906
1784249770.421707,0,80.833923,-0.007755,0.007812
1784249770.431499,0,80.833893,-0.003877,0.003906
1784249770.441527,0,80.833893,-0.073670,0.000000
1784249770.451350,0,80.833923,-0.003877,0.007812
1784249770.461433,0,80.833923,-0.023264,0.000000
1784249770.471558,0,80.833893,-0.058161,0.007812
1784249770.481591,0,80.833893,0.000000,0.000000
1784249770.491370,0,80.833923,-0.015509,0.000000
1784249770.501426,0,80.833893,-0.054283,0.000000
1784249770.511480,0,80.833946,0.050406,0.003906
1784249770.521753,0,80.833923,-0.011632,0.000000
1784249770.531585,0,80.833923,-0.019387,0.000000
1784249770.541878,0,80.833923,0.000000,0.003906
1784249770.551402,0,80.833923,-0.007755,0.000000
1784249770.561938,0,80.833946,0.042651,0.000000
1784249770.571889,0,80.833923,0.000000,0.000000
1784249770.581424,0,80.833893,-0.062038,0.000000
1784249770.591326,0,80.833923,-0.007755,0.000000
1784249770.601571,0,80.833923,-0.003877,0.003906
1784249770.611449,0,80.833923,-0.015509,0.000000
1784249770.621660,0,80.833923,0.000000,0.007812
1784249770.631556,0,80.833893,-0.062038,0.007812
1784249770.641887,0,80.833923,-0.007755,0.000000
1784249770.651698,0,80.833923,0.003877,0.007812
1784249770.661899,0,80.833923,-0.007755,0.000000
1784249770.671875,0,80.833923,-0.019387,0.007812
1784249770.681824,0,80.833923,0.000000,0.003906
1784249770.691680,0,80.833923,0.000000,0.003906
1784249770.701437,0,80.833946,0.042651,0.003906
1784249770.711707,0,80.833923,0.007755,0.003906
1784249770.721810,0,80.833923,0.000000,0.000000
1784249770.731424,0,80.833893,-0.050406,0.003906
1784249770.741607,0,80.833923,-0.011632,0.003906
1784249770.751403,0,80.833923,-0.003877,0.003906
1784249770.761406,0,80.833946,0.050406,0.003906
1784249770.771433,0,80.833923,0.000000,0.003906
1784249770.781464,0,80.833923,-0.015509,0.000000
1784249770.791645,0,80.833923,-0.015509,0.003906
1784249770.801367,0,80.833923,0.000000,0.007812
1784249770.811468,0,80.833923,0.019387,0.000000
1784249770.821389,0,80.833923,-0.015509,0.000000
1784249770.831620,0,80.833893,-0.062038,0.003906
1784249770.841568,0,80.833893,-0.050406,0.003906
1784249770.851444,0,80.833923,-0.007755,0.003906
1784249770.861742,0,80.833893,-0.038774,0.003906
1784249770.871822,0,80.833946,0.034896,0.003906
1784249770.881829,0,80.833923,-0.023264,0.003906
1784249770.891654,0,80.833893,-0.058161,0.000000
1784249770.901389,0,80.833923,-0.003877,0.007812
1784249770.911864,0,80.833923,-0.031019,0.000000
1784249770.921661,0,80.833946,0.038774,0.000000
1784249770.931641,0,80.833923,-0.015509,0.007812
1784249770.941872,0,80.833923,0.000000,0.000000
1784249770.951442,0,80.833946,0.054283,0.003906
1784249770.961452,0,80.833923,-0.019387,0.003906
1784249770.971500,0,80.833923,0.000000,0.003906
1784249770.981719,0,80.833923,-0.007755,0.003906
1784249770.991564,0,80.833923,-0.019387,-0.003906
1784249771.001310,0,80.833946,0.046528,-0.003906
1784249771.011457,0,80.833893,-0.069793,0.000000
1784249771.021583,0,80.833923,0.000000,0.003906
1784249771.031752,0,80.833893,-0.058161,0.007812
1784249771.041698,0,80.833923,-0.011632,0.000000
1784249771.051532,0,80.833893,-0.058161,0.003906
1784249771.061736,0,80.833923,-0.015509,0.003906
1784249771.071550,0,80.833893,-0.058161,0.007812
1784249771.081421,0,80.833923,-0.019387,0.000000
1784249771.091499,0,80.833893,-0.038774,0.003906
1784249771.101354,0,80.833923,-0.019387,0.003906
1784249771.111419,0,80.833923,-0.007755,0.000000
1784249771.121359,0,80.833946,0.046528,0.007812
1784249771.131408,0,80.833855,-0.003877,0.003906
1784249771.141449,0,80.833923,0.000000,0.000000
1784249771.151427,0,80.833923,0.011632,0.007812
1784249771.161501,0,80.833923,-0.023264,0.000000
1784249771.171682,0,80.833923,-0.019387,0.003906
1784249771.181773,0,80.833923,-0.007755,0.000000
1784249771.191741,0,80.833946,0.038774,0.003906
1784249771.201625,0,80.833946,0.038774,0.003906
1784249771.211483,0,80.833923,-0.003877,0.007812
1784249771.221604,0,80.833923,0.000000,0.003906
1784249771.231457,0,80.833923,0.000000,0.003906
1784249771.241775,0,80.833946,0.046528,0.003906
1784249771.251364,0,80.833923,-0.011632,0.000000
1784249771.261800,0,80.833946,0.038774,0.003906
1784249771.271759,0,80.833923,0.015509,0.003906
1784249771.281813,0,80.833923,0.003877,0.003906
1784249771.291363,0,80.833893,-0.038774,0.003906
1784249771.301298,0,80.833923,0.003877,0.000000
1784249771.311572,0,80.833893,-0.069793,0.007812
1784249771.321592,0,80.833923,-0.007755,0.000000
1784249771.331488,0,80.833923,-0.007755,0.000000
1784249771.341403,0,80.833893,-0.065915,0.000000
1784249771.351369,0,80.833923,-0.027142,0.000000
1784249771.361804,0,80.833893,-0.069793,0.003906
1784249771.371798,0,80.833923,-0.011632,0.007812
1784249771.381386,0,80.833923,-0.015509,0.003906
1784249771.391783,0,80.833923,-0.023264,0.007812
1784249771.401429,0,80.833923,-0.003877,0.000000
1784249771.411678,0,80.833946,0.042651,0.003906
1784249771.421588,0,80.833923,0.000000,0.003906
1784249771.431470,0,80.833946,0.069793,0.003906
1784249771.441599,0,80.833923,-0.007755,0.003906
1784249771.451610,0,80.833923,0.007755,0.003906
1784249771.461582,0,80.833923,0.007755,0.003906
1784249771.471440,0,80.833893,-0.058161,0.000000
1784249771.481381,0,80.833946,0.027142,0.003906
1784249771.491550,0,80.833893,-0.054283,0.003906
1784249771.501569,0,80.833923,0.007755,0.007812
1784249771.511331,0,80.833923,0.000000,0.003906
1784249771.521565,0,80.833923,-0.003877,0.003906
1784249771.531450,0,80.833923,0.003877,0.000000
1784249771.541571,0,80.833923,0.000000,0.003906
1784249771.551374,0,80.833893,-0.054283,0.003906
1784249771.561756,0,80.833893,-0.065915,0.007812
1784249771.571419,0,80.833923,-0.015509,0.007812
1784249771.581540,0,80.833893,-0.058161,0.003906
1784249771.591585,0,80.833893,-0.073670,0.003906
1784249771.601314,0,80.833893,-0.050406,0.000000
1784249771.611744,0,80.833946,0.054283,0.000000
1784249771.621490,0,80.833893,-0.042651,0.003906
1784249771.631539,0,80.833893,-0.050406,0.003906
1784249771.641415,0,80.833923,0.015509,0.007812
1784249771.651532,0,80.833893,-0.042651,0.000000
1784249771.661327,0,80.833893,-0.038774,0.000000
1784249771.671392,0,80.833893,-0.054283,0.003906
1784249771.681585,0,80.833893,-0.062038,0.003906
1784249771.691575,0,80.833893,0.050406,0.003906
1784249771.701311,0,80.833923,-0.007755,0.000000
1784249771.711406,0,80.833893,-0.050406,0.003906
1784249771.721589,0,80.833893,-0.054283,0.003906
1784249771.731603,0,80.833923,0.000000,0.003906
1784249771.741669,0,80.833893,-0.062038,0.000000
1784249771.751412,0,80.833946,0.031019,0.000000
1784249771.761546,0,80.833923,0.000000,0.011719
1784249771.771413,0,80.833923,-0.019387,0.003906
1784249771.781358,0,80.833923,0.000000,0.007812
1784249771.791574,0,80.833923,0.000000,0.000000
1784249771.801329,0,80.833946,0.065915,0.003906
1784249771.811528,0,80.833923,-0.003877,0.003906
1784249771.821609,0,80.833893,-0.058161,0.003906
1784249771.831498,0,80.833923,0.000000,0.000000
1784249771.841655,0,80.833923,-0.003877,0.007812
1784249771.851374,0,80.833923,-0.011632,0.000000
1784249771.861444,0,80.833893,-0.062038,0.007812
1784249771.871284,0,80.833893,-0.069793,0.000000
1784249771.881304,0,80.833923,0.023264,0.003906
1784249771.891385,0,80.833893,-0.062038,0.003906
1784249771.901545,0,80.833893,-0.050406,0.003906
1784249771.911446,0,80.833946,-0.081425,0.000000
1784249771.921474,0,80.833893,-0.062038,0.003906
1784249771.931581,0,80.833893,-0.003877,0.000000
1784249771.941304,0,80.833923,-0.007755,0.003906
1784249771.951409,0,80.833923,0.003877,0.003906
1784249771.961331,0,80.833946,0.054283,0.007812
1784249771.971454,0,80.833855,-0.116321,0.007812
1784249771.981540,0,80.833923,-0.011632,0.003906
1784249771.991535,0,80.833923,0.000000,0.003906
1784249772.001508,0,80.833923,-0.003877,0.007812
1784249772.011439,0,80.833946,0.050406,0.000000
1784249772.022292,0,80.833923,0.000000,0.000000
1784249772.031443,0,80.833946,0.031019,0.003906
1784249772.041600,0,80.833946,0.054283,0.003906
1784249772.051422,0,80.833923,0.007755,0.003906
1784249772.061315,0,80.833923,-0.003877,0.003906
1784249772.071508,0,80.833923,-0.007755,0.007812
1784249772.081423,0,80.833923,-0.019387,0.003906
1784249772.091572,0,80.833923,-0.011632,0.007812
1784249772.101512,0,80.833923,0.007755,0.003906
1784249772.111617,0,80.833893,-0.065915,0.003906
1784249772.121366,0,80.833923,0.000000,0.000000
1784249772.131446,0,80.833893,-0.058161,0.003906
1784249772.141462,0,80.833893,-0.062038,0.003906
1784249772.151411,0,80.833923,0.003877,0.007812
1784249772.161336,0,80.833923,-0.011632,0.003906
1784249772.171348,0,80.833946,0.042651,0.003906
1784249772.181612,0,80.833923,0.000000,0.003906
1784249772.191461,0,80.833923,-0.011632,0.000000
1784249772.201466,0,80.833893,-0.003877,0.007812
1784249772.211617,0,80.833893,-0.054283,0.007812
1784249772.221433,0,80.833923,0.000000,0.000000
1784249772.231724,0,80.833923,-0.007755,0.000000
1784249772.241377,0,80.833893,-0.062038,0.000000
1784249772.251365,0,80.833923,-0.007755,0.007812
1784249772.261261,0,80.833893,-0.062038,0.003906
1784249772.271716,0,80.833923,0.062038,0.000000
1784249772.281259,0,80.833946,0.054283,0.003906
1784249772.291520,0,80.833923,0.000000,0.000000
1784249772.301275,0,80.833923,-0.003877,0.003906
1784249772.311270,0,80.833923,-0.015509,0.000000
1784249772.321265,0,80.833893,-0.054283,0.007812
1784249772.331556,0,80.833923,-0.003877,0.007812
1784249772.341321,0,80.833893,-0.062038,0.007812
1784249772.351641,0,80.833893,-0.058161,0.003906
1784249772.361728,0,80.833923,0.011632,0.000000
1784249772.371418,0,80.833946,0.054283,0.000000
1784249772.381525,0,80.833893,-0.050406,0.007812
1784249772.391337,0,80.833893,-0.065915,0.000000
1784249772.401352,0,80.833893,-0.058161,0.003906
1784249772.411422,0,80.833946,0.054283,0.000000
1784249772.421291,0,80.833893,-0.058161,0.007812
1784249772.431552,0,80.833923,0.000000,0.007812
1784249772.441375,0,80.833893,-0.054283,0.007812
1784249772.452323,0,80.833893,0.000000,0.003906
1784249772.461371,0,80.833923,0.000000,0.003906
1784249772.471415,0,80.833923,0.000000,0.003906
1784249772.482433,0,80.833923,0.000000,0.000000
1784249772.491689,0,80.833923,0.000000,0.003906
1784249772.501208,0,80.833923,0.000000,0.007812
1784249772.511278,0,80.833893,-0.050406,0.007812
1784249772.521304,0,80.833923,-0.011632,0.000000
1784249772.531303,0,80.833923,0.019387,0.007812
1784249772.541502,0,80.833923,0.000000,0.003906
1784249772.551334,0,80.833893,-0.058161,0.000000
1784249772.562671,0,80.833923,0.015509,0.011719
1784249772.571398,0,80.833923,0.000000,0.000000
1784249772.581378,0,80.833923,0.000000,0.007812
1784249772.591644,0,80.833893,-0.054283,0.003906
1784249772.601338,0,80.833923,0.007755,0.003906
1784249772.611427,0,80.833855,-0.112444,0.000000
1784249772.621368,0,80.833923,0.011632,0.000000
1784249772.631733,0,80.833923,-0.007755,0.000000
1784249772.641318,0,80.833946,0.065915,0.003906
1784249772.651361,0,80.833893,-0.054283,0.003906
1784249772.661227,0,80.833923,-0.015509,0.007812
1784249772.671287,0,80.833923,-0.011632,0.000000
1784249772.681493,0,80.833893,-0.062038,0.007812
1784249772.691406,0,80.833923,-0.015509,0.007812
1784249772.702225,0,80.833923,-0.003877,0.003906
1784249772.711325,0,80.833893,-0.077547,0.003906
1784249772.721254,0,80.833923,0.000000,0.000000
1784249772.731394,0,80.833893,-0.058161,0.003906
1784249772.741221,0,80.833893,-0.058161,0.003906
1784249772.751261,0,80.833893,-0.073670,0.000000
1784249772.761354,0,80.833893,-0.081425,0.003906
1784249772.771283,0,80.833923,-0.023264,0.000000
1784249772.782361,0,80.833946,-0.015509,0.007812
1784249772.791266,0,80.833923,-0.003877,0.003906
1784249772.801350,0,80.833923,0.003877,0.003906
1784249772.811274,0,80.833893,-0.065915,0.000000
1784249772.821262,0,80.833923,0.000000,0.003906
1784249772.831284,0,80.833893,-0.046528,0.000000
1784249772.841323,0,80.833923,-0.007755,0.000000
1784249772.851277,0,80.833893,-0.062038,0.003906
1784249772.861291,0,80.833923,0.000000,0.003906
1784249772.871205,0,80.833923,-0.003877,0.007812
1784249772.881298,0,80.833855,-0.093057,0.003906
1784249772.891302,0,80.833923,-0.015509,0.003906
1784249772.901335,0,80.833893,-0.050406,0.000000
1784249772.911273,0,80.833893,-0.054283,0.000000
1784249772.921314,0,80.833923,0.000000,0.000000
1784249772.931342,0,80.833946,0.034896,0.000000
1784249772.941261,0,80.833923,-0.011632,0.003906
1784249772.951254,0,80.833923,-0.011632,0.000000
1784249772.961263,0,80.833893,-0.015509,0.000000
1784249772.971307,0,80.833893,-0.050406,0.000000
1784249772.981277,0,80.833923,-0.007755,0.003906
1784249772.991241,0,80.833893,-0.062038,0.003906
1784249773.001291,0,80.833923,0.000000,0.000000
1784249773.011288,0,80.833923,0.000000,0.003906
1784249773.021294,0,80.833946,0.054283,0.000000
1784249773.031254,0,80.833893,-0.054283,0.007812
1784249773.041248,0,80.833893,-0.058161,0.003906
1784249773.051126,0,80.833923,0.007755,0.003906
1784249773.061215,0,80.833923,0.000000,0.000000
1784249773.071212,0,80.833946,0.046528,0.000000
1784249773.081217,0,80.833893,-0.062038,0.003906
1784249773.091221,0,80.833923,0.000000,0.007812
1784249773.101217,0,80.833893,-0.062038,0.000000
1784249773.111181,0,80.833893,-0.054283,0.003906
1784249773.121214,0,80.833893,-0.007755,0.000000
1784249773.131137,0,80.833893,-0.073670,0.007812
1784249773.141237,0,80.833893,-0.015509,0.003906
1784249773.151190,0,80.833946,0.046528,0.003906
1784249773.161151,0,80.833855,-0.108566,0.007812
1784249773.171181,0,80.833893,-0.065915,0.000000
1784249773.181165,0,80.833946,0.050406,0.003906
1784249773.191149,0,80.833893,0.000000,0.003906
1784249773.201157,0,80.833923,0.000000,0.003906
1784249773.211263,0,80.833893,-0.058161,0.000000
1784249773.221222,0,80.833923,0.000000,0.003906
1784249773.231220,0,80.833893,-0.062038,0.007812
1784249773.241185,0,80.833923,-0.007755,0.000000
1784249773.251163,0,80.833923,0.011632,0.003906
1784249773.261177,0,80.833946,0.054283,0.000000
1784249773.271169,0,80.833923,0.007755,0.003906
1784249773.281155,0,80.833893,-0.038774,0.011719
1784249773.291222,0,80.833893,-0.081425,0.000000
1784249773.301159,0,80.833923,-0.011632,0.000000
1784249773.311273,0,80.833893,-0.062038,0.003906
1784249773.321229,0,80.833923,0.000000,0.007812
1784249773.331189,0,80.833923,0.000000,0.003906
1784249773.341199,0,80.833923,0.000000,0.000000
1784249773.351227,0,80.833923,-0.003877,0.000000
1784249773.361171,0,80.833923,0.000000,0.003906
1784249773.371202,0,80.833923,0.003877,0.000000
1784249773.381240,0,80.833923,-0.003877,0.007812
1784249773.391245,0,80.833893,-0.038774,0.003906
1784249773.401302,0,80.833923,-0.003877,0.000000
1784249773.411258,0,80.833893,-0.042651,0.000000
1784249773.421236,0,80.833923,0.015509,0.007812
1784249773.431242,0,80.833855,-0.003877,0.000000
1784249773.441229,0,80.833946,0.054283,0.000000
1784249773.451260,0,80.833923,0.000000,0.003906
1784249773.461258,0,80.833855,-0.120198,0.003906
1784249773.471231,0,80.833923,0.003877,0.000000
1784249773.481231,0,80.833923,-0.011632,0.000000
1784249773.491253,0,80.833923,0.000000,0.007812
1784249773.501238,0,80.833923,0.000000,0.003906
1784249773.511152,0,80.833923,0.000000,0.000000
1784249773.521195,0,80.833923,0.000000,0.000000
1784249773.531256,0,80.833893,-0.042651,0.007812
1784249773.541289,0,80.833923,0.003877,0.000000
1784249773.551220,0,80.833923,-0.019387,0.007812
1784249773.561231,0,80.833923,-0.015509,0.000000
1784249773.571184,0,80.833923,-0.007755,0.003906
1784249773.581177,0,80.833923,-0.007755,0.007812
1784249773.591201,0,80.833923,0.000000,0.000000
1784249773.601153,0,80.833946,0.050406,0.003906
1784249773.611277,0,80.833923,-0.007755,0.003906
1784249773.621233,0,80.833923,0.015509,0.000000
1784249773.631240,0,80.833923,-0.003877,0.000000
1784249773.641200,0,80.833923,0.050406,0.007812
1784249773.651202,0,80.833923,0.000000,0.003906
1784249773.661177,0,80.833893,-0.054283,0.003906
1784249773.671157,0,80.833893,-0.065915,0.000000
1784249773.681141,0,80.833923,0.000000,0.000000
1784249773.691218,0,80.833946,0.065915,0.003906
1784249773.701217,0,80.833923,-0.003877,0.000000
1784249773.711192,0,80.833923,0.007755,0.003906
1784249773.721236,0,80.833946,0.054283,0.003906
1784249773.731218,0,80.833923,-0.015509,0.000000
1784249773.741242,0,80.833923,-0.062038,0.003906
1784249773.751179,0,80.833893,-0.007755,0.003906
1784249773.761202,0,80.833923,-0.019387,0.007812
1784249773.771183,0,80.833893,-0.050406,0.003906
1784249773.781226,0,80.833923,-0.007755,0.003906
1784249773.791176,0,80.833923,-0.003877,0.003906
1784249773.801270,0,80.833893,-0.003877,0.007812
1784249773.811198,0,80.833923,0.000000,0.000000
1784249773.821251,0,80.833893,-0.058161,0.000000
1784249773.831241,0,80.833893,-0.058161,0.007812
1784249773.841265,0,80.833893,-0.073670,0.003906
1784249773.851219,0,80.833923,-0.003877,0.000000
1784249773.861140,0,80.833893,-0.058161,0.003906
1784249773.871261,0,80.833923,0.003877,0.000000
1784249773.881175,0,80.833946,0.050406,0.003906
1784249773.891211,0,80.833923,0.003877,0.007812
1784249773.901215,0,80.833923,0.015509,0.000000
1784249773.911222,0,80.833923,0.003877,0.007812
1784249773.921175,0,80.833893,-0.007755,0.000000
1784249773.931192,0,80.833893,-0.058161,0.003906
1784249773.941279,0,80.833923,-0.003877,0.003906
1784249773.951233,0,80.833923,-0.007755,0.003906
1784249773.961152,0,80.833923,0.000000,0.003906
1784249773.971198,0,80.833946,0.027142,-0.003906
1784249773.981225,0,80.833923,0.003877,0.000000
1784249773.991187,0,80.833923,-0.007755,0.007812
1784249774.001132,0,80.833923,0.000000,0.003906
1784249774.011146,0,80.833893,-0.054283,0.007812
1784249774.021142,0,80.833893,-0.050406,0.003906
1784249774.031163,0,80.833946,0.058161,0.003906
1784249774.041192,0,80.833923,-0.003877,0.000000
1784249774.051110,0,80.833946,0.054283,0.000000
1784249774.061101,0,80.833923,-0.011632,0.003906
1784249774.071122,0,80.833923,0.003877,0.003906
1784249774.081119,0,80.833923,0.015509,0.000000
1784249774.091203,0,80.833946,0.054283,0.000000
1784249774.101190,0,80.833923,0.003877,0.007812
1784249774.111204,0,80.833923,-0.031019,0.000000
1784249774.121200,0,80.833923,-0.003877,0.003906
1784249774.131151,0,80.833893,-0.062038,0.003906
1784249774.141136,0,80.833923,0.000000,0.003906
1784249774.151124,0,80.833923,0.007755,0.007812
1784249774.161149,0,80.833893,-0.065915,0.000000
1784249774.171246,0,80.833923,-0.019387,0.003906
1784249774.181252,0,80.833923,0.003877,0.007812
1784249774.191154,0,80.833923,0.000000,0.000000
1784249774.201144,0,80.833893,-0.062038,0.007812
1784249774.211263,0,80.833893,-0.065915,0.007812
1784249774.221206,0,80.833923,0.000000,0.003906
1784249774.231004,0,80.833893,-0.058161,0.003906
1784249774.240963,0,80.833923,0.015509,0.003906
1784249774.251056,0,80.833893,-0.058161,0.000000
1784249774.260958,0,80.833893,-0.046528,0.000000
1784249774.270955,0,80.833893,-0.054283,0.000000
1784249774.280961,0,80.833946,0.050406,0.007812
1784249774.290961,0,80.833893,-0.062038,0.000000
1784249774.300946,0,80.833923,-0.003877,0.003906
1784249774.310927,0,80.833923,0.003877,0.007812
1784249774.320947,0,80.833893,-0.058161,0.007812
1784249774.330923,0,80.833923,-0.019387,0.003906
1784249774.340943,0,80.833893,-0.038774,0.007812
1784249774.350967,0,80.833893,-0.058161,0.000000
1784249774.360939,0,80.833893,-0.054283,0.000000
1784249774.370935,0,80.833893,-0.042651,0.007812
1784249774.382945,0,80.833923,-0.011632,0.003906
1784249774.390941,0,80.833923,-0.011632,0.007812
1784249774.400930,0,80.833855,-0.116321,0.000000
1784249774.411180,0,80.833923,0.019387,0.007812
1784249774.421042,0,80.833923,0.000000,0.007812
1784249774.431010,0,80.833893,0.011632,0.003906
1784249774.441142,0,80.833893,-0.062038,0.003906
1784249774.451015,0,80.833923,0.000000,0.003906
1784249774.461017,0,80.833893,-0.054283,0.003906
1784249774.471124,0,80.833893,0.042651,0.003906
1784249774.481097,0,80.833923,0.000000,0.003906
1784249774.491066,0,80.833923,-0.003877,0.003906
1784249774.501111,0,80.833923,0.003877,0.000000
1784249774.511085,0,80.833893,-0.031019,0.003906
1784249774.520958,0,80.833946,0.054283,0.000000
1784249774.530955,0,80.833946,0.054283,0.003906
1784249774.540932,0,80.833893,-0.050406,0.003906
1784249774.550939,0,80.833923,-0.011632,0.000000
1784249774.560940,0,80.833923,-0.019387,0.000000
1784249774.570932,0,80.833923,0.011632,0.003906
1784249774.580936,0,80.833946,0.023264,0.000000
1784249774.590933,0,80.833893,0.050406,0.000000
1784249774.600918,0,80.833893,-0.058161,0.003906
1784249774.611107,0,80.833923,0.000000,0.000000
1784249774.621105,0,80.833893,0.007755,0.003906
1784249774.631096,0,80.833923,0.073670,0.000000
1784249774.641023,0,80.833923,0.000000,0.003906
1784249774.650985,0,80.833923,0.000000,0.000000
1784249774.661224,0,80.833893,-0.038774,0.003906
1784249774.670939,0,80.833893,0.000000,0.000000
1784249774.680912,0,80.833946,0.042651,0.003906
1784249774.690904,0,80.833946,0.058161,0.007812
1784249774.700904,0,80.833923,0.003877,0.003906
1784249774.710922,0,80.833893,-0.042651,0.000000
1784249774.720925,0,80.833923,-0.003877,0.007812
1784249774.730916,0,80.833923,-0.007755,0.003906
1784249774.740908,0,80.833893,-0.054283,0.003906
1784249774.750909,0,80.833923,0.000000,0.003906
1784249774.761001,0,80.833923,-0.007755,0.000000
1784249774.771077,0,80.833946,0.054283,0.000000
1784249774.781015,0,80.833893,-0.065915,0.007812
1784249774.791044,0,80.833893,-0.054283,0.003906
1784249774.800901,0,80.833923,0.003877,0.000000
1784249774.810996,0,80.833946,0.042651,0.000000
1784249774.821111,0,80.833855,-0.104689,0.007812
1784249774.830984,0,80.833946,0.038774,0.000000
1784249774.840981,0,80.833923,0.000000,0.007812
1784249774.851070,0,80.833923,0.000000,0.007812
1784249774.861097,0,80.833893,-0.054283,0.011719
1784249774.870975,0,80.833923,-0.007755,0.003906
1784249774.880924,0,80.833923,-0.003877,0.003906
1784249774.890915,0,80.833923,-0.011632,0.000000
1784249774.900908,0,80.833923,0.015509,0.003906
1784249774.910912,0,80.833946,0.050406,0.003906
1784249774.920973,0,80.833893,-0.050406,0.003906
1784249774.930907,0,80.833893,-0.062038,0.007812
1784249774.941131,0,80.833946,0.054283,0.003906
1784249774.951104,0,80.833923,0.000000,0.000000
1784249774.960905,0,80.833923,-0.019387,0.000000
1784249774.971009,0,80.833893,-0.058161,0.003906
1784249774.980897,0,80.833923,0.003877,0.000000
1784249774.991003,0,80.833923,-0.011632,0.003906
1784249775.001127,0,80.833946,0.027142,0.000000
1784249775.011167,0,80.833923,-0.007755,0.000000
1784249775.021096,0,80.833923,0.007755,0.003906
1784249775.030986,0,80.833893,-0.058161,0.000000
1784249775.041179,0,80.833893,-0.058161,0.003906
1784249775.051032,0,80.833946,0.054283,0.007812
1784249775.061035,0,80.833923,0.050406,0.007812
1784249775.070996,0,80.833923,-0.031019,0.007812
1784249775.081062,0,80.833893,-0.069793,0.003906
1784249775.091049,0,80.833893,-0.069793,0.003906
1784249775.101046,0,80.833923,-0.023264,0.000000
1784249775.111118,0,80.833923,-0.003877,0.003906
1784249775.121060,0,80.833893,-0.065915,0.007812
1784249775.131021,0,80.833893,-0.058161,0.003906
1784249775.141032,0,80.833946,0.034896,0.003906
1784249775.151051,0,80.833923,-0.015509,0.003906
1784249775.161021,0,80.833946,0.069793,0.003906
1784249775.171072,0,80.833923,-0.015509,0.000000
1784249775.181049,0,80.833923,-0.007755,0.003906
1784249775.191048,0,80.833923,-0.003877,0.003906
1784249775.201085,0,80.833893,-0.046528,0.007812
1784249775.211029,0,80.833893,-0.065915,0.000000
1784249775.221013,0,80.833893,-0.062038,0.000000
1784249775.231050,0,80.833893,-0.058161,0.003906
1784249775.241074,0,80.833923,-0.019387,0.000000
1784249775.250917,0,80.833893,-0.054283,0.000000
1784249775.260880,0,80.833946,0.054283,0.003906
1784249775.270890,0,80.833923,0.015509,0.007812
1784249775.281024,0,80.833893,-0.050406,0.007812
1784249775.291114,0,80.833893,-0.058161,0.000000
1784249775.301025,0,80.833923,0.000000,0.000000
1784249775.311017,0,80.833893,-0.065915,0.003906
1784249775.320957,0,80.833893,-0.058161,0.000000
1784249775.330984,0,80.833923,0.000000,0.007812
1784249775.341007,0,80.833923,0.003877,0.003906
1784249775.350866,0,80.833923,-0.062038,0.007812
1784249775.360884,0,80.833923,0.011632,0.003906
1784249775.371018,0,80.833946,0.054283,0.007812
1784249775.380991,0,80.833893,-0.069793,0.000000
1784249775.391051,0,80.833893,-0.050406,0.003906
1784249775.401031,0,80.833923,0.003877,0.003906
1784249775.411057,0,80.833923,0.015509,0.007812
1784249775.420855,0,80.833923,0.000000,0.003906
1784249775.430851,0,80.833923,0.000000,0.007812
1784249775.440863,0,80.833893,-0.065915,0.000000
1784249775.450856,0,80.833923,-0.054283,0.003906
1784249775.460913,0,80.833923,-0.011632,0.007812
1784249775.471021,0,80.833923,0.000000,0.000000
1784249775.481009,0,80.833923,-0.003877,0.003906
1784249775.491027,0,80.833893,-0.065915,0.003906
1784249775.500931,0,80.833946,0.046528,0.000000
1784249775.511005,0,80.833923,0.000000,0.007812
1784249775.521023,0,80.833893,-0.058161,0.003906
1784249775.530931,0,80.833946,-0.058161,0.000000
1784249775.540998,0,80.833923,-0.038774,0.003906
1784249775.550992,0,80.833946,0.050406,0.007812
1784249775.561018,0,80.833923,0.007755,0.007812
1784249775.570972,0,80.833893,-0.062038,0.007812
1784249775.580991,0,80.833923,0.003877,0.007812
1784249775.590995,0,80.833923,0.000000,0.003906
1784249775.601001,0,80.833855,-0.108566,0.007812
1784249775.610986,0,80.833893,-0.058161,0.000000
1784249775.621005,0,80.833893,-0.058161,0.000000
1784249775.630931,0,80.833946,0.062038,0.003906
1784249775.640928,0,80.833923,0.011632,0.003906
1784249775.650880,0,80.833923,0.003877,0.000000
1784249775.660933,0,80.833946,0.054283,0.011719
1784249775.670944,0,80.833893,-0.050406,0.000000
1784249775.680953,0,80.833923,0.007755,0.003906
1784249775.690953,0,80.833923,-0.003877,0.003906
1784249775.700990,0,80.833923,-0.007755,0.000000
1784249775.710926,0,80.833893,-0.062038,0.000000
1784249775.720881,0,80.833893,-0.058161,0.003906
1784249775.730861,0,80.833923,-0.007755,0.000000
1784249775.740939,0,80.833946,0.050406,0.000000
1784249775.751016,0,80.833923,0.007755,0.003906
1784249775.760906,0,80.833923,-0.015509,0.003906
1784249775.770955,0,80.833893,-0.062038,0.003906
1784249775.780922,0,80.833923,0.003877,0.003906
1784249775.790934,0,80.833923,0.000000,0.007812
1784249775.801000,0,80.833923,-0.007755,0.003906
1784249775.810828,0,80.833923,0.007755,0.000000
1784249775.820851,0,80.833893,-0.058161,0.000000
1784249775.830903,0,80.833893,-0.054283,0.003906
1784249775.840887,0,80.833893,-0.046528,0.007812
1784249775.850945,0,80.833893,-0.038774,0.007812
1784249775.860983,0,80.833923,-0.003877,0.007812
1784249775.871000,0,80.833893,-0.062038,0.000000
1784249775.882788,0,80.833923,0.007755,0.003906
1784249775.890851,0,80.833923,-0.011632,0.000000
1784249775.900845,0,80.833893,-0.065915,0.000000
1784249775.910834,0,80.833893,-0.058161,0.003906
1784249775.921033,0,80.833923,0.011632,0.003906
1784249775.931032,0,80.833893,-0.062038,0.000000
1784249775.940816,0,80.833893,-0.065915,0.000000
1784249775.950802,0,80.833923,0.000000,0.003906
1784249775.960801,0,80.833946,0.050406,0.003906
1784249775.970803,0,80.833946,0.046528,0.003906
1784249775.980803,0,80.833923,-0.058161,0.000000
1784249775.990804,0,80.833923,-0.003877,0.007812
1784249776.000798,0,80.833893,-0.015509,0.000000
1784249776.010812,0,80.833923,0.003877,0.003906
1784249776.020812,0,80.833893,-0.015509,0.011719
1784249776.035002,0,80.833923,0.050406,0.003906
1784249776.041009,0,80.833923,-0.003877,0.000000
1784249776.050966,0,80.833893,-0.069793,0.000000
1784249776.060992,0,80.833893,-0.062038,0.000000
1784249776.071012,0,80.833923,0.000000,0.003906
1784249776.080861,0,80.833893,-0.058161,0.000000
1784249776.091817,0,80.833923,-0.054283,0.007812
1784249776.100816,0,80.833923,-0.015509,0.003906
1784249776.110808,0,80.833946,-0.007755,0.000000
1784249776.120801,0,80.833893,-0.050406,0.003906
1784249776.130805,0,80.833893,-0.038774,0.000000
1784249776.140804,0,80.833923,-0.003877,0.003906
1784249776.150807,0,80.833893,-0.062038,0.000000
1784249776.160805,0,80.833923,-0.007755,0.000000
1784249776.170811,0,80.833923,0.000000,0.003906
1784249776.180888,0,80.833893,-0.054283,0.003906
1784249776.190877,0,80.833923,-0.003877,0.007812
1784249776.200842,0,80.833923,0.000000,0.000000
1784249776.210843,0,80.833893,-0.054283,0.000000
1784249776.220870,0,80.833893,-0.054283,0.003906
1784249776.230829,0,80.833893,-0.054283,0.003906
1784249776.241024,0,80.833923,0.003877,0.003906
1784249776.250863,0,80.833893,-0.046528,0.007812
1784249776.260852,0,80.833893,-0.054283,0.007812
1784249776.271026,0,80.833923,0.007755,0.003906
1784249776.281035,0,80.833923,0.000000,0.000000
1784249776.291010,0,80.833923,-0.003877,0.003906
1784249776.301047,0,80.833893,-0.038774,0.007812
1784249776.311019,0,80.833923,0.000000,0.007812
1784249776.321033,0,80.833923,-0.003877,0.007812
1784249776.331000,0,80.833893,-0.050406,0.003906
1784249776.340950,0,80.833923,0.000000,0.007812
1784249776.350906,0,80.833893,-0.062038,0.003906
1784249776.360902,0,80.833923,-0.003877,0.000000
1784249776.370986,0,80.833893,-0.046528,0.000000
1784249776.380966,0,80.833923,-0.003877,0.007812
1784249776.390969,0,80.833893,-0.054283,0.007812
1784249776.400878,0,80.833923,0.003877,0.007812
1784249776.410884,0,80.833923,-0.011632,0.000000
1784249776.420959,0,80.833893,-0.058161,0.000000
1784249776.430964,0,80.833893,-0.054283,0.003906
1784249776.440984,0,80.833923,0.000000,0.000000
1784249776.451018,0,80.833923,0.007755,0.000000
1784249776.461054,0,80.833923,-0.019387,0.007812
1784249776.470999,0,80.833893,-0.062038,0.000000
1784249776.480977,0,80.833893,-0.062038,0.000000
1784249776.490970,0,80.833893,-0.058161,0.011719
1784249776.500930,0,80.833923,0.000000,0.003906
1784249776.510895,0,80.833923,0.023264,0.011719
1784249776.520955,0,80.833923,0.000000,0.000000
1784249776.530959,0,80.833893,-0.050406,0.000000
1784249776.540942,0,80.833893,-0.054283,0.000000
1784249776.550877,0,80.833923,0.000000,0.003906
1784249776.561010,0,80.833893,-0.050406,0.000000
1784249776.570935,0,80.833893,-0.046528,0.000000
1784249776.580949,0,80.833893,-0.054283,0.000000
1784249776.590970,0,80.833923,0.000000,0.003906
1784249776.600977,0,80.833893,-0.058161,0.000000
1784249776.610992,0,80.833923,0.011632,0.000000
1784249776.620898,0,80.833923,0.000000,0.003906
1784249776.630780,0,80.833923,-0.011632,0.003906
1784249776.640771,0,80.833923,0.000000,0.011719
1784249776.650864,0,80.833923,-0.003877,0.003906
1784249776.660828,0,80.833923,-0.003877,0.000000
1784249776.670777,0,80.833893,-0.062038,0.000000
1784249776.680779,0,80.833923,-0.007755,0.003906
1784249776.690791,0,80.833923,0.007755,0.000000
1784249776.700847,0,80.833893,-0.058161,0.000000
1784249776.710770,0,80.833923,0.000000,0.007812
1784249776.720775,0,80.833946,0.034896,0.007812
1784249776.730782,0,80.833923,0.011632,0.003906
1784249776.742795,0,80.833923,-0.011632,0.003906
1784249776.750774,0,80.833893,-0.062038,0.000000
1784249776.760775,0,80.833923,-0.007755,0.003906
1784249776.773422,0,80.833923,-0.003877,0.003906
1784249776.781269,0,80.833946,0.069793,0.007812
1784249776.791794,0,80.833923,0.007755,0.003906
1784249776.800802,0,80.833893,-0.058161,0.003906
1784249776.810762,0,80.833893,-0.042651,0.000000
1784249776.822237,0,80.833893,-0.058161,0.003906
1784249776.830772,0,80.833923,-0.007755,0.003906
1784249776.840758,0,80.833946,0.050406,0.003906
1784249776.850754,0,80.833923,0.000000,0.000000
1784249776.861769,0,80.833923,-0.011632,0.000000
1784249776.870757,0,80.833923,-0.011632,0.003906
1784249776.880786,0,80.833923,-0.003877,0.003906
1784249776.890735,0,80.833923,-0.003877,0.003906
1784249776.900865,0,80.833923,0.007755,0.000000
1784249776.910754,0,80.833923,0.000000,0.000000
1784249776.920814,0,80.833923,0.000000,0.007812
1784249776.930873,0,80.833923,0.042651,0.011719
1784249776.940894,0,80.833893,-0.069793,0.007812
1784249776.950883,0,80.833923,0.000000,0.000000
1784249776.960853,0,80.833923,0.000000,0.000000
1784249776.970759,0,80.833923,-0.007755,0.000000
1784249776.980756,0,80.833923,0.000000,0.003906
1784249776.990757,0,80.833923,-0.007755,0.003906
1784249777.000763,0,80.833923,0.000000,0.007812
1784249777.010772,0,80.833923,0.019387,0.003906
1784249777.020750,0,80.833923,-0.007755,0.007812
1784249777.030764,0,80.833923,0.000000,0.003906
1784249777.040829,0,80.833923,0.000000,0.003906
1784249777.050762,0,80.833923,0.000000,0.007812
1784249777.060742,0,80.833893,-0.058161,0.003906
1784249777.073875,0,80.833923,-0.003877,0.003906
1784249777.080743,0,80.833923,0.007755,0.007812
1784249777.090744,0,80.833893,-0.054283,0.000000
1784249777.100752,0,80.833923,0.011632,0.000000
1784249777.110736,0,80.833923,0.007755,0.007812
1784249777.120736,0,80.833923,0.000000,0.003906
1784249777.132759,0,80.833923,-0.007755,0.000000
1784249777.140740,0,80.833923,0.000000,0.000000
1784249777.152954,0,80.833923,0.000000,0.003906
1784249777.160728,0,80.833946,0.058161,0.000000
1784249777.170728,0,80.833923,-0.007755,0.000000
1784249777.180745,0,80.833893,-0.050406,0.003906
1784249777.190743,0,80.833923,0.000000,0.003906
1784249777.200739,0,80.833923,-0.054283,0.000000
1784249777.210731,0,80.833946,0.050406,0.003906
1784249777.220734,0,80.833893,-0.038774,0.007812
1784249777.233907,0,80.833923,-0.003877,0.007812
1784249777.240743,0,80.833893,-0.058161,0.003906
1784249777.250736,0,80.833923,0.011632,0.000000
1784249777.260748,0,80.833923,-0.007755,0.000000
1784249777.270737,0,80.833946,0.050406,0.007812
1784249777.280739,0,80.833923,0.007755,0.007812
1784249777.290750,0,80.833923,-0.007755,0.000000
1784249777.300737,0,80.833923,0.000000,0.000000
1784249777.310721,0,80.833893,-0.050406,0.003906
1784249777.321714,0,80.833893,-0.058161,0.003906
1784249777.330729,0,80.833923,0.007755,0.003906
1784249777.340730,0,80.833923,-0.003877,0.000000
1784249777.350716,0,80.833923,0.000000,0.000000
1784249777.360717,0,80.833923,-0.003877,0.000000
1784249777.370719,0,80.833893,-0.062038,0.003906
1784249777.383893,0,80.833923,0.000000,0.003906
1784249777.390714,0,80.833946,0.054283,0.003906
1784249777.400723,0,80.833923,-0.011632,0.000000
1784249777.410726,0,80.833923,0.058161,0.003906
1784249777.420704,0,80.833923,0.011632,0.007812
1784249777.430714,0,80.833893,-0.050406,0.003906
1784249777.440718,0,80.833923,0.007755,0.000000
1784249777.450718,0,80.833923,0.000000,0.007812
1784249777.460719,0,80.833923,-0.007755,0.000000
1784249777.471730,0,80.833923,-0.011632,0.000000
1784249777.483886,0,80.833923,0.000000,0.003906
1784249777.490718,0,80.833923,0.000000,0.003906
1784249777.502243,0,80.833893,-0.046528,0.003906
1784249777.512730,0,80.833893,-0.069793,0.007812
1784249777.528724,0,80.833893,-0.050406,0.003906
1784249777.530723,0,80.833893,-0.054283,0.007812
1784249777.540724,0,80.833893,-0.054283,0.007812
1784249777.550717,0,80.833923,0.000000,0.003906
1784249777.560710,0,80.833893,-0.058161,0.011719
1784249777.570711,0,80.833923,-0.007755,0.003906
1784249777.584705,0,80.833923,-0.007755,0.000000
1784249777.590689,0,80.833923,0.011632,0.000000
1784249777.600692,0,80.833893,-0.058161,0.000000
1784249777.610696,0,80.833923,0.007755,0.003906
1784249777.620694,0,80.833893,-0.046528,0.007812
1784249777.630702,0,80.833923,-0.003877,0.003906
1784249777.640696,0,80.833923,0.019387,0.007812
1784249777.650694,0,80.833923,-0.003877,0.003906
1784249777.660698,0,80.833923,-0.007755,0.003906
1784249777.670700,0,80.833893,-0.062038,0.003906
1784249777.681303,0,80.833893,-0.054283,0.007812
1784249777.690683,0,80.833893,-0.050406,0.000000
1784249777.700693,0,80.833946,0.054283,0.007812
1784249777.710687,0,80.833923,0.019387,0.007812
1784249777.720907,0,80.833923,-0.003877,0.003906
1784249777.731703,0,80.833923,0.000000,0.007812
1784249777.740681,0,80.833893,-0.050406,0.003906
1784249777.750686,0,80.833893,-0.050406,0.007812
1784249777.760691,0,80.833923,-0.003877,0.000000
1784249777.770693,0,80.833923,0.000000,0.003906
1784249777.780695,0,80.833893,-0.050406,0.007812
1784249777.790688,0,80.833946,0.050406,0.003906
1784249777.800688,0,80.833923,0.000000,0.003906
1784249777.810694,0,80.833923,-0.007755,0.000000
1784249777.820696,0,80.833923,-0.011632,0.003906
1784249777.830692,0,80.833923,0.011632,0.003906
1784249777.840698,0,80.833923,-0.007755,0.000000
1784249777.850691,0,80.833923,0.000000,0.003906
1784249777.860692,0,80.833923,0.011632,0.003906
1784249777.870694,0,80.833923,0.000000,0.007812
1784249777.880677,0,80.833893,-0.069793,0.000000
1784249777.890676,0,80.833893,-0.050406,0.000000
1784249777.900677,0,80.833893,-0.050406,0.003906
1784249777.910678,0,80.833923,0.000000,0.000000
1784249777.920673,0,80.833923,0.007755,0.003906
1784249777.930676,0,80.833923,0.000000,0.003906
1784249777.940670,0,80.833893,-0.046528,0.007812
1784249777.950669,0,80.833893,-0.042651,0.003906
1784249777.960670,0,80.833893,-0.062038,0.007812
1784249777.970669,0,80.833893,-0.054283,0.003906
1784249777.980676,0,80.833893,-0.046528,0.003906
1784249777.990672,0,80.833923,0.000000,0.003906
1784249778.000674,0,80.833893,-0.058161,0.003906
1784249778.010679,0,80.833923,0.000000,0.003906
1784249778.020672,0,80.833893,-0.046528,0.007812
1784249778.030676,0,80.833923,-0.003877,0.007812
1784249778.040677,0,80.833923,-0.015509,0.003906
1784249778.050679,0,80.833923,0.050406,0.000000
1784249778.060667,0,80.833923,0.015509,0.000000
1784249778.070671,0,80.833923,0.000000,0.000000
1784249778.080677,0,80.833923,0.000000,0.003906
1784249778.090676,0,80.833893,-0.050406,0.003906
1784249778.100671,0,80.833893,-0.042651,0.000000
1784249778.110671,0,80.833893,-0.062038,0.007812
1784249778.120677,0,80.833923,0.011632,0.007812
1784249778.130672,0,80.833923,-0.007755,0.003906
1784249778.140662,0,80.833893,-0.062038,0.007812
1784249778.150648,0,80.833893,-0.054283,0.003906
1784249778.160651,0,80.833893,-0.062038,0.003906
1784249778.170708,0,80.833893,-0.038774,0.007812
1784249778.180653,0,80.833923,-0.007755,0.003906
1784249778.190656,0,80.833893,-0.042651,0.003906
1784249778.200655,0,80.833893,-0.062038,0.000000
1784249778.210651,0,80.833893,-0.046528,0.003906
1784249778.220655,0,80.833923,-0.073670,0.000000
1784249778.230668,0,80.833923,0.003877,0.000000
1784249778.240653,0,80.833893,-0.058161,0.003906
1784249778.250654,0,80.833893,-0.050406,0.003906
1784249778.260645,0,80.833923,-0.023264,0.000000
1784249778.270646,0,80.833923,-0.011632,0.007812
1784249778.280650,0,80.833923,0.000000,0.000000
1784249778.290664,0,80.833893,-0.062038,0.000000
1784249778.300648,0,80.833923,0.015509,0.003906
1784249778.310661,0,80.833923,-0.038774,0.003906
1784249778.320648,0,80.833923,0.003877,0.003906
1784249778.330665,0,80.833893,-0.062038,0.003906
1784249778.340675,0,80.833893,-0.058161,0.003906
1784249778.350721,0,80.833893,-0.065915,0.003906
1784249778.360729,0,80.833923,-0.023264,0.003906
1784249778.370734,0,80.833923,-0.003877,0.003906
1784249778.380821,0,80.833946,0.038774,0.007812
1784249778.390763,0,80.833923,0.000000,0.007812
1784249778.400712,0,80.833923,0.007755,0.003906
1784249778.410710,0,80.833893,-0.058161,0.000000
1784249778.420762,0,80.833893,-0.062038,0.000000
1784249778.430703,0,80.833923,-0.046528,0.000000
1784249778.440697,0,80.833923,-0.003877,0.003906
1784249778.450733,0,80.833893,-0.058161,0.000000
1784249778.461795,0,80.833893,-0.058161,0.003906
1784249778.470701,0,80.833946,0.062038,0.007812
1784249778.480793,0,80.833923,0.011632,0.003906
1784249778.490810,0,80.833923,-0.050406,0.003906
1784249778.500813,0,80.833893,-0.062038,0.000000
1784249778.510773,0,80.833923,0.000000,0.007812
1784249778.520846,0,80.833923,-0.003877,0.007812
1784249778.530881,0,80.833893,-0.054283,0.007812
1784249778.540830,0,80.833923,0.000000,0.007812
1784249778.550832,0,80.833893,-0.058161,0.000000
1784249778.560833,0,80.833946,0.062038,0.000000
1784249778.570673,0,80.833923,-0.007755,0.000000
1784249778.580714,0,80.833946,-0.011632,0.000000
1784249778.591791,0,80.833893,-0.058161,0.007812
1784249778.601803,0,80.833893,-0.058161,0.003906
1784249778.611984,0,80.833923,-0.003877,0.003906
1784249778.621944,0,80.833923,0.003877,0.007812
1784249778.630834,0,80.833893,-0.054283,0.003906
1784249778.640933,0,80.833893,-0.046528,0.011719
1784249778.650831,0,80.833893,-0.065915,0.003906
1784249778.660690,0,80.833923,0.000000,0.003906
1784249778.670691,0,80.833923,0.007755,0.003906
1784249778.680712,0,80.833923,-0.007755,0.003906
1784249778.690695,0,80.833893,-0.054283,0.000000
1784249778.700711,0,80.833923,-0.007755,0.000000
1784249778.710710,0,80.833923,0.000000,0.003906
1784249778.720704,0,80.833893,-0.050406,0.003906
1784249778.730730,0,80.833923,0.000000,0.003906
1784249778.740700,0,80.833923,0.007755,0.011719
1784249778.750704,0,80.833893,-0.062038,0.003906
1784249778.760598,0,80.833923,-0.019387,0.003906
1784249778.770693,0,80.833855,-0.120198,0.000000
1784249778.780701,0,80.833893,-0.058161,0.000000
1784249778.790812,0,80.833893,-0.065915,0.007812
1784249778.800792,0,80.833923,-0.015509,0.000000
1784249778.810747,0,80.833893,-0.065915,0.007812
1784249778.820706,0,80.833893,-0.058161,0.000000
1784249778.830826,0,80.833893,-0.046528,0.003906
1784249778.840679,0,80.833923,0.003877,0.000000
1784249778.850777,0,80.833923,-0.011632,0.000000
1784249778.860805,0,80.833923,-0.007755,0.000000
1784249778.870713,0,80.833923,0.000000,0.003906
1784249778.880766,0,80.833923,0.003877,0.007812
1784249778.890765,0,80.833946,0.050406,0.000000
1784249778.900790,0,80.833893,-0.050406,0.000000
1784249778.910734,0,80.833923,0.003877,0.003906
1784249778.920736,0,80.833946,0.050406,0.003906
1784249778.930745,0,80.833893,-0.065915,0.003906
1784249778.940744,0,80.833923,0.000000,0.003906
1784249778.950788,0,80.833893,0.007755,0.003906
1784249778.960733,0,80.833946,0.042651,0.003906
1784249778.970690,0,80.833923,0.000000,0.000000
1784249778.980736,0,80.833923,0.000000,0.003906
1784249778.990719,0,80.833893,-0.058161,0.011719
1784249779.000751,0,80.833923,-0.003877,0.003906
1784249779.010741,0,80.833923,0.007755,0.000000
1784249779.020765,0,80.833893,-0.065915,0.000000
1784249779.030731,0,80.833923,-0.019387,0.003906
1784249779.040726,0,80.833893,-0.058161,0.000000
1784249779.050740,0,80.833893,-0.054283,0.003906
1784249779.060776,0,80.833946,0.050406,0.003906
1784249779.070766,0,80.833893,-0.050406,0.007812
1784249779.080738,0,80.833923,-0.011632,0.000000
1784249779.090736,0,80.833893,-0.050406,0.003906
1784249779.100745,0,80.833923,0.000000,0.003906
1784249779.110744,0,80.833923,-0.003877,0.007812
1784249779.120737,0,80.833923,-0.003877,0.000000
1784249779.130739,0,80.833893,-0.031019,0.003906
1784249779.140738,0,80.833923,0.000000,0.003906
1784249779.150764,0,80.833923,0.000000,0.003906
1784249779.160757,0,80.833893,-0.065915,0.003906
1784249779.170710,0,80.833923,-0.019387,0.003906
1784249779.180736,0,80.833923,0.000000,0.007812
1784249779.191764,0,80.833923,0.003877,0.007812
1784249779.200774,0,80.833923,-0.003877,0.000000
1784249779.210775,0,80.833893,-0.007755,0.000000
1784249779.220719,0,80.833923,0.003877,0.011719
1784249779.230773,0,80.833923,-0.015509,0.003906
1784249779.240752,0,80.833923,0.019387,0.003906
1784249779.250731,0,80.833923,-0.065915,0.003906
1784249779.260798,0,80.833923,-0.034896,0.003906
1784249779.270674,0,80.833923,0.003877,0.003906
1784249779.280656,0,80.833946,0.042651,0.007812
1784249779.290644,0,80.833923,-0.007755,0.007812
1784249779.300644,0,80.833923,0.015509,0.007812
1784249779.310646,0,80.833893,-0.062038,0.000000
1784249779.320643,0,80.833923,-0.007755,0.003906
1784249779.330678,0,80.833893,0.003877,0.003906
1784249779.340757,0,80.833923,0.000000,0.003906
1784249779.350746,0,80.833923,0.000000,0.003906
1784249779.360724,0,80.833893,-0.062038,0.007812
1784249779.370664,0,80.833893,-0.054283,0.003906
1784249779.380809,0,80.833893,-0.054283,0.003906
1784249779.390785,0,80.833923,0.007755,0.003906
1784249779.400712,0,80.833923,0.000000,0.003906
1784249779.410734,0,80.833893,-0.054283,0.007812
1784249779.420753,0,80.833923,0.000000,0.003906
1784249779.430726,0,80.833923,-0.003877,0.000000
1784249779.440772,0,80.833893,-0.062038,0.007812
1784249779.450764,0,80.833923,0.000000,0.003906
1784249779.460777,0,80.833923,0.000000,0.003906
1784249779.470747,0,80.833923,-0.011632,0.000000
1784249779.480662,0,80.833923,0.000000,0.003906
1784249779.490655,0,80.833923,-0.003877,0.003906
1784249779.500602,0,80.833923,-0.003877,0.003906
1784249779.510655,0,80.833893,-0.058161,0.003906
1784249779.520637,0,80.833893,-0.062038,-0.003906
1784249779.530707,0,80.833893,-0.050406,0.000000
1784249779.540767,0,80.833923,0.000000,0.003906
1784249779.550641,0,80.833893,-0.054283,0.007812
1784249779.560737,0,80.833893,-0.058161,0.000000
1784249779.570668,0,80.833923,-0.019387,0.003906
1784249779.580640,0,80.833893,-0.058161,0.003906
1784249779.590636,0,80.833923,-0.003877,0.003906
1784249779.600636,0,80.833893,-0.050406,0.000000
1784249779.610636,0,80.833923,-0.003877,0.003906
1784249779.620651,0,80.833923,0.007755,0.007812
1784249779.630635,0,80.833893,-0.054283,0.000000
1784249779.640635,0,80.833946,-0.062038,0.000000
1784249779.650641,0,80.833923,0.011632,0.003906
1784249779.660634,0,80.833893,-0.042651,0.003906
1784249779.670636,0,80.833923,0.000000,0.000000
1784249779.680640,0,80.833923,-0.003877,0.000000
1784249779.690635,0,80.833946,0.042651,0.000000
1784249779.700663,0,80.833923,0.000000,0.000000
1784249779.710636,0,80.833923,-0.011632,0.000000
1784249779.720640,0,80.833893,-0.065915,0.003906
1784249779.730643,0,80.833923,-0.015509,0.003906
1784249779.741782,0,80.833893,-0.062038,0.000000
1784249779.750694,0,80.833923,-0.011632,0.000000
1784249779.760687,0,80.833923,0.000000,0.000000
1784249779.770705,0,80.833923,-0.027142,0.003906
1784249779.780587,0,80.833893,-0.073670,0.003906
1784249779.790684,0,80.833923,0.000000,0.007812
1784249779.800678,0,80.833946,0.038774,0.003906
1784249779.810706,0,80.833923,0.000000,0.007812
1784249779.820690,0,80.833923,-0.011632,0.003906
1784249779.830607,0,80.833923,-0.015509,0.003906
1784249779.840719,0,80.833893,-0.050406,0.007812
1784249779.850633,0,80.833923,-0.038774,0.000000
1784249779.860592,0,80.833923,-0.019387,0.000000
1784249779.870607,0,80.833923,-0.011632,0.000000
1784249779.880588,0,80.833923,-0.015509,0.007812
1784249779.890613,0,80.833923,-0.011632,0.000000
1784249779.900602,0,80.833923,0.000000,0.000000
1784249779.910658,0,80.833893,-0.058161,0.003906
1784249779.920717,0,80.833946,0.054283,0.003906
1784249779.930617,0,80.833923,-0.003877,0.000000
1784249779.940705,0,80.833923,-0.031019,0.007812
1784249779.950582,0,80.833923,0.000000,0.000000
1784249779.960594,0,80.833946,0.054283,0.000000
1784249779.970603,0,80.833923,-0.003877,0.000000
1784249779.980686,0,80.833893,-0.050406,0.003906
1784249779.990755,0,80.833923,0.000000,0.003906
1784249780.000741,0,80.833923,0.003877,0.003906
1784249780.010697,0,80.833855,-0.120198,0.003906
1784249780.020731,0,80.833923,0.054283,0.003906
1784249780.030644,0,80.833923,-0.019387,0.003906
1784249780.040717,0,80.833893,-0.058161,0.003906
1784249780.050717,0,80.833893,-0.058161,0.007812
1784249780.060722,0,80.833893,-0.069793,0.003906
1784249780.071743,0,80.833946,0.031019,0.000000
1784249780.081728,0,80.833923,-0.015509,0.007812
1784249780.090722,0,80.833893,-0.069793,0.003906
1784249780.100742,0,80.833893,-0.073670,0.003906
1784249780.111718,0,80.833923,-0.023264,0.003906
1784249780.120707,0,80.833893,-0.054283,0.003906
1784249780.130684,0,80.833923,-0.007755,0.000000
1784249780.140740,0,80.833893,-0.089180,0.000000
1784249780.150574,0,80.833923,-0.019387,0.003906
1784249780.160565,0,80.833923,-0.027142,0.003906
1784249780.170704,0,80.833893,-0.054283,0.000000
1784249780.180690,0,80.833946,0.054283,0.003906
1784249780.190622,0,80.833923,-0.003877,0.003906
1784249780.200705,0,80.833893,-0.062038,0.000000
1784249780.211680,0,80.833923,-0.003877,0.003906
1784249780.220631,0,80.833923,-0.007755,0.003906
1784249780.230758,0,80.833923,0.007755,0.003906
1784249780.240681,0,80.833855,-0.127953,0.003906
1784249780.250571,0,80.833893,-0.058161,0.000000
1784249780.260656,0,80.833923,-0.007755,0.000000
1784249780.270654,0,80.833923,-0.054283,0.003906
1784249780.280639,0,80.833923,-0.003877,0.003906
1784249780.290681,0,80.833923,-0.023264,0.003906
1784249780.301592,0,80.833893,-0.058161,0.007812
1784249780.310667,0,80.833893,-0.050406,0.000000
1784249780.320639,0,80.833893,-0.058161,0.003906
1784249780.330597,0,80.833923,0.011632,0.007812
1784249780.340614,0,80.833893,-0.050406,0.003906
1784249780.350649,0,80.833946,0.050406,0.000000
1784249780.360647,0,80.833923,-0.015509,0.000000
1784249780.370615,0,80.833893,-0.062038,0.000000
1784249780.380631,0,80.833923,0.000000,0.000000
1784249780.390585,0,80.833923,-0.007755,0.003906
1784249780.400534,0,80.833923,-0.019387,0.007812
1784249780.410551,0,80.833893,-0.065915,0.000000
1784249780.420526,0,80.833946,0.054283,0.003906
1784249780.430560,0,80.833855,-0.108566,0.007812
1784249780.440600,0,80.833893,-0.073670,0.000000
1784249780.450670,0,80.833946,0.054283,0.000000
1784249780.460663,0,80.833923,-0.007755,0.003906
1784249780.470623,0,80.833923,-0.003877,0.000000
1784249780.480654,0,80.833923,-0.019387,0.003906
1784249780.490723,0,80.833923,-0.003877,0.000000
1784249780.500664,0,80.833893,-0.042651,0.003906
1784249780.510674,0,80.833923,0.000000,0.000000
1784249780.520625,0,80.833923,-0.019387,0.000000
1784249780.530636,0,80.833946,0.034896,0.003906
1784249780.540629,0,80.833893,-0.065915,0.003906
1784249780.550549,0,80.833946,0.054283,0.007812
1784249780.561611,0,80.833923,0.003877,0.007812
1784249780.570603,0,80.833946,0.031019,0.007812
1784249780.580541,0,80.833946,-0.077547,0.007812
1784249780.590599,0,80.833893,-0.062038,0.000000
1784249780.600499,0,80.833893,-0.062038,0.003906
1784249780.610518,0,80.833893,-0.073670,0.003906
1784249780.620542,0,80.833893,-0.058161,0.003906
1784249780.630504,0,80.833923,0.007755,0.003906
1784249780.640636,0,80.833923,0.000000,0.000000
1784249780.651607,0,80.833893,-0.054283,0.000000
1784249780.661762,0,80.833893,-0.062038,0.003906
1784249780.671686,0,80.833923,0.007755,0.003906
1784249780.681636,0,80.833893,-0.058161,0.000000
1784249780.690455,0,80.833946,0.069793,0.003906
1784249780.700629,0,80.833923,0.007755,0.003906
1784249780.710546,0,80.833946,0.050406,0.000000
1784249780.721608,0,80.833923,-0.003877,0.000000
1784249780.730456,0,80.833923,-0.015509,0.007812
1784249780.741745,0,80.833893,-0.062038,0.007812
1784249780.751715,0,80.833923,0.000000,0.007812
1784249780.761709,0,80.833923,0.000000,0.003906
1784249780.771753,0,80.833893,-0.058161,0.007812
1784249780.781743,0,80.833923,0.007755,0.000000
1784249780.791789,0,80.833923,-0.019387,0.003906
1784249780.801732,0,80.833893,-0.054283,0.000000
1784249780.811694,0,80.833923,-0.007755,0.000000
1784249780.821749,0,80.833923,0.003877,0.000000
1784249780.831673,0,80.833923,-0.027142,0.000000
1784249780.841629,0,80.833923,-0.019387,0.000000
1784249780.850646,0,80.833923,0.000000,0.003906
1784249780.860624,0,80.833923,-0.011632,0.000000
1784249780.871621,0,80.833923,-0.011632,0.000000
1784249780.880609,0,80.833893,-0.058161,0.003906
1784249780.891721,0,80.833946,0.065915,0.007812
1784249780.901699,0,80.833923,0.000000,0.000000
1784249780.911746,0,80.833893,-0.065915,0.003906
1784249780.921695,0,80.833923,-0.007755,0.003906
1784249780.931634,0,80.833893,-0.050406,0.007812
1784249780.941727,0,80.833923,0.000000,0.000000
1784249780.951721,0,80.833893,-0.054283,0.003906
1784249780.961699,0,80.833923,0.000000,0.000000
1784249780.971649,0,80.833893,-0.058161,0.003906
1784249780.981684,0,80.833893,-0.058161,0.003906
1784249780.991710,0,80.833946,0.054283,0.007812
1784249781.001736,0,80.833893,-0.046528,0.007812
1784249781.011654,0,80.833923,0.000000,0.003906
1784249781.021718,0,80.833923,-0.015509,0.007812
1784249781.031622,0,80.833923,0.000000,0.003906
1784249781.041701,0,80.833893,-0.065915,0.000000
1784249781.051706,0,80.833923,0.000000,0.007812
1784249781.061726,0,80.833923,-0.007755,0.003906
1784249781.071699,0,80.833946,0.065915,0.007812
1784249781.081705,0,80.833946,0.062038,0.000000
1784249781.091696,0,80.833923,-0.011632,0.000000
1784249781.101707,0,80.833893,-0.046528,0.007812
1784249781.111677,0,80.833923,0.003877,0.000000
1784249781.121682,0,80.833923,0.007755,0.003906
1784249781.131652,0,80.833893,-0.058161,0.000000
1784249781.140577,0,80.833923,-0.019387,0.003906
1784249781.150944,0,80.833893,-0.062038,-0.003906
1784249781.160633,0,80.833893,-0.062038,0.003906
1784249781.171627,0,80.833923,-0.007755,0.000000
1784249781.180609,0,80.833893,-0.054283,0.007812
1784249781.190579,0,80.833893,-0.069793,0.003906
1784249781.201627,0,80.833923,0.000000,0.000000
1784249781.210602,0,80.833893,-0.038774,0.007812
1784249781.220590,0,80.833923,-0.054283,0.000000
1784249781.230608,0,80.833923,0.011632,0.003906
1784249781.241700,0,80.833923,0.011632,0.003906
1784249781.250631,0,80.833923,-0.007755,0.007812
1784249781.260490,0,80.833923,-0.019387,0.000000
1784249781.271580,0,80.833893,-0.062038,0.007812
1784249781.281672,0,80.833893,-0.054283,0.000000
1784249781.291635,0,80.833923,0.000000,0.007812
1784249781.301675,0,80.833946,0.054283,0.000000
1784249781.311663,0,80.833923,-0.007755,0.000000
1784249781.321703,0,80.833946,0.046528,0.000000
1784249781.331653,0,80.833893,-0.046528,0.007812
1784249781.341641,0,80.833923,-0.007755,0.000000
1784249781.351655,0,80.833923,0.011632,0.007812
1784249781.361635,0,80.833893,-0.042651,0.007812
1784249781.371649,0,80.833923,0.000000,0.000000
1784249781.381622,0,80.833893,-0.062038,0.000000
1784249781.391597,0,80.833923,-0.003877,0.007812
1784249781.401639,0,80.833893,-0.062038,0.003906
1784249781.411594,0,80.833923,-0.019387,0.003906
1784249781.421531,0,80.833923,-0.007755,0.000000
1784249781.431633,0,80.833923,0.015509,0.000000
1784249781.441661,0,80.833923,0.011632,0.007812
1784249781.450466,0,80.833946,0.050406,0.003906
1784249781.460607,0,80.833923,0.003877,0.011719
1784249781.470482,0,80.833923,-0.003877,0.000000
1784249781.480597,0,80.833923,-0.003877,0.003906
1784249781.490528,0,80.833923,0.000000,0.003906
1784249781.500457,0,80.833893,-0.054283,0.003906
1784249781.510526,0,80.833923,0.000000,0.003906
1784249781.520464,0,80.833893,-0.062038,0.007812
1784249781.530560,0,80.833923,0.000000,0.003906
1784249781.540495,0,80.833893,-0.058161,0.000000
1784249781.550587,0,80.833923,0.000000,0.003906
1784249781.561558,0,80.833923,-0.003877,0.003906
1784249781.571602,0,80.833923,0.000000,0.007812
1784249781.580517,0,80.833923,0.003877,0.003906
1784249781.590549,0,80.833946,-0.046528,0.003906
1784249781.600574,0,80.833923,-0.003877,0.003906
1784249781.610634,0,80.833923,0.000000,0.000000
1784249781.620604,0,80.833946,0.050406,0.007812
1784249781.631620,0,80.833893,-0.042651,0.003906
1784249781.640564,0,80.833923,0.000000,0.000000
1784249781.651533,0,80.833893,-0.054283,0.003906
1784249781.661549,0,80.833923,-0.027142,0.000000
1784249781.671607,0,80.833893,-0.073670,0.000000
1784249781.681570,0,80.833855,-0.112444,0.003906
1784249781.691524,0,80.833923,-0.007755,0.000000
1784249781.701523,0,80.833893,-0.054283,0.000000
1784249781.711583,0,80.833893,-0.081425,0.007812
1784249781.721551,0,80.833893,-0.069793,0.003906
1784249781.731609,0,80.833923,0.007755,0.003906
1784249781.741593,0,80.833923,-0.019387,0.000000
1784249781.751590,0,80.833946,0.058161,0.007812
1784249781.761634,0,80.833923,-0.003877,0.000000
1784249781.771652,0,80.833923,-0.003877,0.000000
1784249781.781602,0,80.833893,-0.046528,0.003906
1784249781.791656,0,80.833893,-0.058161,0.003906
1784249781.801610,0,80.833923,0.000000,0.003906
1784249781.811590,0,80.833923,0.000000,0.000000
1784249781.821632,0,80.833923,0.007755,0.003906
1784249781.831635,0,80.833923,0.007755,0.003906
1784249781.841608,0,80.833893,-0.042651,0.000000
1784249781.851624,0,80.833893,-0.054283,0.007812
1784249781.861617,0,80.833923,-0.003877,0.003906
1784249781.871636,0,80.833923,0.000000,0.000000
1784249781.881624,0,80.833893,-0.073670,0.003906
1784249781.891604,0,80.833923,-0.003877,0.003906
1784249781.901627,0,80.833893,-0.062038,0.000000
1784249781.911597,0,80.833923,0.000000,0.003906
1784249781.921607,0,80.833893,-0.073670,0.000000
1784249781.931576,0,80.833923,-0.003877,0.003906
1784249781.941576,0,80.833923,-0.015509,0.007812
1784249781.951562,0,80.833893,-0.058161,0.003906
1784249781.961572,0,80.833923,-0.015509,0.000000
1784249781.971592,0,80.833893,-0.058161,0.003906
1784249781.981604,0,80.833923,-0.011632,0.003906
1784249781.991611,0,80.833893,-0.062038,0.007812
1784249782.001528,0,80.833923,-0.011632,0.000000
1784249782.011584,0,80.833923,0.000000,0.003906
1784249782.021662,0,80.833923,0.003877,0.000000
1784249782.031627,0,80.833923,-0.015509,0.003906
1784249782.041581,0,80.833923,-0.019387,0.000000
1784249782.051602,0,80.833946,0.042651,0.003906
1784249782.061592,0,80.833923,0.000000,0.003906
1784249782.071589,0,80.833923,-0.058161,0.003906
1784249782.081620,0,80.833893,-0.058161,0.007812
1784249782.091583,0,80.833923,-0.015509,0.000000
1784249782.101604,0,80.833893,-0.058161,0.003906
1784249782.111573,0,80.833923,0.015509,0.007812
1784249782.121601,0,80.833893,-0.054283,0.000000
1784249782.131628,0,80.833946,0.054283,0.007812
1784249782.141501,0,80.833923,-0.015509,0.000000
1784249782.151617,0,80.833893,-0.046528,0.003906
1784249782.161529,0,80.833923,0.000000,0.007812
1784249782.171533,0,80.833946,0.038774,0.003906
1784249782.181619,0,80.833893,-0.050406,0.003906
1784249782.191580,0,80.833893,-0.062038,0.000000
1784249782.201601,0,80.833923,-0.058161,0.000000
1784249782.211581,0,80.833923,-0.011632,0.003906
1784249782.220594,0,80.833923,0.007755,0.003906
1784249782.231575,0,80.833893,-0.062038,0.003906
1784249782.241536,0,80.833893,-0.058161,0.000000
1784249782.251488,0,80.833893,0.000000,0.003906
1784249782.261554,0,80.833855,-0.116321,0.000000
1784249782.271539,0,80.833923,-0.003877,0.000000
1784249782.281551,0,80.833923,-0.015509,-0.003906
1784249782.291593,0,80.833893,-0.042651,0.003906
1784249782.301576,0,80.833923,-0.007755,0.000000
1784249782.311541,0,80.833923,-0.007755,0.000000
1784249782.321597,0,80.833923,-0.062038,0.003906
1784249782.331559,0,80.833923,-0.023264,0.003906
1784249782.341552,0,80.833946,0.054283,0.003906
1784249782.351574,0,80.833923,0.000000,0.000000
1784249782.361592,0,80.833923,0.003877,0.007812
1784249782.371600,0,80.833923,-0.003877,0.000000
1784249782.381546,0,80.833923,0.000000,0.003906
1784249782.391541,0,80.833893,-0.007755,0.003906
1784249782.401607,0,80.833923,0.000000,0.003906
1784249782.411570,0,80.833923,-0.007755,0.000000
1784249782.421592,0,80.833923,0.000000,0.000000
1784249782.431570,0,80.833893,-0.058161,0.003906
1784249782.441641,0,80.833923,-0.027142,0.000000
1784249782.451584,0,80.833923,-0.007755,0.007812
1784249782.461524,0,80.833923,0.003877,0.003906
1784249782.471470,0,80.833946,0.054283,0.003906
1784249782.481472,0,80.833923,0.000000,0.000000
1784249782.491443,0,80.833893,-0.062038,0.011719
1784249782.501471,0,80.833923,-0.007755,0.000000
1784249782.511443,0,80.833923,-0.007755,0.003906
1784249782.521456,0,80.833893,-0.054283,0.003906
1784249782.531465,0,80.833923,-0.007755,0.000000
1784249782.541557,0,80.833923,-0.007755,0.000000
1784249782.551438,0,80.833923,0.003877,0.007812
1784249782.561439,0,80.833923,0.000000,0.003906
1784249782.571467,0,80.833893,-0.054283,0.007812
1784249782.581488,0,80.833923,0.007755,0.007812
1784249782.591515,0,80.833923,-0.003877,0.003906
1784249782.601378,0,80.833946,0.042651,0.000000
1784249782.611442,0,80.833923,-0.007755,0.000000
1784249782.621469,0,80.833893,-0.062038,0.003906
1784249782.631402,0,80.833893,-0.054283,0.000000
1784249782.641408,0,80.833923,-0.015509,0.007812
1784249782.650443,0,80.833893,-0.058161,0.003906
1784249782.661380,0,80.833923,0.000000,0.003906
1784249782.671453,0,80.833923,-0.023264,0.000000
1784249782.681459,0,80.833923,-0.003877,0.003906
1784249782.691395,0,80.833893,-0.062038,0.007812
1784249782.701462,0,80.833923,0.000000,0.003906
1784249782.711453,0,80.833923,-0.015509,0.003906
1784249782.721469,0,80.833923,-0.007755,0.003906
1784249782.731461,0,80.833946,0.046528,0.000000
1784249782.741549,0,80.833893,-0.062038,0.000000
1784249782.751509,0,80.833923,-0.003877,0.000000
1784249782.761486,0,80.833923,0.000000,0.000000
1784249782.770514,0,80.833923,-0.003877,0.003906
1784249782.781514,0,80.833893,-0.050406,0.003906
1784249782.791499,0,80.833923,0.003877,0.003906
1784249782.801504,0,80.833923,0.000000,0.003906
1784249782.811464,0,80.833923,-0.003877,0.003906
1784249782.821383,0,80.833946,0.042651,0.003906
1784249782.831470,0,80.833855,-0.124076,0.003906
1784249782.841512,0,80.833923,0.000000,0.003906
1784249782.851566,0,80.833923,0.000000,0.003906
1784249782.861490,0,80.833923,-0.019387,0.000000
1784249782.871519,0,80.833923,0.011632,0.007812
1784249782.881562,0,80.833893,-0.042651,0.007812
1784249782.891456,0,80.833893,-0.042651,0.003906
1784249782.901457,0,80.833923,-0.003877,0.000000
1784249782.911497,0,80.833923,-0.007755,0.000000
1784249782.921490,0,80.833923,-0.007755,0.003906
1784249782.931483,0,80.833893,-0.054283,0.003906
1784249782.941500,0,80.833923,-0.003877,0.000000
1784249782.951449,0,80.833946,-0.007755,0.000000
1784249782.961494,0,80.833923,-0.003877,0.003906
1784249782.971458,0,80.833923,-0.015509,0.003906
1784249782.981461,0,80.833923,-0.027142,0.000000
1784249782.990435,0,80.833923,0.011632,0.000000
1784249783.001469,0,80.833923,0.000000,0.000000
1784249783.011441,0,80.833855,-0.124076,0.000000
1784249783.021390,0,80.833893,-0.062038,0.000000
1784249783.031370,0,80.833893,-0.038774,0.003906
1784249783.041480,0,80.833923,-0.003877,0.003906
1784249783.051428,0,80.833893,-0.065915,0.003906
1784249783.061455,0,80.833893,-0.073670,0.007812
1784249783.070332,0,80.833893,-0.062038,0.003906
1784249783.080272,0,80.833893,-0.058161,0.003906
1784249783.091272,0,80.833923,-0.007755,0.000000
1784249783.101415,0,80.833893,-0.081425,0.000000
1784249783.111370,0,80.833923,0.000000,0.003906
1784249783.121453,0,80.833893,-0.065915,0.003906
1784249783.131442,0,80.833946,0.054283,0.000000
1784249783.141455,0,80.833893,-0.065915,0.000000
1784249783.151518,0,80.833923,-0.007755,0.003906
1784249783.161404,0,80.833893,-0.065915,0.000000
1784249783.171434,0,80.833946,0.058161,0.003906
1784249783.181418,0,80.833946,0.031019,0.003906
1784249783.191518,0,80.833923,-0.003877,0.003906
1784249783.201492,0,80.833893,0.003877,0.007812
1784249783.211486,0,80.833923,-0.007755,0.000000
1784249783.221499,0,80.833923,-0.003877,0.003906
1784249783.231478,0,80.833923,0.007755,0.003906
1784249783.241545,0,80.833923,-0.027142,0.003906
1784249783.251578,0,80.833923,0.000000,0.003906
1784249783.261510,0,80.833893,-0.077547,0.003906
1784249783.271485,0,80.833893,-0.046528,0.007812
1784249783.281456,0,80.833923,0.000000,0.000000
1784249783.291451,0,80.833893,-0.050406,0.007812
1784249783.301415,0,80.833923,-0.003877,0.011719
1784249783.311459,0,80.833893,-0.046528,0.003906
1784249783.321440,0,80.833923,-0.003877,0.000000
1784249783.331434,0,80.833923,-0.007755,0.000000
1784249783.341433,0,80.833923,-0.011632,0.007812
1784249783.351430,0,80.833923,0.011632,0.007812
1784249783.361454,0,80.833923,0.003877,0.000000
1784249783.371431,0,80.833923,0.003877,0.003906
1784249783.381470,0,80.833923,0.000000,0.003906
1784249783.391407,0,80.833923,0.007755,0.000000
1784249783.401411,0,80.833923,-0.007755,0.000000
1784249783.411396,0,80.833923,-0.003877,0.003906
1784249783.421427,0,80.833893,-0.065915,-0.003906
1784249783.431418,0,80.833923,0.000000,0.000000
1784249783.441413,0,80.833923,0.003877,0.003906
1784249783.451320,0,80.833893,-0.058161,0.007812
1784249783.461396,0,80.833893,-0.054283,0.000000
1784249783.471425,0,80.833923,-0.031019,0.000000
1784249783.481447,0,80.833923,0.007755,0.000000
1784249783.491489,0,80.833923,-0.003877,0.003906
1784249783.501486,0,80.833923,-0.007755,0.000000
1784249783.511492,0,80.833893,-0.054283,0.000000
1784249783.521481,0,80.833893,-0.058161,0.007812
1784249783.531428,0,80.833923,-0.065915,0.003906
1784249783.541569,0,80.833923,-0.011632,0.000000
1784249783.551507,0,80.833946,0.042651,0.000000
1784249783.561525,0,80.833923,-0.019387,0.000000
1784249783.571603,0,80.833923,-0.011632,0.003906
1784249783.581546,0,80.833923,-0.003877,0.003906
1784249783.591453,0,80.833923,-0.015509,0.000000
1784249783.601476,0,80.833923,0.000000,0.003906
1784249783.611489,0,80.833923,-0.003877,0.003906
1784249783.621452,0,80.833923,-0.003877,0.011719
1784249783.631460,0,80.833893,-0.062038,0.000000
1784249783.641420,0,80.833893,-0.062038,0.003906
1784249783.651595,0,80.833923,0.000000,0.003906
1784249783.661450,0,80.833893,-0.058161,0.000000
1784249783.671426,0,80.833923,-0.003877,0.007812
1784249783.681439,0,80.833946,0.050406,0.003906
1784249783.691433,0,80.833923,-0.062038,0.003906
1784249783.701439,0,80.833893,-0.065915,0.003906
1784249783.711433,0,80.833923,0.011632,0.000000
1784249783.721458,0,80.833893,-0.054283,0.007812
1784249783.731421,0,80.833923,-0.027142,0.000000
1784249783.741413,0,80.833893,-0.058161,0.000000
1784249783.751448,0,80.833923,-0.007755,0.007812
1784249783.761441,0,80.833893,0.054283,0.000000
1784249783.771437,0,80.833923,0.000000,0.003906
1784249783.781398,0,80.833893,-0.073670,0.003906
1784249783.791436,0,80.833893,-0.046528,0.000000
1784249783.801419,0,80.833923,0.003877,0.007812
1784249783.811393,0,80.833893,-0.073670,0.000000
1784249783.821485,0,80.833893,-0.069793,0.003906
1784249783.831400,0,80.833923,-0.011632,0.000000
1784249783.841414,0,80.833893,-0.062038,0.000000
1784249783.851407,0,80.833923,-0.003877,0.000000
1784249783.861391,0,80.833946,0.038774,0.000000
1784249783.871400,0,80.833893,-0.058161,0.000000
1784249783.881410,0,80.833923,-0.015509,0.000000
1784249783.891394,0,80.833893,-0.007755,0.003906
1784249783.901378,0,80.833923,-0.003877,0.003906
1784249783.911390,0,80.833923,-0.015509,0.003906
1784249783.921392,0,80.833923,-0.007755,0.007812
1784249783.931397,0,80.833923,-0.015509,0.003906
1784249783.941367,0,80.833923,-0.007755,0.000000
1784249783.951389,0,80.833893,-0.062038,0.000000
1784249783.961380,0,80.833923,0.000000,0.000000
1784249783.971355,0,80.833923,0.000000,0.003906
1784249783.981337,0,80.833923,-0.007755,0.007812
1784249783.991405,0,80.833923,-0.015509,0.000000
1784249784.001443,0,80.833923,-0.007755,0.003906
1784249784.011370,0,80.833923,-0.011632,0.000000
1784249784.021367,0,80.833923,-0.081425,0.000000
1784249784.031378,0,80.833923,0.000000,0.003906
1784249784.041356,0,80.833923,-0.015509,0.003906
1784249784.051389,0,80.833946,0.031019,0.000000
1784249784.061361,0,80.833893,-0.038774,0.000000
1784249784.071380,0,80.833923,0.011632,0.003906
1784249784.081327,0,80.833893,-0.054283,0.003906
1784249784.091260,0,80.833946,0.038774,0.003906
1784249784.101261,0,80.833893,-0.069793,0.000000
1784249784.111379,0,80.833893,0.050406,0.000000
1784249784.121325,0,80.833893,-0.050406,0.007812
1784249784.131357,0,80.833923,0.000000,0.003906
1784249784.141372,0,80.833923,-0.023264,0.000000
1784249784.151363,0,80.833893,-0.050406,0.003906
1784249784.161354,0,80.833923,0.000000,0.000000
1784249784.171326,0,80.833893,-0.065915,0.003906
1784249784.181354,0,80.833893,-0.065915,0.003906
1784249784.191374,0,80.833946,0.054283,0.000000
1784249784.201335,0,80.833923,-0.007755,0.003906
1784249784.211359,0,80.833923,-0.011632,0.003906
1784249784.221363,0,80.833893,-0.058161,0.000000
1784249784.231328,0,80.833893,-0.062038,0.000000
1784249784.241455,0,80.833923,-0.003877,0.003906
1784249784.251373,0,80.833923,-0.007755,0.000000
1784249784.261452,0,80.833923,0.000000,0.003906
1784249784.271476,0,80.833923,-0.065915,0.000000
1784249784.281430,0,80.833893,-0.042651,0.000000
1784249784.291445,0,80.833893,-0.054283,0.000000
1784249784.301386,0,80.833923,0.000000,0.007812
1784249784.311358,0,80.833893,-0.073670,0.003906
1784249784.321272,0,80.833893,-0.054283,0.000000
1784249784.331195,0,80.833893,-0.062038,0.003906
1784249784.341307,0,80.833893,-0.058161,0.003906
1784249784.351354,0,80.833923,-0.050406,0.007812
1784249784.361432,0,80.833923,-0.011632,0.003906
1784249784.371392,0,80.833893,-0.058161,0.000000
1784249784.381397,0,80.833923,0.000000,0.000000
1784249784.391371,0,80.833923,-0.007755,0.007812
1784249784.401360,0,80.833893,-0.054283,0.007812
1784249784.411349,0,80.833923,-0.003877,0.000000
1784249784.421407,0,80.833893,-0.073670,0.003906
1784249784.431452,0,80.833946,0.054283,0.007812
1784249784.441373,0,80.833893,-0.058161,0.003906
1784249784.451271,0,80.833923,-0.003877,0.000000
1784249784.461368,0,80.833923,0.003877,0.007812
1784249784.471372,0,80.833923,0.000000,-0.007812
1784249784.481351,0,80.833923,0.003877,0.007812
1784249784.491401,0,80.833923,-0.007755,0.003906
1784249784.501394,0,80.833923,0.000000,0.000000
1784249784.511438,0,80.833893,-0.069793,0.003906
1784249784.521493,0,80.833923,0.011632,0.000000
1784249784.531385,0,80.833893,-0.062038,0.000000
1784249784.541455,0,80.833923,-0.007755,0.000000
1784249784.551443,0,80.833923,0.007755,0.003906
1784249784.561460,0,80.833893,-0.046528,0.003906
1784249784.571474,0,80.833923,0.000000,0.003906
1784249784.581447,0,80.833923,-0.011632,0.003906
1784249784.591502,0,80.833923,-0.003877,0.007812
1784249784.601209,0,80.833923,0.003877,0.007812
1784249784.611274,0,80.833893,0.000000,0.003906
1784249784.621292,0,80.833923,-0.003877,0.007812
1784249784.631287,0,80.833923,-0.011632,0.003906
1784249784.641195,0,80.833923,0.007755,0.000000
1784249784.651404,0,80.833923,-0.003877,0.000000
1784249784.661442,0,80.833893,-0.054283,0.003906
1784249784.671416,0,80.833893,-0.054283,0.007812
1784249784.681335,0,80.833946,0.054283,0.000000
1784249784.691436,0,80.833923,0.000000,0.003906
1784249784.701296,0,80.833923,-0.019387,0.000000
1784249784.711354,0,80.833923,-0.011632,0.000000
1784249784.721323,0,80.833893,-0.054283,0.003906
1784249784.731239,0,80.833923,0.000000,0.003906
1784249784.741369,0,80.833923,-0.019387,0.003906
1784249784.751259,0,80.833946,0.054283,0.000000
1784249784.761316,0,80.833923,0.000000,0.007812
1784249784.771287,0,80.833946,0.062038,0.003906
1784249784.781339,0,80.833923,0.000000,0.000000
1784249784.791264,0,80.833923,-0.023264,0.000000
1784249784.801274,0,80.833923,-0.011632,0.003906
1784249784.811311,0,80.833923,-0.015509,0.003906
1784249784.821301,0,80.833923,-0.003877,0.000000
1784249784.831352,0,80.833923,0.000000,0.003906
1784249784.841305,0,80.833923,-0.038774,0.003906
1784249784.851310,0,80.833923,0.003877,0.007812
1784249784.861342,0,80.833893,-0.069793,0.007812
1784249784.871332,0,80.833946,0.046528,0.000000
1784249784.881372,0,80.833923,-0.027142,0.003906
1784249784.891306,0,80.833923,-0.007755,0.003906
1784249784.901340,0,80.833923,-0.019387,0.003906
1784249784.911299,0,80.833923,-0.011632,0.000000
1784249784.921278,0,80.833923,0.000000,0.003906
1784249784.931385,0,80.833923,-0.015509,0.000000
1784249784.941350,0,80.833923,-0.015509,0.007812
1784249784.951408,0,80.833946,0.054283,0.003906
1784249784.961390,0,80.833923,0.000000,0.007812
1784249784.971395,0,80.833923,-0.027142,0.000000
1784249784.981388,0,80.833923,0.000000,0.007812
1784249784.991338,0,80.833893,-0.046528,0.003906
1784249785.001334,0,80.833923,-0.011632,0.003906
1784249785.011366,0,80.833923,-0.007755,0.003906
1784249785.021339,0,80.833946,0.046528,0.000000
1784249785.031370,0,80.833923,-0.011632,0.003906
1784249785.041334,0,80.833923,0.000000,0.000000
1784249785.051343,0,80.833923,-0.015509,0.000000
1784249785.061400,0,80.833893,-0.062038,0.000000
1784249785.071393,0,80.833893,-0.073670,0.003906
1784249785.081384,0,80.833893,-0.065915,0.003906
1784249785.091302,0,80.833893,-0.077547,0.003906
1784249785.101310,0,80.833923,-0.007755,0.000000
1784249785.111347,0,80.833923,-0.003877,0.007812
1784249785.121315,0,80.833893,-0.007755,0.000000
1784249785.131347,0,80.833923,0.000000,0.007812
1784249785.141335,0,80.833923,-0.019387,0.003906
1784249785.151286,0,80.833893,-0.081425,0.000000
1784249785.161341,0,80.833923,-0.023264,0.000000
1784249785.171347,0,80.833855,-0.124076,0.003906
1784249785.181338,0,80.833893,-0.062038,0.000000
1784249785.191323,0,80.833946,0.050406,0.007812
1784249785.201303,0,80.833946,0.042651,0.000000
1784249785.211337,0,80.833946,0.058161,0.003906
1784249785.221324,0,80.833946,0.042651,0.003906
1784249785.231337,0,80.833923,0.011632,0.000000
1784249785.241295,0,80.833893,-0.069793,0.000000
1784249785.251245,0,80.833893,-0.073670,0.003906
1784249785.261309,0,80.833923,-0.011632,0.003906
1784249785.271333,0,80.833923,-0.015509,0.003906
1784249785.281295,0,80.833893,-0.058161,0.000000
1784249785.291265,0,80.833923,-0.011632,0.003906
1784249785.301278,0,80.833893,-0.077547,0.000000
1784249785.311259,0,80.833923,-0.015509,0.007812
1784249785.321283,0,80.833923,-0.011632,0.000000
1784249785.331257,0,80.833893,-0.058161,0.000000
1784249785.341229,0,80.833893,-0.069793,0.000000
1784249785.351259,0,80.833893,-0.011632,0.000000
1784249785.361242,0,80.833923,-0.003877,0.007812
1784249785.371229,0,80.833923,0.000000,0.000000
1784249785.381269,0,80.833893,-0.062038,0.007812
1784249785.391233,0,80.833893,-0.054283,0.003906
1784249785.401263,0,80.833946,0.042651,0.007812
1784249785.411259,0,80.833923,0.000000,0.003906
1784249785.421250,0,80.833923,-0.019387,0.000000
1784249785.431224,0,80.833923,-0.003877,0.000000
1784249785.441226,0,80.833946,0.054283,0.003906
1784249785.451248,0,80.833923,0.000000,0.003906
1784249785.461229,0,80.833923,-0.003877,0.000000
1784249785.471228,0,80.833893,-0.085302,0.000000
1784249785.481221,0,80.833893,-0.062038,0.000000
1784249785.491269,0,80.833923,-0.003877,0.007812
1784249785.501220,0,80.833923,0.000000,0.000000
1784249785.511219,0,80.833923,-0.069793,0.007812
1784249785.521226,0,80.833893,-0.062038,0.003906
1784249785.531203,0,80.833923,0.000000,0.000000
1784249785.541269,0,80.833923,-0.003877,0.000000
1784249785.551267,0,80.833923,0.000000,0.003906
1784249785.561214,0,80.833923,-0.027142,0.007812
1784249785.571217,0,80.833893,-0.065915,0.007812
1784249785.581208,0,80.833893,-0.062038,0.000000
1784249785.591219,0,80.833893,-0.003877,0.003906
1784249785.601213,0,80.833893,-0.062038,0.000000
1784249785.611231,0,80.833946,0.034896,0.007812
1784249785.621217,0,80.833946,0.050406,0.000000
1784249785.631218,0,80.833923,-0.003877,0.003906
1784249785.641209,0,80.833923,-0.003877,0.003906
1784249785.651227,0,80.833923,-0.027142,0.000000
1784249785.661233,0,80.833923,-0.027142,0.003906
1784249785.671204,0,80.833893,-0.077547,0.000000
1784249785.681210,0,80.833923,-0.003877,0.000000
1784249785.691207,0,80.833923,-0.019387,0.000000
1784249785.701228,0,80.833923,-0.027142,0.003906
1784249785.711221,0,80.833893,-0.062038,0.003906
1784249785.721202,0,80.833923,-0.007755,0.003906
1784249785.731216,0,80.833893,-0.073670,0.003906
1784249785.741244,0,80.833923,-0.015509,0.007812
1784249785.751206,0,80.833893,-0.062038,0.007812
1784249785.761262,0,80.833893,-0.062038,0.003906
1784249785.771230,0,80.833946,-0.019387,0.000000
1784249785.781232,0,80.833923,0.000000,0.007812
1784249785.791223,0,80.833893,-0.069793,0.007812
1784249785.801284,0,80.833923,-0.027142,0.000000
1784249785.811234,0,80.833923,-0.007755,0.000000
1784249785.821235,0,80.833923,0.000000,0.000000
1784249785.831296,0,80.833923,-0.011632,0.003906
1784249785.841274,0,80.833893,-0.038774,0.003906
1784249785.851220,0,80.833923,-0.015509,0.003906
1784249785.861264,0,80.833923,-0.007755,0.011719
1784249785.871219,0,80.833923,-0.019387,0.007812
1784249785.881227,0,80.833893,-0.065915,0.007812
1784249785.891198,0,80.833893,0.027142,0.011719
1784249785.901217,0,80.833893,-0.069793,0.000000
1784249785.911242,0,80.833923,-0.031019,0.000000
1784249785.921281,0,80.833923,-0.003877,0.003906
1784249785.931263,0,80.833893,-0.011632,0.003906
1784249785.941289,0,80.833893,-0.073670,0.003906
1784249785.951240,0,80.833893,-0.093057,0.000000
1784249785.961231,0,80.833923,-0.011632,0.000000
1784249785.971253,0,80.833923,-0.027142,0.003906
1784249785.981262,0,80.833923,-0.003877,0.003906
1784249785.991246,0,80.833893,-0.077547,0.011719
1784249786.001162,0,80.833893,-0.085302,0.000000
1784249786.011220,0,80.833923,-0.003877,0.003906
1784249786.021279,0,80.833923,0.003877,0.003906
1784249786.031231,0,80.833923,-0.003877,0.000000
1784249786.041196,0,80.833946,0.050406,0.003906
1784249786.051227,0,80.833893,-0.054283,0.003906
1784249786.061216,0,80.833923,-0.031019,0.003906
1784249786.071236,0,80.833923,0.003877,0.000000
1784249786.081224,0,80.833923,-0.003877,0.000000
1784249786.091242,0,80.833923,-0.023264,0.000000
1784249786.101229,0,80.833923,-0.003877,0.003906
1784249786.111221,0,80.833923,-0.015509,0.003906
1784249786.121252,0,80.833893,-0.058161,0.003906
1784249786.131186,0,80.833923,-0.031019,0.007812
1784249786.141161,0,80.833946,0.023264,0.000000
1784249786.151166,0,80.833946,0.019387,0.000000
1784249786.161235,0,80.833855,-0.127953,0.000000
1784249786.171213,0,80.833923,-0.034896,0.000000
1784249786.181237,0,80.833923,-0.038774,0.000000
1784249786.191159,0,80.833923,-0.007755,0.000000
1784249786.201221,0,80.833893,-0.058161,0.000000
1784249786.211244,0,80.833923,-0.034896,0.000000
1784249786.221242,0,80.833923,-0.011632,0.000000
1784249786.231200,0,80.833893,-0.058161,0.007812
1784249786.241228,0,80.833923,-0.023264,0.000000
1784249786.251259,0,80.833923,-0.027142,0.007812
1784249786.261344,0,80.833923,-0.015509,0.007812
1784249786.271252,0,80.833923,-0.015509,0.007812
1784249786.281287,0,80.833923,-0.007755,0.003906
1784249786.291286,0,80.833923,-0.007755,0.003906
1784249786.301204,0,80.833923,-0.003877,0.003906
1784249786.311239,0,80.833923,-0.019387,0.003906
1784249786.321215,0,80.833946,0.050406,0.003906
1784249786.331172,0,80.833893,-0.077547,0.007812
1784249786.341173,0,80.833946,0.027142,0.003906
1784249786.351248,0,80.833923,-0.027142,0.000000
1784249786.361223,0,80.833923,-0.003877,0.003906
1784249786.371202,0,80.833923,-0.027142,0.000000
1784249786.381181,0,80.833923,-0.007755,0.000000
1784249786.391164,0,80.833923,-0.011632,0.003906
1784249786.401162,0,80.833893,-0.062038,0.007812
1784249786.411291,0,80.833946,0.034896,0.007812
1784249786.421167,0,80.833893,-0.023264,0.003906
1784249786.431165,0,80.833893,-0.062038,0.003906
1784249786.441207,0,80.833923,0.000000,0.007812
1784249786.451189,0,80.833893,-0.058161,0.003906
1784249786.461118,0,80.833893,-0.027142,0.000000
1784249786.471188,0,80.833923,0.000000,0.003906
1784249786.481167,0,80.833893,-0.065915,0.000000
1784249786.491145,0,80.833946,0.050406,0.003906
1784249786.501179,0,80.833923,-0.003877,0.007812
1784249786.511166,0,80.833923,-0.003877,0.000000
1784249786.521172,0,80.833946,0.054283,0.003906
1784249786.531161,0,80.833923,-0.031019,0.003906
1784249786.541156,0,80.833923,-0.011632,0.003906
1784249786.551162,0,80.833923,-0.015509,0.000000
1784249786.561097,0,80.833923,-0.003877,0.003906
1784249786.571140,0,80.833923,-0.015509,0.003906
1784249786.581156,0,80.833923,-0.027142,0.007812
1784249786.591094,0,80.833923,-0.003877,0.003906
1784249786.601135,0,80.833923,-0.023264,0.000000
1784249786.611103,0,80.833893,-0.054283,0.007812
1784249786.621200,0,80.833923,-0.011632,0.000000
1784249786.631179,0,80.833923,-0.062038,0.003906
1784249786.641212,0,80.833923,-0.027142,0.000000
1784249786.651150,0,80.833893,-0.077547,0.007812
1784249786.661188,0,80.833893,-0.050406,0.003906
1784249786.671109,0,80.833893,-0.081425,0.000000
1784249786.681132,0,80.833923,-0.015509,0.000000
1784249786.691156,0,80.833923,-0.011632,0.007812
1784249786.701152,0,80.833923,0.038774,0.003906
1784249786.711142,0,80.833923,-0.019387,0.007812
1784249786.721142,0,80.833923,0.003877,0.003906
1784249786.731136,0,80.833893,-0.069793,0.000000
1784249786.741171,0,80.833923,-0.011632,0.003906
1784249786.751165,0,80.833946,0.046528,0.003906
1784249786.761154,0,80.833923,0.000000,0.003906
1784249786.771201,0,80.833923,-0.003877,0.000000
1784249786.781153,0,80.833923,0.019387,0.007812
1784249786.791167,0,80.833923,-0.007755,0.007812
1784249786.801142,0,80.833923,-0.003877,0.007812
1784249786.811064,0,80.833923,-0.007755,0.003906
1784249786.821167,0,80.833923,0.000000,0.000000
1784249786.831173,0,80.833923,-0.007755,0.003906
1784249786.841149,0,80.833923,0.000000,0.007812
1784249786.851049,0,80.833923,-0.015509,0.003906
1784249786.861210,0,80.833946,0.038774,0.000000
1784249786.871129,0,80.833923,-0.011632,0.007812
1784249786.881150,0,80.833923,0.000000,0.007812
1784249786.891151,0,80.833923,-0.003877,0.007812
1784249786.901143,0,80.833923,-0.019387,0.003906
1784249786.911144,0,80.833923,-0.015509,0.000000
1784249786.921136,0,80.833923,-0.007755,0.003906
1784249786.931153,0,80.833923,-0.011632,0.003906
1784249786.941128,0,80.833923,-0.023264,0.003906
1784249786.951156,0,80.833893,-0.058161,0.003906
1784249786.961173,0,80.833923,-0.019387,0.007812
1784249786.971135,0,80.833923,-0.023264,0.000000
1784249786.981151,0,80.833923,-0.034896,0.003906
1784249786.991130,0,80.833946,0.042651,0.003906
1784249787.001058,0,80.833923,-0.007755,0.007812
1784249787.011155,0,80.833923,-0.019387,0.007812
1784249787.021127,0,80.833923,0.000000,0.000000
1784249787.031137,0,80.833893,-0.065915,0.000000
1784249787.041134,0,80.833923,-0.011632,0.000000
1784249787.051125,0,80.833893,-0.077547,0.007812
1784249787.061103,0,80.833923,-0.015509,0.003906
1784249787.071169,0,80.833923,0.000000,0.000000
1784249787.081067,0,80.833893,-0.058161,0.000000
1784249787.091137,0,80.833923,-0.015509,0.003906
1784249787.101147,0,80.833946,0.034896,0.000000
1784249787.111135,0,80.833946,0.042651,0.003906
1784249787.121116,0,80.833923,-0.007755,0.000000
1784249787.131101,0,80.833923,-0.015509,0.003906
1784249787.141136,0,80.833923,-0.003877,0.000000
1784249787.151134,0,80.833893,-0.073670,0.007812
1784249787.161152,0,80.833923,-0.007755,0.003906
1784249787.171159,0,80.833946,0.046528,0.003906
1784249787.181120,0,80.833893,-0.003877,0.003906
1784249787.191096,0,80.833923,-0.003877,0.007812
1784249787.201093,0,80.833923,0.000000,0.003906
1784249787.211135,0,80.833893,-0.007755,0.000000
1784249787.221209,0,80.833893,-0.058161,0.003906
1784249787.231144,0,80.833923,-0.007755,0.003906
1784249787.241100,0,80.833923,-0.027142,0.003906
1784249787.251122,0,80.833923,0.003877,0.007812
1784249787.261170,0,80.833923,-0.023264,0.003906
1784249787.271197,0,80.833946,0.038774,0.000000
1784249787.281135,0,80.833923,-0.015509,0.000000
1784249787.291157,0,80.833923,-0.023264,0.007812
1784249787.301102,0,80.833893,-0.058161,0.000000
1784249787.311098,0,80.833923,0.003877,0.007812
1784249787.321098,0,80.833923,-0.019387,0.003906
1784249787.331104,0,80.833923,-0.007755,0.000000
1784249787.341100,0,80.833893,-0.058161,0.000000
1784249787.351124,0,80.833893,-0.062038,0.000000
1784249787.361138,0,80.833923,-0.003877,0.003906
1784249787.371104,0,80.833923,-0.007755,0.000000
1784249787.381119,0,80.833923,0.007755,0.007812
1784249787.391100,0,80.833923,-0.007755,0.000000
1784249787.401099,0,80.833923,-0.023264,0.000000
1784249787.411103,0,80.833923,-0.003877,0.000000
1784249787.421094,0,80.833923,0.000000,0.003906
1784249787.431112,0,80.833923,0.007755,0.011719
1784249787.441119,0,80.833923,-0.015509,0.000000
1784249787.451101,0,80.833893,-0.054283,0.000000
1784249787.461198,0,80.833923,-0.007755,0.007812
1784249787.471130,0,80.833923,-0.003877,0.003906
1784249787.481120,0,80.833923,-0.011632,0.003906
1784249787.491116,0,80.833893,-0.062038,0.003906
1784249787.501106,0,80.833923,-0.011632,0.000000
1784249787.511106,0,80.833923,-0.007755,0.007812
1784249787.521097,0,80.833923,-0.019387,0.000000
1784249787.531117,0,80.833893,-0.069793,0.007812
1784249787.541089,0,80.833946,0.050406,0.007812
1784249787.551134,0,80.833923,0.000000,0.007812
1784249787.561217,0,80.833923,-0.031019,0.003906
1784249787.571129,0,80.833923,-0.003877,0.000000
1784249787.581091,0,80.833946,0.042651,0.000000
1784249787.591131,0,80.833923,0.000000,0.000000
1784249787.601102,0,80.833923,-0.034896,0.007812
1784249787.611118,0,80.833923,-0.007755,0.000000
1784249787.621131,0,80.833923,0.003877,0.007812
1784249787.631117,0,80.833893,-0.054283,0.000000
1784249787.641101,0,80.833893,-0.073670,0.000000
1784249787.651047,0,80.833946,0.046528,0.003906
1784249787.661028,0,80.833893,-0.058161,0.000000
1784249787.671113,0,80.833923,0.003877,0.003906
1784249787.681086,0,80.833946,0.034896,0.003906
1784249787.691087,0,80.833923,-0.019387,0.007812
1784249787.701070,0,80.833923,-0.003877,0.007812
1784249787.711114,0,80.833893,-0.062038,0.007812
1784249787.721129,0,80.833946,0.031019,0.003906
1784249787.731121,0,80.833893,-0.073670,0.000000
1784249787.741069,0,80.833893,-0.054283,0.003906
1784249787.751075,0,80.833923,-0.023264,0.007812
1784249787.761031,0,80.833923,-0.015509,0.003906
1784249787.771027,0,80.833923,-0.015509,0.007812
1784249787.781089,0,80.833923,-0.019387,0.003906
1784249787.791085,0,80.833946,0.034896,0.000000
1784249787.801072,0,80.833923,-0.023264,0.007812
1784249787.811087,0,80.833923,-0.007755,-0.003906
1784249787.821097,0,80.833893,-0.085302,0.003906
1784249787.831092,0,80.833923,0.000000,0.000000
1784249787.841038,0,80.833923,0.011632,0.007812
1784249787.851093,0,80.833923,-0.003877,0.007812
1784249787.860995,0,80.833923,-0.003877,0.007812
1784249787.871075,0,80.833923,-0.003877,0.000000
1784249787.881068,0,80.833893,-0.054283,0.003906
1784249787.891057,0,80.833893,-0.065915,0.003906
1784249787.901066,0,80.833923,-0.015509,0.003906
1784249787.911053,0,80.833923,-0.003877,0.000000
1784249787.921067,0,80.833893,-0.069793,0.007812
1784249787.931056,0,80.833893,-0.038774,0.007812
1784249787.941068,0,80.833923,-0.023264,0.003906
1784249787.951089,0,80.833923,-0.015509,0.007812
1784249787.961120,0,80.833923,-0.027142,0.007812
1784249787.971081,0,80.833893,-0.058161,0.003906
1784249787.981095,0,80.833923,-0.003877,0.000000
1784249787.991086,0,80.833946,0.054283,0.000000
1784249788.000988,0,80.833946,0.054283,0.000000
1784249788.011068,0,80.833923,-0.003877,0.011719
1784249788.021087,0,80.833923,-0.019387,0.000000
1784249788.031053,0,80.833923,-0.034896,0.003906
1784249788.041049,0,80.833923,-0.027142,0.003906
1784249788.051108,0,80.833893,-0.069793,0.000000
1784249788.061068,0,80.833923,-0.019387,0.003906
1784249788.071057,0,80.833893,-0.069793,0.003906
1784249788.081078,0,80.833946,0.042651,0.003906
1784249788.091080,0,80.833923,-0.038774,0.003906
1784249788.101029,0,80.833946,0.038774,0.000000
1784249788.111043,0,80.833893,0.007755,0.007812
1784249788.121097,0,80.833893,-0.058161,0.000000
1784249788.131039,0,80.833893,-0.065915,0.000000
1784249788.141052,0,80.833923,-0.007755,0.007812
1784249788.151039,0,80.833946,0.050406,0.007812
1784249788.161060,0,80.833923,0.000000,0.003906
1784249788.171051,0,80.833923,-0.011632,0.003906
1784249788.181043,0,80.833893,-0.050406,0.003906
1784249788.191064,0,80.833946,0.027142,0.000000
1784249788.200989,0,80.833923,-0.015509,0.003906
1784249788.211083,0,80.833893,-0.065915,0.000000
1784249788.221042,0,80.833923,0.000000,0.000000
1784249788.231084,0,80.833923,-0.003877,0.003906
1784249788.241091,0,80.833923,0.000000,0.000000
1784249788.251107,0,80.833923,0.000000,0.007812
1784249788.261060,0,80.833923,-0.007755,0.000000
1784249788.271095,0,80.833923,-0.007755,0.003906
1784249788.281064,0,80.833893,-0.054283,0.003906
1784249788.291030,0,80.833893,0.003877,0.011719
1784249788.301013,0,80.833923,0.003877,0.000000
1784249788.311088,0,80.833893,-0.062038,0.003906
1784249788.321064,0,80.833923,-0.023264,0.000000
1784249788.331042,0,80.833893,-0.058161,0.007812
1784249788.341096,0,80.833946,0.038774,0.007812
1784249788.351038,0,80.833923,-0.034896,0.000000
1784249788.361096,0,80.833893,-0.058161,0.003906
1784249788.371045,0,80.833946,0.034896,0.000000
1784249788.381035,0,80.833923,-0.015509,0.007812
1784249788.391031,0,80.833923,-0.007755,0.003906
1784249788.401054,0,80.833923,-0.007755,0.003906
1784249788.411029,0,80.833923,0.007755,0.000000
1784249788.421015,0,80.833946,0.054283,0.003906
1784249788.431045,0,80.833923,-0.003877,0.000000
1784249788.441055,0,80.833923,0.011632,0.003906
1784249788.451077,0,80.833923,-0.003877,0.003906
1784249788.461017,0,80.833923,-0.023264,0.000000
1784249788.471043,0,80.833923,-0.003877,0.003906
1784249788.481020,0,80.833893,-0.065915,0.003906
1784249788.491029,0,80.833923,-0.019387,0.000000
1784249788.501035,0,80.833923,-0.015509,0.000000
1784249788.511062,0,80.833923,0.000000,0.000000
1784249788.521060,0,80.833923,-0.062038,0.003906
1784249788.531072,0,80.833923,-0.019387,0.007812
1784249788.541012,0,80.833946,0.034896,0.003906
1784249788.551023,0,80.833923,-0.019387,0.000000
1784249788.561062,0,80.833923,-0.003877,0.000000
1784249788.571088,0,80.833946,0.058161,0.000000
1784249788.581030,0,80.833893,-0.058161,0.000000
1784249788.591022,0,80.833893,-0.069793,0.007812
1784249788.601020,0,80.833923,-0.011632,0.000000
1784249788.611036,0,80.833923,0.000000,0.011719
1784249788.621060,0,80.833893,0.000000,0.000000
1784249788.631051,0,80.833923,-0.003877,0.007812
1784249788.641041,0,80.833946,0.034896,0.000000
1784249788.651024,0,80.833923,-0.031019,0.003906
1784249788.661043,0,80.833946,0.054283,0.007812
1784249788.671062,0,80.833923,-0.003877,0.003906
1784249788.681031,0,80.833923,-0.003877,0.000000
1784249788.691032,0,80.833923,-0.027142,0.003906
1784249788.701018,0,80.833923,-0.015509,0.003906
1784249788.711010,0,80.833893,-0.062038,0.007812
1784249788.721054,0,80.833923,-0.003877,0.007812
1784249788.731040,0,80.833893,-0.058161,0.003906
1784249788.741007,0,80.833923,-0.027142,0.000000
1784249788.751057,0,80.833923,-0.019387,0.007812
1784249788.761104,0,80.833923,0.000000,0.007812
1784249788.771044,0,80.833893,-0.073670,0.003906
1784249788.780998,0,80.833923,-0.019387,0.003906
1784249788.791001,0,80.833923,-0.027142,0.007812
1784249788.800980,0,80.833923,-0.027142,0.000000
1784249788.810991,0,80.833893,-0.054283,0.003906
1784249788.821135,0,80.833923,-0.007755,0.000000
1784249788.830967,0,80.833923,-0.027142,0.007812
1784249788.840964,0,80.833923,0.000000,0.007812
1784249788.851026,0,80.833923,-0.007755,0.003906
1784249788.860990,0,80.833946,-0.062038,0.003906
1784249788.870959,0,80.833946,0.050406,0.003906
1784249788.880956,0,80.833923,-0.007755,0.000000
1784249788.890959,0,80.833923,0.003877,0.007812
1784249788.900963,0,80.833923,-0.062038,0.007812
1784249788.911036,0,80.833923,-0.003877,0.003906
1784249788.921002,0,80.833946,-0.011632,0.007812
1784249788.931041,0,80.833923,-0.003877,0.000000
1784249788.941021,0,80.833923,-0.015509,0.000000
1784249788.951011,0,80.833893,-0.062038,0.000000
1784249788.960966,0,80.833893,-0.050406,0.003906
1784249788.970996,0,80.833946,0.046528,0.000000
1784249788.980976,0,80.833923,-0.019387,0.007812
1784249788.990980,0,80.833923,-0.019387,0.003906
1784249789.000989,0,80.833923,-0.023264,0.000000
1784249789.011056,0,80.833893,-0.065915,0.003906
1784249789.020985,0,80.833893,-0.062038,0.003906
1784249789.031000,0,80.833923,-0.069793,0.003906
1784249789.040986,0,80.833923,-0.019387,0.000000
1784249789.051025,0,80.833923,-0.019387,0.003906
1784249789.060979,0,80.833923,-0.031019,0.003906
1784249789.070982,0,80.833893,-0.019387,0.000000
1784249789.080972,0,80.833923,-0.019387,0.000000
1784249789.091013,0,80.833923,-0.015509,0.003906
1784249789.100999,0,80.833923,0.000000,0.003906
1784249789.110958,0,80.833923,-0.015509,0.000000
1784249789.120967,0,80.833923,-0.015509,0.007812
1784249789.130945,0,80.833923,-0.003877,0.000000
1784249789.141016,0,80.833923,-0.007755,0.003906
1784249789.150956,0,80.833923,-0.003877,0.003906
1784249789.160949,0,80.833923,-0.011632,0.007812
1784249789.170991,0,80.833923,-0.019387,0.000000
1784249789.180962,0,80.833893,-0.062038,0.000000
1784249789.190960,0,80.833923,-0.007755,0.000000
1784249789.200963,0,80.833893,-0.058161,0.000000
1784249789.210943,0,80.833923,-0.011632,0.003906
1784249789.221024,0,80.833946,0.042651,0.003906
1784249789.231005,0,80.833923,0.000000,0.007812
1784249789.240939,0,80.833923,-0.003877,0.000000
1784249789.251002,0,80.833923,-0.003877,0.000000
1784249789.260908,0,80.833923,-0.003877,0.003906
1784249789.270898,0,80.833893,-0.062038,0.000000
1784249789.280868,0,80.833923,0.000000,0.003906
1784249789.290873,0,80.833923,0.003877,0.007812
1784249789.300953,0,80.833893,-0.081425,0.000000
1784249789.310983,0,80.833893,-0.065915,0.003906
1784249789.320902,0,80.833893,-0.050406,0.007812
1784249789.330968,0,80.833893,-0.062038,0.000000
1784249789.340994,0,80.833893,-0.058161,0.000000
1784249789.350959,0,80.833893,-0.062038,0.000000
1784249789.360943,0,80.833923,0.000000,0.000000
1784249789.370966,0,80.833923,0.000000,0.003906
1784249789.381016,0,80.833893,-0.054283,0.003906
1784249789.390937,0,80.833893,-0.058161,0.003906
1784249789.400974,0,80.833946,0.046528,0.000000
1784249789.410926,0,80.833923,0.000000,0.003906
1784249789.420987,0,80.833946,0.034896,0.007812
1784249789.430938,0,80.833923,-0.011632,0.007812
1784249789.440925,0,80.833893,-0.058161,0.003906
1784249789.450997,0,80.833923,-0.011632,0.000000
1784249789.460958,0,80.833923,-0.003877,0.003906
1784249789.470958,0,80.833923,0.000000,0.003906
1784249789.481013,0,80.833893,-0.050406,0.003906
1784249789.490952,0,80.833923,0.003877,0.000000
1784249789.500881,0,80.833893,-0.054283,0.003906
1784249789.510898,0,80.833893,-0.062038,0.000000
1784249789.520880,0,80.833923,-0.062038,0.000000
1784249789.530914,0,80.833893,-0.062038,0.003906
1784249789.540928,0,80.833923,-0.003877,0.003906
1784249789.550935,0,80.833893,-0.058161,0.003906
1784249789.560949,0,80.833893,0.019387,0.000000
1784249789.570993,0,80.833923,0.000000,0.011719
1784249789.580923,0,80.833923,-0.007755,0.000000
1784249789.590976,0,80.833923,0.000000,0.000000
1784249789.600889,0,80.833893,-0.046528,0.000000
1784249789.610919,0,80.833893,-0.058161,0.000000
1784249789.620896,0,80.833893,-0.058161,0.000000
1784249789.630951,0,80.833923,0.000000,0.003906
1784249789.640850,0,80.833893,-0.046528,0.003906
1784249789.650908,0,80.833893,-0.058161,0.007812
1784249789.661012,0,80.833923,-0.007755,0.000000
1784249789.671037,0,80.833923,-0.007755,0.007812
1784249789.680983,0,80.833923,-0.007755,0.003906
1784249789.691040,0,80.833923,-0.019387,0.000000
1784249789.700987,0,80.833893,-0.058161,0.003906
1784249789.710985,0,80.833946,0.034896,0.003906
1784249789.720876,0,80.833893,-0.046528,0.000000
1784249789.730869,0,80.833923,-0.003877,0.007812
1784249789.740973,0,80.833923,-0.073670,0.000000
1784249789.750957,0,80.833923,-0.062038,0.000000
1784249789.761005,0,80.833946,0.065915,0.007812
1784249789.770907,0,80.833946,0.046528,0.003906
1784249789.780905,0,80.833946,0.065915,0.007812
1784249789.791005,0,80.833893,-0.062038,0.003906
1784249789.800949,0,80.833923,0.046528,0.000000
1784249789.810939,0,80.833923,-0.015509,0.007812
1784249789.820880,0,80.833923,-0.015509,0.003906
1784249789.830990,0,80.833923,-0.023264,0.000000
1784249789.840993,0,80.833893,-0.065915,0.000000
1784249789.850933,0,80.833946,0.042651,0.003906
1784249789.860935,0,80.833923,0.003877,0.007812
1784249789.870936,0,80.833893,-0.073670,0.000000
1784249789.880977,0,80.833923,-0.007755,0.000000
1784249789.890976,0,80.833893,-0.062038,0.000000
1784249789.900933,0,80.833923,-0.003877,0.003906
1784249789.911160,0,80.833923,-0.011632,0.000000
1784249789.921021,0,80.833923,-0.015509,0.000000
1784249789.930861,0,80.833923,0.000000,0.000000
1784249789.940955,0,80.833946,0.015509,0.003906
1784249789.950957,0,80.833923,0.000000,0.007812
1784249789.960888,0,80.833893,-0.058161,0.000000
1784249789.970924,0,80.833893,-0.062038,0.000000
1784249789.980943,0,80.833946,0.019387,0.000000
1784249789.990891,0,80.833923,-0.023264,0.000000
1784249790.000894,0,80.833893,-0.081425,0.003906
1784249790.010855,0,80.833893,-0.062038,0.000000
1784249790.020926,0,80.833923,-0.038774,0.000000
1784249790.030984,0,80.833946,0.038774,0.007812
1784249790.040851,0,80.833923,-0.027142,0.003906
1784249790.050883,0,80.833923,-0.011632,0.003906
1784249790.060945,0,80.833893,-0.058161,0.000000
1784249790.070891,0,80.833893,-0.065915,0.003906
1784249790.080814,0,80.833946,0.042651,0.007812
1784249790.090802,0,80.833946,0.054283,0.003906
1784249790.100869,0,80.833893,-0.058161,0.003906
1784249790.110897,0,80.833946,0.050406,0.003906
1784249790.120889,0,80.833893,-0.058161,0.000000
1784249790.130858,0,80.833893,-0.081425,0.003906
1784249790.140862,0,80.833923,-0.019387,0.000000
1784249790.150866,0,80.833893,-0.046528,0.003906
1784249790.160882,0,80.833923,-0.081425,0.000000
1784249790.170936,0,80.833923,-0.007755,0.000000
1784249790.180850,0,80.833893,-0.062038,0.000000
1784249790.190842,0,80.833923,0.000000,0.000000
1784249790.200830,0,80.833923,-0.019387,0.000000
1784249790.210830,0,80.833923,0.000000,0.000000
1784249790.220824,0,80.833923,0.000000,0.003906
1784249790.230898,0,80.833923,0.054283,0.000000
1784249790.240872,0,80.833893,-0.054283,0.003906
1784249790.250903,0,80.833923,-0.011632,0.003906
1784249790.260829,0,80.833923,-0.019387,0.000000
1784249790.270906,0,80.833923,0.000000,0.000000
1784249790.280832,0,80.833923,0.000000,0.007812
1784249790.290796,0,80.833923,-0.003877,0.007812
1784249790.300808,0,80.833893,-0.058161,0.003906
1784249790.310820,0,80.833923,0.003877,0.007812
1784249790.320808,0,80.833893,-0.054283,0.000000
1784249790.330853,0,80.833893,-0.081425,0.003906
1784249790.340852,0,80.833923,-0.038774,0.000000
1784249790.350788,0,80.833893,-0.062038,0.000000
1784249790.360781,0,80.833923,-0.019387,0.003906
1784249790.370911,0,80.833923,0.000000,0.007812
1784249790.380862,0,80.833893,-0.065915,0.007812
1784249790.390877,0,80.833893,-0.054283,0.003906
1784249790.400869,0,80.833893,-0.065915,0.000000
1784249790.410857,0,80.833923,-0.007755,0.003906
1784249790.420815,0,80.833923,-0.023264,0.007812
1784249790.430815,0,80.833923,-0.007755,0.000000
1784249790.440809,0,80.833923,-0.003877,0.000000
1784249790.450786,0,80.833923,0.000000,0.000000
1784249790.460775,0,80.833893,-0.058161,0.003906
1784249790.470761,0,80.833923,0.000000,0.003906
1784249790.480786,0,80.833923,-0.015509,0.003906
1784249790.490783,0,80.833893,-0.073670,0.003906
1784249790.500778,0,80.833893,-0.058161,0.003906
1784249790.510726,0,80.833923,-0.011632,0.007812
1784249790.520783,0,80.833893,-0.062038,0.003906
1784249790.530783,0,80.833893,-0.069793,0.007812
1784249790.540814,0,80.833923,-0.003877,0.000000
1784249790.550783,0,80.833923,-0.011632,0.003906
1784249790.560777,0,80.833923,-0.019387,0.000000
1784249790.570783,0,80.833923,-0.011632,0.003906
1784249790.580778,0,80.833893,-0.081425,0.003906
1784249790.590784,0,80.833923,-0.007755,0.003906
1784249790.600765,0,80.833923,-0.003877,0.003906
1784249790.610757,0,80.833923,-0.007755,0.007812
1784249790.620828,0,80.833923,-0.015509,0.007812
1784249790.630764,0,80.833923,-0.007755,0.003906
1784249790.640850,0,80.833893,-0.073670,0.003906
1784249790.650893,0,80.833946,0.038774,0.003906
1784249790.661794,0,80.833893,-0.023264,0.007812
1784249790.670789,0,80.833893,-0.062038,0.003906
1784249790.680950,0,80.833923,-0.007755,0.007812
1784249790.690859,0,80.833923,0.000000,0.000000
1784249790.702045,0,80.833893,-0.062038,0.000000
1784249790.710945,0,80.833893,-0.085302,0.007812
1784249790.721020,0,80.833923,-0.038774,0.000000
1784249790.730788,0,80.833923,-0.023264,0.003906
1784249790.740866,0,80.833923,-0.038774,0.003906
1784249790.750868,0,80.833923,-0.019387,0.003906
1784249790.760962,0,80.833923,-0.011632,0.007812
1784249790.770828,0,80.833893,-0.069793,0.003906
1784249790.780805,0,80.833946,0.054283,0.007812
1784249790.790715,0,80.833923,-0.015509,0.011719
1784249790.800892,0,80.833923,-0.023264,0.003906
1784249790.810863,0,80.833923,0.000000,0.003906
1784249790.821008,0,80.833923,-0.015509,0.003906
1784249790.830892,0,80.833923,-0.027142,0.000000
1784249790.842035,0,80.833923,-0.011632,0.003906
1784249790.851923,0,80.833893,-0.058161,0.007812
1784249790.860901,0,80.833923,-0.023264,0.007812
1784249790.870879,0,80.833893,-0.058161,0.000000
1784249790.880929,0,80.833946,0.065915,-0.007812
1784249790.890867,0,80.833923,-0.011632,0.003906
1784249790.900856,0,80.833923,-0.015509,0.003906
1784249790.910834,0,80.833923,0.000000,0.003906
1784249790.920845,0,80.833946,0.038774,0.000000
1784249790.930823,0,80.833923,-0.027142,0.003906
1784249790.940886,0,80.833946,0.038774,0.000000
1784249790.950877,0,80.833923,-0.015509,0.007812
1784249790.960902,0,80.833923,-0.003877,0.003906
1784249790.970864,0,80.833893,-0.069793,0.003906
1784249790.980893,0,80.833923,-0.023264,0.000000
1784249790.990886,0,80.833923,0.034896,0.000000
1784249791.000857,0,80.833923,-0.015509,0.003906
1784249791.010841,0,80.833923,-0.011632,0.003906
1784249791.020828,0,80.833923,-0.027142,0.000000
1784249791.030865,0,80.833893,-0.058161,0.000000
1784249791.040907,0,80.833946,0.046528,0.000000
1784249791.050868,0,80.833946,0.019387,0.003906
1784249791.060882,0,80.833923,-0.011632,0.007812
1784249791.070856,0,80.833893,-0.093057,0.000000
1784249791.080822,0,80.833923,-0.015509,0.007812
1784249791.090820,0,80.833893,-0.073670,0.007812
1784249791.100832,0,80.833923,0.000000,0.003906
1784249791.110852,0,80.833923,0.000000,0.007812
1784249791.120883,0,80.833923,-0.015509,0.000000
1784249791.130762,0,80.833923,-0.007755,0.007812
1784249791.140741,0,80.833923,0.019387,0.003906
1784249791.150752,0,80.833946,0.019387,0.007812
1784249791.160818,0,80.833923,-0.038774,0.000000
1784249791.170846,0,80.833893,0.027142,0.000000
1784249791.180758,0,80.833893,-0.062038,0.000000
1784249791.190854,0,80.833923,-0.027142,0.007812
1784249791.200770,0,80.833923,-0.011632,0.000000
1784249791.210859,0,80.833923,0.000000,0.003906
1784249791.220859,0,80.833923,0.000000,0.003906
1784249791.230740,0,80.833923,-0.003877,0.003906
1784249791.240747,0,80.833893,-0.027142,0.003906
1784249791.250889,0,80.833923,0.000000,0.000000
1784249791.260808,0,80.833923,0.000000,0.000000
1784249791.270865,0,80.833893,-0.058161,0.000000
1784249791.280834,0,80.833923,-0.015509,0.007812
1784249791.290840,0,80.833893,-0.062038,0.000000
1784249791.300822,0,80.833923,-0.007755,0.000000
1784249791.310849,0,80.833923,-0.011632,0.003906
1784249791.320814,0,80.833893,-0.062038,0.003906
1784249791.330813,0,80.833923,-0.003877,0.000000
1784249791.340844,0,80.833923,-0.011632,0.000000
1784249791.350806,0,80.833923,-0.003877,0.003906
1784249791.360811,0,80.833893,-0.058161,0.007812
1784249791.370803,0,80.833893,-0.065915,0.000000
1784249791.380732,0,80.833923,0.000000,0.000000
1784249791.390856,0,80.833923,0.000000,0.000000
1784249791.400861,0,80.833923,-0.015509,0.000000
1784249791.410754,0,80.833893,-0.069793,0.000000
1784249791.420800,0,80.833893,-0.062038,0.007812
1784249791.430741,0,80.833923,-0.015509,0.003906
1784249791.440727,0,80.833946,0.038774,0.000000
1784249791.450821,0,80.833946,0.042651,0.007812
1784249791.460785,0,80.833946,-0.015509,0.003906
1784249791.470730,0,80.833923,0.000000,0.003906
1784249791.480874,0,80.833923,-0.007755,0.000000
1784249791.490717,0,80.833923,-0.007755,0.000000
1784249791.500816,0,80.833946,0.038774,0.003906
1784249791.510715,0,80.833923,-0.023264,0.000000
1784249791.520815,0,80.833923,0.015509,0.003906
1784249791.530717,0,80.833946,0.042651,0.000000
1784249791.540828,0,80.833946,0.019387,0.000000
1784249791.550716,0,80.833923,-0.011632,0.003906
1784249791.560697,0,80.833923,-0.003877,0.003906
1784249791.570753,0,80.833923,-0.019387,0.000000
1784249791.581419,0,80.833893,-0.077547,0.003906
1784249791.590877,0,80.833923,0.015509,0.007812
1784249791.600810,0,80.833893,-0.089180,0.003906
1784249791.610854,0,80.833946,0.031019,0.003906
1784249791.620862,0,80.833946,0.031019,0.003906
1784249791.630782,0,80.833923,0.000000,0.003906
1784249791.640772,0,80.833946,0.042651,0.000000
1784249791.650798,0,80.833923,-0.027142,0.003906
1784249791.660788,0,80.833923,-0.031019,0.000000
1784249791.670776,0,80.833923,-0.015509,0.003906
1784249791.680764,0,80.833946,0.019387,0.000000
1784249791.690790,0,80.833923,-0.034896,0.007812
1784249791.700727,0,80.833923,-0.015509,0.007812
1784249791.710701,0,80.833946,0.038774,0.000000
1784249791.720681,0,80.833923,-0.027142,0.000000
1784249791.730676,0,80.833923,-0.019387,0.000000
1784249791.740692,0,80.833923,-0.023264,0.003906
1784249791.750702,0,80.833946,0.019387,0.000000
1784249791.760690,0,80.833923,-0.031019,0.007812
1784249791.770688,0,80.833893,-0.073670,0.007812
1784249791.780760,0,80.833923,-0.034896,0.003906
1784249791.790695,0,80.833923,-0.003877,0.000000
1784249791.800693,0,80.833893,-0.062038,0.003906
1784249791.810783,0,80.833923,-0.034896,0.003906
1784249791.820680,0,80.833923,-0.007755,0.007812
1784249791.830779,0,80.833923,-0.031019,0.007812
1784249791.840678,0,80.833923,-0.007755,0.003906
1784249791.850683,0,80.833923,-0.027142,0.000000
1784249791.860691,0,80.833923,-0.027142,0.000000
1784249791.870789,0,80.833923,-0.034896,0.003906
1784249791.880681,0,80.833923,-0.015509,0.003906
1784249791.890690,0,80.833923,-0.007755,0.003906
1784249791.900714,0,80.833923,-0.031019,0.007812
1784249791.910686,0,80.833923,-0.038774,0.003906
1784249791.920701,0,80.833923,-0.007755,0.007812
1784249791.930693,0,80.833893,-0.077547,0.003906
1784249791.940685,0,80.833923,0.000000,0.007812
1784249791.950686,0,80.833923,-0.027142,0.003906
1784249791.960685,0,80.833946,0.034896,0.003906
1784249791.970667,0,80.833923,-0.011632,0.007812
1784249791.980678,0,80.833946,0.062038,0.003906
1784249791.990659,0,80.833893,-0.077547,0.000000
1784249792.000673,0,80.833923,-0.031019,0.003906
1784249792.010668,0,80.833946,0.027142,0.000000
1784249792.020669,0,80.833923,-0.015509,0.000000
1784249792.030676,0,80.833893,-0.073670,0.000000
1784249792.040660,0,80.833923,-0.015509,0.003906
1784249792.050671,0,80.833923,-0.031019,0.003906
1784249792.060753,0,80.833923,-0.038774,0.003906
1784249792.070739,0,80.833923,-0.019387,0.003906
1784249792.080754,0,80.833893,-0.077547,0.000000
1784249792.090725,0,80.833923,-0.003877,0.003906
1784249792.100782,0,80.833923,-0.034896,0.000000
1784249792.110815,0,80.833893,-0.081425,0.003906
1784249792.121856,0,80.833923,0.000000,0.000000
1784249792.130925,0,80.833893,-0.069793,0.003906
1784249792.140767,0,80.833923,-0.003877,0.003906
1784249792.150864,0,80.833923,0.000000,0.000000
1784249792.161807,0,80.833923,0.000000,0.003906
1784249792.170824,0,80.833923,-0.003877,0.003906
1784249792.181769,0,80.833893,-0.093057,0.003906
1784249792.191856,0,80.833946,-0.003877,0.007812
1784249792.200824,0,80.833923,-0.011632,0.000000
1784249792.210745,0,80.833923,-0.015509,0.000000
1784249792.220761,0,80.833923,-0.027142,0.003906
1784249792.230731,0,80.833923,-0.007755,0.007812
1784249792.240714,0,80.833923,-0.007755,0.000000
1784249792.250658,0,80.833923,-0.019387,0.003906
1784249792.260737,0,80.833893,-0.065915,0.000000
1784249792.270744,0,80.833946,0.046528,0.000000
1784249792.280784,0,80.833923,-0.007755,0.000000
1784249792.290726,0,80.833893,-0.038774,0.003906
1784249792.300717,0,80.833946,0.027142,0.000000
1784249792.310721,0,80.833923,-0.023264,0.003906
1784249792.320759,0,80.833923,-0.003877,0.007812
1784249792.330686,0,80.833946,0.054283,0.003906
1784249792.340656,0,80.833923,-0.007755,0.000000
1784249792.350754,0,80.833946,0.054283,0.007812
1784249792.360737,0,80.833893,-0.046528,0.007812
1784249792.370677,0,80.833893,-0.062038,0.000000
1784249792.380718,0,80.833893,-0.058161,0.003906
1784249792.390767,0,80.833855,-0.131831,0.003906
1784249792.400705,0,80.833923,-0.003877,0.007812
1784249792.410709,0,80.833893,-0.062038,0.003906
1784249792.421753,0,80.833893,-0.073670,0.000000
1784249792.430821,0,80.833923,-0.015509,0.003906
1784249792.441715,0,80.833923,-0.003877,0.003906
1784249792.451800,0,80.833923,-0.015509,0.000000
1784249792.460735,0,80.833946,-0.023264,0.000000
1784249792.470724,0,80.833893,-0.050406,0.007812
1784249792.480649,0,80.833923,0.000000,0.007812
1784249792.490665,0,80.833923,-0.023264,0.000000
1784249792.500764,0,80.833923,0.000000,0.000000
1784249792.510651,0,80.833923,-0.015509,0.000000
1784249792.520728,0,80.833923,-0.011632,0.000000
1784249792.530560,0,80.833923,-0.065915,0.007812
1784249792.541722,0,80.833946,0.038774,0.007812
1784249792.550641,0,80.833923,-0.065915,0.007812
1784249792.560728,0,80.833923,-0.015509,0.000000
1784249792.570612,0,80.833923,-0.007755,0.003906
1784249792.580641,0,80.833923,-0.015509,0.007812
1784249792.591763,0,80.833946,0.050406,0.000000
1784249792.600694,0,80.833923,-0.007755,0.003906
1784249792.610624,0,80.833893,-0.077547,0.000000
1784249792.621709,0,80.833923,-0.011632,0.003906
1784249792.631826,0,80.833923,-0.027142,0.011719
1784249792.640656,0,80.833923,-0.019387,0.007812
1784249792.650714,0,80.833923,-0.003877,0.003906
1784249792.660636,0,80.833923,-0.003877,0.003906
1784249792.670858,0,80.833893,-0.062038,0.003906
1784249792.680806,0,80.833923,0.000000,0.003906
1784249792.690667,0,80.833923,-0.077547,0.007812
1784249792.700713,0,80.833893,-0.073670,0.000000
1784249792.711763,0,80.833893,-0.062038,0.000000
1784249792.720771,0,80.833893,-0.054283,0.007812
1784249792.730603,0,80.833946,0.042651,0.003906
1784249792.740611,0,80.833946,0.019387,0.000000
1784249792.750562,0,80.833923,-0.038774,0.003906
1784249792.760667,0,80.833893,-0.065915,0.000000
1784249792.770752,0,80.833923,-0.003877,0.007812
1784249792.780639,0,80.833923,-0.003877,0.007812
1784249792.790550,0,80.833977,0.100812,0.000000
1784249792.800602,0,80.833923,-0.003877,0.003906
1784249792.812980,0,80.833923,0.011632,0.003906
1784249792.820642,0,80.833893,-0.011632,0.000000
1784249792.830752,0,80.833923,-0.027142,0.000000
1784249792.840706,0,80.833923,-0.019387,0.003906
1784249792.850725,0,80.833923,-0.038774,0.000000
1784249792.860753,0,80.833923,-0.023264,0.003906
1784249792.870747,0,80.833893,0.034896,0.003906
1784249792.880744,0,80.833923,-0.019387,0.000000
1784249792.891810,0,80.833923,-0.023264,0.003906
1784249792.901817,0,80.833923,-0.011632,0.003906
1784249792.911801,0,80.833923,-0.003877,0.000000
1784249792.920709,0,80.833923,0.000000,0.003906
1784249792.930623,0,80.833923,-0.031019,0.000000
1784249792.940854,0,80.833923,0.000000,0.003906
1784249792.950716,0,80.833923,0.007755,0.007812
1784249792.960683,0,80.833923,-0.062038,0.007812
1784249792.971822,0,80.833946,0.050406,0.000000
1784249792.981764,0,80.833923,-0.019387,0.000000
1784249792.991783,0,80.833923,-0.019387,0.003906
1784249793.001818,0,80.833893,-0.062038,0.007812
1784249793.011681,0,80.833946,0.027142,0.007812
1784249793.020692,0,80.833893,-0.058161,0.000000
1784249793.030534,0,80.833923,0.007755,0.003906
1784249793.041790,0,80.833923,-0.019387,0.000000
1784249793.050660,0,80.833893,-0.081425,0.003906
1784249793.062008,0,80.833923,0.000000,0.000000
1784249793.072025,0,80.833893,-0.062038,0.000000
1784249793.081787,0,80.833893,-0.058161,0.003906
1784249793.091831,0,80.833923,-0.011632,0.000000
1784249793.102054,0,80.833923,-0.003877,0.000000
1784249793.112106,0,80.833946,0.027142,0.003906
1784249793.121812,0,80.833923,-0.034896,0.003906
1784249793.131833,0,80.833923,-0.023264,0.000000
1784249793.142052,0,80.833946,0.023264,0.003906
1784249793.151880,0,80.833946,0.031019,0.003906
1784249793.161880,0,80.833923,0.000000,0.003906
1784249793.172141,0,80.833893,-0.054283,0.000000
1784249793.182123,0,80.833946,-0.003877,0.000000
1784249793.191953,0,80.833893,-0.058161,0.003906
1784249793.202163,0,80.833923,-0.003877,0.003906
1784249793.210695,0,80.833923,0.011632,0.011719
1784249793.221819,0,80.833893,-0.062038,0.003906
1784249793.231832,0,80.833893,-0.081425,0.003906
1784249793.240788,0,80.833923,-0.015509,0.000000
1784249793.251923,0,80.833923,-0.027142,0.003906
1784249793.261877,0,80.833923,-0.011632,0.000000
1784249793.271882,0,80.833923,-0.031019,0.003906
1784249793.282039,0,80.833923,-0.007755,0.000000
1784249793.292017,0,80.833923,-0.019387,0.003906
1784249793.301866,0,80.833923,-0.023264,0.003906
1784249793.311779,0,80.833893,-0.027142,0.003906
1784249793.321667,0,80.833946,0.019387,0.000000
1784249793.331990,0,80.833946,0.038774,0.007812
1784249793.342077,0,80.833923,-0.031019,0.000000
1784249793.352031,0,80.833923,-0.003877,0.007812
1784249793.361827,0,80.833923,0.000000,0.003906
1784249793.371865,0,80.833923,-0.019387,0.003906
1784249793.381873,0,80.833893,-0.073670,0.003906
1784249793.392068,0,80.833923,-0.046528,0.003906
1784249793.402057,0,80.833923,-0.019387,0.000000
1784249793.410713,0,80.833946,0.027142,0.000000
1784249793.421694,0,80.833923,-0.042651,0.003906
1784249793.432030,0,80.833893,-0.073670,0.000000
1784249793.442033,0,80.833923,-0.007755,0.000000
1784249793.451807,0,80.833923,-0.003877,0.000000
1784249793.460601,0,80.833893,-0.085302,0.003906
1784249793.471919,0,80.833893,-0.069793,0.003906
1784249793.481878,0,80.833946,0.038774,0.003906
1784249793.491693,0,80.833923,-0.077547,0.007812
1784249793.501771,0,80.833946,0.038774,0.003906
1784249793.511903,0,80.833923,-0.015509,0.003906
1784249793.521625,0,80.833923,-0.031019,0.007812
1784249793.531781,0,80.833923,-0.023264,0.000000
1784249793.542114,0,80.833893,-0.069793,0.000000
1784249793.552115,0,80.833893,-0.062038,0.007812
1784249793.562038,0,80.833923,-0.011632,0.000000
1784249793.571881,0,80.833893,-0.062038,0.003906
1784249793.581778,0,80.833946,0.038774,0.003906
1784249793.590646,0,80.833893,-0.065915,0.003906
1784249793.600636,0,80.833893,-0.073670,0.000000
1784249793.611886,0,80.833893,-0.069793,0.003906
1784249793.621940,0,80.833893,-0.062038,0.003906
1784249793.631943,0,80.833923,-0.011632,0.007812
1784249793.642075,0,80.833893,-0.046528,0.003906
1784249793.651709,0,80.833893,-0.062038,0.007812
1784249793.660599,0,80.833923,0.003877,0.003906
1784249793.670574,0,80.833946,0.046528,0.007812
1784249793.681015,0,80.833893,-0.069793,0.007812
1784249793.690720,0,80.833946,0.046528,0.000000
1784249793.700658,0,80.833923,-0.015509,0.000000
1784249793.710594,0,80.833923,0.007755,0.007812
1784249793.720834,0,80.833923,-0.007755,0.007812
1784249793.730873,0,80.833855,-0.120198,0.003906
1784249793.740751,0,80.833923,-0.011632,0.007812
1784249793.750756,0,80.833923,-0.031019,0.007812
1784249793.760868,0,80.833923,-0.003877,0.003906
1784249793.770726,0,80.833893,-0.054283,0.007812
1784249793.782104,0,80.833923,-0.015509,0.003906
1784249793.790566,0,80.833923,-0.003877,0.003906
1784249793.800657,0,80.833946,0.019387,0.003906
1784249793.810715,0,80.833893,-0.089180,0.003906
1784249793.821805,0,80.833923,-0.058161,0.003906
1784249793.831753,0,80.833893,-0.054283,0.000000
1784249793.841783,0,80.833923,0.003877,0.003906
1784249793.850769,0,80.833923,0.077547,0.003906
1784249793.860822,0,80.833923,-0.007755,0.003906
1784249793.870869,0,80.833923,-0.015509,0.003906
1784249793.881008,0,80.833923,-0.027142,0.003906
1784249793.890566,0,80.833923,-0.003877,0.007812
1784249793.900573,0,80.833923,-0.019387,0.003906
1784249793.910653,0,80.833923,-0.015509,0.000000
1784249793.920654,0,80.833923,-0.003877,0.007812
1784249793.930825,0,80.833923,-0.027142,0.000000
1784249793.940813,0,80.833923,0.003877,0.007812
1784249793.950797,0,80.833923,-0.007755,0.003906
1784249793.960826,0,80.833923,0.003877,0.003906
1784249793.970808,0,80.833923,-0.011632,0.007812
1784249793.980808,0,80.833946,0.038774,0.003906
1784249793.990717,0,80.833946,0.034896,0.007812
1784249794.000555,0,80.833946,-0.015509,0.007812
1784249794.010554,0,80.833923,-0.023264,0.007812
1784249794.020663,0,80.833923,0.023264,0.007812
1784249794.031882,0,80.833923,-0.027142,0.003906
1784249794.042078,0,80.833923,-0.011632,0.003906
1784249794.051781,0,80.833923,-0.003877,0.003906
1784249794.061930,0,80.833923,-0.038774,0.000000
1784249794.071757,0,80.833923,-0.003877,0.003906
1784249794.082080,0,80.833923,0.000000,0.007812
1784249794.092055,0,80.833923,-0.003877,0.000000
1784249794.102021,0,80.833923,0.007755,0.003906
1784249794.112044,0,80.833923,-0.027142,0.007812
1784249794.121653,0,80.833923,0.007755,0.003906
1784249794.131694,0,80.833923,-0.038774,0.007812
1784249794.142045,0,80.833893,-0.062038,0.003906
1784249794.152093,0,80.833923,-0.019387,0.003906
1784249794.162082,0,80.833923,0.000000,0.003906
1784249794.172037,0,80.833893,-0.058161,0.000000
1784249794.181710,0,80.833893,-0.065915,0.000000
1784249794.190566,0,80.833946,0.038774,0.003906
1784249794.200589,0,80.833923,-0.015509,0.003906
1784249794.211580,0,80.833923,0.019387,0.000000
1784249794.221605,0,80.833946,0.046528,0.000000
1784249794.230569,0,80.833893,-0.077547,0.007812
1784249794.240551,0,80.833893,-0.054283,0.003906
1784249794.250575,0,80.833923,0.000000,0.000000
1784249794.260490,0,80.833923,-0.011632,0.000000
1784249794.270550,0,80.833923,-0.003877,0.000000
1784249794.280564,0,80.833923,0.000000,0.003906
1784249794.290586,0,80.833923,-0.015509,0.000000
1784249794.300488,0,80.833893,-0.069793,0.000000
1784249794.310548,0,80.833923,-0.027142,0.000000
1784249794.320580,0,80.833923,0.000000,0.003906
1784249794.330570,0,80.833923,-0.031019,0.000000
1784249794.340641,0,80.833893,-0.065915,0.000000
1784249794.350597,0,80.833923,-0.019387,0.000000
1784249794.360550,0,80.833893,-0.062038,0.000000
1784249794.371605,0,80.833923,-0.019387,0.003906
1784249794.381561,0,80.833893,-0.077547,0.003906
1784249794.390643,0,80.833946,0.038774,0.011719
1784249794.400657,0,80.833946,0.038774,0.007812
1784249794.410554,0,80.833923,-0.019387,0.003906
1784249794.420573,0,80.833923,0.000000,0.000000
1784249794.431576,0,80.833893,-0.073670,0.003906
1784249794.440529,0,80.833923,-0.003877,0.003906
1784249794.450554,0,80.833946,0.038774,0.000000
1784249794.460533,0,80.833893,-0.065915,0.003906
1784249794.471580,0,80.833946,-0.003877,0.000000
1784249794.480541,0,80.833893,-0.073670,0.003906
1784249794.490573,0,80.833923,-0.015509,0.000000
1784249794.500461,0,80.833923,-0.003877,0.000000
1784249794.510553,0,80.833946,0.023264,0.000000
1784249794.520534,0,80.833893,-0.058161,0.000000
1784249794.530565,0,80.833946,0.034896,0.000000
1784249794.540534,0,80.833946,0.050406,0.003906
1784249794.550584,0,80.833923,-0.011632,0.003906
1784249794.560465,0,80.833923,-0.015509,0.000000
1784249794.570530,0,80.833923,-0.027142,0.003906
1784249794.580528,0,80.833923,0.000000,0.000000
1784249794.590528,0,80.833893,-0.062038,0.003906
1784249794.600600,0,80.833923,0.000000,0.000000
1784249794.610588,0,80.833923,-0.015509,0.003906
1784249794.620577,0,80.833923,-0.007755,0.007812
1784249794.630565,0,80.833893,-0.065915,0.000000
1784249794.640565,0,80.833923,-0.015509,0.000000
1784249794.650533,0,80.833923,-0.023264,0.007812
1784249794.661567,0,80.833923,-0.003877,0.000000
1784249794.670631,0,80.833893,-0.058161,0.003906
1784249794.680561,0,80.833923,-0.038774,0.003906
1784249794.690532,0,80.833893,0.054283,0.003906
1784249794.700522,0,80.833923,-0.015509,0.003906
1784249794.710542,0,80.833946,0.031019,0.000000
1784249794.720511,0,80.833923,-0.003877,0.000000
1784249794.730514,0,80.833893,-0.058161,0.007812
1784249794.740649,0,80.833923,-0.019387,0.003906
1784249794.750544,0,80.833923,-0.042651,0.000000
1784249794.761681,0,80.833923,-0.038774,0.000000
1784249794.771823,0,80.833923,-0.019387,0.007812
1784249794.781672,0,80.833923,-0.011632,0.007812
1784249794.791792,0,80.833923,-0.023264,0.000000
1784249794.801775,0,80.833923,-0.015509,0.000000
1784249794.811623,0,80.833923,-0.027142,0.003906
1784249794.821607,0,80.833923,-0.019387,0.000000
1784249794.831754,0,80.833893,-0.065915,0.003906
1784249794.841642,0,80.833893,-0.077547,0.003906
1784249794.851591,0,80.833923,-0.031019,0.000000
1784249794.861699,0,80.833923,-0.019387,0.000000
1784249794.870562,0,80.833923,-0.019387,0.003906
1784249794.881670,0,80.833946,0.019387,0.000000
1784249794.891613,0,80.833923,-0.031019,0.007812
1784249794.901664,0,80.833923,0.000000,0.000000
1784249794.911594,0,80.833923,-0.073670,0.000000
1784249794.921605,0,80.833923,-0.011632,0.000000
1784249794.931652,0,80.833946,0.050406,0.003906
1784249794.940615,0,80.833923,-0.050406,0.007812
1784249794.951569,0,80.833893,-0.062038,0.007812
1784249794.961602,0,80.833923,-0.027142,0.000000
1784249794.971601,0,80.833923,-0.023264,0.000000
1784249794.981664,0,80.833923,0.000000,0.003906
1784249794.991611,0,80.833946,0.042651,0.000000
1784249795.000525,0,80.833855,-0.131831,0.007812
1784249795.012026,0,80.833923,0.007755,0.007812
1784249795.021585,0,80.833923,-0.019387,0.003906
1784249795.032016,0,80.833893,-0.077547,0.000000
1784249795.041973,0,80.833923,-0.015509,0.003906
1784249795.051999,0,80.833923,-0.011632,0.000000
1784249795.061873,0,80.833923,-0.007755,0.003906
1784249795.071607,0,80.833923,-0.015509,0.007812
1784249795.081808,0,80.833923,-0.015509,0.003906
1784249795.091667,0,80.833923,0.000000,0.003906
1784249795.102031,0,80.833946,0.031019,0.007812
1784249795.111806,0,80.833923,-0.027142,0.007812
1784249795.121571,0,80.833923,-0.038774,0.003906
1784249795.131901,0,80.833923,-0.089180,0.003906
1784249795.142022,0,80.833893,-0.062038,0.000000
1784249795.152052,0,80.833923,-0.019387,0.000000
1784249795.162040,0,80.833923,-0.007755,0.007812
1784249795.171884,0,80.833946,0.054283,0.003906
1784249795.181795,0,80.833923,-0.023264,0.003906
1784249795.191892,0,80.833893,-0.077547,0.000000
1784249795.201776,0,80.833923,-0.015509,0.000000
1784249795.211604,0,80.833893,-0.065915,0.003906
1784249795.221595,0,80.833923,-0.023264,0.007812
1784249795.231696,0,80.833946,0.015509,0.000000
1784249795.241964,0,80.833893,-0.065915,0.000000
1784249795.251980,0,80.833923,-0.023264,0.007812
1784249795.261957,0,80.833893,-0.058161,0.003906
1784249795.271960,0,80.833923,-0.042651,0.000000
1784249795.281755,0,80.833923,-0.007755,0.000000
1784249795.291757,0,80.833923,-0.011632,0.003906
1784249795.301769,0,80.833923,-0.019387,0.003906
1784249795.311785,0,80.833946,0.011632,0.003906
1784249795.321540,0,80.833893,-0.081425,0.000000
1784249795.331768,0,80.833946,-0.015509,0.000000
1784249795.341778,0,80.833893,-0.073670,0.000000
1784249795.351986,0,80.833893,0.042651,0.003906
1784249795.361562,0,80.833893,-0.077547,0.000000
1784249795.371958,0,80.833893,-0.038774,0.003906
1784249795.381958,0,80.833893,-0.069793,0.007812
1784249795.391774,0,80.833923,-0.003877,0.003906
1784249795.401545,0,80.833923,-0.007755,0.003906
1784249795.411574,0,80.833923,-0.011632,0.003906
1784249795.421582,0,80.833923,-0.038774,0.000000
1784249795.431992,0,80.833923,-0.015509,0.000000
1784249795.441782,0,80.833923,-0.011632,0.000000
1784249795.451988,0,80.833923,-0.015509,0.007812
1784249795.461968,0,80.833946,0.031019,0.000000
1784249795.471695,0,80.833893,-0.096934,0.000000
1784249795.481965,0,80.833923,0.000000,0.003906
1784249795.491642,0,80.833893,-0.065915,0.000000
1784249795.501541,0,80.833923,0.007755,0.007812
1784249795.511507,0,80.833923,-0.007755,0.007812
1784249795.521456,0,80.833923,-0.023264,0.003906
1784249795.531696,0,80.833946,0.046528,0.003906
1784249795.541881,0,80.833946,0.046528,0.000000
1784249795.551896,0,80.833923,-0.011632,0.000000
1784249795.561871,0,80.833893,-0.054283,0.007812
1784249795.571871,0,80.833923,-0.011632,0.000000
1784249795.581892,0,80.833923,-0.011632,0.003906
1784249795.591638,0,80.833923,-0.050406,0.000000
1784249795.601671,0,80.833923,-0.023264,0.003906
1784249795.611705,0,80.833923,-0.019387,0.000000
1784249795.621438,0,80.833946,0.054283,0.003906
1784249795.631532,0,80.833923,-0.003877,0.000000
1784249795.641892,0,80.833923,-0.019387,0.007812
1784249795.651637,0,80.833946,0.038774,0.000000
1784249795.661863,0,80.833893,-0.058161,0.007812
1784249795.671907,0,80.833923,0.034896,0.003906
1784249795.681896,0,80.833923,-0.027142,0.003906
1784249795.691884,0,80.833946,0.046528,0.003906
1784249795.701892,0,80.833923,0.000000,0.007812
1784249795.711880,0,80.833923,-0.015509,0.003906
1784249795.721430,0,80.833923,-0.019387,0.003906
1784249795.731544,0,80.833923,-0.007755,0.000000
1784249795.741817,0,80.833923,-0.003877,0.003906
1784249795.751921,0,80.833923,-0.027142,0.000000
1784249795.761822,0,80.833923,-0.027142,0.003906
1784249795.771876,0,80.833946,-0.073670,0.003906
1784249795.781513,0,80.833923,-0.031019,0.007812
1784249795.791598,0,80.833893,-0.077547,0.007812
1784249795.801706,0,80.833923,-0.038774,0.003906
1784249795.811654,0,80.833923,-0.015509,0.007812
1784249795.821403,0,80.833923,0.000000,0.003906
1784249795.831630,0,80.833946,0.054283,0.000000
1784249795.841471,0,80.833893,-0.011632,0.000000
1784249795.851587,0,80.833923,-0.003877,0.003906
1784249795.861889,0,80.833923,-0.015509,0.000000
1784249795.871854,0,80.833923,-0.003877,0.003906
1784249795.881863,0,80.833946,0.038774,0.007812
1784249795.891863,0,80.833923,-0.011632,0.000000
1784249795.901873,0,80.833923,-0.003877,0.000000
1784249795.911875,0,80.833893,-0.058161,0.000000
1784249795.921447,0,80.833893,-0.069793,0.000000
1784249795.931721,0,80.833923,-0.015509,0.000000
1784249795.941733,0,80.833923,-0.019387,0.000000
1784249795.951538,0,80.833923,-0.007755,0.000000
1784249795.961622,0,80.833923,-0.019387,0.000000
1784249795.971950,0,80.833946,0.038774,0.000000
1784249795.981926,0,80.833893,-0.093057,0.003906
1784249795.991941,0,80.833923,-0.062038,0.003906
1784249796.001944,0,80.833946,0.046528,0.011719
1784249796.011946,0,80.833923,-0.027142,0.000000
1784249796.021563,0,80.833893,-0.062038,0.003906
1784249796.031943,0,80.833923,0.000000,0.003906
1784249796.041947,0,80.833893,-0.073670,0.003906
1784249796.051720,0,80.833923,0.003877,0.000000
1784249796.061519,0,80.833893,-0.089180,0.003906
1784249796.071651,0,80.833923,-0.011632,0.000000
1784249796.081890,0,80.833923,-0.007755,0.007812
1784249796.091818,0,80.833946,0.050406,0.000000
1784249796.101973,0,80.833893,-0.081425,0.000000
1784249796.111485,0,80.833923,-0.011632,0.000000
1784249796.121556,0,80.833923,-0.023264,0.000000
1784249796.131587,0,80.833923,-0.023264,0.003906
1784249796.141929,0,80.833923,0.000000,0.000000
1784249796.151959,0,80.833893,-0.069793,0.003906
1784249796.161732,0,80.833923,-0.011632,0.003906
1784249796.171701,0,80.833923,0.003877,0.000000
1784249796.181697,0,80.833923,-0.003877,0.007812
1784249796.191950,0,80.833923,-0.003877,0.003906
1784249796.201939,0,80.833893,-0.062038,0.007812
1784249796.211753,0,80.833893,-0.062038,0.003906
1784249796.221496,0,80.833923,0.000000,0.003906
1784249796.231634,0,80.833923,-0.011632,0.003906
1784249796.241755,0,80.833923,-0.007755,0.000000
1784249796.251956,0,80.833923,-0.015509,0.000000
1784249796.261933,0,80.833893,-0.038774,0.003906
1784249796.271726,0,80.833893,-0.065915,0.000000
1784249796.281757,0,80.833923,-0.019387,0.000000
1784249796.291465,0,80.833923,-0.003877,0.003906
1784249796.301934,0,80.833923,0.000000,0.000000
1784249796.311715,0,80.833923,-0.050406,0.003906
1784249796.321494,0,80.833923,-0.019387,0.007812
1784249796.331570,0,80.833923,0.007755,0.000000
1784249796.341648,0,80.833923,-0.003877,0.007812
1784249796.351652,0,80.833893,-0.050406,0.003906
1784249796.361464,0,80.833923,0.000000,0.003906
1784249796.371640,0,80.833923,-0.007755,0.007812
1784249796.381732,0,80.833946,0.031019,0.000000
1784249796.391717,0,80.833923,0.000000,0.000000
1784249796.401739,0,80.833923,-0.007755,0.000000
1784249796.411918,0,80.833923,-0.003877,0.007812
1784249796.421478,0,80.833923,-0.019387,0.003906
1784249796.431917,0,80.833893,-0.065915,0.007812
1784249796.441728,0,80.833893,-0.058161,0.003906
1784249796.451936,0,80.833923,-0.015509,0.000000
1784249796.461908,0,80.833946,0.054283,0.007812
1784249796.471943,0,80.833923,-0.007755,0.003906
1784249796.481904,0,80.833946,0.042651,0.000000
1784249796.491727,0,80.833923,-0.019387,0.000000
1784249796.501487,0,80.833923,-0.007755,0.007812
1784249796.511496,0,80.833923,-0.027142,0.003906
1784249796.521492,0,80.833923,0.000000,0.007812
1784249796.531712,0,80.833923,-0.007755,0.000000
1784249796.541899,0,80.833893,-0.069793,0.003906
1784249796.551962,0,80.833893,-0.058161,0.003906
1784249796.561931,0,80.833893,-0.062038,0.003906
1784249796.571483,0,80.833893,-0.050406,0.000000
1784249796.581502,0,80.833946,0.042651,0.000000
1784249796.591464,0,80.833893,-0.058161,0.003906
1784249796.601604,0,80.833923,0.000000,0.000000
1784249796.611687,0,80.833923,0.000000,0.003906
1784249796.621433,0,80.833923,0.000000,0.003906
1784249796.631607,0,80.833923,0.000000,0.003906
1784249796.641625,0,80.833946,0.050406,0.003906
1784249796.651920,0,80.833946,0.038774,0.007812
1784249796.661753,0,80.833923,-0.003877,0.003906
1784249796.671871,0,80.833946,0.038774,0.007812
1784249796.681623,0,80.833893,-0.073670,0.000000
1784249796.691888,0,80.833923,-0.007755,0.003906
1784249796.701677,0,80.833893,-0.062038,0.000000
1784249796.711471,0,80.833923,-0.003877,0.007812
1784249796.721497,0,80.833923,-0.023264,0.000000
1784249796.731628,0,80.833893,-0.062038,0.000000
1784249796.741873,0,80.833923,-0.007755,0.000000
1784249796.751667,0,80.833923,-0.007755,0.007812
1784249796.761661,0,80.833923,0.050406,0.000000
1784249796.771893,0,80.833923,-0.019387,0.000000
1784249796.781749,0,80.833923,-0.023264,0.000000
1784249796.791883,0,80.833893,-0.065915,0.007812
1784249796.801896,0,80.833923,-0.003877,0.003906
1784249796.811410,0,80.833893,-0.065915,0.003906
1784249796.821438,0,80.833893,-0.023264,0.003906
1784249796.831449,0,80.833923,-0.011632,0.003906
1784249796.841675,0,80.833923,-0.015509,0.000000
1784249796.851882,0,80.833893,-0.065915,0.003906
1784249796.861915,0,80.833923,-0.007755,0.003906
1784249796.871832,0,80.833923,0.000000,0.000000
1784249796.881417,0,80.833923,0.000000,0.007812
1784249796.891466,0,80.833923,-0.007755,0.003906
1784249796.901511,0,80.833923,-0.027142,0.003906
1784249796.911738,0,80.833923,-0.027142,0.007812
1784249796.921432,0,80.833923,-0.023264,0.003906
1784249796.931470,0,80.833946,0.019387,0.000000
1784249796.941681,0,80.833923,-0.019387,0.011719
1784249796.951621,0,80.833923,0.000000,0.003906
1784249796.961651,0,80.833923,-0.065915,0.003906
1784249796.971688,0,80.833923,-0.023264,0.007812
1784249796.981897,0,80.833923,-0.007755,0.000000
1784249796.991871,0,80.833893,-0.050406,0.007812
1784249797.001764,0,80.833923,-0.031019,0.003906
1784249797.011826,0,80.833923,-0.019387,0.003906
1784249797.021483,0,80.833855,-0.131831,0.003906
1784249797.031655,0,80.833923,-0.007755,0.003906
1784249797.041641,0,80.833923,0.000000,0.003906
1784249797.051639,0,80.833923,0.000000,0.007812
1784249797.061506,0,80.833893,-0.081425,0.000000
1784249797.071419,0,80.833923,-0.011632,0.007812
1784249797.081912,0,80.833923,0.000000,0.000000
1784249797.091414,0,80.833893,-0.054283,0.000000
1784249797.101540,0,80.833923,-0.007755,0.000000
1784249797.111805,0,80.833893,-0.081425,0.000000
1784249797.121437,0,80.833923,0.000000,0.000000
1784249797.131618,0,80.833923,-0.015509,0.000000
1784249797.141633,0,80.833923,0.000000,0.003906
1784249797.151704,0,80.833923,-0.062038,0.003906
1784249797.161539,0,80.833893,-0.046528,0.003906
1784249797.171543,0,80.833923,-0.003877,0.003906
1784249797.181874,0,80.833923,0.000000,0.003906
1784249797.191801,0,80.833923,-0.007755,0.000000
1784249797.201401,0,80.833923,-0.011632,0.000000
1784249797.211758,0,80.833893,-0.054283,0.011719
1784249797.221403,0,80.833923,0.015509,0.003906
1784249797.231833,0,80.833946,0.062038,0.003906
1784249797.241882,0,80.833923,-0.003877,0.000000
1784249797.251633,0,80.833893,-0.069793,0.000000
1784249797.261524,0,80.833923,-0.015509,0.003906
1784249797.271647,0,80.833923,0.000000,0.003906
1784249797.281669,0,80.833946,0.054283,0.003906
1784249797.291613,0,80.833923,-0.007755,0.003906
1784249797.301657,0,80.833923,0.000000,0.000000
1784249797.311481,0,80.833923,0.046528,0.000000
1784249797.321411,0,80.833893,-0.081425,0.003906
1784249797.331805,0,80.833893,-0.062038,0.000000
1784249797.341682,0,80.833893,-0.007755,0.000000
1784249797.351814,0,80.833923,-0.015509,0.003906
1784249797.361615,0,80.833946,0.046528,0.003906
1784249797.371630,0,80.833923,-0.007755,0.003906
1784249797.381795,0,80.833946,0.062038,0.003906
1784249797.391803,0,80.833923,-0.003877,0.000000
1784249797.401422,0,80.833923,0.019387,0.007812
1784249797.411821,0,80.833893,-0.062038,0.003906
1784249797.421423,0,80.833893,-0.062038,0.000000
1784249797.431540,0,80.833923,0.000000,0.000000
1784249797.441412,0,80.833893,-0.058161,0.003906
1784249797.451366,0,80.833893,-0.065915,0.003906
1784249797.461646,0,80.833923,0.000000,0.003906
1784249797.471671,0,80.833893,-0.058161,0.003906
1784249797.481400,0,80.833923,0.000000,0.007812
1784249797.491365,0,80.833893,-0.073670,0.003906
1784249797.501635,0,80.833923,0.000000,0.003906
1784249797.511656,0,80.833946,0.003877,0.007812
1784249797.521382,0,80.833923,-0.007755,0.000000
1784249797.531620,0,80.833923,-0.038774,0.000000
1784249797.541614,0,80.833893,-0.065915,0.000000
1784249797.551831,0,80.833923,-0.007755,0.000000
1784249797.561813,0,80.833893,-0.046528,0.000000
1784249797.571784,0,80.833923,0.007755,0.011719
1784249797.581619,0,80.833923,-0.019387,0.003906
1784249797.591346,0,80.833923,-0.011632,0.000000
1784249797.601827,0,80.833923,-0.007755,0.007812
1784249797.611632,0,80.833923,-0.011632,0.003906
1784249797.621390,0,80.833923,-0.015509,0.011719
1784249797.631483,0,80.833923,0.011632,0.007812
1784249797.641749,0,80.833923,-0.007755,0.003906
1784249797.651588,0,80.833893,-0.062038,0.000000
1784249797.661592,0,80.833923,-0.019387,0.003906
1784249797.671791,0,80.833893,-0.058161,0.000000
1784249797.681595,0,80.833923,-0.007755,0.000000
1784249797.691590,0,80.833977,0.104689,0.003906
1784249797.701622,0,80.833923,-0.019387,0.003906
1784249797.711791,0,80.833923,-0.011632,0.000000
1784249797.721381,0,80.833923,-0.034896,0.000000
1784249797.731399,0,80.833923,-0.015509,0.003906
1784249797.741383,0,80.833923,0.000000,0.003906
1784249797.751873,0,80.833923,0.000000,0.003906
1784249797.761385,0,80.833893,-0.058161,0.003906
1784249797.771620,0,80.833923,-0.007755,0.003906
1784249797.781408,0,80.833923,-0.015509,-0.003906
1784249797.791608,0,80.833923,-0.015509,0.003906
1784249797.801342,0,80.833946,0.050406,0.000000
1784249797.811391,0,80.833893,-0.085302,0.003906
1784249797.821374,0,80.833923,0.000000,0.000000
1784249797.831774,0,80.833923,-0.003877,0.003906
1784249797.841607,0,80.833946,0.034896,0.000000
1784249797.851621,0,80.833923,-0.019387,0.007812
1784249797.861803,0,80.833923,-0.027142,0.003906
1784249797.871778,0,80.833923,-0.034896,0.007812
1784249797.881764,0,80.833893,-0.073670,0.000000
1784249797.891694,0,80.833923,0.000000,0.003906
1784249797.901374,0,80.833923,-0.003877,0.007812
1784249797.911380,0,80.833923,-0.023264,0.003906
1784249797.921372,0,80.833923,-0.019387,0.000000
1784249797.931639,0,80.833946,0.019387,0.003906
1784249797.941632,0,80.833946,0.015509,0.007812
1784249797.951481,0,80.833923,-0.050406,0.000000
1784249797.961488,0,80.833923,-0.023264,0.003906
1784249797.971626,0,80.833923,-0.011632,0.000000
1784249797.981581,0,80.833923,-0.003877,0.003906
1784249797.991456,0,80.833893,-0.069793,0.000000
1784249798.001622,0,80.833923,-0.034896,0.003906
1784249798.011508,0,80.833923,-0.027142,0.007812
1784249798.021395,0,80.833893,-0.062038,0.003906
1784249798.031367,0,80.833923,-0.027142,0.007812
1784249798.041595,0,80.833893,-0.077547,0.003906
1784249798.051623,0,80.833893,-0.081425,0.000000
1784249798.061727,0,80.833923,-0.019387,0.007812
1784249798.071604,0,80.833946,0.046528,0.007812
1784249798.081406,0,80.833893,-0.058161,0.003906
1784249798.091587,0,80.833923,-0.050406,0.003906
1784249798.101469,0,80.833893,-0.050406,0.007812
1784249798.111674,0,80.833923,-0.027142,0.000000
1784249798.121370,0,80.833946,0.019387,0.000000
1784249798.131382,0,80.833893,-0.062038,0.000000
1784249798.141370,0,80.833923,-0.007755,0.003906
1784249798.151330,0,80.833923,0.000000,0.000000
1784249798.161611,0,80.833893,-0.042651,0.003906
1784249798.171578,0,80.833946,0.027142,0.000000
1784249798.181470,0,80.833923,-0.003877,0.007812
1784249798.191745,0,80.833923,0.003877,0.003906
1784249798.201763,0,80.833923,-0.003877,0.000000
1784249798.211371,0,80.833946,-0.058161,0.003906
1784249798.221282,0,80.833923,-0.007755,0.000000
1784249798.231492,0,80.833893,-0.058161,0.000000
1784249798.241282,0,80.833923,-0.038774,0.000000
1784249798.251596,0,80.833893,-0.069793,0.003906
1784249798.261766,0,80.833893,-0.058161,0.007812
1784249798.271708,0,80.833923,0.000000,0.003906
1784249798.281716,0,80.833893,-0.062038,0.003906
1784249798.291715,0,80.833893,-0.050406,0.000000
1784249798.301740,0,80.833946,0.046528,0.000000
1784249798.311758,0,80.833893,-0.058161,0.000000
1784249798.321315,0,80.833923,-0.007755,0.003906
1784249798.331345,0,80.833923,0.000000,0.003906
1784249798.341530,0,80.833923,0.000000,0.000000
1784249798.351306,0,80.833923,0.000000,0.003906
1784249798.361424,0,80.833893,-0.062038,0.000000
1784249798.371730,0,80.833923,-0.027142,0.000000
1784249798.381519,0,80.833893,-0.073670,0.003906
1784249798.391397,0,80.833923,-0.007755,0.000000
1784249798.401341,0,80.833923,-0.007755,0.000000
1784249798.411407,0,80.833893,-0.073670,0.003906
1784249798.421588,0,80.833893,-0.062038,0.000000
1784249798.431617,0,80.833923,-0.019387,0.003906
1784249798.441542,0,80.833923,-0.007755,0.003906
1784249798.451540,0,80.833893,-0.062038,0.000000
1784249798.461531,0,80.833893,-0.054283,0.000000
1784249798.471492,0,80.833893,-0.050406,0.003906
1784249798.481290,0,80.833893,-0.073670,0.000000
1784249798.491490,0,80.833923,0.003877,0.000000
1784249798.501201,0,80.833923,0.000000,0.000000
1784249798.511543,0,80.833923,-0.015509,0.000000
1784249798.521296,0,80.833923,-0.019387,0.000000
1784249798.531735,0,80.833923,-0.007755,0.000000
1784249798.541322,0,80.833923,-0.058161,0.007812
1784249798.551467,0,80.833923,-0.027142,0.000000
1784249798.561301,0,80.833893,-0.003877,0.000000
1784249798.571529,0,80.833923,-0.007755,0.007812
1784249798.581347,0,80.833923,-0.034896,0.007812
1784249798.591517,0,80.833893,0.000000,0.003906
1784249798.601655,0,80.833923,-0.011632,0.000000
1784249798.611538,0,80.833946,0.042651,0.000000
1784249798.621622,0,80.833923,0.000000,0.007812
1784249798.631381,0,80.833946,0.062038,0.007812
1784249798.641644,0,80.833893,-0.062038,0.003906
1784249798.651257,0,80.833923,-0.011632,0.000000
1784249798.661484,0,80.833923,-0.031019,0.000000
1784249798.671509,0,80.833923,-0.015509,0.007812
1784249798.681462,0,80.833923,-0.027142,0.000000
1784249798.691488,0,80.833893,-0.062038,0.003906
1784249798.701476,0,80.833893,-0.124076,0.003906
1784249798.711457,0,80.833923,-0.031019,0.003906
1784249798.721440,0,80.833923,-0.019387,0.000000
1784249798.731377,0,80.833946,0.042651,0.003906
1784249798.741690,0,80.833923,-0.027142,0.000000
1784249798.751721,0,80.833923,-0.031019,0.003906
1784249798.761516,0,80.833893,-0.058161,0.007812
1784249798.771448,0,80.833923,-0.007755,0.000000
1784249798.781533,0,80.833893,-0.058161,0.003906
1784249798.791351,0,80.833893,-0.073670,0.003906
1784249798.801313,0,80.833893,-0.062038,0.000000
1784249798.811162,0,80.833923,-0.015509,0.007812
1784249798.821156,0,80.833923,-0.003877,0.007812
1784249798.831261,0,80.833893,-0.058161,0.003906
1784249798.841286,0,80.833923,-0.034896,0.007812
1784249798.851516,0,80.833923,-0.023264,0.003906
1784249798.861363,0,80.833893,-0.065915,0.000000
1784249798.871211,0,80.833923,-0.007755,0.003906
1784249798.881353,0,80.833946,0.054283,0.007812
1784249798.891501,0,80.833946,0.046528,0.003906
1784249798.901263,0,80.833923,0.034896,0.003906
1784249798.911498,0,80.833923,-0.038774,0.003906
1784249798.921533,0,80.833923,-0.007755,0.011719
1784249798.931188,0,80.833923,-0.031019,0.003906
1784249798.941741,0,80.833946,-0.027142,0.000000
1784249798.951739,0,80.833946,0.031019,0.003906
1784249798.961307,0,80.833923,-0.019387,0.003906
1784249798.971283,0,80.833893,-0.062038,0.003906
1784249798.981537,0,80.833923,-0.003877,0.003906
1784249798.991518,0,80.833923,-0.003877,0.003906
1784249799.001406,0,80.833893,-0.077547,0.000000
1784249799.011608,0,80.833923,-0.031019,0.003906
1784249799.021520,0,80.833923,-0.023264,0.003906
1784249799.031552,0,80.833923,-0.011632,0.000000
1784249799.041314,0,80.833893,-0.065915,0.000000
1784249799.051744,0,80.833923,-0.019387,0.007812
1784249799.061680,0,80.833923,-0.015509,0.003906
1784249799.071481,0,80.833923,-0.003877,0.003906
1784249799.081477,0,80.833923,-0.011632,0.000000
1784249799.091246,0,80.833923,-0.015509,0.003906
1784249799.101314,0,80.833923,-0.003877,0.000000
1784249799.111333,0,80.833923,-0.003877,0.003906
1784249799.121386,0,80.833923,-0.019387,0.000000
1784249799.132326,0,80.833923,-0.015509,0.003906
1784249799.141677,0,80.833923,0.000000,0.003906
1784249799.152472,0,80.833923,-0.011632,0.003906
1784249799.161406,0,80.833923,-0.003877,0.003906
1784249799.171673,0,80.833923,0.000000,0.000000
1784249799.181469,0,80.833923,-0.007755,0.000000
1784249799.191507,0,80.833923,-0.003877,0.007812
1784249799.202500,0,80.833893,-0.062038,0.003906
1784249799.211262,0,80.833946,0.038774,0.000000
1784249799.221372,0,80.833923,-0.019387,0.000000
1784249799.232313,0,80.833923,0.000000,0.000000
1784249799.241439,0,80.833946,0.050406,0.000000
1784249799.251418,0,80.833923,0.007755,0.007812
1784249799.261256,0,80.833923,-0.011632,0.000000
1784249799.271554,0,80.833946,-0.015509,0.003906
1784249799.281431,0,80.833946,0.034896,0.003906
1784249799.291390,0,80.833893,-0.062038,0.003906
1784249799.301219,0,80.833923,-0.003877,0.003906
1784249799.311193,0,80.833923,-0.011632,0.007812
1784249799.321225,0,80.833923,-0.011632,0.003906
1784249799.331263,0,80.833923,-0.003877,0.003906
1784249799.341320,0,80.833923,0.000000,0.007812
1784249799.351343,0,80.833923,-0.003877,0.007812
1784249799.361287,0,80.833893,-0.054283,0.000000
1784249799.371344,0,80.833946,0.054283,0.000000
1784249799.381404,0,80.833946,0.054283,0.003906
1784249799.391228,0,80.833923,-0.007755,0.003906
1784249799.401291,0,80.833946,0.038774,0.003906
1784249799.411230,0,80.833893,-0.054283,0.007812
1784249799.421425,0,80.833946,0.054283,0.007812
1784249799.431359,0,80.833893,-0.050406,0.003906
1784249799.441320,0,80.833923,0.000000,0.003906
1784249799.451180,0,80.833893,-0.003877,0.003906
1784249799.461366,0,80.833923,-0.007755,0.003906
1784249799.471352,0,80.833923,-0.007755,0.003906
1784249799.481393,0,80.833923,0.000000,0.003906
1784249799.491334,0,80.833923,0.000000,0.003906
1784249799.501364,0,80.833923,-0.007755,0.003906
1784249799.511514,0,80.833923,-0.015509,0.007812
1784249799.521282,0,80.833923,-0.007755,0.000000
1784249799.531256,0,80.833923,0.003877,0.000000
1784249799.541415,0,80.833923,-0.007755,0.003906
1784249799.551468,0,80.833923,-0.023264,0.007812
1784249799.562662,0,80.833893,-0.085302,0.000000
1784249799.572456,0,80.833923,-0.019387,0.000000
1784249799.581641,0,80.833893,-0.073670,0.003906
1784249799.591512,0,80.833946,0.046528,0.000000
1784249799.601295,0,80.833923,-0.011632,0.003906
1784249799.611413,0,80.833946,0.050406,0.003906
1784249799.621238,0,80.833893,-0.058161,0.007812
1784249799.631314,0,80.833946,0.054283,0.011719
1784249799.641269,0,80.833923,-0.015509,0.003906
1784249799.651180,0,80.833893,-0.058161,0.000000
1784249799.661218,0,80.833893,-0.062038,0.000000
1784249799.671125,0,80.833923,-0.023264,0.000000
1784249799.681293,0,80.833893,-0.058161,0.000000
1784249799.691304,0,80.833923,-0.027142,0.000000
1784249799.701208,0,80.833893,-0.069793,0.000000
1784249799.711236,0,80.833893,-0.058161,0.000000
1784249799.721231,0,80.833923,-0.003877,0.007812
1784249799.731229,0,80.833893,-0.077547,0.000000
1784249799.741279,0,80.833923,-0.011632,0.003906
1784249799.751213,0,80.833893,-0.054283,0.000000
1784249799.761174,0,80.833923,-0.023264,0.007812
1784249799.771312,0,80.833923,0.007755,0.007812
1784249799.781280,0,80.833923,-0.054283,0.003906
1784249799.791226,0,80.833923,-0.015509,0.003906
1784249799.801233,0,80.833893,-0.062038,0.003906
1784249799.811296,0,80.833893,-0.073670,0.003906
1784249799.821290,0,80.833923,-0.015509,0.003906
1784249799.831233,0,80.833893,-0.058161,0.000000
1784249799.841323,0,80.833893,-0.069793,0.007812
1784249799.851312,0,80.833923,-0.007755,0.000000
1784249799.861276,0,80.833923,-0.019387,0.000000
1784249799.871201,0,80.833893,-0.073670,0.000000
1784249799.881211,0,80.833893,-0.058161,0.003906
1784249799.891197,0,80.833893,-0.073670,0.007812
1784249799.901215,0,80.833923,-0.027142,0.000000
1784249799.911235,0,80.833923,-0.011632,0.007812
1784249799.921300,0,80.833946,0.050406,0.000000
1784249799.931288,0,80.833855,-0.108566,0.000000
1784249799.942152,0,80.833923,-0.003877,0.003906
1784249799.951471,0,80.833923,0.000000,0.007812
1784249799.962626,0,80.833923,0.007755,0.007812
1784249799.971391,0,80.833923,0.011632,0.003906
1784249799.981384,0,80.833893,-0.062038,0.000000
1784249799.991367,0,80.833923,-0.003877,0.000000
1784249800.002240,0,80.833923,-0.015509,0.007812
1784249800.011324,0,80.833923,-0.027142,0.003906
1784249800.021261,0,80.833923,0.000000,0.007812
1784249800.031244,0,80.833923,-0.011632,0.003906
1784249800.041377,0,80.833923,-0.019387,0.003906
1784249800.052238,0,80.833923,0.000000,0.003906
1784249800.062207,0,80.833923,0.003877,0.003906
1784249800.072206,0,80.833946,0.050406,0.003906
1784249800.082266,0,80.833923,0.003877,0.007812
1784249800.092247,0,80.833923,-0.007755,0.003906
1784249800.101330,0,80.833893,-0.065915,0.000000
1784249800.111295,0,80.833923,-0.007755,0.000000
1784249800.121364,0,80.833923,-0.011632,0.007812
1784249800.131338,0,80.833923,-0.015509,0.003906
1784249800.141312,0,80.833893,-0.058161,0.003906
1784249800.152211,0,80.833946,0.050406,0.000000
1784249800.162237,0,80.833923,0.000000,0.003906
1784249800.172251,0,80.833893,-0.085302,0.003906
1784249800.182403,0,80.833893,-0.003877,0.003906
1784249800.192251,0,80.833923,-0.007755,0.000000
1784249800.202239,0,80.833923,-0.003877,0.003906
1784249800.212292,0,80.833923,-0.003877,0.003906
1784249800.222574,0,80.833923,-0.007755,0.000000
1784249800.231314,0,80.833923,-0.003877,0.000000
1784249800.241341,0,80.833946,0.050406,0.000000
1784249800.251305,0,80.833923,0.000000,0.007812
1784249800.261212,0,80.833946,0.038774,0.003906
1784249800.271239,0,80.833893,-0.062038,0.000000
1784249800.281271,0,80.833893,-0.073670,0.000000
1784249800.291315,0,80.833923,0.000000,0.007812
1784249800.301182,0,80.833946,-0.027142,0.003906
1784249800.311186,0,80.833923,-0.003877,0.000000
1784249800.321232,0,80.833923,-0.003877,0.000000
1784249800.331210,0,80.833893,-0.054283,0.000000
1784249800.341547,0,80.833893,-0.073670,0.000000
1784249800.352356,0,80.833893,-0.054283,0.003906
1784249800.362232,0,80.833893,0.046528,0.007812
1784249800.372303,0,80.833923,0.054283,0.007812
1784249800.382298,0,80.833923,-0.007755,0.000000
1784249800.392224,0,80.833923,-0.007755,0.000000
1784249800.402540,0,80.833923,-0.023264,0.000000
1784249800.412217,0,80.833893,-0.062038,0.003906
1784249800.422569,0,80.833893,0.000000,0.007812
1784249800.432521,0,80.833923,-0.007755,0.003906
1784249800.442227,0,80.833855,-0.108566,0.000000
1784249800.451314,0,80.833923,0.000000,0.003906
1784249800.461262,0,80.833923,-0.007755,0.000000
1784249800.471210,0,80.833923,-0.015509,0.000000
1784249800.481101,0,80.833977,0.116321,0.007812
1784249800.491153,0,80.833893,-0.058161,0.007812
1784249800.501199,0,80.833946,0.046528,0.003906
1784249800.511294,0,80.833923,-0.003877,0.007812
1784249800.521095,0,80.833923,-0.011632,0.007812
1784249800.531171,0,80.833923,0.000000,0.003906
1784249800.541336,0,80.833923,0.000000,0.000000
1784249800.551232,0,80.833923,-0.007755,0.007812
1784249800.561351,0,80.833923,-0.007755,0.000000
1784249800.571196,0,80.833923,0.003877,0.003906
1784249800.581231,0,80.833893,-0.027142,0.000000
1784249800.591234,0,80.833923,-0.027142,0.000000
1784249800.602318,0,80.833893,-0.054283,0.003906
1784249800.611274,0,80.833923,-0.003877,0.007812
1784249800.621159,0,80.833946,0.069793,0.000000
1784249800.631184,0,80.833923,-0.003877,0.000000
1784249800.641178,0,80.833893,-0.077547,0.000000
1784249800.651125,0,80.833923,-0.011632,0.003906
1784249800.661127,0,80.833893,-0.062038,0.007812
1784249800.671055,0,80.833923,-0.007755,0.000000
1784249800.682260,0,80.833923,0.000000,0.003906
1784249800.692236,0,80.833946,0.046528,0.007812
1784249800.702232,0,80.833923,0.000000,0.000000
1784249800.712249,0,80.833893,-0.065915,0.007812
1784249800.722110,0,80.833923,-0.011632,0.003906
1784249800.731207,0,80.833893,-0.058161,0.003906
1784249800.741498,0,80.833893,-0.073670,0.000000
1784249800.751199,0,80.833893,-0.081425,0.003906
1784249800.761247,0,80.833923,0.000000,0.003906
1784249800.772097,0,80.833923,-0.015509,0.003906
1784249800.781271,0,80.833923,-0.007755,0.007812
1784249800.791280,0,80.833946,0.058161,0.003906
1784249800.801103,0,80.833923,-0.011632,0.007812
1784249800.811188,0,80.833893,-0.054283,0.007812
1784249800.821171,0,80.833893,-0.077547,0.000000
1784249800.831202,0,80.833893,-0.062038,0.000000
1784249800.841218,0,80.833946,0.050406,0.003906
1784249800.852222,0,80.833923,-0.003877,0.003906
1784249800.861133,0,80.833923,-0.015509,0.000000
1784249800.871209,0,80.833923,-0.003877,0.003906
1784249800.881094,0,80.833893,-0.065915,0.007812
1784249800.891221,0,80.833923,-0.007755,0.000000
1784249800.901258,0,80.833893,-0.073670,0.000000
1784249800.912322,0,80.833923,-0.031019,0.007812
1784249800.922153,0,80.833893,-0.058161,0.003906
1784249800.932212,0,80.833893,-0.062038,0.003906
1784249800.942236,0,80.833893,-0.069793,0.003906
1784249800.952571,0,80.833923,0.000000,0.000000
1784249800.962205,0,80.833923,-0.027142,0.003906
1784249800.971218,0,80.833923,-0.031019,0.007812
1784249800.981274,0,80.833893,-0.065915,0.003906
1784249800.991254,0,80.833923,-0.003877,0.000000
1784249801.001516,0,80.833893,-0.062038,0.003906
1784249801.011260,0,80.833923,-0.034896,0.000000
1784249801.021129,0,80.833893,-0.065915,0.003906
1784249801.031246,0,80.833923,-0.015509,0.007812
1784249801.041243,0,80.833923,-0.019387,0.003906
1784249801.052224,0,80.833893,-0.089180,0.007812
1784249801.061242,0,80.833946,0.019387,0.000000
1784249801.071118,0,80.833923,0.000000,0.000000
1784249801.081108,0,80.833923,0.007755,0.003906
1784249801.092471,0,80.833893,-0.058161,0.000000
1784249801.102569,0,80.833893,-0.069793,0.007812
1784249801.111194,0,80.833946,0.042651,0.003906
1784249801.121115,0,80.833923,-0.019387,0.000000
1784249801.131176,0,80.833923,0.007755,0.007812
1784249801.141134,0,80.833923,-0.007755,0.003906
1784249801.151267,0,80.833923,0.000000,0.003906
1784249801.161285,0,80.833923,0.000000,0.007812
1784249801.171282,0,80.833923,-0.003877,0.003906
1784249801.181283,0,80.833923,0.000000,0.007812
1784249801.191137,0,80.833893,-0.042651,0.011719
1784249801.201128,0,80.833923,0.000000,0.000000
1784249801.211218,0,80.833923,-0.023264,0.000000
1784249801.221157,0,80.833946,0.031019,0.000000
1784249801.231077,0,80.833946,0.042651,0.003906
1784249801.241122,0,80.833923,-0.011632,0.003906
1784249801.251115,0,80.833923,-0.027142,0.000000
1784249801.261220,0,80.833893,-0.058161,0.003906
1784249801.271283,0,80.833923,-0.003877,0.000000
1784249801.281178,0,80.833923,-0.023264,0.003906
1784249801.291256,0,80.833923,-0.011632,0.000000
1784249801.301027,0,80.833946,0.031019,0.003906
1784249801.311017,0,80.833923,-0.019387,0.000000
1784249801.321058,0,80.833893,-0.062038,0.000000
1784249801.331027,0,80.833946,0.042651,0.003906
1784249801.341186,0,80.833855,-0.120198,0.000000
1784249801.352137,0,80.833923,0.000000,0.003906
1784249801.362136,0,80.833923,0.000000,0.003906
1784249801.371123,0,80.833923,-0.007755,0.000000
1784249801.381226,0,80.833923,-0.007755,0.000000
1784249801.391204,0,80.833893,-0.062038,0.000000
1784249801.401195,0,80.833893,-0.065915,0.003906
1784249801.411054,0,80.833893,-0.062038,0.003906
1784249801.422130,0,80.833946,0.050406,0.003906
1784249801.431209,0,80.833923,-0.034896,0.000000
1784249801.441114,0,80.833923,-0.015509,0.000000
1784249801.451140,0,80.833923,0.000000,0.007812
1784249801.461111,0,80.833893,-0.077547,0.007812
1784249801.471053,0,80.833923,-0.015509,0.003906
1784249801.481077,0,80.833893,-0.050406,0.003906
1784249801.491251,0,80.833923,0.003877,0.007812
1784249801.501105,0,80.833923,-0.019387,0.003906
1784249801.511155,0,80.833923,-0.015509,0.003906
1784249801.520992,0,80.833893,-0.069793,0.003906
1784249801.531185,0,80.833946,0.050406,0.007812
1784249801.542157,0,80.833893,-0.062038,0.007812
1784249801.551061,0,80.833923,-0.011632,0.003906
1784249801.562088,0,80.833923,-0.011632,0.003906
1784249801.571099,0,80.833893,-0.058161,0.003906
1784249801.582090,0,80.833923,0.000000,0.000000
1784249801.592214,0,80.833923,-0.019387,0.007812
1784249801.602181,0,80.833923,-0.011632,0.007812
1784249801.612476,0,80.833893,-0.062038,0.000000
1784249801.621076,0,80.833893,-0.065915,0.000000
1784249801.631086,0,80.833923,-0.011632,0.000000
1784249801.641123,0,80.833923,-0.007755,0.007812
1784249801.652219,0,80.833946,0.023264,0.000000
1784249801.661071,0,80.833946,0.031019,0.007812
1784249801.671141,0,80.833893,-0.069793,0.007812
1784249801.681125,0,80.833923,-0.011632,0.003906
1784249801.692158,0,80.833923,0.000000,0.000000
1784249801.701032,0,80.833893,-0.069793,0.003906
1784249801.712172,0,80.833893,-0.050406,0.007812
1784249801.722177,0,80.833923,-0.023264,0.003906
1784249801.731060,0,80.833923,0.000000,0.000000
1784249801.741059,0,80.833923,-0.007755,0.000000
1784249801.751098,0,80.833893,-0.062038,0.003906
1784249801.761022,0,80.833923,-0.003877,0.003906
1784249801.771085,0,80.833893,-0.062038,0.007812
1784249801.782099,0,80.833893,-0.054283,0.000000
1784249801.792206,0,80.833923,-0.015509,0.000000
1784249801.801104,0,80.833893,-0.069793,0.007812
1784249801.811077,0,80.833923,-0.015509,0.000000
1784249801.822078,0,80.833946,0.050406,0.003906
1784249801.831037,0,80.833893,-0.073670,0.007812
1784249801.841068,0,80.833946,0.031019,0.007812
1784249801.851062,0,80.833923,-0.015509,0.000000
1784249801.861082,0,80.833946,0.042651,0.003906
1784249801.872102,0,80.833946,0.034896,0.003906
1784249801.880961,0,80.833923,-0.081425,0.007812
1784249801.892145,0,80.833923,0.000000,0.003906
1784249801.901071,0,80.833923,0.000000,0.000000
1784249801.912477,0,80.833893,-0.062038,0.003906
1784249801.921129,0,80.833893,-0.042651,0.003906
1784249801.932153,0,80.833923,0.000000,0.003906
1784249801.941109,0,80.833946,0.058161,0.007812
1784249801.951037,0,80.833923,0.003877,0.007812
1784249801.961092,0,80.833923,-0.003877,0.000000
1784249801.971097,0,80.833923,-0.015509,0.000000
1784249801.981102,0,80.833923,-0.003877,0.007812
1784249801.991093,0,80.833923,-0.007755,0.000000
1784249802.001060,0,80.833893,-0.054283,0.007812
1784249802.010969,0,80.833893,-0.058161,0.000000
1784249802.021075,0,80.833923,-0.015509,0.003906
1784249802.031165,0,80.833946,0.050406,0.011719
1784249802.041070,0,80.833893,-0.065915,0.000000
1784249802.052049,0,80.833923,0.015509,0.003906
1784249802.062208,0,80.833923,0.000000,0.003906
1784249802.072199,0,80.833923,0.000000,0.007812
1784249802.082067,0,80.833923,-0.015509,0.000000
1784249802.090990,0,80.833923,0.000000,0.007812
1784249802.101146,0,80.833893,-0.050406,0.003906
1784249802.112126,0,80.833923,-0.007755,0.003906
1784249802.121000,0,80.833923,-0.003877,0.000000
1784249802.132485,0,80.833893,-0.062038,0.000000
1784249802.142076,0,80.833946,0.046528,0.000000
1784249802.151101,0,80.833923,0.000000,0.000000
1784249802.162221,0,80.833923,0.000000,0.000000
1784249802.171142,0,80.833923,-0.003877,0.003906
1784249802.181998,0,80.833923,-0.003877,0.003906
1784249802.191103,0,80.833893,-0.058161,0.000000
1784249802.201050,0,80.833893,-0.003877,0.000000
1784249802.211047,0,80.833893,-0.058161,0.003906
1784249802.222023,0,80.833893,-0.062038,0.003906
1784249802.230980,0,80.833923,-0.011632,0.000000
1784249802.241018,0,80.833923,-0.003877,0.000000
1784249802.252217,0,80.833923,0.000000,0.000000
1784249802.262441,0,80.833893,-0.046528,0.000000
1784249802.272090,0,80.833893,0.007755,0.000000
1784249802.282019,0,80.833893,-0.058161,0.007812
1784249802.292418,0,80.833893,-0.065915,0.007812
1784249802.300985,0,80.833923,0.007755,0.003906
1784249802.310984,0,80.833946,0.054283,0.000000
1784249802.322013,0,80.833923,-0.019387,0.000000
1784249802.331997,0,80.833923,0.000000,0.000000
1784249802.342057,0,80.833946,0.054283,0.003906
1784249802.352212,0,80.833923,-0.003877,0.000000
1784249802.362186,0,80.833893,-0.058161,0.000000
1784249802.372426,0,80.833923,0.000000,0.003906
1784249802.382178,0,80.833923,-0.011632,0.000000
1784249802.391047,0,80.833946,0.062038,0.007812
1784249802.402015,0,80.833893,-0.054283,0.000000
1784249802.411999,0,80.833923,-0.003877,0.000000
1784249802.422126,0,80.833923,-0.003877,0.003906
1784249802.432197,0,80.833893,-0.050406,0.000000
1784249802.442186,0,80.833923,-0.007755,0.003906
1784249802.452193,0,80.833923,-0.003877,0.007812
1784249802.461023,0,80.833893,-0.062038,0.000000
1784249802.470889,0,80.833893,-0.062038,0.000000
1784249802.481013,0,80.833923,0.000000,0.000000
1784249802.491072,0,80.833893,-0.062038,0.003906
1784249802.501097,0,80.833893,-0.073670,0.000000
1784249802.512183,0,80.833923,0.000000,0.000000
1784249802.521970,0,80.833923,-0.023264,0.007812
1784249802.532242,0,80.833893,-0.073670,0.000000
1784249802.541019,0,80.833893,-0.062038,0.000000
1784249802.552039,0,80.833923,-0.019387,0.000000
1784249802.562193,0,80.833893,-0.054283,0.003906
1784249802.572014,0,80.833893,-0.015509,0.003906
1784249802.581026,0,80.833923,0.000000,0.003906
1784249802.592387,0,80.833923,-0.015509,0.003906
1784249802.602206,0,80.833923,-0.046528,0.000000
1784249802.610953,0,80.833946,-0.011632,0.003906
1784249802.622119,0,80.833923,-0.007755,0.000000
1784249802.632169,0,80.833923,-0.003877,0.007812
1784249802.640969,0,80.833923,-0.081425,0.003906
1784249802.652020,0,80.833923,-0.027142,0.000000
1784249802.662156,0,80.833923,-0.011632,0.000000
1784249802.672154,0,80.833923,-0.007755,0.003906
1784249802.682410,0,80.833923,-0.003877,0.007812
1784249802.691015,0,80.833923,-0.062038,0.003906
1784249802.701050,0,80.833946,-0.015509,0.000000
1784249802.710993,0,80.833893,0.003877,0.003906
1784249802.721076,0,80.833923,-0.003877,0.000000
1784249802.731025,0,80.833893,-0.054283,0.003906
1784249802.741003,0,80.833893,-0.058161,0.003906
1784249802.752217,0,80.833893,-0.081425,0.000000
1784249802.762419,0,80.833946,0.038774,0.003906
1784249802.771056,0,80.833946,0.019387,0.007812
1784249802.781036,0,80.833893,-0.073670,0.000000
1784249802.791089,0,80.833946,0.050406,0.003906
1784249802.801002,0,80.833923,-0.011632,0.007812
1784249802.810874,0,80.833946,0.034896,0.003906
1784249802.821897,0,80.833923,-0.015509,0.003906
1784249802.832120,0,80.833923,-0.007755,0.000000
1784249802.842337,0,80.833946,0.042651,0.000000
1784249802.852321,0,80.833893,-0.062038,0.000000
1784249802.862334,0,80.833923,-0.011632,0.003906
1784249802.872344,0,80.833923,0.000000,0.003906
1784249802.881933,0,80.833893,-0.050406,0.000000
1784249802.891963,0,80.833946,0.042651,0.000000
1784249802.901903,0,80.833923,-0.011632,0.003906
1784249802.912323,0,80.833893,-0.077547,0.000000
1784249802.922078,0,80.833923,-0.003877,0.003906
1784249802.930905,0,80.833946,0.062038,0.007812
1784249802.940910,0,80.833923,-0.007755,0.000000
1784249802.951905,0,80.833893,-0.007755,0.000000
1784249802.962128,0,80.833923,-0.007755,0.003906
1784249802.972225,0,80.833923,-0.023264,0.007812
1784249802.982057,0,80.833923,-0.019387,0.000000
1784249802.991006,0,80.833923,-0.007755,0.003906
1784249803.000886,0,80.833923,0.000000,0.003906
1784249803.011184,0,80.833923,-0.011632,0.000000
1784249803.020876,0,80.833923,-0.003877,0.007812
1784249803.030964,0,80.833923,0.011632,0.007812
1784249803.042171,0,80.833923,0.007755,0.003906
1784249803.052113,0,80.833923,0.000000,0.003906
1784249803.061979,0,80.833923,0.003877,0.007812
1784249803.071981,0,80.833893,-0.062038,0.000000
1784249803.082349,0,80.833923,-0.003877,0.000000
1784249803.092088,0,80.833923,-0.003877,0.003906
1784249803.102367,0,80.833923,-0.007755,0.000000
1784249803.112355,0,80.833923,-0.027142,0.000000
1784249803.122097,0,80.833893,-0.073670,0.000000
1784249803.132208,0,80.833893,-0.050406,0.007812
1784249803.140980,0,80.833923,-0.015509,0.007812
1784249803.152040,0,80.833923,-0.023264,0.003906
1784249803.162157,0,80.833893,-0.058161,0.007812
1784249803.172350,0,80.833923,-0.015509,0.000000
1784249803.182348,0,80.833855,-0.093057,0.003906
1784249803.192364,0,80.833893,-0.058161,0.003906
1784249803.200983,0,80.833923,0.000000,0.007812
1784249803.211025,0,80.833893,-0.058161,0.003906
1784249803.222030,0,80.833923,-0.011632,0.003906
1784249803.231008,0,80.833946,0.050406,0.000000
1784249803.242383,0,80.833923,-0.015509,0.003906
1784249803.252131,0,80.833893,0.069793,0.007812
1784249803.262174,0,80.833893,-0.054283,0.003906
1784249803.271220,0,80.833923,-0.007755,0.003906
1784249803.282176,0,80.833923,-0.031019,0.007812
1784249803.292341,0,80.833893,-0.062038,0.003906
1784249803.301965,0,80.833923,-0.011632,0.007812
1784249803.311992,0,80.833923,0.003877,0.000000
1784249803.321961,0,80.833923,0.000000,0.003906
1784249803.332195,0,80.833923,-0.015509,0.007812
1784249803.342193,0,80.833923,-0.011632,0.003906
1784249803.352345,0,80.833855,-0.120198,0.000000
1784249803.362326,0,80.833923,0.000000,0.007812
1784249803.372330,0,80.833893,-0.073670,0.007812
1784249803.382350,0,80.833893,-0.062038,0.007812
1784249803.392167,0,80.833946,0.011632,0.003906
1784249803.401958,0,80.833855,-0.120198,0.003906
1784249803.412180,0,80.833923,0.003877,0.007812
1784249803.420907,0,80.833923,-0.003877,0.007812
1784249803.432045,0,80.833893,-0.038774,0.007812
1784249803.442357,0,80.833893,-0.042651,0.003906
1784249803.451011,0,80.833923,-0.003877,0.003906
1784249803.462332,0,80.833893,-0.069793,0.000000
1784249803.472163,0,80.833946,0.054283,0.000000
1784249803.482096,0,80.833893,-0.054283,0.003906
1784249803.492388,0,80.833923,0.000000,0.003906
1784249803.502405,0,80.833923,-0.003877,0.000000
1784249803.512287,0,80.833923,-0.007755,0.007812
1784249803.521975,0,80.833946,0.062038,0.007812
1784249803.530950,0,80.833946,0.050406,0.007812
1784249803.540884,0,80.833923,-0.007755,0.007812
1784249803.550756,0,80.833893,-0.046528,0.011719
1784249803.560754,0,80.833923,-0.007755,0.000000
1784249803.570761,0,80.833946,-0.050406,0.003906
1784249803.581019,0,80.833946,0.042651,0.000000
1784249803.590984,0,80.833893,-0.054283,0.007812
1784249803.601053,0,80.833946,0.054283,0.007812
1784249803.610755,0,80.833923,-0.007755,0.000000
1784249803.621003,0,80.833893,-0.069793,0.003906
1784249803.630736,0,80.833923,0.000000,0.000000
1784249803.640735,0,80.833946,0.054283,0.003906
1784249803.650729,0,80.833923,-0.023264,0.000000
1784249803.660997,0,80.833923,0.000000,0.003906
1784249803.670892,0,80.833923,0.003877,0.003906
1784249803.681165,0,80.833893,-0.062038,0.000000
1784249803.691194,0,80.833893,-0.058161,0.000000
1784249803.701178,0,80.833923,0.007755,0.003906
1784249803.711186,0,80.833946,0.046528,0.003906
1784249803.720906,0,80.833923,-0.011632,0.003906
1784249803.730740,0,80.833893,-0.046528,0.007812
1784249803.740736,0,80.833893,-0.058161,0.003906
1784249803.750865,0,80.833923,0.015509,0.000000
1784249803.761118,0,80.833923,0.050406,0.000000
1784249803.770821,0,80.833893,-0.015509,0.003906
1784249803.780818,0,80.833923,-0.011632,0.000000
1784249803.790993,0,80.833923,-0.007755,0.000000
1784249803.801235,0,80.833946,0.038774,0.011719
1784249803.811166,0,80.833946,0.054283,0.007812
1784249803.820827,0,80.833923,-0.011632,0.007812
1784249803.831331,0,80.833923,-0.003877,0.007812
1784249803.840880,0,80.833923,0.000000,0.000000
1784249803.851158,0,80.833923,-0.015509,0.007812
1784249803.861152,0,80.833923,-0.023264,0.003906
1784249803.871184,0,80.833923,0.000000,0.003906
1784249803.881145,0,80.833923,-0.003877,0.003906
1784249803.891310,0,80.833923,0.000000,0.003906
1784249803.900883,0,80.833923,-0.023264,0.000000
1784249803.911160,0,80.833923,-0.058161,0.003906
1784249803.920815,0,80.833923,-0.007755,0.000000
1784249803.930803,0,80.833893,-0.062038,0.000000
1784249803.941215,0,80.833923,-0.007755,0.003906
1784249803.950869,0,80.833923,-0.034896,0.003906
1784249803.961170,0,80.833923,-0.011632,0.007812
1784249803.971015,0,80.833893,-0.069793,0.003906
1784249803.981355,0,80.833946,0.034896,0.007812
1784249803.991002,0,80.833923,0.046528,0.003906
1784249804.001099,0,80.833893,-0.058161,0.003906
1784249804.010891,0,80.833923,-0.015509,0.003906
1784249804.020807,0,80.833893,-0.054283,0.003906
1784249804.030902,0,80.833923,0.015509,0.007812
1784249804.041175,0,80.833923,0.000000,0.003906
1784249804.051228,0,80.833923,-0.015509,0.003906
1784249804.060934,0,80.833893,-0.062038,0.000000
1784249804.070774,0,80.833923,-0.015509,0.007812
1784249804.080893,0,80.833923,0.000000,0.003906
1784249804.091097,0,80.833923,0.000000,0.003906
1784249804.100822,0,80.833923,-0.003877,0.007812
1784249804.110814,0,80.833923,0.000000,0.000000
1784249804.121184,0,80.833923,0.000000,0.000000
1784249804.131158,0,80.833893,-0.003877,0.007812
1784249804.141073,0,80.833893,-0.062038,0.000000
1784249804.151293,0,80.833946,0.003877,0.007812
1784249804.161299,0,80.833893,-0.054283,0.007812
1784249804.171125,0,80.833946,0.058161,0.007812
1784249804.180771,0,80.833923,-0.003877,0.011719
1784249804.191179,0,80.833923,-0.015509,0.000000
1784249804.201140,0,80.833923,-0.003877,0.003906
1784249804.211286,0,80.833893,-0.054283,0.003906
1784249804.221101,0,80.833923,-0.007755,0.000000
1784249804.231282,0,80.833923,-0.034896,0.003906
1784249804.240779,0,80.833893,-0.058161,0.000000
1784249804.250822,0,80.833946,0.050406,0.007812
1784249804.261124,0,80.833923,0.003877,0.007812
1784249804.270776,0,80.833923,-0.019387,0.007812
1784249804.280849,0,80.833893,-0.069793,0.003906
1784249804.290865,0,80.833923,-0.015509,0.007812
1784249804.301036,0,80.833893,-0.058161,0.003906
1784249804.311109,0,80.833923,-0.003877,0.003906
1784249804.320779,0,80.833923,-0.015509,0.007812
1784249804.330830,0,80.833923,0.015509,0.007812
1784249804.341123,0,80.833923,-0.003877,0.000000
1784249804.351135,0,80.833893,-0.007755,0.007812
1784249804.361008,0,80.833946,0.054283,0.007812
1784249804.370769,0,80.833923,0.003877,0.003906
1784249804.381289,0,80.833893,-0.062038,0.000000
1784249804.390913,0,80.833923,0.000000,0.003906
1784249804.400786,0,80.833923,0.000000,0.003906
1784249804.410788,0,80.833893,-0.058161,0.003906
1784249804.420806,0,80.833923,-0.003877,0.000000
1784249804.431103,0,80.833923,-0.007755,0.003906
1784249804.441262,0,80.833946,0.065915,0.003906
1784249804.450873,0,80.833893,-0.062038,0.003906
1784249804.460739,0,80.833923,-0.007755,0.000000
1784249804.470741,0,80.833923,-0.003877,0.000000
1784249804.481080,0,80.833923,0.011632,0.003906
1784249804.490758,0,80.833923,0.007755,0.007812
1784249804.501252,0,80.833893,-0.058161,0.003906
1784249804.510761,0,80.833923,-0.015509,0.003906
1784249804.520757,0,80.833923,0.011632,0.007812
1784249804.530800,0,80.833893,-0.062038,0.000000
1784249804.540905,0,80.833923,0.000000,0.007812
1784249804.551118,0,80.833893,-0.054283,0.000000
1784249804.560966,0,80.833946,0.038774,0.000000
1784249804.570768,0,80.833923,-0.003877,0.007812
1784249804.580784,0,80.833923,0.000000,0.000000
1784249804.590787,0,80.833893,-0.058161,0.003906
1784249804.600892,0,80.833923,0.000000,0.003906
1784249804.610771,0,80.833923,0.015509,0.000000
1784249804.621272,0,80.833893,-0.038774,0.000000
1784249804.631103,0,80.833923,-0.007755,0.011719
1784249804.640776,0,80.833893,-0.069793,0.003906
1784249804.650735,0,80.833893,-0.062038,0.003906
1784249804.660755,0,80.833923,-0.003877,0.000000
1784249804.670857,0,80.833893,-0.050406,0.007812
1784249804.681018,0,80.833923,-0.031019,0.007812
1784249804.691130,0,80.833923,0.003877,0.003906
1784249804.701029,0,80.833923,-0.007755,0.000000
1784249804.711023,0,80.833923,-0.062038,0.000000
1784249804.720756,0,80.833923,-0.027142,0.000000
1784249804.730996,0,80.833923,-0.011632,0.003906
1784249804.741072,0,80.833923,0.000000,0.000000
1784249804.751029,0,80.833893,-0.050406,0.003906
1784249804.760723,0,80.833893,-0.069793,0.003906
1784249804.771245,0,80.833893,-0.007755,0.011719
1784249804.780816,0,80.833923,-0.015509,0.003906
1784249804.791052,0,80.833923,0.003877,0.000000
1784249804.800730,0,80.833923,-0.011632,0.003906
1784249804.810827,0,80.833923,-0.007755,0.007812
1784249804.821089,0,80.833923,0.000000,0.003906
1784249804.831241,0,80.833893,-0.062038,0.007812
1784249804.841149,0,80.833923,0.003877,0.000000
1784249804.850966,0,80.833923,-0.015509,0.003906
1784249804.861128,0,80.833923,-0.011632,0.003906
1784249804.870741,0,80.833946,0.046528,0.000000
1784249804.880749,0,80.833923,-0.019387,0.003906
1784249804.890712,0,80.833923,-0.062038,0.003906
1784249804.900728,0,80.833946,0.038774,0.007812
1784249804.911034,0,80.833923,-0.027142,0.007812
1784249804.921222,0,80.833893,-0.054283,0.003906
1784249804.930748,0,80.833923,-0.007755,0.003906
1784249804.941060,0,80.833946,0.054283,0.003906
1784249804.950748,0,80.833923,-0.003877,0.003906
1784249804.960746,0,80.833893,0.000000,0.003906
1784249804.970714,0,80.833893,-0.065915,0.003906
1784249804.981046,0,80.833923,-0.007755,0.000000
1784249804.991202,0,80.833923,-0.011632,0.000000
1784249805.000716,0,80.833923,0.000000,0.000000
1784249805.010913,0,80.833923,-0.003877,0.000000
1784249805.020656,0,80.833923,-0.007755,0.000000
1784249805.031075,0,80.833946,0.046528,0.007812
1784249805.040720,0,80.833855,-0.120198,0.000000
1784249805.050761,0,80.833893,-0.054283,0.007812
1784249805.060744,0,80.833893,-0.054283,0.003906
1784249805.070978,0,80.833923,-0.023264,0.003906
1784249805.080900,0,80.833946,0.046528,0.000000
1784249805.090636,0,80.833923,0.000000,0.003906
1784249805.100636,0,80.833923,0.000000,-0.003906
1784249805.110638,0,80.833923,-0.007755,0.000000
1784249805.120916,0,80.833923,-0.027142,0.000000
1784249805.130895,0,80.833893,-0.073670,0.007812
1784249805.140631,0,80.833893,-0.050406,0.000000
1784249805.151081,0,80.833923,0.000000,0.000000
1784249805.160637,0,80.833893,-0.058161,0.000000
1784249805.170636,0,80.833923,-0.015509,0.000000
1784249805.180739,0,80.833893,-0.054283,0.000000
1784249805.191077,0,80.833893,-0.038774,0.003906
1784249805.200717,0,80.833893,-0.046528,0.007812
1784249805.210714,0,80.833923,0.011632,0.000000
1784249805.221076,0,80.833923,0.000000,0.000000
1784249805.231023,0,80.833923,-0.003877,0.000000
1784249805.240728,0,80.833923,0.007755,0.007812
1784249805.250733,0,80.833893,-0.062038,0.003906
1784249805.260695,0,80.833946,0.054283,0.003906
1784249805.271140,0,80.833946,0.034896,0.000000
1784249805.280766,0,80.833893,-0.054283,0.003906
1784249805.290887,0,80.833923,0.000000,0.007812
1784249805.300805,0,80.833923,-0.011632,0.007812
1784249805.310686,0,80.833893,-0.058161,0.003906
1784249805.320717,0,80.833923,0.000000,0.003906
1784249805.330699,0,80.833946,0.042651,0.007812
1784249805.340682,0,80.833946,0.019387,0.000000
1784249805.350689,0,80.833893,-0.062038,0.000000
1784249805.360672,0,80.833923,-0.011632,0.000000
1784249805.370607,0,80.833923,-0.023264,0.000000
1784249805.380605,0,80.833893,-0.054283,0.000000
1784249805.390612,0,80.833893,-0.054283,0.003906
1784249805.400606,0,80.833923,-0.015509,0.003906
1784249805.410600,0,80.833923,0.011632,0.000000
1784249805.420675,0,80.833923,-0.007755,0.003906
1784249805.430671,0,80.833923,0.000000,0.003906
1784249805.441611,0,80.833946,0.069793,0.003906
1784249805.450673,0,80.833893,-0.081425,0.007812
1784249805.460666,0,80.833923,-0.003877,0.007812
1784249805.470669,0,80.833923,-0.019387,0.007812
1784249805.480734,0,80.833893,-0.065915,-0.003906
1784249805.490662,0,80.833923,-0.015509,0.003906
1784249805.500752,0,80.833923,-0.019387,0.000000
1784249805.510654,0,80.833893,-0.038774,0.003906
1784249805.520636,0,80.833923,-0.023264,0.000000
1784249805.530703,0,80.833946,0.034896,0.003906
1784249805.540633,0,80.833923,-0.019387,0.000000
1784249805.550650,0,80.833923,-0.011632,0.000000
1784249805.560669,0,80.833893,-0.073670,0.000000
1784249805.570584,0,80.833923,0.000000,0.007812
1784249805.581016,0,80.833923,-0.007755,0.007812
1784249805.591000,0,80.833923,-0.038774,0.000000
1784249805.600597,0,80.833893,-0.062038,0.000000
1784249805.610574,0,80.833923,-0.015509,0.003906
1784249805.620573,0,80.833946,0.027142,0.003906
1784249805.630643,0,80.833923,0.015509,0.003906
1784249805.640656,0,80.833923,-0.038774,0.000000
1784249805.650579,0,80.833893,-0.077547,0.003906
1784249805.660573,0,80.833893,-0.065915,0.003906
1784249805.670577,0,80.833923,-0.015509,0.007812
1784249805.680575,0,80.833946,0.011632,0.000000
1784249805.690575,0,80.833923,-0.027142,0.000000
1784249805.700572,0,80.833893,-0.062038,0.003906
1784249805.710575,0,80.833893,-0.062038,0.000000
1784249805.720584,0,80.833893,-0.065915,0.007812
1784249805.730586,0,80.833893,-0.077547,0.007812
1784249805.740594,0,80.833923,-0.038774,0.000000
1784249805.750590,0,80.833893,-0.077547,0.007812
1784249805.760586,0,80.833923,-0.011632,0.000000
1784249805.770592,0,80.833923,-0.050406,0.000000
1784249805.780591,0,80.833923,-0.011632,0.003906
1784249805.790568,0,80.833923,-0.011632,0.007812
1784249805.800563,0,80.833923,-0.007755,0.003906
1784249805.810564,0,80.833923,-0.023264,0.003906
1784249805.820572,0,80.833893,-0.073670,0.007812
1784249805.830569,0,80.833893,-0.062038,0.003906
1784249805.840573,0,80.833923,-0.034896,0.000000
1784249805.850563,0,80.833923,-0.034896,0.000000
1784249805.860572,0,80.833893,-0.077547,0.000000
1784249805.870569,0,80.833893,-0.081425,0.000000
1784249805.880571,0,80.833946,0.034896,0.003906
1784249805.890574,0,80.833923,-0.031019,0.007812
1784249805.900574,0,80.833893,-0.081425,0.000000
1784249805.910570,0,80.833946,0.015509,0.003906
1784249805.920568,0,80.833923,-0.007755,0.007812
1784249805.930565,0,80.833893,-0.069793,0.003906
1784249805.940565,0,80.833923,-0.007755,0.003906
1784249805.950571,0,80.833923,-0.019387,0.003906
1784249805.960566,0,80.833923,-0.023264,0.007812
1784249805.970569,0,80.833893,-0.069793,0.007812
1784249805.980600,0,80.833893,-0.058161,0.007812
1784249805.990573,0,80.833923,-0.023264,0.003906
1784249806.000584,0,80.833923,-0.015509,0.000000
1784249806.010566,0,80.833923,-0.038774,0.003906
1784249806.020566,0,80.833946,0.023264,0.003906
1784249806.030577,0,80.833946,0.023264,0.000000
1784249806.040564,0,80.833923,-0.023264,0.003906
1784249806.050570,0,80.833893,-0.054283,0.000000
1784249806.060551,0,80.833923,-0.027142,0.007812
1784249806.070552,0,80.833946,-0.003877,0.007812
1784249806.080558,0,80.833923,0.000000,0.007812
1784249806.090553,0,80.833923,-0.011632,0.000000
1784249806.100549,0,80.833923,0.000000,0.000000
1784249806.110559,0,80.833923,0.000000,0.000000
1784249806.120556,0,80.833855,-0.116321,0.003906
1784249806.130554,0,80.833923,-0.003877,0.000000
1784249806.140560,0,80.833923,-0.015509,0.003906
1784249806.150554,0,80.833893,-0.058161,0.000000
1784249806.160558,0,80.833923,-0.015509,0.003906
1784249806.170556,0,80.833923,0.003877,0.003906
1784249806.180549,0,80.833923,-0.011632,0.003906
1784249806.190559,0,80.833923,0.003877,0.000000
1784249806.200552,0,80.833893,-0.019387,0.003906
1784249806.210553,0,80.833893,-0.062038,0.000000
1784249806.220547,0,80.833923,-0.015509,0.000000
1784249806.230555,0,80.833923,-0.011632,0.003906
1784249806.240554,0,80.833923,-0.019387,0.000000
1784249806.250549,0,80.833946,0.058161,0.003906
1784249806.260556,0,80.833923,0.046528,0.000000
1784249806.270546,0,80.833923,-0.003877,0.007812
1784249806.280550,0,80.833946,0.054283,0.000000
1784249806.290552,0,80.833923,-0.023264,0.000000
1784249806.300558,0,80.833893,-0.058161,0.000000
1784249806.310551,0,80.833923,-0.007755,0.007812
1784249806.320557,0,80.833923,-0.031019,0.000000
1784249806.330556,0,80.833946,0.054283,0.003906
1784249806.340537,0,80.833923,0.007755,0.000000
1784249806.350533,0,80.833923,-0.015509,0.000000
1784249806.360537,0,80.833946,0.050406,0.000000
1784249806.370534,0,80.833893,-0.062038,0.000000
1784249806.381526,0,80.833893,-0.058161,0.007812
1784249806.390648,0,80.833893,-0.062038,0.003906
1784249806.400594,0,80.833923,0.000000,0.000000
1784249806.410612,0,80.833923,-0.007755,0.003906
1784249806.420651,0,80.833946,0.050406,0.000000
1784249806.430598,0,80.833923,-0.003877,0.003906
1784249806.440748,0,80.833946,0.027142,0.007812
1784249806.450593,0,80.833946,0.023264,0.007812
1784249806.461723,0,80.833923,-0.015509,0.000000
1784249806.471710,0,80.833923,0.000000,0.003906
1784249806.481709,0,80.833946,0.042651,0.000000
1784249806.491750,0,80.833893,-0.058161,0.003906
1784249806.501702,0,80.833923,-0.023264,0.000000
1784249806.511708,0,80.833923,-0.011632,0.003906
1784249806.521768,0,80.833923,-0.003877,0.003906
1784249806.531748,0,80.833923,-0.007755,0.003906
1784249806.541758,0,80.833923,-0.007755,0.000000
1784249806.551785,0,80.833923,-0.015509,0.000000
1784249806.562133,0,80.833923,-0.015509,0.003906
1784249806.571998,0,80.833923,-0.019387,0.003906
1784249806.581657,0,80.833923,-0.019387,0.011719
1784249806.592058,0,80.833893,-0.120198,0.000000
1784249806.602098,0,80.833893,-0.077547,0.000000
1784249806.612153,0,80.833923,-0.003877,0.003906
1784249806.621813,0,80.833923,-0.011632,0.000000
1784249806.632139,0,80.833946,-0.046528,0.007812
1784249806.641922,0,80.833923,-0.011632,0.003906
1784249806.652149,0,80.833946,-0.027142,0.007812
1784249806.662101,0,80.833923,-0.050406,0.003906
1784249806.672124,0,80.833946,0.023264,0.003906
1784249806.681700,0,80.833923,-0.027142,0.000000
1784249806.691808,0,80.833923,-0.023264,0.003906
1784249806.701667,0,80.833923,-0.015509,0.000000
1784249806.712052,0,80.833923,-0.003877,0.003906
1784249806.721806,0,80.833923,-0.015509,0.000000
1784249806.731776,0,80.833923,-0.023264,0.003906
1784249806.742076,0,80.833923,-0.011632,0.000000
1784249806.752042,0,80.833923,-0.027142,0.000000
1784249806.762093,0,80.833946,0.031019,0.007812
1784249806.771863,0,80.833923,-0.015509,0.007812
1784249806.781744,0,80.833946,0.027142,0.000000
1784249806.791781,0,80.833923,-0.031019,0.003906
1784249806.801771,0,80.833893,-0.093057,0.003906
1784249806.810625,0,80.833946,0.031019,0.007812
1784249806.821637,0,80.833893,-0.081425,0.003906
1784249806.831643,0,80.833923,-0.015509,0.003906
1784249806.842060,0,80.833923,-0.027142,0.000000
1784249806.852062,0,80.833893,-0.062038,0.003906
1784249806.862111,0,80.833893,-0.073670,0.003906
1784249806.871896,0,80.833893,-0.069793,0.000000
1784249806.881821,0,80.833923,-0.007755,0.007812
1784249806.891798,0,80.833923,-0.007755,0.000000
1784249806.901865,0,80.833946,-0.089180,0.011719
1784249806.911701,0,80.833923,-0.023264,0.003906
1784249806.921813,0,80.833893,-0.073670,0.003906
1784249806.931680,0,80.833923,-0.027142,0.003906
1784249806.942069,0,80.833946,0.038774,0.003906
1784249806.952038,0,80.833923,-0.007755,0.007812
1784249806.962076,0,80.833923,-0.003877,0.003906
1784249806.971689,0,80.833946,0.019387,0.000000
1784249806.982030,0,80.833923,0.000000,0.003906
1784249806.991867,0,80.833923,-0.019387,0.000000
1784249807.001620,0,80.833923,-0.007755,0.003906
1784249807.012057,0,80.833923,-0.011632,0.000000
1784249807.021695,0,80.833893,-0.062038,0.000000
1784249807.031690,0,80.833923,-0.015509,0.003906
1784249807.041985,0,80.833923,-0.062038,0.000000
1784249807.052079,0,80.833923,0.007755,0.011719
1784249807.062068,0,80.833923,-0.019387,0.003906
1784249807.071713,0,80.833923,-0.023264,0.003906
1784249807.082077,0,80.833923,-0.027142,0.000000
1784249807.091883,0,80.833893,-0.073670,0.000000
1784249807.101812,0,80.833893,-0.062038,0.003906
1784249807.111898,0,80.833893,-0.073670,0.007812
1784249807.121880,0,80.833923,-0.003877,0.007812
1784249807.131907,0,80.833923,-0.062038,0.003906
1784249807.141999,0,80.833923,-0.003877,0.007812
1784249807.152066,0,80.833893,-0.077547,0.003906
1784249807.161990,0,80.833923,-0.003877,0.000000
1784249807.171991,0,80.833923,-0.019387,0.007812
1784249807.181737,0,80.833893,-0.062038,0.003906
1784249807.191815,0,80.833893,-0.062038,0.007812
1784249807.201747,0,80.833923,0.000000,0.003906
1784249807.211812,0,80.833893,-0.069793,0.003906
1784249807.221662,0,80.833893,-0.058161,0.003906
1784249807.231960,0,80.833893,-0.069793,0.000000
1784249807.241924,0,80.833923,-0.019387,0.000000
1784249807.251973,0,80.833893,-0.062038,0.000000
1784249807.261982,0,80.833923,-0.003877,0.000000
1784249807.271930,0,80.833923,-0.003877,0.000000
1784249807.281691,0,80.833923,0.011632,0.003906
1784249807.291730,0,80.833923,-0.003877,0.000000
1784249807.301976,0,80.833923,-0.015509,0.003906
1784249807.311787,0,80.833923,-0.019387,0.003906
1784249807.321739,0,80.833923,-0.023264,0.000000
1784249807.331548,0,80.833923,-0.007755,0.000000
1784249807.341671,0,80.833923,-0.015509,0.000000
1784249807.351993,0,80.833923,-0.023264,0.000000
1784249807.361776,0,80.833923,-0.007755,0.003906
1784249807.371746,0,80.833923,-0.015509,0.007812
1784249807.381930,0,80.833923,0.000000,0.007812
1784249807.391613,0,80.833923,-0.015509,0.007812
1784249807.400553,0,80.833893,-0.062038,0.000000
1784249807.410555,0,80.833946,-0.011632,0.000000
1784249807.421537,0,80.833923,-0.062038,0.000000
1784249807.431534,0,80.833923,-0.007755,0.000000
1784249807.441563,0,80.833893,-0.058161,0.000000
1784249807.450616,0,80.833923,-0.003877,0.003906
1784249807.461951,0,80.833923,-0.015509,0.007812
1784249807.472079,0,80.833893,-0.058161,0.003906
1784249807.482043,0,80.833923,-0.081425,0.003906
1784249807.491835,0,80.833923,-0.027142,0.000000
1784249807.501872,0,80.833923,-0.011632,0.003906
1784249807.511819,0,80.833946,-0.003877,0.000000
1784249807.521681,0,80.833923,-0.027142,0.003906
1784249807.531820,0,80.833923,-0.007755,0.000000
1784249807.541763,0,80.833923,0.000000,0.003906
1784249807.550602,0,80.833923,-0.015509,0.003906
1784249807.562098,0,80.833893,-0.046528,0.003906
1784249807.572073,0,80.833893,-0.073670,0.000000
1784249807.581543,0,80.833893,-0.073670,0.000000
1784249807.590532,0,80.833923,-0.038774,0.000000
1784249807.600629,0,80.833923,-0.031019,0.003906
1784249807.610691,0,80.833893,-0.073670,0.003906
1784249807.620509,0,80.833946,0.031019,0.003906
1784249807.631764,0,80.833946,0.027142,0.000000
1784249807.641755,0,80.833893,-0.062038,0.003906
1784249807.650749,0,80.833893,-0.062038,0.007812
1784249807.660528,0,80.833923,-0.027142,0.000000
1784249807.671622,0,80.833923,-0.011632,0.003906
1784249807.682054,0,80.833893,-0.077547,0.003906
1784249807.692039,0,80.833893,-0.062038,0.007812
1784249807.701779,0,80.833923,-0.015509,0.000000
1784249807.712058,0,80.833923,-0.027142,0.003906
1784249807.721784,0,80.833893,-0.062038,0.000000
1784249807.731704,0,80.833893,-0.065915,0.000000
1784249807.741749,0,80.833923,-0.038774,0.000000
1784249807.751773,0,80.833923,-0.023264,0.000000
1784249807.761504,0,80.833893,-0.073670,0.003906
1784249807.771519,0,80.833893,-0.069793,0.007812
1784249807.780570,0,80.833923,-0.011632,0.007812
1784249807.790511,0,80.833923,-0.003877,0.007812
1784249807.801612,0,80.833923,-0.019387,0.000000
1784249807.811577,0,80.833893,-0.081425,0.000000
1784249807.820509,0,80.833893,-0.077547,0.003906
1784249807.831584,0,80.833923,-0.023264,0.007812
1784249807.841528,0,80.833946,0.042651,0.003906
1784249807.851779,0,80.833923,-0.027142,0.003906
1784249807.861815,0,80.833923,-0.034896,0.000000
1784249807.871677,0,80.833923,0.000000,0.003906
1784249807.881621,0,80.833923,-0.015509,0.003906
1784249807.890507,0,80.833893,-0.073670,0.003906
1784249807.902032,0,80.833893,-0.073670,0.007812
1784249807.911750,0,80.833946,0.031019,0.007812
1784249807.921799,0,80.833946,-0.034896,0.007812
1784249807.931999,0,80.833923,-0.007755,0.003906
1784249807.942068,0,80.833923,-0.038774,0.000000
1784249807.951603,0,80.833923,-0.011632,0.007812
1784249807.962039,0,80.833893,-0.058161,0.007812
1784249807.971726,0,80.833893,-0.069793,0.007812
1784249807.981713,0,80.833946,-0.038774,0.003906
1784249807.991765,0,80.833946,0.031019,0.000000
1784249808.001997,0,80.833923,-0.023264,0.007812
1784249808.011470,0,80.833893,-0.062038,0.000000
1784249808.021957,0,80.833923,0.000000,0.003906
1784249808.031951,0,80.833923,-0.011632,0.000000
1784249808.041694,0,80.833923,-0.003877,0.000000
1784249808.051722,0,80.833893,-0.065915,0.000000
1784249808.061493,0,80.833923,-0.019387,0.003906
1784249808.071521,0,80.833893,-0.062038,0.000000
1784249808.081779,0,80.833923,-0.023264,0.003906
1784249808.091638,0,80.833923,-0.007755,0.000000
1784249808.101742,0,80.833923,0.000000,0.000000
1784249808.111740,0,80.833923,0.000000,0.003906
1784249808.121615,0,80.833923,-0.062038,0.003906
1784249808.131566,0,80.833893,-0.054283,0.000000
1784249808.141748,0,80.833893,-0.054283,0.003906
1784249808.152107,0,80.833893,-0.069793,0.000000
1784249808.162004,0,80.833893,-0.062038,0.003906
1784249808.172001,0,80.833923,0.000000,0.000000
1784249808.181991,0,80.833923,-0.003877,0.003906
1784249808.191733,0,80.833923,0.000000,0.000000
1784249808.201752,0,80.833923,-0.019387,0.000000
1784249808.211705,0,80.833946,0.050406,0.003906
1784249808.221875,0,80.833893,-0.054283,0.000000
1784249808.231965,0,80.833855,-0.112444,0.003906
1784249808.241997,0,80.833893,-0.054283,0.007812
1784249808.251978,0,80.833923,0.007755,0.011719
1784249808.261974,0,80.833923,-0.007755,0.000000
1784249808.271984,0,80.833923,0.003877,0.003906
1784249808.282012,0,80.833923,-0.015509,0.000000
1784249808.291476,0,80.833893,-0.054283,0.003906
1784249808.301712,0,80.833946,0.042651,0.000000
1784249808.311752,0,80.833923,-0.003877,0.007812
1784249808.321569,0,80.833893,-0.065915,0.000000
1784249808.331411,0,80.833893,-0.069793,0.003906
1784249808.341730,0,80.833923,0.007755,0.003906
1784249808.352058,0,80.833923,0.000000,0.003906
1784249808.361985,0,80.833946,0.046528,0.000000
1784249808.371956,0,80.833893,-0.054283,0.007812
1784249808.381985,0,80.833923,-0.003877,0.003906
1784249808.392047,0,80.833893,-0.046528,0.000000
1784249808.401738,0,80.833946,0.046528,0.000000
1784249808.411724,0,80.833923,0.000000,0.000000
1784249808.421588,0,80.833893,-0.050406,0.003906
1784249808.431590,0,80.833893,-0.058161,0.007812
1784249808.441923,0,80.833923,0.007755,0.007812
1784249808.451639,0,80.833923,-0.011632,0.007812
1784249808.462027,0,80.833923,0.000000,0.000000
1784249808.471985,0,80.833893,-0.058161,0.000000
1784249808.481986,0,80.833893,-0.073670,0.003906
1784249808.492024,0,80.833946,0.042651,0.000000
1784249808.501968,0,80.833923,0.000000,0.007812
1784249808.511872,0,80.833923,-0.027142,0.000000
1784249808.521659,0,80.833923,-0.027142,0.003906
1784249808.531489,0,80.833893,-0.050406,0.007812
1784249808.541693,0,80.833923,-0.019387,0.007812
1784249808.551920,0,80.833923,-0.077547,0.000000
1784249808.561564,0,80.833893,-0.062038,0.003906
1784249808.571589,0,80.833893,-0.011632,0.000000
1784249808.581446,0,80.833923,0.000000,0.000000
1784249808.591941,0,80.833893,-0.062038,0.003906
1784249808.601984,0,80.833923,-0.011632,0.000000
1784249808.611972,0,80.833893,-0.065915,0.011719
1784249808.621826,0,80.833923,-0.023264,0.007812
1784249808.631594,0,80.833923,-0.027142,0.003906
1784249808.641493,0,80.833893,-0.058161,0.000000
1784249808.651604,0,80.833946,0.054283,0.007812
1784249808.661791,0,80.833946,0.058161,0.003906
1784249808.671962,0,80.833923,0.000000,0.000000
1784249808.681995,0,80.833893,-0.054283,0.003906
1784249808.691976,0,80.833893,-0.065915,0.003906
1784249808.701991,0,80.833893,-0.073670,0.007812
1784249808.712048,0,80.833923,-0.011632,0.003906
1784249808.721680,0,80.833923,-0.034896,0.000000
1784249808.731903,0,80.833923,0.003877,0.011719
1784249808.741696,0,80.833923,0.000000,0.003906
1784249808.751654,0,80.833893,-0.050406,0.000000
1784249808.761636,0,80.833923,0.000000,0.000000
1784249808.771677,0,80.833946,0.046528,0.000000
1784249808.781951,0,80.833893,-0.069793,0.007812
1784249808.791588,0,80.833923,-0.015509,0.003906
1784249808.801621,0,80.833893,-0.073670,0.000000
1784249808.811634,0,80.833946,0.050406,0.000000
1784249808.821551,0,80.833923,-0.019387,0.000000
1784249808.831461,0,80.833893,0.042651,0.003906
1784249808.841794,0,80.833946,0.042651,0.000000
1784249808.851606,0,80.833893,-0.089180,0.007812
1784249808.861607,0,80.833923,-0.011632,0.003906
1784249808.871542,0,80.833923,0.000000,0.003906
1784249808.881768,0,80.833946,-0.065915,0.003906
1784249808.891469,0,80.833923,0.003877,0.003906
1784249808.901614,0,80.833946,0.015509,0.000000
1784249808.911609,0,80.833923,-0.027142,0.007812
1784249808.921547,0,80.833923,-0.027142,0.003906
1784249808.931786,0,80.833923,-0.011632,0.003906
1784249808.941792,0,80.833923,-0.003877,0.003906
1784249808.951568,0,80.833923,-0.027142,0.003906
1784249808.961612,0,80.833923,-0.003877,0.000000
1784249808.971607,0,80.833893,-0.050406,0.007812
1784249808.981568,0,80.833923,0.000000,0.007812
1784249808.991773,0,80.833893,-0.069793,0.003906
1784249809.001561,0,80.833893,-0.065915,0.000000
1784249809.011787,0,80.833923,-0.023264,0.003906
1784249809.021453,0,80.833923,-0.003877,0.000000
1784249809.031790,0,80.833946,-0.015509,0.000000
1784249809.041594,0,80.833923,-0.023264,0.007812
1784249809.051340,0,80.833946,0.042651,0.000000
1784249809.061762,0,80.833893,-0.065915,0.003906
1784249809.071586,0,80.833893,-0.081425,0.003906
1784249809.081578,0,80.833946,0.038774,0.003906
1784249809.091351,0,80.833923,-0.023264,0.007812
1784249809.101775,0,80.833923,-0.007755,0.003906
1784249809.111772,0,80.833923,-0.023264,0.003906
1784249809.121757,0,80.833923,-0.011632,0.003906
1784249809.131723,0,80.833893,-0.062038,0.003906
1784249809.141771,0,80.833893,-0.069793,0.003906
1784249809.151778,0,80.833923,-0.065915,0.007812
1784249809.161774,0,80.833923,-0.003877,0.007812
1784249809.171777,0,80.833923,-0.003877,0.007812
1784249809.181614,0,80.833923,-0.015509,0.003906
1784249809.191559,0,80.833893,-0.062038,0.003906
1784249809.201584,0,80.833893,-0.081425,0.003906
1784249809.211771,0,80.833946,0.034896,0.003906
1784249809.221754,0,80.833946,0.038774,0.007812
1784249809.231472,0,80.833923,-0.027142,0.007812
1784249809.241558,0,80.833946,0.027142,0.003906
1784249809.251574,0,80.833893,-0.073670,0.007812
1784249809.261530,0,80.833923,-0.023264,0.007812
1784249809.271572,0,80.833923,-0.015509,0.007812
1784249809.281541,0,80.833923,0.038774,0.007812
1784249809.291330,0,80.833923,0.000000,0.003906
1784249809.301367,0,80.833923,-0.023264,0.003906
1784249809.311531,0,80.833893,-0.085302,0.000000
1784249809.321401,0,80.833893,-0.069793,0.000000
1784249809.331395,0,80.833946,0.038774,0.003906
1784249809.341478,0,80.833946,0.019387,0.003906
1784249809.351621,0,80.833923,-0.003877,0.003906
1784249809.361592,0,80.833946,0.034896,0.000000
1784249809.371550,0,80.833923,-0.003877,0.003906
1784249809.381578,0,80.833923,-0.038774,0.003906
1784249809.391642,0,80.833923,-0.007755,0.003906
1784249809.401649,0,80.833893,-0.050406,0.007812
1784249809.411617,0,80.833946,0.038774,0.003906
1784249809.421659,0,80.833893,-0.065915,0.003906
1784249809.431671,0,80.833923,0.000000,0.003906
1784249809.441934,0,80.833923,-0.019387,0.007812
1784249809.451492,0,80.833893,-0.073670,0.003906
1784249809.461901,0,80.833923,-0.011632,0.000000
1784249809.471900,0,80.833923,-0.003877,0.003906
1784249809.481646,0,80.833923,-0.015509,0.003906
1784249809.491817,0,80.833923,-0.019387,0.003906
1784249809.501622,0,80.833923,-0.019387,0.007812
1784249809.511643,0,80.833923,-0.003877,0.007812
1784249809.521559,0,80.833923,0.000000,0.000000
1784249809.531910,0,80.833923,-0.019387,0.007812
1784249809.541897,0,80.833893,-0.073670,0.000000
1784249809.551913,0,80.833893,-0.089180,0.000000
1784249809.561929,0,80.833923,-0.015509,0.000000
1784249809.571904,0,80.833893,-0.069793,0.003906
1784249809.581927,0,80.833893,-0.081425,0.000000
1784249809.591524,0,80.833893,-0.058161,0.007812
1784249809.601326,0,80.833923,0.003877,0.011719
1784249809.611290,0,80.833893,-0.065915,0.000000
1784249809.621289,0,80.833923,-0.015509,0.003906
1784249809.631505,0,80.833893,-0.069793,0.003906
1784249809.641295,0,80.833893,-0.065915,0.007812
1784249809.651535,0,80.833923,0.000000,0.003906
1784249809.661543,0,80.833893,-0.027142,0.007812
1784249809.671506,0,80.833923,-0.015509,0.000000
1784249809.681381,0,80.833893,-0.085302,0.007812
1784249809.691407,0,80.833923,-0.015509,0.003906
1784249809.700268,0,80.833923,-0.003877,0.000000
1784249809.711365,0,80.833923,-0.019387,0.007812
1784249809.721394,0,80.833923,-0.023264,0.007812
1784249809.731441,0,80.833893,-0.054283,0.000000
1784249809.741430,0,80.833893,-0.054283,0.000000
1784249809.751425,0,80.833893,-0.081425,0.007812
1784249809.761359,0,80.833923,-0.023264,0.003906
1784249809.771410,0,80.833923,-0.007755,0.003906
1784249809.781413,0,80.833946,0.042651,0.003906
1784249809.791470,0,80.833946,0.042651,0.007812
1784249809.801398,0,80.833893,-0.073670,0.000000
1784249809.811418,0,80.833923,-0.019387,0.007812
1784249809.821409,0,80.833893,-0.069793,0.000000
1784249809.831418,0,80.833923,-0.007755,0.000000
1784249809.841377,0,80.833923,-0.023264,0.003906
1784249809.851369,0,80.833893,-0.054283,0.007812
1784249809.861380,0,80.833893,-0.073670,0.007812
1784249809.871394,0,80.833923,-0.027142,0.003906
1784249809.881418,0,80.833893,-0.081425,0.003906
1784249809.891401,0,80.833923,-0.019387,0.000000
1784249809.901376,0,80.833923,-0.003877,0.003906
1784249809.911388,0,80.833893,-0.077547,0.003906
1784249809.921399,0,80.833923,-0.027142,0.011719
1784249809.931384,0,80.833923,-0.003877,0.007812
1784249809.941375,0,80.833923,-0.003877,0.000000
1784249809.951374,0,80.833946,0.034896,0.007812
1784249809.961379,0,80.833893,-0.069793,0.003906
1784249809.971471,0,80.833946,0.027142,0.000000
1784249809.981454,0,80.833893,-0.069793,0.003906
1784249809.991452,0,80.833923,0.031019,0.000000
1784249810.001369,0,80.833923,-0.027142,0.000000
1784249810.011419,0,80.833923,-0.046528,0.007812
1784249810.021484,0,80.833946,0.042651,0.000000
1784249810.031252,0,80.833946,0.027142,0.000000
1784249810.041256,0,80.833923,-0.003877,0.003906
1784249810.051408,0,80.833923,-0.031019,0.000000
1784249810.061896,0,80.833923,0.003877,0.000000
1784249810.071670,0,80.833923,0.000000,0.000000
1784249810.081526,0,80.833923,-0.027142,0.003906
1784249810.091921,0,80.833923,0.000000,0.003906
1784249810.101693,0,80.833923,0.000000,0.003906
1784249810.111913,0,80.833923,-0.019387,0.003906
1784249810.121708,0,80.833893,-0.054283,0.007812
1784249810.131913,0,80.833893,-0.042651,0.000000
1784249810.141831,0,80.833923,-0.027142,0.003906
1784249810.151659,0,80.833893,-0.058161,0.000000
1784249810.161657,0,80.833946,0.042651,0.003906
1784249810.171636,0,80.833893,-0.054283,0.007812
1784249810.181635,0,80.833923,-0.007755,0.000000
1784249810.191482,0,80.833893,-0.054283,0.003906
1784249810.201521,0,80.833923,0.000000,0.003906
1784249810.211630,0,80.833893,-0.062038,0.003906
1784249810.221661,0,80.833893,-0.069793,0.000000
1784249810.231883,0,80.833923,-0.007755,0.000000
1784249810.241922,0,80.833946,0.050406,0.003906
1784249810.251827,0,80.833923,0.019387,0.007812
1784249810.261651,0,80.833923,0.000000,0.003906
1784249810.271661,0,80.833923,-0.003877,0.007812
1784249810.281667,0,80.833893,0.003877,0.003906
1784249810.291818,0,80.833923,0.007755,0.007812
1784249810.301903,0,80.833923,0.007755,0.000000
1784249810.311643,0,80.833923,-0.015509,0.000000
1784249810.321580,0,80.833893,-0.062038,0.003906
1784249810.331591,0,80.833946,0.050406,0.007812
1784249810.341628,0,80.833893,-0.085302,0.003906
1784249810.351594,0,80.833946,0.050406,0.003906
1784249810.361633,0,80.833893,-0.062038,0.000000
1784249810.371550,0,80.833893,-0.058161,0.003906
1784249810.381556,0,80.833946,0.058161,0.003906
1784249810.391591,0,80.833946,0.038774,0.000000
1784249810.401560,0,80.833923,0.000000,0.003906
1784249810.411737,0,80.833893,-0.073670,0.000000
1784249810.421684,0,80.833923,0.015509,0.011719
1784249810.431540,0,80.833923,0.000000,0.000000
1784249810.441721,0,80.833923,-0.011632,0.003906
1784249810.451404,0,80.833923,0.003877,0.003906
1784249810.461470,0,80.833923,-0.011632,0.007812
1784249810.471520,0,80.833923,0.000000,0.003906
1784249810.481559,0,80.833923,-0.015509,0.000000
1784249810.491339,0,80.833893,-0.054283,0.003906
1784249810.501539,0,80.833893,-0.069793,0.000000
1784249810.511697,0,80.833893,-0.073670,0.003906
1784249810.521319,0,80.833923,0.000000,0.003906
1784249810.531728,0,80.833923,0.000000,0.003906
1784249810.541746,0,80.833923,-0.011632,0.003906
1784249810.551718,0,80.833923,-0.003877,0.007812
1784249810.561734,0,80.833893,-0.069793,0.000000
1784249810.571747,0,80.833923,0.000000,0.000000
1784249810.581461,0,80.833923,-0.019387,0.000000
1784249810.591411,0,80.833923,-0.019387,0.003906
1784249810.601393,0,80.833893,-0.062038,0.003906
1784249810.611333,0,80.833855,0.007755,0.007812
1784249810.621710,0,80.833923,-0.015509,0.003906
1784249810.631572,0,80.833923,-0.011632,0.003906
1784249810.641898,0,80.833923,-0.007755,0.003906
1784249810.651285,0,80.833893,-0.050406,0.003906
1784249810.661560,0,80.833893,-0.050406,0.007812
1784249810.671821,0,80.833893,-0.065915,0.007812
1784249810.681824,0,80.833923,0.007755,0.003906
1784249810.691630,0,80.833893,-0.062038,0.003906
1784249810.701390,0,80.833893,-0.062038,0.007812
1784249810.711379,0,80.833923,-0.007755,0.007812
1784249810.721546,0,80.833893,-0.085302,0.000000
1784249810.731416,0,80.833946,0.042651,0.000000
1784249810.741622,0,80.833893,-0.065915,0.003906
1784249810.751429,0,80.833923,0.000000,0.000000
1784249810.761516,0,80.833923,-0.003877,0.007812
1784249810.771369,0,80.833893,-0.050406,0.007812
1784249810.781709,0,80.833893,-0.062038,0.003906
1784249810.791706,0,80.833893,-0.073670,0.007812
1784249810.801404,0,80.833893,-0.038774,0.003906
1784249810.811394,0,80.833923,-0.062038,0.003906
1784249810.821279,0,80.833923,-0.031019,0.000000
1784249810.831443,0,80.833923,0.003877,0.007812
1784249810.841670,0,80.833923,-0.003877,0.000000
1784249810.851353,0,80.833923,0.000000,0.000000
1784249810.861735,0,80.833923,-0.023264,0.000000
1784249810.871750,0,80.833923,-0.003877,0.003906
1784249810.881714,0,80.833923,0.000000,0.007812
1784249810.891553,0,80.833893,-0.069793,0.003906
1784249810.901542,0,80.833923,0.000000,0.003906
1784249810.911542,0,80.833923,-0.003877,0.003906
1784249810.921525,0,80.833946,0.054283,0.003906
1784249810.931455,0,80.833923,0.000000,0.007812
1784249810.941373,0,80.833923,-0.011632,0.007812
1784249810.951394,0,80.833923,-0.007755,0.000000
1784249810.961279,0,80.833923,-0.007755,0.007812
1784249810.971683,0,80.833946,0.058161,0.003906
1784249810.981374,0,80.833893,-0.062038,0.011719
1784249810.991721,0,80.833946,0.046528,0.000000
1784249811.001390,0,80.833923,-0.007755,0.003906
1784249811.011507,0,80.833893,-0.077547,0.007812
1784249811.021456,0,80.833893,-0.065915,0.003906
1784249811.031357,0,80.833893,-0.073670,0.000000
1784249811.041310,0,80.833923,0.000000,0.000000
1784249811.051473,0,80.833893,-0.062038,0.003906
1784249811.061676,0,80.833923,-0.027142,0.003906
1784249811.071693,0,80.833923,-0.003877,0.007812
1784249811.081513,0,80.833923,0.003877,0.003906
1784249811.091291,0,80.833893,-0.062038,0.003906
1784249811.101476,0,80.833923,-0.011632,0.007812
1784249811.111569,0,80.833923,0.000000,0.003906
1784249811.121471,0,80.833893,-0.062038,0.003906
1784249811.131619,0,80.833946,0.069793,0.003906
1784249811.141627,0,80.833923,-0.011632,0.003906
1784249811.151436,0,80.833923,0.000000,0.000000
1784249811.161427,0,80.833923,-0.015509,0.003906
1784249811.171781,0,80.833923,0.000000,0.003906
1784249811.181782,0,80.833923,-0.031019,0.007812
1784249811.191784,0,80.833946,0.042651,0.000000
1784249811.201584,0,80.833923,-0.003877,0.000000
1784249811.211781,0,80.833923,-0.027142,-0.003906
1784249811.221430,0,80.833923,-0.027142,0.003906
1784249811.231483,0,80.833893,-0.069793,0.007812
1784249811.241529,0,80.833923,-0.011632,0.003906
1784249811.251657,0,80.833946,0.050406,0.003906
1784249811.261572,0,80.833923,-0.007755,0.003906
1784249811.271595,0,80.833893,-0.054283,0.003906
1784249811.281629,0,80.833893,-0.042651,0.003906
1784249811.291523,0,80.833946,0.065915,0.007812
1784249811.301458,0,80.833923,0.007755,0.003906
1784249811.311717,0,80.833923,-0.027142,0.000000
1784249811.321605,0,80.833893,-0.058161,0.003906
1784249811.331557,0,80.833923,-0.003877,0.007812
1784249811.341604,0,80.833946,0.042651,0.000000
1784249811.351597,0,80.833923,-0.015509,0.000000
1784249811.361592,0,80.833893,-0.085302,0.000000
1784249811.371748,0,80.833923,-0.015509,0.003906
1784249811.381507,0,80.833923,0.000000,0.000000
1784249811.391586,0,80.833923,0.015509,0.000000
1784249811.401428,0,80.833923,-0.015509,0.000000
1784249811.411513,0,80.833923,-0.069793,0.000000
1784249811.421631,0,80.833946,0.042651,0.003906
1784249811.431414,0,80.833923,0.000000,0.003906
1784249811.441656,0,80.833923,0.000000,0.000000
1784249811.451368,0,80.833923,0.000000,0.003906
1784249811.461416,0,80.833923,-0.003877,0.003906
1784249811.471530,0,80.833923,-0.003877,0.000000
1784249811.481728,0,80.833923,-0.007755,0.007812
1784249811.491606,0,80.833923,-0.023264,0.003906
1784249811.501403,0,80.833923,0.007755,0.000000
1784249811.511416,0,80.833923,-0.015509,0.000000
1784249811.521421,0,80.833893,-0.062038,0.000000
1784249811.531795,0,80.833893,-0.011632,0.000000
1784249811.541737,0,80.833893,-0.058161,0.003906
1784249811.551589,0,80.833923,0.000000,0.007812
1784249811.561416,0,80.833893,-0.054283,0.007812
1784249811.571289,0,80.833923,0.011632,0.000000
1784249811.581485,0,80.833923,-0.027142,0.003906
1784249811.591350,0,80.833923,0.000000,0.007812
1784249811.601735,0,80.833893,-0.058161,0.003906
1784249811.611450,0,80.833923,-0.007755,0.000000
1784249811.621745,0,80.833923,-0.027142,0.000000
1784249811.631497,0,80.833923,0.000000,0.007812
1784249811.641437,0,80.833923,0.000000,0.003906
1784249811.651419,0,80.833893,-0.089180,0.000000
1784249811.661304,0,80.833946,0.050406,0.003906
1784249811.671562,0,80.833923,-0.007755,0.000000
1784249811.681338,0,80.833855,-0.124076,0.000000
1784249811.691396,0,80.833923,0.000000,0.003906
1784249811.701754,0,80.833923,-0.007755,0.003906
1784249811.711467,0,80.833946,0.046528,0.003906
1784249811.721603,0,80.833923,-0.015509,0.003906
1784249811.731452,0,80.833893,-0.069793,0.003906
1784249811.741750,0,80.833893,-0.054283,0.003906
1784249811.751319,0,80.833893,-0.065915,0.003906
1784249811.761376,0,80.833923,-0.003877,0.003906
1784249811.771279,0,80.833923,-0.007755,0.000000
1784249811.781525,0,80.833893,-0.069793,0.003906
1784249811.791301,0,80.833893,-0.062038,0.003906
1784249811.801291,0,80.833923,-0.003877,0.000000
1784249811.811545,0,80.833893,-0.054283,0.003906
1784249811.821700,0,80.833923,-0.015509,0.007812
1784249811.831400,0,80.833923,-0.003877,0.003906
1784249811.841490,0,80.833946,0.054283,0.003906
1784249811.851333,0,80.833893,-0.069793,0.003906
1784249811.861735,0,80.833923,-0.011632,0.003906
1784249811.872373,0,80.833923,-0.007755,0.000000
1784249811.881554,0,80.833893,-0.065915,0.007812
1784249811.891342,0,80.833893,-0.062038,0.007812
1784249811.901206,0,80.833923,-0.007755,0.003906
1784249811.911311,0,80.833893,-0.058161,0.000000
1784249811.921291,0,80.833923,-0.015509,0.007812
1784249811.931475,0,80.833893,-0.062038,0.003906
1784249811.941436,0,80.833893,-0.065915,0.000000
1784249811.952271,0,80.833946,0.050406,0.000000
1784249811.961405,0,80.833923,-0.011632,0.011719
1784249811.971333,0,80.833923,-0.015509,0.007812
1784249811.981710,0,80.833893,-0.062038,0.003906
1784249811.991266,0,80.833946,0.062038,0.003906
1784249812.001543,0,80.833893,-0.054283,0.003906
1784249812.011335,0,80.833923,-0.007755,0.003906
1784249812.021261,0,80.833893,-0.058161,0.003906
1784249812.031320,0,80.833923,-0.007755,0.007812
1784249812.041387,0,80.833893,-0.062038,0.000000
1784249812.051442,0,80.833923,-0.058161,0.007812
1784249812.061381,0,80.833923,-0.003877,0.003906
1784249812.071278,0,80.833923,0.000000,0.000000
1784249812.081322,0,80.833893,-0.069793,0.000000
1784249812.091435,0,80.833923,-0.007755,0.000000
1784249812.101265,0,80.833893,-0.081425,0.003906
1784249812.111327,0,80.833923,-0.007755,-0.003906
1784249812.121394,0,80.833946,0.054283,0.003906
1784249812.131298,0,80.833893,-0.062038,0.003906
1784249812.141707,0,80.833946,0.050406,0.003906
1784249812.152397,0,80.833923,-0.011632,0.003906
1784249812.161547,0,80.833946,0.050406,0.000000
1784249812.171546,0,80.833893,-0.058161,0.007812
1784249812.181477,0,80.833946,0.042651,0.003906
1784249812.191412,0,80.833893,-0.062038,0.003906
1784249812.201320,0,80.833923,0.007755,0.007812
1784249812.211377,0,80.833893,-0.042651,0.003906
1784249812.221330,0,80.833893,-0.046528,0.011719
1784249812.231522,0,80.833923,-0.015509,0.000000
1784249812.241361,0,80.833893,-0.050406,0.011719
1784249812.251602,0,80.833893,-0.089180,0.000000
1784249812.261341,0,80.833893,-0.073670,0.000000
1784249812.271626,0,80.833923,-0.023264,0.003906
1784249812.281551,0,80.833923,-0.007755,0.000000
1784249812.291263,0,80.833893,-0.058161,0.003906
1784249812.301255,0,80.833923,-0.023264,0.003906
1784249812.311279,0,80.833923,-0.011632,0.000000
1784249812.321251,0,80.833893,-0.065915,0.007812
1784249812.331267,0,80.833946,0.042651,0.003906
1784249812.341321,0,80.833893,-0.054283,0.007812
1784249812.351183,0,80.833923,0.011632,0.003906
1784249812.361458,0,80.833893,-0.073670,0.000000
1784249812.371351,0,80.833923,-0.007755,0.003906
1784249812.381607,0,80.833923,-0.007755,0.000000
1784249812.391527,0,80.833946,0.038774,0.000000
1784249812.401410,0,80.833893,-0.062038,0.000000
1784249812.411190,0,80.833923,-0.015509,0.003906
1784249812.421164,0,80.833893,-0.065915,0.007812
1784249812.431440,0,80.833946,0.062038,0.000000
1784249812.441279,0,80.833923,-0.015509,0.003906
1784249812.451430,0,80.833923,0.000000,0.007812
1784249812.461577,0,80.833893,-0.046528,0.007812
1784249812.472298,0,80.833893,-0.069793,0.000000
1784249812.481713,0,80.833946,0.050406,0.003906
1784249812.491349,0,80.833893,-0.054283,0.007812
1784249812.501468,0,80.833893,-0.073670,0.000000
1784249812.511482,0,80.833923,-0.015509,0.007812
1784249812.521492,0,80.833855,-0.108566,0.003906
1784249812.531361,0,80.833923,0.011632,0.007812
1784249812.541293,0,80.833923,-0.034896,0.007812
1784249812.551513,0,80.833923,0.000000,0.007812
1784249812.561346,0,80.833923,0.003877,0.003906
1784249812.571315,0,80.833923,0.000000,0.007812
1784249812.581422,0,80.833923,-0.011632,0.000000
1784249812.591239,0,80.833893,-0.058161,0.000000
1784249812.601663,0,80.833893,-0.065915,0.003906
1784249812.611230,0,80.833923,-0.007755,0.007812
1784249812.621326,0,80.833946,0.046528,0.000000
1784249812.631250,0,80.833923,0.003877,0.000000
1784249812.641122,0,80.833893,-0.058161,0.000000
1784249812.651073,0,80.833893,-0.062038,0.003906
1784249812.661158,0,80.833923,0.011632,0.000000
1784249812.671150,0,80.833893,-0.050406,0.003906
1784249812.681192,0,80.833923,0.000000,0.003906
1784249812.691184,0,80.833946,0.031019,0.003906
1784249812.701222,0,80.833893,-0.062038,0.003906
1784249812.711118,0,80.833923,0.007755,0.003906
1784249812.721134,0,80.833893,-0.069793,0.003906
1784249812.731120,0,80.833923,0.000000,0.007812
1784249812.741121,0,80.833893,-0.050406,0.000000
1784249812.751064,0,80.833946,0.046528,0.000000
1784249812.761063,0,80.833923,-0.003877,0.003906
1784249812.771138,0,80.833923,0.000000,0.003906
1784249812.781144,0,80.833923,-0.023264,0.003906
1784249812.791059,0,80.833893,-0.077547,0.003906
1784249812.801118,0,80.833923,-0.019387,0.003906
1784249812.811058,0,80.833923,-0.019387,0.000000
1784249812.821106,0,80.833946,0.054283,0.000000
1784249812.831073,0,80.833893,-0.058161,0.003906
1784249812.841089,0,80.833923,-0.015509,0.000000
1784249812.851106,0,80.833923,-0.011632,0.007812
1784249812.861192,0,80.833893,-0.065915,0.003906
1784249812.871188,0,80.833893,-0.069793,0.003906
1784249812.881203,0,80.833923,-0.019387,0.000000
1784249812.891216,0,80.833923,-0.003877,0.003906
1784249812.901238,0,80.833893,-0.073670,0.003906
1784249812.911174,0,80.833893,-0.081425,0.000000
1784249812.921198,0,80.833893,-0.069793,0.003906
1784249812.931277,0,80.833923,-0.027142,0.003906
1784249812.941237,0,80.833923,-0.023264,0.000000
1784249812.951391,0,80.833923,0.007755,0.003906
1784249812.961200,0,80.833923,-0.011632,0.003906
1784249812.971265,0,80.833923,-0.038774,0.000000
1784249812.981169,0,80.833923,0.000000,0.003906
1784249812.991166,0,80.833946,0.042651,0.000000
1784249813.001139,0,80.833893,-0.054283,0.007812
1784249813.011161,0,80.833893,-0.038774,0.003906
1784249813.021170,0,80.833923,0.011632,0.000000
1784249813.031191,0,80.833946,0.038774,0.000000
1784249813.041154,0,80.833946,0.034896,0.011719
1784249813.051153,0,80.833923,-0.003877,0.003906
1784249813.061189,0,80.833923,0.000000,0.003906
1784249813.071164,0,80.833923,-0.015509,0.003906
1784249813.081219,0,80.833923,0.003877,0.000000
1784249813.091203,0,80.833923,-0.027142,0.011719
1784249813.101136,0,80.833923,-0.027142,0.000000
1784249813.111180,0,80.833923,-0.027142,0.007812
1784249813.121208,0,80.833893,-0.069793,0.003906
1784249813.131099,0,80.833923,-0.003877,0.003906
1784249813.141111,0,80.833923,-0.011632,0.003906
1784249813.151112,0,80.833923,-0.003877,0.000000
1784249813.161128,0,80.833923,-0.007755,0.000000
1784249813.171218,0,80.833923,0.007755,0.007812
1784249813.181195,0,80.833923,-0.011632,0.007812
1784249813.191198,0,80.833923,0.000000,0.000000
1784249813.201197,0,80.833923,-0.003877,0.007812
1784249813.211289,0,80.833923,-0.027142,0.000000
1784249813.221226,0,80.833923,-0.011632,0.003906
1784249813.231023,0,80.833923,-0.007755,0.000000
1784249813.241048,0,80.833923,-0.027142,0.003906
1784249813.251213,0,80.833923,-0.015509,0.000000
1784249813.261135,0,80.833893,-0.050406,0.003906
1784249813.271083,0,80.833923,-0.027142,0.000000
1784249813.281171,0,80.833923,-0.019387,0.003906
1784249813.291155,0,80.833893,-0.062038,0.000000
1784249813.301189,0,80.833893,-0.062038,0.007812
1784249813.311149,0,80.833923,-0.011632,0.000000
1784249813.321270,0,80.833923,-0.015509,0.003906
1784249813.331004,0,80.833893,-0.085302,0.003906
1784249813.341092,0,80.833893,-0.065915,0.007812
1784249813.351089,0,80.833923,-0.023264,0.003906
1784249813.361148,0,80.833923,-0.011632,0.000000
1784249813.371167,0,80.833923,0.007755,0.003906
1784249813.381164,0,80.833893,-0.077547,0.000000
1784249813.391194,0,80.833923,-0.007755,0.003906
1784249813.401161,0,80.833923,-0.007755,0.003906
1784249813.411384,0,80.833923,0.007755,0.003906
1784249813.421099,0,80.833923,-0.003877,0.000000
1784249813.432182,0,80.833893,-0.058161,0.007812
1784249813.441100,0,80.833893,0.000000,0.000000
1784249813.451255,0,80.833893,-0.062038,0.007812
1784249813.462232,0,80.833923,-0.011632,-0.003906
1784249813.471176,0,80.833946,0.050406,0.000000
1784249813.481264,0,80.833893,-0.038774,0.000000
1784249813.492206,0,80.833946,0.062038,0.003906
1784249813.501278,0,80.833923,-0.015509,0.003906
1784249813.511623,0,80.833946,0.050406,0.007812
1784249813.521275,0,80.833923,0.000000,0.003906
1784249813.531232,0,80.833923,0.003877,0.003906
1784249813.541303,0,80.833923,-0.007755,0.007812
1784249813.551334,0,80.833893,-0.062038,0.003906
1784249813.561189,0,80.833946,0.046528,0.003906
1784249813.571601,0,80.833923,-0.003877,0.000000
1784249813.581330,0,80.833923,-0.003877,0.003906
1784249813.591298,0,80.833923,0.003877,0.003906
1784249813.601264,0,80.833923,-0.003877,0.003906
1784249813.611280,0,80.833923,-0.007755,0.000000
1784249813.621178,0,80.833923,0.046528,0.000000
1784249813.631146,0,80.833893,-0.058161,0.003906
1784249813.641159,0,80.833923,0.000000,0.000000
1784249813.651303,0,80.833946,0.031019,0.003906
1784249813.661127,0,80.833946,0.042651,0.003906
1784249813.671257,0,80.833923,-0.050406,0.003906
1784249813.682205,0,80.833893,-0.062038,0.003906
1784249813.691989,0,80.833893,-0.069793,0.003906
1784249813.701201,0,80.833923,-0.007755,0.000000
1784249813.712197,0,80.833923,-0.003877,0.000000
1784249813.722249,0,80.833893,0.000000,0.000000
1784249813.731277,0,80.833923,-0.019387,0.000000
1784249813.741326,0,80.833946,0.038774,0.003906
1784249813.751310,0,80.833893,-0.058161,0.000000
1784249813.761187,0,80.833923,-0.019387,0.007812
1784249813.772159,0,80.833923,0.000000,0.007812
1784249813.781241,0,80.833893,-0.069793,0.000000
1784249813.791348,0,80.833923,0.000000,0.011719
1784249813.801341,0,80.833923,-0.003877,0.003906
1784249813.812577,0,80.833946,0.054283,0.003906
1784249813.821113,0,80.833893,-0.069793,0.007812
1784249813.831275,0,80.833923,-0.019387,0.000000
1784249813.841304,0,80.833923,-0.003877,0.000000
1784249813.851379,0,80.833893,-0.058161,0.000000
1784249813.861192,0,80.833923,-0.007755,0.000000
1784249813.871237,0,80.833893,0.042651,0.000000
1784249813.881060,0,80.833923,-0.007755,0.000000
1784249813.891162,0,80.833923,-0.011632,0.003906
1784249813.902226,0,80.833923,-0.027142,0.000000
1784249813.912209,0,80.833923,-0.015509,0.000000
1784249813.922182,0,80.833923,-0.011632,0.000000
1784249813.931145,0,80.833893,-0.065915,0.003906
1784249813.942317,0,80.833893,-0.058161,0.007812
1784249813.952270,0,80.833893,-0.077547,0.007812
1784249813.961227,0,80.833946,0.050406,0.003906
1784249813.971204,0,80.833923,-0.027142,0.007812
1784249813.981265,0,80.833893,-0.050406,0.003906
1784249813.991232,0,80.833893,-0.050406,0.007812
1784249814.001233,0,80.833923,-0.007755,0.007812
1784249814.011221,0,80.833923,-0.007755,0.003906
1784249814.021219,0,80.833946,0.034896,0.007812
1784249814.031162,0,80.833923,-0.031019,0.003906
1784249814.041204,0,80.833893,-0.062038,0.007812
1784249814.052194,0,80.833923,-0.011632,0.003906
1784249814.061302,0,80.833946,0.027142,0.000000
1784249814.072189,0,80.833893,-0.062038,0.000000
1784249814.082155,0,80.833923,-0.015509,0.003906
1784249814.092193,0,80.833923,-0.007755,0.000000
1784249814.102152,0,80.833923,-0.027142,0.007812
1784249814.111501,0,80.833923,-0.011632,0.000000
1784249814.121333,0,80.833923,-0.011632,0.003906
1784249814.131396,0,80.833923,0.000000,0.003906
1784249814.141203,0,80.833923,-0.015509,0.003906
1784249814.151209,0,80.833946,0.073670,0.003906
1784249814.161186,0,80.833893,-0.065915,0.003906
1784249814.171210,0,80.833923,-0.007755,0.000000
1784249814.181130,0,80.833893,-0.058161,0.003906
1784249814.191206,0,80.833923,-0.007755,0.000000
1784249814.201078,0,80.833893,-0.062038,0.003906
1784249814.211225,0,80.833946,0.065915,0.007812
1784249814.221148,0,80.833923,0.000000,0.007812
1784249814.231157,0,80.833893,-0.050406,0.000000
1784249814.241211,0,80.833946,0.031019,0.000000
1784249814.251258,0,80.833923,-0.023264,0.000000
1784249814.261231,0,80.833923,0.000000,0.007812
1784249814.271143,0,80.833946,0.058161,0.003906
1784249814.281111,0,80.833923,-0.023264,0.003906
1784249814.291178,0,80.833855,-0.120198,0.007812
1784249814.301249,0,80.833893,-0.069793,0.003906
1784249814.311439,0,80.833923,-0.007755,0.000000
1784249814.321128,0,80.833893,-0.069793,0.003906
1784249814.331313,0,80.833893,-0.050406,0.000000
1784249814.341181,0,80.833923,-0.007755,0.003906
1784249814.351203,0,80.833923,-0.069793,0.007812
1784249814.361166,0,80.833923,-0.011632,0.000000
1784249814.371318,0,80.833923,-0.011632,0.007812
1784249814.381165,0,80.833923,-0.003877,0.007812
1784249814.391078,0,80.833893,-0.065915,0.003906
1784249814.401122,0,80.833893,-0.069793,0.003906
1784249814.411160,0,80.833923,-0.011632,0.000000
1784249814.421225,0,80.833946,0.031019,0.007812
1784249814.431182,0,80.833923,-0.031019,0.003906
1784249814.441265,0,80.833893,-0.062038,0.007812
1784249814.451177,0,80.833923,-0.023264,0.007812
1784249814.461174,0,80.833893,-0.065915,0.007812
1784249814.471139,0,80.833893,-0.073670,0.003906
1784249814.481232,0,80.833946,0.034896,0.003906
1784249814.491221,0,80.833923,-0.007755,0.003906
1784249814.501265,0,80.833946,0.046528,0.007812
1784249814.511378,0,80.833923,0.000000,0.007812
1784249814.521244,0,80.833923,-0.019387,0.000000
1784249814.531147,0,80.833923,-0.011632,0.000000
1784249814.541042,0,80.833946,0.054283,0.000000
1784249814.551140,0,80.833923,-0.003877,0.003906
1784249814.561153,0,80.833923,-0.011632,0.003906
1784249814.571199,0,80.833893,-0.058161,0.003906
1784249814.581151,0,80.833893,-0.058161,0.000000
1784249814.591088,0,80.833893,-0.073670,0.007812
1784249814.601126,0,80.833923,-0.019387,0.000000
1784249814.611129,0,80.833923,-0.011632,0.007812
1784249814.621254,0,80.833923,0.000000,0.007812
1784249814.631127,0,80.833923,-0.007755,0.003906
1784249814.641057,0,80.833923,0.000000,0.003906
1784249814.651110,0,80.833893,-0.073670,0.000000
1784249814.661112,0,80.833893,-0.042651,0.003906
1784249814.670957,0,80.833893,0.034896,0.000000
1784249814.680996,0,80.833923,-0.015509,0.000000
1784249814.691938,0,80.833923,-0.019387,0.003906
1784249814.700922,0,80.833946,0.019387,0.000000
1784249814.710915,0,80.833893,-0.058161,0.003906
1784249814.721001,0,80.833946,0.034896,0.000000
1784249814.731166,0,80.833893,-0.077547,0.007812
1784249814.741214,0,80.833893,-0.069793,0.000000
1784249814.751031,0,80.833923,-0.011632,0.003906
1784249814.761180,0,80.833923,-0.019387,0.007812
1784249814.770940,0,80.833923,-0.027142,0.007812
1784249814.781062,0,80.833946,0.027142,0.000000
1784249814.792063,0,80.833946,0.023264,0.000000
1784249814.801174,0,80.833923,-0.027142,0.007812
1784249814.811115,0,80.833923,-0.031019,0.007812
1784249814.821227,0,80.833923,-0.003877,0.003906
1784249814.831134,0,80.833893,-0.050406,0.003906
1784249814.841137,0,80.833923,0.058161,0.003906
1784249814.851223,0,80.833946,0.038774,0.003906
1784249814.861093,0,80.833893,-0.062038,0.007812
1784249814.871238,0,80.833893,-0.062038,0.000000
1784249814.881053,0,80.833893,-0.058161,0.003906
1784249814.891222,0,80.833923,-0.007755,0.003906
1784249814.901175,0,80.833923,-0.015509,0.003906
1784249814.911065,0,80.833923,-0.007755,0.000000
1784249814.921246,0,80.833923,-0.011632,0.003906
1784249814.931134,0,80.833923,-0.011632,0.003906
1784249814.941150,0,80.833893,-0.058161,0.003906
1784249814.951170,0,80.833893,-0.054283,0.007812
1784249814.961055,0,80.833923,-0.011632,0.003906
1784249814.971154,0,80.833893,-0.077547,0.000000
1784249814.981012,0,80.833893,-0.062038,0.003906
1784249814.992058,0,80.833923,0.015509,0.003906
1784249815.000966,0,80.833893,-0.069793,0.007812
1784249815.012209,0,80.833923,0.000000,0.003906
1784249815.022097,0,80.833923,-0.019387,0.007812
1784249815.031089,0,80.833893,-0.081425,0.000000
1784249815.042231,0,80.833893,-0.069793,0.000000
1784249815.051047,0,80.833923,-0.015509,0.000000
1784249815.061094,0,80.833946,0.031019,0.003906
1784249815.071099,0,80.833893,-0.065915,0.007812
1784249815.081121,0,80.833923,0.000000,0.003906
1784249815.091093,0,80.833923,0.011632,0.003906
1784249815.101088,0,80.833893,-0.054283,0.007812
1784249815.111057,0,80.833923,-0.031019,0.003906
1784249815.121085,0,80.833923,0.000000,0.003906
1784249815.131036,0,80.833923,0.000000,0.007812
1784249815.141151,0,80.833893,-0.054283,0.007812
1784249815.151040,0,80.833893,-0.046528,0.007812
1784249815.161025,0,80.833923,0.007755,0.003906
1784249815.171217,0,80.833893,-0.062038,0.000000
1784249815.181091,0,80.833923,0.050406,0.007812
1784249815.191127,0,80.833923,0.000000,0.007812
1784249815.202106,0,80.833893,-0.003877,0.000000
1784249815.212061,0,80.833923,-0.015509,0.003906
1784249815.222079,0,80.833893,-0.046528,0.007812
1784249815.232165,0,80.833923,-0.015509,0.000000
1784249815.242142,0,80.833923,-0.011632,0.000000
1784249815.251104,0,80.833855,-0.124076,0.003906
1784249815.262441,0,80.833946,0.027142,0.000000
1784249815.271064,0,80.833946,0.054283,0.007812
1784249815.281092,0,80.833893,-0.058161,0.003906
1784249815.291072,0,80.833893,-0.054283,0.003906
1784249815.302078,0,80.833893,-0.062038,0.000000
1784249815.312035,0,80.833923,-0.007755,0.003906
1784249815.322331,0,80.833923,-0.015509,0.003906
1784249815.332095,0,80.833893,-0.042651,0.003906
1784249815.341053,0,80.833923,0.007755,0.007812
1784249815.352181,0,80.833923,-0.027142,0.003906
1784249815.361058,0,80.833893,-0.038774,0.007812
1784249815.370963,0,80.833923,-0.007755,0.003906
1784249815.381065,0,80.833923,-0.003877,0.007812
1784249815.391025,0,80.833923,-0.003877,0.007812
1784249815.400963,0,80.833893,-0.042651,0.003906
1784249815.411016,0,80.833893,-0.054283,0.003906
1784249815.421012,0,80.833923,-0.007755,0.000000
1784249815.431072,0,80.833923,0.007755,0.000000
1784249815.441036,0,80.833923,-0.003877,0.003906
1784249815.451122,0,80.833893,-0.058161,0.003906
1784249815.461081,0,80.833923,0.000000,0.003906
1784249815.471129,0,80.833893,0.007755,0.007812
1784249815.481100,0,80.833946,0.050406,0.007812
1784249815.491046,0,80.833923,0.000000,0.007812
1784249815.500982,0,80.833923,-0.011632,0.000000
1784249815.511079,0,80.833893,-0.038774,0.007812
1784249815.520959,0,80.833946,0.054283,0.003906
1784249815.531103,0,80.833923,0.007755,0.007812
1784249815.541077,0,80.833946,0.042651,0.003906
1784249815.552171,0,80.833923,-0.003877,0.003906
1784249815.561996,0,80.833946,0.058161,0.007812
1784249815.572010,0,80.833893,-0.050406,0.003906
1784249815.582173,0,80.833923,-0.019387,0.003906
1784249815.591043,0,80.833893,0.000000,0.003906
1784249815.602450,0,80.833923,-0.011632,0.000000
1784249815.612216,0,80.833893,-0.054283,0.000000
1784249815.621130,0,80.833893,-0.046528,0.003906
1784249815.630960,0,80.833946,0.050406,0.000000
1784249815.641040,0,80.833946,0.042651,0.003906
1784249815.650944,0,80.833923,-0.011632,0.000000
1784249815.660974,0,80.833893,-0.058161,0.003906
1784249815.672175,0,80.833893,-0.054283,0.003906
1784249815.680998,0,80.833893,-0.069793,0.007812
1784249815.691099,0,80.833946,0.038774,0.000000
1784249815.700907,0,80.833923,-0.015509,0.003906
1784249815.711082,0,80.833923,-0.007755,0.000000
1784249815.721042,0,80.833923,-0.023264,0.003906
1784249815.730893,0,80.833923,-0.007755,0.003906
1784249815.741386,0,80.833923,-0.019387,0.000000
1784249815.750983,0,80.833923,0.038774,0.000000
1784249815.761133,0,80.833946,0.050406,0.003906
1784249815.771172,0,80.833893,-0.058161,0.000000
1784249815.782024,0,80.833946,0.050406,0.003906
1784249815.791001,0,80.833893,-0.081425,0.007812
1784249815.801055,0,80.833923,0.000000,0.000000
1784249815.812010,0,80.833923,0.000000,0.007812
1784249815.822036,0,80.833923,-0.015509,0.000000
1784249815.831110,0,80.833923,-0.027142,0.003906
1784249815.842440,0,80.833893,-0.058161,0.003906
1784249815.852615,0,80.833923,0.000000,0.007812
1784249815.862459,0,80.833893,-0.073670,0.007812
1784249815.871038,0,80.833923,-0.015509,0.007812
1784249815.881974,0,80.833923,-0.019387,0.000000
1784249815.891031,0,80.833923,-0.019387,0.007812
1784249815.900995,0,80.833923,-0.019387,0.011719
